gid,knowledge_state,hop_from_seed,inbound_known,outbound_known,confidence,limitation
100000000011452100,fully_observed,1,True,True,0.98,Both directions observed within the crawl; a payer outside the crawled set would still not appear in this dataset.
100000000018102100,truncated_at_depth,4,True,False,0.3,"At the four-hop crawl boundary: 7,000 KZT arrived from 1 payer and where it went next was never collected."
100000000031787100,fully_observed,2,True,True,0.96,Both directions observed within the crawl; a payer outside the crawled set would still not appear in this dataset.
100000000041368100,inbound_only,1,True,True,0.85,"160,000 KZT arrived and none was observed leaving; any payer outside the crawled set would not appear."
100000000076451100,fully_observed,2,True,True,0.92,"Both directions observed, but 20% of what is reachable downstream ends at the crawl boundary, so the onward path is unknown."
100000000089154100,fully_observed,1,True,True,0.931,"Both directions observed, but 25% of what is reachable downstream ends at the crawl boundary, so the onward path is unknown."
100000000190228100,fully_observed,2,True,True,0.92,Both directions observed within the crawl; a payer outside the crawled set would still not appear in this dataset.
100000000201868100,fully_observed,2,True,True,0.92,Both directions observed within the crawl; a payer outside the crawled set would still not appear in this dataset.
100000000254336100,fully_observed,3,True,True,0.74,"Both directions observed, but 100% of what is reachable downstream ends at the crawl boundary, so the onward path is unknown."
100000000267734100,fully_observed,1,True,True,0.98,Both directions observed within the crawl; a payer outside the crawled set would still not appear in this dataset.
100000000274067100,fully_observed,1,True,True,0.98,Both directions observed within the crawl; a payer outside the crawled set would still not appear in this dataset.
100000000287768100,inbound_only,3,True,True,0.85,"35,168 KZT arrived and none was observed leaving; any payer outside the crawled set would not appear."
100000000288317100,fully_observed,3,True,True,0.74,"Both directions observed, but 100% of what is reachable downstream ends at the crawl boundary, so the onward path is unknown."
100000000291906100,fully_observed,2,True,True,0.86,"Both directions observed, but 50% of what is reachable downstream ends at the crawl boundary, so the onward path is unknown."
100000000291908100,fully_observed,3,True,True,0.74,"Both directions observed, but 100% of what is reachable downstream ends at the crawl boundary, so the onward path is unknown."
100000000297649100,fully_observed,2,True,True,0.927,"Both directions observed, but 17% of what is reachable downstream ends at the crawl boundary, so the onward path is unknown."
100000000299820100,truncated_at_depth,4,True,False,0.3,"At the four-hop crawl boundary: 10,000 KZT arrived from 1 payer and where it went next was never collected."
100000000307908100,inbound_only,2,True,True,0.85,"5,000 KZT arrived and none was observed leaving; any payer outside the crawled set would not appear."
100000000331309100,fully_observed,2,True,True,0.911,"Both directions observed, but 25% of what is reachable downstream ends at the crawl boundary, so the onward path is unknown."
100000000332284100,fully_observed,2,True,True,0.86,"Both directions observed, but 50% of what is reachable downstream ends at the crawl boundary, so the onward path is unknown."
100000000343175100,outbound_only,0,True,True,0.6,"Seed account: money out was followed, money in was not, so its funding is outside the dataset (8 payers appear only as return traffic from inside the crawl)."
100000000369781100,truncated_at_depth,4,True,False,0.3,"At the four-hop crawl boundary: 5,000 KZT arrived from 1 payer and where it went next was never collected."
100000000375150100,truncated_at_depth,4,True,False,0.3,"At the four-hop crawl boundary: 300,000 KZT arrived from 1 payer and where it went next was never collected."
100000000404740100,truncated_at_depth,4,True,False,0.3,"At the four-hop crawl boundary: 25,000 KZT arrived from 1 payer and where it went next was never collected."
100000000408846100,inbound_only,3,True,True,0.85,"40,500 KZT arrived and none was observed leaving; any payer outside the crawled set would not appear."
100000000413678100,fully_observed,3,True,True,0.74,"Both directions observed, but 100% of what is reachable downstream ends at the crawl boundary, so the onward path is unknown."
100000000424935100,truncated_at_depth,4,True,False,0.3,"At the four-hop crawl boundary: 15,000 KZT arrived from 1 payer and where it went next was never collected."
100000000425407100,inbound_only,2,True,True,0.85,"20,000 KZT arrived and none was observed leaving; any payer outside the crawled set would not appear."
100000000437046100,fully_observed,2,True,True,0.911,"Both directions observed, but 25% of what is reachable downstream ends at the crawl boundary, so the onward path is unknown."
100000000440392100,inbound_only,1,True,True,0.85,"105,705 KZT arrived and none was observed leaving; any payer outside the crawled set would not appear."
100000000456947100,isolated,0,False,True,0.1,"No transfer observed in either direction in the window, so nothing about this account's behaviour is measurable from this dataset."
100000000470237100,truncated_at_depth,4,True,False,0.3,"At the four-hop crawl boundary: 32,500 KZT arrived from 1 payer and where it went next was never collected."
100000000481716100,inbound_only,3,True,True,0.85,"8,000 KZT arrived and none was observed leaving; any payer outside the crawled set would not appear."
100000000489417100,fully_observed,2,True,True,0.827,"Both directions observed, but 67% of what is reachable downstream ends at the crawl boundary, so the onward path is unknown."
100000000490383100,fully_observed,2,True,True,0.933,"Both directions observed, but 13% of what is reachable downstream ends at the crawl boundary, so the onward path is unknown."
100000000500040100,truncated_at_depth,4,True,False,0.3,"At the four-hop crawl boundary: 20,000 KZT arrived from 1 payer and where it went next was never collected."
100000000507799100,fully_observed,1,True,True,0.873,"Both directions observed, but 33% of what is reachable downstream ends at the crawl boundary, so the onward path is unknown."
100000000533217100,inbound_only,2,True,True,0.85,"53,587 KZT arrived and none was observed leaving; any payer outside the crawled set would not appear."
100000000534581100,fully_observed,3,True,True,0.74,"Both directions observed, but 100% of what is reachable downstream ends at the crawl boundary, so the onward path is unknown."
100000000542087100,truncated_at_depth,4,True,False,0.3,"At the four-hop crawl boundary: 8,507 KZT arrived from 1 payer and where it went next was never collected."
100000000552584100,fully_observed,3,True,True,0.94,Both directions observed within the crawl; a payer outside the crawled set would still not appear in this dataset.
100000000555721100,inbound_only,1,True,True,0.85,"113,000 KZT arrived and none was observed leaving; any payer outside the crawled set would not appear."
100000000557536100,truncated_at_depth,4,True,False,0.38,"At the four-hop crawl boundary: 153,000 KZT arrived from 1 payer and where it went next was never collected."
100000000560751100,inbound_only,3,True,True,0.85,"25,000 KZT arrived and none was observed leaving; any payer outside the crawled set would not appear."
100000000561160100,truncated_at_depth,4,True,False,0.3,"At the four-hop crawl boundary: 240,000 KZT arrived from 1 payer and where it went next was never collected."
100000000569479100,inbound_only,3,True,True,0.85,"320,000 KZT arrived and none was observed leaving; any payer outside the crawled set would not appear."
100000000572276100,fully_observed,3,True,True,0.7,"Both directions observed, but 100% of what is reachable downstream ends at the crawl boundary, so the onward path is unknown."
100000000580561100,outbound_only,0,True,True,0.6,"Seed account: money out was followed, money in was not, so its funding is outside the dataset (2 payers appear only as return traffic from inside the crawl)."
100000000581662100,truncated_at_depth,4,True,False,0.3,"At the four-hop crawl boundary: 21,160 KZT arrived from 1 payer and where it went next was never collected."
100000000581682100,truncated_at_depth,4,True,False,0.3,"At the four-hop crawl boundary: 5,000 KZT arrived from 1 payer and where it went next was never collected."
100000000583220100,fully_observed,3,True,True,0.74,"Both directions observed, but 100% of what is reachable downstream ends at the crawl boundary, so the onward path is unknown."
100000000594783100,fully_observed,3,True,True,0.94,Both directions observed within the crawl; a payer outside the crawled set would still not appear in this dataset.
100000000596954100,fully_observed,2,True,True,0.96,Both directions observed within the crawl; a payer outside the crawled set would still not appear in this dataset.
100000000600707100,truncated_at_depth,4,True,False,0.34,"At the four-hop crawl boundary: 89,000 KZT arrived from 1 payer and where it went next was never collected."
100000000607731100,fully_observed,1,True,True,0.94,Both directions observed within the crawl; a payer outside the crawled set would still not appear in this dataset.
100000000607941100,fully_observed,2,True,True,0.827,"Both directions observed, but 67% of what is reachable downstream ends at the crawl boundary, so the onward path is unknown."
100000000608031100,truncated_at_depth,4,True,False,0.3,"At the four-hop crawl boundary: 30,000 KZT arrived from 1 payer and where it went next was never collected."
100000000611474100,inbound_only,3,True,True,0.85,"32,000 KZT arrived and none was observed leaving; any payer outside the crawled set would not appear."
100000000625169100,inbound_only,2,True,True,0.85,"10,000 KZT arrived and none was observed leaving; any payer outside the crawled set would not appear."
100000000627521100,truncated_at_depth,4,True,False,0.3,"At the four-hop crawl boundary: 6,500 KZT arrived from 1 payer and where it went next was never collected."
100000000629812100,inbound_only,2,True,True,0.85,"22,000 KZT arrived and none was observed leaving; any payer outside the crawled set would not appear."
100000000634341100,truncated_at_depth,4,True,False,0.34,"At the four-hop crawl boundary: 24,000 KZT arrived from 1 payer and where it went next was never collected."
100000000640800100,fully_observed,3,True,True,0.869,"Both directions observed, but 35% of what is reachable downstream ends at the crawl boundary, so the onward path is unknown."
100000000646541100,inbound_only,2,True,True,0.85,"25,300 KZT arrived and none was observed leaving; any payer outside the crawled set would not appear."
100000000655469100,truncated_at_depth,4,True,False,0.34,"At the four-hop crawl boundary: 20,000 KZT arrived from 1 payer and where it went next was never collected."
100000000656682100,fully_observed,3,True,True,0.74,"Both directions observed, but 100% of what is reachable downstream ends at the crawl boundary, so the onward path is unknown."
100000000661131100,inbound_only,3,True,True,0.85,"15,600 KZT arrived and none was observed leaving; any payer outside the crawled set would not appear."
100000000661912100,fully_observed,1,True,True,0.931,"Both directions observed, but 25% of what is reachable downstream ends at the crawl boundary, so the onward path is unknown."
100000000667713100,fully_observed,1,True,True,0.931,"Both directions observed, but 25% of what is reachable downstream ends at the crawl boundary, so the onward path is unknown."
100000000673868100,fully_observed,3,True,True,0.909,"Both directions observed, but 15% of what is reachable downstream ends at the crawl boundary, so the onward path is unknown."
100000000673915100,truncated_at_depth,4,True,False,0.3,"At the four-hop crawl boundary: 20,200 KZT arrived from 1 payer and where it went next was never collected."
100000000703894100,fully_observed,1,True,True,0.94,Both directions observed within the crawl; a payer outside the crawled set would still not appear in this dataset.
100000000703902100,inbound_only,1,True,True,0.85,"25,499 KZT arrived and none was observed leaving; any payer outside the crawled set would not appear."
100000000704700100,truncated_at_depth,4,True,False,0.3,"At the four-hop crawl boundary: 10,000 KZT arrived from 1 payer and where it went next was never collected."
100000000706545100,fully_observed,1,True,True,0.98,Both directions observed within the crawl; a payer outside the crawled set would still not appear in this dataset.
100000000718427100,inbound_only,2,True,True,0.85,"6,000 KZT arrived and none was observed leaving; any payer outside the crawled set would not appear."
100000000723383100,fully_observed,2,True,True,0.803,"Both directions observed, but 79% of what is reachable downstream ends at the crawl boundary, so the onward path is unknown."
100000000724540100,fully_observed,2,True,True,0.92,Both directions observed within the crawl; a payer outside the crawled set would still not appear in this dataset.
100000000733373100,inbound_only,2,True,True,0.85,"10,710 KZT arrived and none was observed leaving; any payer outside the crawled set would not appear."
100000000733451100,fully_observed,3,True,True,0.74,"Both directions observed, but 100% of what is reachable downstream ends at the crawl boundary, so the onward path is unknown."
100000000733940100,truncated_at_depth,4,True,False,0.34,"At the four-hop crawl boundary: 752,000 KZT arrived from 1 payer and where it went next was never collected."
100000000737152100,truncated_at_depth,4,True,False,0.3,"At the four-hop crawl boundary: 35,000 KZT arrived from 1 payer and where it went next was never collected."
100000000749118100,fully_observed,3,True,True,0.7,"Both directions observed, but 100% of what is reachable downstream ends at the crawl boundary, so the onward path is unknown."
100000000764836100,fully_observed,3,True,True,0.74,"Both directions observed, but 100% of what is reachable downstream ends at the crawl boundary, so the onward path is unknown."
100000000765628100,inbound_only,2,True,True,0.85,"5,000 KZT arrived and none was observed leaving; any payer outside the crawled set would not appear."
100000000769919100,inbound_only,2,True,True,0.85,"250,000 KZT arrived and none was observed leaving; any payer outside the crawled set would not appear."
100000000782285100,inbound_only,3,True,True,0.85,"6,151 KZT arrived and none was observed leaving; any payer outside the crawled set would not appear."
100000000783406100,inbound_only,3,True,True,0.85,"6,066 KZT arrived and none was observed leaving; any payer outside the crawled set would not appear."
100000000785800100,fully_observed,2,True,True,0.92,Both directions observed within the crawl; a payer outside the crawled set would still not appear in this dataset.
100000000790311100,inbound_only,2,True,True,0.85,"46,300 KZT arrived and none was observed leaving; any payer outside the crawled set would not appear."
100000000791285100,fully_observed,3,True,True,0.854,"Both directions observed, but 43% of what is reachable downstream ends at the crawl boundary, so the onward path is unknown."
100000000795033100,inbound_only,2,True,True,0.85,"18,200 KZT arrived and none was observed leaving; any payer outside the crawled set would not appear."
100000000795129100,inbound_only,2,True,True,0.85,"332,000 KZT arrived and none was observed leaving; any payer outside the crawled set would not appear."
100000000795374100,inbound_only,3,True,True,0.85,"50,000 KZT arrived and none was observed leaving; any payer outside the crawled set would not appear."
100000000802149100,inbound_only,3,True,True,0.85,"104,128 KZT arrived and none was observed leaving; any payer outside the crawled set would not appear."
100000000803368100,truncated_at_depth,4,True,False,0.3,"At the four-hop crawl boundary: 139,503 KZT arrived from 1 payer and where it went next was never collected."
100000000806727100,fully_observed,2,True,True,0.92,Both directions observed within the crawl; a payer outside the crawled set would still not appear in this dataset.
100000000810551100,fully_observed,1,True,True,0.94,Both directions observed within the crawl; a payer outside the crawled set would still not appear in this dataset.
100000000817146100,inbound_only,1,True,True,0.85,"70,020 KZT arrived and none was observed leaving; any payer outside the crawled set would not appear."
100000000821507100,inbound_only,2,True,True,0.85,"400,000 KZT arrived and none was observed leaving; any payer outside the crawled set would not appear."
100000000831684100,fully_observed,2,True,True,0.96,Both directions observed within the crawl; a payer outside the crawled set would still not appear in this dataset.
100000000838385100,fully_observed,3,True,True,0.84,"Both directions observed, but 50% of what is reachable downstream ends at the crawl boundary, so the onward path is unknown."
100000000850297100,fully_observed,2,True,True,0.869,"Both directions observed, but 26% of what is reachable downstream ends at the crawl boundary, so the onward path is unknown."
100000000860514100,fully_observed,3,True,True,0.7,"Both directions observed, but 100% of what is reachable downstream ends at the crawl boundary, so the onward path is unknown."
100000000861294100,inbound_only,2,True,True,0.85,"150,000 KZT arrived and none was observed leaving; any payer outside the crawled set would not appear."
100000000870121100,inbound_only,3,True,True,0.85,"12,000 KZT arrived and none was observed leaving; any payer outside the crawled set would not appear."
100000000878006100,inbound_only,3,True,True,0.85,"47,003 KZT arrived and none was observed leaving; any payer outside the crawled set would not appear."
100000000896111100,inbound_only,3,True,True,0.85,"287,100 KZT arrived and none was observed leaving; any payer outside the crawled set would not appear."
100000000907277100,inbound_only,1,True,True,0.85,"17,534 KZT arrived and none was observed leaving; any payer outside the crawled set would not appear."
100000000910216100,fully_observed,2,True,True,0.918,"Both directions observed, but 21% of what is reachable downstream ends at the crawl boundary, so the onward path is unknown."
100000000912487100,inbound_only,2,True,True,0.85,"10,000 KZT arrived and none was observed leaving; any payer outside the crawled set would not appear."
100000000913911100,fully_observed,2,True,True,0.96,Both directions observed within the crawl; a payer outside the crawled set would still not appear in this dataset.
100000000917179100,inbound_only,2,True,True,0.85,"94,465 KZT arrived and none was observed leaving; any payer outside the crawled set would not appear."
100000000922570100,fully_observed,1,True,True,0.94,Both directions observed within the crawl; a payer outside the crawled set would still not appear in this dataset.
100000000926078100,truncated_at_depth,4,True,False,0.3,"At the four-hop crawl boundary: 250,000 KZT arrived from 1 payer and where it went next was never collected."
100000000926766100,fully_observed,3,True,True,0.814,"Both directions observed, but 43% of what is reachable downstream ends at the crawl boundary, so the onward path is unknown."
100000000933075100,fully_observed,3,True,True,0.907,"Both directions observed, but 17% of what is reachable downstream ends at the crawl boundary, so the onward path is unknown."
100000000941942100,inbound_only,1,True,True,0.85,"130,000 KZT arrived and none was observed leaving; any payer outside the crawled set would not appear."
100000000942301100,inbound_only,3,True,True,0.85,"57,580 KZT arrived and none was observed leaving; any payer outside the crawled set would not appear."
100000000943371100,inbound_only,2,True,True,0.85,"15,500 KZT arrived and none was observed leaving; any payer outside the crawled set would not appear."
100000000945428100,inbound_only,1,True,True,0.85,"89,629 KZT arrived and none was observed leaving; any payer outside the crawled set would not appear."
100000000954884100,inbound_only,3,True,True,0.85,"34,000 KZT arrived and none was observed leaving; any payer outside the crawled set would not appear."
100000000955444100,inbound_only,2,True,True,0.85,"6,910 KZT arrived and none was observed leaving; any payer outside the crawled set would not appear."
100000000955529100,fully_observed,3,True,True,0.9,Both directions observed within the crawl; a payer outside the crawled set would still not appear in this dataset.
100000000957746100,truncated_at_depth,4,True,False,0.3,"At the four-hop crawl boundary: 5,300 KZT arrived from 1 payer and where it went next was never collected."
100000000961900100,inbound_only,1,True,True,0.85,"36,000 KZT arrived and none was observed leaving; any payer outside the crawled set would not appear."
100000000967918100,inbound_only,2,True,True,0.85,"21,200 KZT arrived and none was observed leaving; any payer outside the crawled set would not appear."
100000000968253100,inbound_only,1,True,True,0.85,"15,000 KZT arrived and none was observed leaving; any payer outside the crawled set would not appear."
100000000971908100,inbound_only,2,True,True,0.85,"89,000 KZT arrived and none was observed leaving; any payer outside the crawled set would not appear."
100000000976943100,fully_observed,3,True,True,0.74,"Both directions observed, but 100% of what is reachable downstream ends at the crawl boundary, so the onward path is unknown."
100000000978041100,inbound_only,1,True,True,0.85,"44,445 KZT arrived and none was observed leaving; any payer outside the crawled set would not appear."
100000000979567100,inbound_only,2,True,True,0.85,"10,000 KZT arrived and none was observed leaving; any payer outside the crawled set would not appear."
100000000979923100,inbound_only,1,True,True,0.85,"97,900 KZT arrived and none was observed leaving; any payer outside the crawled set would not appear."
100000000981693100,truncated_at_depth,4,True,False,0.3,"At the four-hop crawl boundary: 16,500 KZT arrived from 1 payer and where it went next was never collected."
100000000993112100,inbound_only,2,True,True,0.85,"141,000 KZT arrived and none was observed leaving; any payer outside the crawled set would not appear."
100000000998559100,inbound_only,1,True,True,0.85,"100,000 KZT arrived and none was observed leaving; any payer outside the crawled set would not appear."
100000001009583100,inbound_only,3,True,True,0.85,"393,740 KZT arrived and none was observed leaving; any payer outside the crawled set would not appear."
100000001046057100,inbound_only,3,True,True,0.85,"83,420 KZT arrived and none was observed leaving; any payer outside the crawled set would not appear."
100000001046626100,inbound_only,3,True,True,0.85,"150,000 KZT arrived and none was observed leaving; any payer outside the crawled set would not appear."
100000001049200100,fully_observed,1,True,True,0.931,"Both directions observed, but 25% of what is reachable downstream ends at the crawl boundary, so the onward path is unknown."
100000001052789100,inbound_only,3,True,True,0.85,"70,975 KZT arrived and none was observed leaving; any payer outside the crawled set would not appear."
100000001052945100,fully_observed,3,True,True,0.74,"Both directions observed, but 100% of what is reachable downstream ends at the crawl boundary, so the onward path is unknown."
100000001053894100,truncated_at_depth,4,True,False,0.38,"At the four-hop crawl boundary: 2,000,000 KZT arrived from 1 payer and where it went next was never collected."
100000001056414100,inbound_only,3,True,True,0.85,"250,000 KZT arrived and none was observed leaving; any payer outside the crawled set would not appear."
100000001063678100,fully_observed,3,True,True,0.74,"Both directions observed, but 100% of what is reachable downstream ends at the crawl boundary, so the onward path is unknown."
100000001065234100,truncated_at_depth,4,True,False,0.3,"At the four-hop crawl boundary: 360,000 KZT arrived from 1 payer and where it went next was never collected."
100000001065481100,truncated_at_depth,4,True,False,0.34,"At the four-hop crawl boundary: 16,000 KZT arrived from 1 payer and where it went next was never collected."
100000001066017100,fully_observed,3,True,True,0.74,"Both directions observed, but 100% of what is reachable downstream ends at the crawl boundary, so the onward path is unknown."
100000001072022100,inbound_only,1,True,True,0.85,"1,684,000 KZT arrived and none was observed leaving; any payer outside the crawled set would not appear."
100000001073568100,fully_observed,3,True,True,0.807,"Both directions observed, but 67% of what is reachable downstream ends at the crawl boundary, so the onward path is unknown."
100000001074553100,inbound_only,1,True,True,0.85,"28,971 KZT arrived and none was observed leaving; any payer outside the crawled set would not appear."
100000001083990100,inbound_only,2,True,True,0.85,"49,900 KZT arrived and none was observed leaving; any payer outside the crawled set would not appear."
100000001089055100,truncated_at_depth,4,True,False,0.3,"At the four-hop crawl boundary: 13,000 KZT arrived from 1 payer and where it went next was never collected."
100000001102676100,fully_observed,2,True,True,0.913,"Both directions observed, but 3% of what is reachable downstream ends at the crawl boundary, so the onward path is unknown."
100000001103905100,inbound_only,1,True,True,0.85,"18,000 KZT arrived and none was observed leaving; any payer outside the crawled set would not appear."
100000001110358100,inbound_only,3,True,True,0.85,"32,000 KZT arrived and none was observed leaving; any payer outside the crawled set would not appear."
100000001111763100,inbound_only,1,True,True,0.85,"17,144 KZT arrived and none was observed leaving; any payer outside the crawled set would not appear."
100000001114385100,inbound_only,2,True,True,0.85,"29,500 KZT arrived and none was observed leaving; any payer outside the crawled set would not appear."
100000001126374100,fully_observed,1,True,True,0.98,Both directions observed within the crawl; a payer outside the crawled set would still not appear in this dataset.
100000001130176100,inbound_only,3,True,True,0.85,"25,000 KZT arrived and none was observed leaving; any payer outside the crawled set would not appear."
100000001130553100,truncated_at_depth,4,True,False,0.34,"At the four-hop crawl boundary: 18,000 KZT arrived from 1 payer and where it went next was never collected."
100000001131403100,truncated_at_depth,4,True,False,0.38,"At the four-hop crawl boundary: 1,570,000 KZT arrived from 1 payer and where it went next was never collected."
100000001138283100,fully_observed,3,True,True,0.891,"Both directions observed, but 25% of what is reachable downstream ends at the crawl boundary, so the onward path is unknown."
100000001138376100,inbound_only,2,True,True,0.85,"15,300 KZT arrived and none was observed leaving; any payer outside the crawled set would not appear."
100000001140785100,inbound_only,3,True,True,0.85,"215,000 KZT arrived and none was observed leaving; any payer outside the crawled set would not appear."
100000001141268100,fully_observed,3,True,True,0.74,"Both directions observed, but 100% of what is reachable downstream ends at the crawl boundary, so the onward path is unknown."
100000001145749100,inbound_only,3,True,True,0.85,"10,000 KZT arrived and none was observed leaving; any payer outside the crawled set would not appear."
100000001149815100,inbound_only,3,True,True,0.85,"12,000 KZT arrived and none was observed leaving; any payer outside the crawled set would not appear."
100000001155773100,inbound_only,3,True,True,0.85,"21,500 KZT arrived and none was observed leaving; any payer outside the crawled set would not appear."
100000001160401100,inbound_only,3,True,True,0.85,"47,190 KZT arrived and none was observed leaving; any payer outside the crawled set would not appear."
100000001162560100,fully_observed,1,True,True,0.98,Both directions observed within the crawl; a payer outside the crawled set would still not appear in this dataset.
100000001164648100,inbound_only,1,True,True,0.85,"13,660 KZT arrived and none was observed leaving; any payer outside the crawled set would not appear."
100000001166289100,fully_observed,2,True,True,0.96,Both directions observed within the crawl; a payer outside the crawled set would still not appear in this dataset.
100000001169666100,fully_observed,3,True,True,0.74,"Both directions observed, but 100% of what is reachable downstream ends at the crawl boundary, so the onward path is unknown."
100000001184915100,inbound_only,2,True,True,0.85,"201,000 KZT arrived and none was observed leaving; any payer outside the crawled set would not appear."
100000001194266100,inbound_only,1,True,True,0.85,"50,000 KZT arrived and none was observed leaving; any payer outside the crawled set would not appear."
100000001202637100,truncated_at_depth,4,True,False,0.3,"At the four-hop crawl boundary: 10,000 KZT arrived from 1 payer and where it went next was never collected."
100000001202787100,truncated_at_depth,4,True,False,0.34,"At the four-hop crawl boundary: 14,850 KZT arrived from 2 payers and where it went next was never collected."
100000001220124100,truncated_at_depth,4,True,False,0.3,"At the four-hop crawl boundary: 40,000 KZT arrived from 1 payer and where it went next was never collected."
100000001222245100,truncated_at_depth,4,True,False,0.38,"At the four-hop crawl boundary: 420,000 KZT arrived from 1 payer and where it went next was never collected."
100000001222263100,fully_observed,3,True,True,0.74,"Both directions observed, but 100% of what is reachable downstream ends at the crawl boundary, so the onward path is unknown."
100000001223977100,fully_observed,3,True,True,0.7,"Both directions observed, but 100% of what is reachable downstream ends at the crawl boundary, so the onward path is unknown."
100000001227106100,inbound_only,3,True,True,0.85,"164,765 KZT arrived and none was observed leaving; any payer outside the crawled set would not appear."
100000001229743100,fully_observed,3,True,True,0.7,"Both directions observed, but 100% of what is reachable downstream ends at the crawl boundary, so the onward path is unknown."
100000001232297100,fully_observed,2,True,True,0.938,"Both directions observed, but 11% of what is reachable downstream ends at the crawl boundary, so the onward path is unknown."
100000001236706100,fully_observed,3,True,True,0.74,"Both directions observed, but 100% of what is reachable downstream ends at the crawl boundary, so the onward path is unknown."
100000001241318100,inbound_only,2,True,True,0.85,"53,000 KZT arrived and none was observed leaving; any payer outside the crawled set would not appear."
100000001246806100,truncated_at_depth,4,True,False,0.3,"At the four-hop crawl boundary: 130,000 KZT arrived from 1 payer and where it went next was never collected."
100000001248999100,inbound_only,3,True,True,0.85,"23,425 KZT arrived and none was observed leaving; any payer outside the crawled set would not appear."
100000001249054100,truncated_at_depth,4,True,False,0.3,"At the four-hop crawl boundary: 17,375 KZT arrived from 1 payer and where it went next was never collected."
100000001250022100,inbound_only,2,True,True,0.85,"50,000 KZT arrived and none was observed leaving; any payer outside the crawled set would not appear."
100000001251686100,inbound_only,2,True,True,0.85,"18,000 KZT arrived and none was observed leaving; any payer outside the crawled set would not appear."
100000001252290100,fully_observed,3,True,True,0.7,"Both directions observed, but 100% of what is reachable downstream ends at the crawl boundary, so the onward path is unknown."
100000001253557100,inbound_only,1,True,True,0.85,"210,200 KZT arrived and none was observed leaving; any payer outside the crawled set would not appear."
100000001256409100,truncated_at_depth,4,True,False,0.3,"At the four-hop crawl boundary: 8,000 KZT arrived from 1 payer and where it went next was never collected."
100000001262647100,inbound_only,2,True,True,0.85,"23,650 KZT arrived and none was observed leaving; any payer outside the crawled set would not appear."
100000001270349100,inbound_only,3,True,True,0.85,"200,000 KZT arrived and none was observed leaving; any payer outside the crawled set would not appear."
100000001270470100,truncated_at_depth,4,True,False,0.34,"At the four-hop crawl boundary: 28,300 KZT arrived from 1 payer and where it went next was never collected."
100000001273783100,inbound_only,2,True,True,0.85,"23,200 KZT arrived and none was observed leaving; any payer outside the crawled set would not appear."
100000001275557100,truncated_at_depth,4,True,False,0.3,"At the four-hop crawl boundary: 20,000 KZT arrived from 1 payer and where it went next was never collected."
100000001275752100,inbound_only,3,True,True,0.85,"151,500 KZT arrived and none was observed leaving; any payer outside the crawled set would not appear."
100000001276409100,truncated_at_depth,4,True,False,0.3,"At the four-hop crawl boundary: 94,760 KZT arrived from 1 payer and where it went next was never collected."
100000001279272100,fully_observed,3,True,True,0.891,"Both directions observed, but 25% of what is reachable downstream ends at the crawl boundary, so the onward path is unknown."
100000001279875100,inbound_only,2,True,True,0.85,"49,235 KZT arrived and none was observed leaving; any payer outside the crawled set would not appear."
100000001280798100,inbound_only,3,True,True,0.85,"23,785 KZT arrived and none was observed leaving; any payer outside the crawled set would not appear."
100000001282143100,inbound_only,3,True,True,0.85,"1,700,000 KZT arrived and none was observed leaving; any payer outside the crawled set would not appear."
100000001285440100,inbound_only,3,True,True,0.85,"243,000 KZT arrived and none was observed leaving; any payer outside the crawled set would not appear."
100000001286703100,truncated_at_depth,4,True,False,0.3,"At the four-hop crawl boundary: 20,500 KZT arrived from 1 payer and where it went next was never collected."
100000001287955100,fully_observed,2,True,True,0.908,"Both directions observed, but 26% of what is reachable downstream ends at the crawl boundary, so the onward path is unknown."
100000001290243100,inbound_only,2,True,True,0.85,"10,000 KZT arrived and none was observed leaving; any payer outside the crawled set would not appear."
100000001297206100,truncated_at_depth,4,True,False,0.3,"At the four-hop crawl boundary: 6,758 KZT arrived from 1 payer and where it went next was never collected."
100000001298099100,inbound_only,3,True,True,0.85,"19,000 KZT arrived and none was observed leaving; any payer outside the crawled set would not appear."
100000001299323100,truncated_at_depth,4,True,False,0.3,"At the four-hop crawl boundary: 109,000 KZT arrived from 1 payer and where it went next was never collected."
100000001299443100,truncated_at_depth,4,True,False,0.3,"At the four-hop crawl boundary: 8,000 KZT arrived from 1 payer and where it went next was never collected."
100000001299828100,truncated_at_depth,4,True,False,0.3,"At the four-hop crawl boundary: 100,000 KZT arrived from 1 payer and where it went next was never collected."
100000001303311100,inbound_only,3,True,True,0.85,"1,324,000 KZT arrived and none was observed leaving; any payer outside the crawled set would not appear."
100000001307612100,inbound_only,1,True,True,0.85,"38,483 KZT arrived and none was observed leaving; any payer outside the crawled set would not appear."
100000001308856100,inbound_only,2,True,True,0.85,"27,000 KZT arrived and none was observed leaving; any payer outside the crawled set would not appear."
100000001311175100,truncated_at_depth,4,True,False,0.3,"At the four-hop crawl boundary: 300,000 KZT arrived from 1 payer and where it went next was never collected."
100000001317336100,fully_observed,3,True,True,0.74,"Both directions observed, but 100% of what is reachable downstream ends at the crawl boundary, so the onward path is unknown."
100000001325618100,truncated_at_depth,4,True,False,0.3,"At the four-hop crawl boundary: 9,300 KZT arrived from 1 payer and where it went next was never collected."
100000001329153100,inbound_only,3,True,True,0.85,"150,687 KZT arrived and none was observed leaving; any payer outside the crawled set would not appear."
100000001330595100,fully_observed,2,True,True,0.96,Both directions observed within the crawl; a payer outside the crawled set would still not appear in this dataset.
100000001330685100,fully_observed,1,True,True,0.98,Both directions observed within the crawl; a payer outside the crawled set would still not appear in this dataset.
100000001339466100,inbound_only,2,True,True,0.85,"30,000 KZT arrived and none was observed leaving; any payer outside the crawled set would not appear."
100000001346560100,fully_observed,2,True,True,0.96,Both directions observed within the crawl; a payer outside the crawled set would still not appear in this dataset.
100000001362940100,inbound_only,1,True,True,0.85,"81,000 KZT arrived and none was observed leaving; any payer outside the crawled set would not appear."
100000001363952100,fully_observed,1,True,True,0.98,Both directions observed within the crawl; a payer outside the crawled set would still not appear in this dataset.
100000001373265100,fully_observed,3,True,True,0.7,"Both directions observed, but 100% of what is reachable downstream ends at the crawl boundary, so the onward path is unknown."
100000001378288100,truncated_at_depth,4,True,False,0.38,"At the four-hop crawl boundary: 268,000 KZT arrived from 1 payer and where it went next was never collected."
100000001379511100,inbound_only,3,True,True,0.85,"55,000 KZT arrived and none was observed leaving; any payer outside the crawled set would not appear."
100000001380054100,fully_observed,1,True,True,0.98,Both directions observed within the crawl; a payer outside the crawled set would still not appear in this dataset.
100000001380107100,inbound_only,3,True,True,0.85,"6,000 KZT arrived and none was observed leaving; any payer outside the crawled set would not appear."
100000001380986100,inbound_only,2,True,True,0.85,"70,170 KZT arrived and none was observed leaving; any payer outside the crawled set would not appear."
100000001382002100,fully_observed,2,True,True,0.96,Both directions observed within the crawl; a payer outside the crawled set would still not appear in this dataset.
100000001384826100,fully_observed,3,True,True,0.7,"Both directions observed, but 100% of what is reachable downstream ends at the crawl boundary, so the onward path is unknown."
100000001386612100,inbound_only,2,True,True,0.85,"62,264 KZT arrived and none was observed leaving; any payer outside the crawled set would not appear."
100000001389255100,inbound_only,1,True,True,0.85,"16,136 KZT arrived and none was observed leaving; any payer outside the crawled set would not appear."
100000001411870100,inbound_only,1,True,True,0.85,"900,000 KZT arrived and none was observed leaving; any payer outside the crawled set would not appear."
100000001415126100,inbound_only,0,True,True,0.79,"Seed account with no observed outgoing transfer; the 1 payer visible are return traffic from inside the crawl, not its funding side."
100000001418900100,inbound_only,2,True,True,0.85,"40,140 KZT arrived and none was observed leaving; any payer outside the crawled set would not appear."
100000001420847100,inbound_only,2,True,True,0.85,"20,000 KZT arrived and none was observed leaving; any payer outside the crawled set would not appear."
100000001427082100,fully_observed,3,True,True,0.773,"Both directions observed, but 83% of what is reachable downstream ends at the crawl boundary, so the onward path is unknown."
100000001429930100,inbound_only,0,True,True,0.79,"Seed account with no observed outgoing transfer; the 1 payer visible are return traffic from inside the crawl, not its funding side."
100000001439416100,fully_observed,3,True,True,0.911,"Both directions observed, but 14% of what is reachable downstream ends at the crawl boundary, so the onward path is unknown."
100000001445848100,fully_observed,3,True,True,0.915,"Both directions observed, but 12% of what is reachable downstream ends at the crawl boundary, so the onward path is unknown."
100000001463701100,inbound_only,1,True,True,0.85,"621,000 KZT arrived and none was observed leaving; any payer outside the crawled set would not appear."
100000001471706100,truncated_at_depth,4,True,False,0.38,"At the four-hop crawl boundary: 377,000 KZT arrived from 1 payer and where it went next was never collected."
100000001477796100,inbound_only,1,True,True,0.85,"182,000 KZT arrived and none was observed leaving; any payer outside the crawled set would not appear."
100000001484381100,inbound_only,3,True,True,0.85,"95,585 KZT arrived and none was observed leaving; any payer outside the crawled set would not appear."
100000001490461100,fully_observed,2,True,True,0.92,Both directions observed within the crawl; a payer outside the crawled set would still not appear in this dataset.
100000001498732100,truncated_at_depth,4,True,False,0.3,"At the four-hop crawl boundary: 5,500 KZT arrived from 1 payer and where it went next was never collected."
100000001524952100,inbound_only,1,True,True,0.85,"103,807 KZT arrived and none was observed leaving; any payer outside the crawled set would not appear."
100000001526235100,fully_observed,2,True,True,0.874,"Both directions observed, but 43% of what is reachable downstream ends at the crawl boundary, so the onward path is unknown."
100000001527186100,inbound_only,1,True,True,0.85,"678,000 KZT arrived and none was observed leaving; any payer outside the crawled set would not appear."
100000001530709100,inbound_only,3,True,True,0.85,"53,961 KZT arrived and none was observed leaving; any payer outside the crawled set would not appear."
100000001530740100,inbound_only,2,True,True,0.85,"15,000 KZT arrived and none was observed leaving; any payer outside the crawled set would not appear."
100000001530983100,fully_observed,1,True,True,0.924,"Both directions observed, but 28% of what is reachable downstream ends at the crawl boundary, so the onward path is unknown."
100000001533161100,truncated_at_depth,4,True,False,0.3,"At the four-hop crawl boundary: 100,000 KZT arrived from 1 payer and where it went next was never collected."
100000001534244100,fully_observed,3,True,True,0.74,"Both directions observed, but 100% of what is reachable downstream ends at the crawl boundary, so the onward path is unknown."
100000001537524100,truncated_at_depth,4,True,False,0.3,"At the four-hop crawl boundary: 150,000 KZT arrived from 1 payer and where it went next was never collected."
100000001538095100,inbound_only,3,True,True,0.85,"280,000 KZT arrived and none was observed leaving; any payer outside the crawled set would not appear."
100000001541418100,inbound_only,2,True,True,0.85,"96,900 KZT arrived and none was observed leaving; any payer outside the crawled set would not appear."
100000001549194100,inbound_only,3,True,True,0.85,"46,500 KZT arrived and none was observed leaving; any payer outside the crawled set would not appear."
100000001550388100,inbound_only,1,True,True,0.85,"50,000 KZT arrived and none was observed leaving; any payer outside the crawled set would not appear."
100000001550419100,inbound_only,3,True,True,0.85,"23,000 KZT arrived and none was observed leaving; any payer outside the crawled set would not appear."
100000001554432100,inbound_only,1,True,True,0.85,"53,920 KZT arrived and none was observed leaving; any payer outside the crawled set would not appear."
100000001557930100,inbound_only,2,True,True,0.85,"34,610 KZT arrived and none was observed leaving; any payer outside the crawled set would not appear."
100000001567366100,inbound_only,1,True,True,0.85,"824,070 KZT arrived and none was observed leaving; any payer outside the crawled set would not appear."
100000001578517100,inbound_only,2,True,True,0.85,"30,000 KZT arrived and none was observed leaving; any payer outside the crawled set would not appear."
100000001584286100,inbound_only,2,True,True,0.85,"738,699 KZT arrived and none was observed leaving; any payer outside the crawled set would not appear."
100000001590795100,truncated_at_depth,4,True,False,0.3,"At the four-hop crawl boundary: 5,060 KZT arrived from 1 payer and where it went next was never collected."
100000001597424100,inbound_only,3,True,True,0.85,"48,100 KZT arrived and none was observed leaving; any payer outside the crawled set would not appear."
100000001597505100,fully_observed,2,True,True,0.92,Both directions observed within the crawl; a payer outside the crawled set would still not appear in this dataset.
100000001598625100,truncated_at_depth,4,True,False,0.3,"At the four-hop crawl boundary: 25,000 KZT arrived from 1 payer and where it went next was never collected."
100000001600934100,fully_observed,3,True,True,0.94,Both directions observed within the crawl; a payer outside the crawled set would still not appear in this dataset.
100000001601320100,fully_observed,2,True,True,0.96,Both directions observed within the crawl; a payer outside the crawled set would still not appear in this dataset.
100000001609499100,fully_observed,1,True,True,0.931,"Both directions observed, but 25% of what is reachable downstream ends at the crawl boundary, so the onward path is unknown."
100000001611488100,inbound_only,3,True,True,0.85,"779,300 KZT arrived and none was observed leaving; any payer outside the crawled set would not appear."
100000001616816100,outbound_only,0,True,True,0.6,"Seed account: money out was followed, money in was not, so its funding is outside the dataset (5 payers appear only as return traffic from inside the crawl)."
100000001632325100,inbound_only,3,True,True,0.85,"85,600 KZT arrived and none was observed leaving; any payer outside the crawled set would not appear."
100000001633685100,inbound_only,2,True,True,0.85,"45,000 KZT arrived and none was observed leaving; any payer outside the crawled set would not appear."
100000001637376100,fully_observed,3,True,True,0.74,"Both directions observed, but 100% of what is reachable downstream ends at the crawl boundary, so the onward path is unknown."
100000001639766100,inbound_only,3,True,True,0.85,"20,000 KZT arrived and none was observed leaving; any payer outside the crawled set would not appear."
100000001641789100,inbound_only,1,True,True,0.85,"17,826 KZT arrived and none was observed leaving; any payer outside the crawled set would not appear."
100000001641951100,inbound_only,2,True,True,0.85,"25,000 KZT arrived and none was observed leaving; any payer outside the crawled set would not appear."
100000001648936100,inbound_only,2,True,True,0.85,"92,740 KZT arrived and none was observed leaving; any payer outside the crawled set would not appear."
100000001650895100,fully_observed,3,True,True,0.7,"Both directions observed, but 100% of what is reachable downstream ends at the crawl boundary, so the onward path is unknown."
100000001660397100,fully_observed,1,True,True,0.931,"Both directions observed, but 25% of what is reachable downstream ends at the crawl boundary, so the onward path is unknown."
100000001669260100,truncated_at_depth,4,True,False,0.3,"At the four-hop crawl boundary: 500,000 KZT arrived from 1 payer and where it went next was never collected."
100000001674850100,inbound_only,3,True,True,0.85,"237,000 KZT arrived and none was observed leaving; any payer outside the crawled set would not appear."
100000001677389100,fully_observed,3,True,True,0.7,"Both directions observed, but 100% of what is reachable downstream ends at the crawl boundary, so the onward path is unknown."
100000001677929100,fully_observed,2,True,True,0.96,Both directions observed within the crawl; a payer outside the crawled set would still not appear in this dataset.
100000001680944100,inbound_only,3,True,True,0.85,"393,000 KZT arrived and none was observed leaving; any payer outside the crawled set would not appear."
100000001684867100,inbound_only,1,True,True,0.85,"30,550 KZT arrived and none was observed leaving; any payer outside the crawled set would not appear."
100000001686328100,inbound_only,3,True,True,0.85,"140,000 KZT arrived and none was observed leaving; any payer outside the crawled set would not appear."
100000001688676100,inbound_only,3,True,True,0.85,"133,700 KZT arrived and none was observed leaving; any payer outside the crawled set would not appear."
100000001689968100,inbound_only,3,True,True,0.85,"344,334 KZT arrived and none was observed leaving; any payer outside the crawled set would not appear."
100000001690439100,inbound_only,3,True,True,0.85,"14,200 KZT arrived and none was observed leaving; any payer outside the crawled set would not appear."
100000001690558100,inbound_only,3,True,True,0.85,"740,000 KZT arrived and none was observed leaving; any payer outside the crawled set would not appear."
100000001696818100,inbound_only,1,True,True,0.85,"53,550 KZT arrived and none was observed leaving; any payer outside the crawled set would not appear."
100000001697501100,fully_observed,1,True,True,0.977,"Both directions observed, but 1% of what is reachable downstream ends at the crawl boundary, so the onward path is unknown."
100000001703168100,fully_observed,2,True,True,0.92,Both directions observed within the crawl; a payer outside the crawled set would still not appear in this dataset.
100000001714173100,inbound_only,3,True,True,0.85,"638,905 KZT arrived and none was observed leaving; any payer outside the crawled set would not appear."
100000001714413100,inbound_only,3,True,True,0.85,"250,172 KZT arrived and none was observed leaving; any payer outside the crawled set would not appear."
100000001714883100,truncated_at_depth,4,True,False,0.3,"At the four-hop crawl boundary: 6,900 KZT arrived from 1 payer and where it went next was never collected."
100000001716579100,inbound_only,1,True,True,0.85,"13,916 KZT arrived and none was observed leaving; any payer outside the crawled set would not appear."
100000001724740100,truncated_at_depth,4,True,False,0.38,"At the four-hop crawl boundary: 185,000 KZT arrived from 1 payer and where it went next was never collected."
100000001726614100,inbound_only,3,True,True,0.85,"138,717 KZT arrived and none was observed leaving; any payer outside the crawled set would not appear."
100000001732159100,outbound_only,0,True,True,0.6,"Seed account: money out was followed, money in was not, so its funding is outside the dataset (2 payers appear only as return traffic from inside the crawl)."
100000001733216100,truncated_at_depth,4,True,False,0.34,"At the four-hop crawl boundary: 60,000 KZT arrived from 1 payer and where it went next was never collected."
100000001733687100,inbound_only,3,True,True,0.85,"300,000 KZT arrived and none was observed leaving; any payer outside the crawled set would not appear."
100000001737722100,inbound_only,2,True,True,0.85,"60,460 KZT arrived and none was observed leaving; any payer outside the crawled set would not appear."
100000001740277100,fully_observed,3,True,True,0.9,Both directions observed within the crawl; a payer outside the crawled set would still not appear in this dataset.
100000001745217100,inbound_only,3,True,True,0.85,"50,000 KZT arrived and none was observed leaving; any payer outside the crawled set would not appear."
100000001746925100,fully_observed,1,True,True,0.86,"Both directions observed, but 40% of what is reachable downstream ends at the crawl boundary, so the onward path is unknown."
100000001782980100,fully_observed,2,True,True,0.96,Both directions observed within the crawl; a payer outside the crawled set would still not appear in this dataset.
100000001784279100,inbound_only,3,True,True,0.85,"35,674 KZT arrived and none was observed leaving; any payer outside the crawled set would not appear."
100000001785161100,inbound_only,3,True,True,0.85,"30,000 KZT arrived and none was observed leaving; any payer outside the crawled set would not appear."
100000001788284100,fully_observed,3,True,True,0.854,"Both directions observed, but 43% of what is reachable downstream ends at the crawl boundary, so the onward path is unknown."
100000001805543100,inbound_only,1,True,True,0.85,"59,000 KZT arrived and none was observed leaving; any payer outside the crawled set would not appear."
100000001808684100,fully_observed,3,True,True,0.94,Both directions observed within the crawl; a payer outside the crawled set would still not appear in this dataset.
100000001816678100,truncated_at_depth,4,True,False,0.3,"At the four-hop crawl boundary: 60,000 KZT arrived from 1 payer and where it went next was never collected."
100000001818442100,inbound_only,3,True,True,0.85,"42,215 KZT arrived and none was observed leaving; any payer outside the crawled set would not appear."
100000001819396100,inbound_only,3,True,True,0.85,"166,080 KZT arrived and none was observed leaving; any payer outside the crawled set would not appear."
100000001822623100,inbound_only,2,True,True,0.85,"201,300 KZT arrived and none was observed leaving; any payer outside the crawled set would not appear."
100000001822650100,truncated_at_depth,4,True,False,0.3,"At the four-hop crawl boundary: 112,000 KZT arrived from 1 payer and where it went next was never collected."
100000001825934100,fully_observed,3,True,True,0.7,"Both directions observed, but 100% of what is reachable downstream ends at the crawl boundary, so the onward path is unknown."
100000001831496100,fully_observed,3,True,True,0.9,Both directions observed within the crawl; a payer outside the crawled set would still not appear in this dataset.
100000001835625100,inbound_only,3,True,True,0.85,"75,130 KZT arrived and none was observed leaving; any payer outside the crawled set would not appear."
100000001837130100,inbound_only,3,True,True,0.85,"172,900 KZT arrived and none was observed leaving; any payer outside the crawled set would not appear."
100000001845505100,truncated_at_depth,4,True,False,0.3,"At the four-hop crawl boundary: 20,000 KZT arrived from 1 payer and where it went next was never collected."
100000001848426100,inbound_only,2,True,True,0.85,"95,530 KZT arrived and none was observed leaving; any payer outside the crawled set would not appear."
100000001851289100,inbound_only,1,True,True,0.85,"109,510 KZT arrived and none was observed leaving; any payer outside the crawled set would not appear."
100000001852140100,inbound_only,3,True,True,0.85,"30,000 KZT arrived and none was observed leaving; any payer outside the crawled set would not appear."
100000001853812100,inbound_only,3,True,True,0.85,"70,000 KZT arrived and none was observed leaving; any payer outside the crawled set would not appear."
100000001857829100,fully_observed,2,True,True,0.911,"Both directions observed, but 25% of what is reachable downstream ends at the crawl boundary, so the onward path is unknown."
100000001860090100,inbound_only,3,True,True,0.85,"5,000 KZT arrived and none was observed leaving; any payer outside the crawled set would not appear."
100000001870116100,inbound_only,1,True,True,0.85,"24,000 KZT arrived and none was observed leaving; any payer outside the crawled set would not appear."
100000001872484100,fully_observed,1,True,True,0.98,Both directions observed within the crawl; a payer outside the crawled set would still not appear in this dataset.
100000001875167100,inbound_only,3,True,True,0.85,"1,000,000 KZT arrived and none was observed leaving; any payer outside the crawled set would not appear."
100000001875239100,inbound_only,3,True,True,0.85,"712,000 KZT arrived and none was observed leaving; any payer outside the crawled set would not appear."
100000001884825100,inbound_only,3,True,True,0.85,"495,000 KZT arrived and none was observed leaving; any payer outside the crawled set would not appear."
100000001887715100,fully_observed,3,True,True,0.74,"Both directions observed, but 100% of what is reachable downstream ends at the crawl boundary, so the onward path is unknown."
100000001893287100,fully_observed,3,True,True,0.94,Both directions observed within the crawl; a payer outside the crawled set would still not appear in this dataset.
100000001899164100,fully_observed,1,True,True,0.947,"Both directions observed, but 17% of what is reachable downstream ends at the crawl boundary, so the onward path is unknown."
100000001904863100,inbound_only,2,True,True,0.85,"500,000 KZT arrived and none was observed leaving; any payer outside the crawled set would not appear."
100000001924185100,inbound_only,1,True,True,0.85,"151,000 KZT arrived and none was observed leaving; any payer outside the crawled set would not appear."
100000001927599100,inbound_only,3,True,True,0.85,"188,000 KZT arrived and none was observed leaving; any payer outside the crawled set would not appear."
100000001929088100,inbound_only,1,True,True,0.85,"396,010 KZT arrived and none was observed leaving; any payer outside the crawled set would not appear."
100000001934935100,inbound_only,3,True,True,0.85,"118,935 KZT arrived and none was observed leaving; any payer outside the crawled set would not appear."
100000001937767100,fully_observed,1,True,True,0.98,Both directions observed within the crawl; a payer outside the crawled set would still not appear in this dataset.
100000001952325100,inbound_only,1,True,True,0.85,"77,888 KZT arrived and none was observed leaving; any payer outside the crawled set would not appear."
100000001953577100,inbound_only,1,True,True,0.85,"15,600 KZT arrived and none was observed leaving; any payer outside the crawled set would not appear."
100000001954534100,fully_observed,3,True,True,0.7,"Both directions observed, but 100% of what is reachable downstream ends at the crawl boundary, so the onward path is unknown."
100000001954903100,inbound_only,2,True,True,0.85,"27,118 KZT arrived and none was observed leaving; any payer outside the crawled set would not appear."
100000001957974100,truncated_at_depth,4,True,False,0.3,"At the four-hop crawl boundary: 500,000 KZT arrived from 1 payer and where it went next was never collected."
100000001960517100,inbound_only,1,True,True,0.85,"200,000 KZT arrived and none was observed leaving; any payer outside the crawled set would not appear."
100000001961048100,inbound_only,2,True,True,0.85,"150,000 KZT arrived and none was observed leaving; any payer outside the crawled set would not appear."
100000001965374100,fully_observed,2,True,True,0.96,Both directions observed within the crawl; a payer outside the crawled set would still not appear in this dataset.
100000001969496100,inbound_only,3,True,True,0.85,"22,740 KZT arrived and none was observed leaving; any payer outside the crawled set would not appear."
100000001985793100,inbound_only,2,True,True,0.85,"420,000 KZT arrived and none was observed leaving; any payer outside the crawled set would not appear."
100000001987030100,fully_observed,1,True,True,0.98,Both directions observed within the crawl; a payer outside the crawled set would still not appear in this dataset.
100000001991973100,truncated_at_depth,4,True,False,0.3,"At the four-hop crawl boundary: 20,800 KZT arrived from 1 payer and where it went next was never collected."
100000002015633100,inbound_only,3,True,True,0.85,"94,970 KZT arrived and none was observed leaving; any payer outside the crawled set would not appear."
100000002028158100,inbound_only,2,True,True,0.85,"34,800 KZT arrived and none was observed leaving; any payer outside the crawled set would not appear."
100000002032323100,fully_observed,3,True,True,0.74,"Both directions observed, but 100% of what is reachable downstream ends at the crawl boundary, so the onward path is unknown."
100000002087788100,inbound_only,2,True,True,0.85,"100,500 KZT arrived and none was observed leaving; any payer outside the crawled set would not appear."
100000002095257100,inbound_only,3,True,True,0.85,"8,500 KZT arrived and none was observed leaving; any payer outside the crawled set would not appear."
100000002103448100,inbound_only,3,True,True,0.85,"27,000 KZT arrived and none was observed leaving; any payer outside the crawled set would not appear."
100000002109656100,inbound_only,3,True,True,0.85,"500,000 KZT arrived and none was observed leaving; any payer outside the crawled set would not appear."
100000002116705100,inbound_only,3,True,True,0.85,"17,600 KZT arrived and none was observed leaving; any payer outside the crawled set would not appear."
100000002119762100,truncated_at_depth,4,True,False,0.38,"At the four-hop crawl boundary: 77,000 KZT arrived from 1 payer and where it went next was never collected."
100000002121357100,fully_observed,3,True,True,0.74,"Both directions observed, but 100% of what is reachable downstream ends at the crawl boundary, so the onward path is unknown."
100000002126791100,truncated_at_depth,4,True,False,0.38,"At the four-hop crawl boundary: 1,313,000 KZT arrived from 1 payer and where it went next was never collected."
100000002130400100,truncated_at_depth,4,True,False,0.3,"At the four-hop crawl boundary: 10,000 KZT arrived from 1 payer and where it went next was never collected."
100000002132479100,fully_observed,2,True,True,0.96,Both directions observed within the crawl; a payer outside the crawled set would still not appear in this dataset.
100000002152857100,fully_observed,1,True,True,0.931,"Both directions observed, but 25% of what is reachable downstream ends at the crawl boundary, so the onward path is unknown."
100000002156381100,fully_observed,2,True,True,0.86,"Both directions observed, but 50% of what is reachable downstream ends at the crawl boundary, so the onward path is unknown."
100000002158488100,inbound_only,1,True,True,0.85,"31,723 KZT arrived and none was observed leaving; any payer outside the crawled set would not appear."
100000002170580100,inbound_only,2,True,True,0.85,"150,000 KZT arrived and none was observed leaving; any payer outside the crawled set would not appear."
100000002173070100,inbound_only,2,True,True,0.85,"30,000 KZT arrived and none was observed leaving; any payer outside the crawled set would not appear."
100000002173161100,inbound_only,1,True,True,0.85,"1,427,500 KZT arrived and none was observed leaving; any payer outside the crawled set would not appear."
100000002175422100,fully_observed,2,True,True,0.9,"Both directions observed, but 30% of what is reachable downstream ends at the crawl boundary, so the onward path is unknown."
100000002182176100,inbound_only,1,True,True,0.85,"42,465 KZT arrived and none was observed leaving; any payer outside the crawled set would not appear."
100000002184107100,inbound_only,3,True,True,0.85,"6,066 KZT arrived and none was observed leaving; any payer outside the crawled set would not appear."
100000002185328100,fully_observed,3,True,True,0.78,"Both directions observed, but 80% of what is reachable downstream ends at the crawl boundary, so the onward path is unknown."
100000002188586100,truncated_at_depth,4,True,False,0.3,"At the four-hop crawl boundary: 38,310 KZT arrived from 1 payer and where it went next was never collected."
100000002188829100,inbound_only,1,True,True,0.85,"400,000 KZT arrived and none was observed leaving; any payer outside the crawled set would not appear."
100000002193259100,fully_observed,2,True,True,0.927,"Both directions observed, but 17% of what is reachable downstream ends at the crawl boundary, so the onward path is unknown."
100000002194320100,truncated_at_depth,4,True,False,0.3,"At the four-hop crawl boundary: 275,000 KZT arrived from 1 payer and where it went next was never collected."
100000002194329100,inbound_only,3,True,True,0.85,"25,170 KZT arrived and none was observed leaving; any payer outside the crawled set would not appear."
100000002199091100,inbound_only,2,True,True,0.85,"65,000 KZT arrived and none was observed leaving; any payer outside the crawled set would not appear."
100000002205022100,fully_observed,2,True,True,0.96,Both directions observed within the crawl; a payer outside the crawled set would still not appear in this dataset.
100000002208836100,truncated_at_depth,4,True,False,0.3,"At the four-hop crawl boundary: 90,000 KZT arrived from 1 payer and where it went next was never collected."
100000002211413100,inbound_only,1,True,True,0.85,"37,000 KZT arrived and none was observed leaving; any payer outside the crawled set would not appear."
100000002212494100,inbound_only,3,True,True,0.85,"160,000 KZT arrived and none was observed leaving; any payer outside the crawled set would not appear."
100000002214207100,truncated_at_depth,4,True,False,0.3,"At the four-hop crawl boundary: 97,000 KZT arrived from 1 payer and where it went next was never collected."
100000002214301100,fully_observed,1,True,True,0.86,"Both directions observed, but 40% of what is reachable downstream ends at the crawl boundary, so the onward path is unknown."
100000002214383100,truncated_at_depth,4,True,False,0.3,"At the four-hop crawl boundary: 213,000 KZT arrived from 1 payer and where it went next was never collected."
100000002214570100,inbound_only,1,True,True,0.85,"26,471 KZT arrived and none was observed leaving; any payer outside the crawled set would not appear."
100000002214664100,fully_observed,3,True,True,0.74,"Both directions observed, but 100% of what is reachable downstream ends at the crawl boundary, so the onward path is unknown."
100000002216999100,inbound_only,3,True,True,0.85,"23,677 KZT arrived and none was observed leaving; any payer outside the crawled set would not appear."
100000002217161100,fully_observed,2,True,True,0.935,"Both directions observed, but 12% of what is reachable downstream ends at the crawl boundary, so the onward path is unknown."
100000002217806100,truncated_at_depth,4,True,False,0.34,"At the four-hop crawl boundary: 55,000 KZT arrived from 1 payer and where it went next was never collected."
100000002224132100,fully_observed,2,True,True,0.96,Both directions observed within the crawl; a payer outside the crawled set would still not appear in this dataset.
100000002227960100,truncated_at_depth,4,True,False,0.3,"At the four-hop crawl boundary: 10,000 KZT arrived from 1 payer and where it went next was never collected."
100000002227989100,truncated_at_depth,4,True,False,0.3,"At the four-hop crawl boundary: 20,000 KZT arrived from 1 payer and where it went next was never collected."
100000002229615100,truncated_at_depth,4,True,False,0.3,"At the four-hop crawl boundary: 25,000 KZT arrived from 1 payer and where it went next was never collected."
100000002231144100,truncated_at_depth,4,True,False,0.3,"At the four-hop crawl boundary: 15,000 KZT arrived from 1 payer and where it went next was never collected."
100000002232266100,inbound_only,3,True,True,0.85,"45,000 KZT arrived and none was observed leaving; any payer outside the crawled set would not appear."
100000002236528100,inbound_only,3,True,True,0.85,"66,000 KZT arrived and none was observed leaving; any payer outside the crawled set would not appear."
100000002241986100,fully_observed,3,True,True,0.74,"Both directions observed, but 100% of what is reachable downstream ends at the crawl boundary, so the onward path is unknown."
100000002242066100,truncated_at_depth,4,True,False,0.3,"At the four-hop crawl boundary: 60,000 KZT arrived from 1 payer and where it went next was never collected."
100000002242455100,truncated_at_depth,4,True,False,0.3,"At the four-hop crawl boundary: 110,000 KZT arrived from 1 payer and where it went next was never collected."
100000002243354100,inbound_only,1,True,True,0.85,"20,879 KZT arrived and none was observed leaving; any payer outside the crawled set would not appear."
100000002255058100,inbound_only,3,True,True,0.85,"491,500 KZT arrived and none was observed leaving; any payer outside the crawled set would not appear."
100000002257794100,inbound_only,3,True,True,0.85,"154,000 KZT arrived and none was observed leaving; any payer outside the crawled set would not appear."
100000002258492100,truncated_at_depth,4,True,False,0.3,"At the four-hop crawl boundary: 9,000 KZT arrived from 1 payer and where it went next was never collected."
100000002267998100,fully_observed,2,True,True,0.924,"Both directions observed, but 18% of what is reachable downstream ends at the crawl boundary, so the onward path is unknown."
100000002284426100,inbound_only,3,True,True,0.85,"90,000 KZT arrived and none was observed leaving; any payer outside the crawled set would not appear."
100000002289937100,inbound_only,1,True,True,0.85,"20,000 KZT arrived and none was observed leaving; any payer outside the crawled set would not appear."
100000002293421100,fully_observed,2,True,True,0.838,"Both directions observed, but 61% of what is reachable downstream ends at the crawl boundary, so the onward path is unknown."
100000002299948100,inbound_only,2,True,True,0.85,"6,750 KZT arrived and none was observed leaving; any payer outside the crawled set would not appear."
100000002301828100,inbound_only,3,True,True,0.85,"46,977 KZT arrived and none was observed leaving; any payer outside the crawled set would not appear."
100000002304943100,truncated_at_depth,4,True,False,0.3,"At the four-hop crawl boundary: 15,000 KZT arrived from 1 payer and where it went next was never collected."
100000002305007100,inbound_only,3,True,True,0.85,"56,000 KZT arrived and none was observed leaving; any payer outside the crawled set would not appear."
100000002305477100,truncated_at_depth,4,True,False,0.3,"At the four-hop crawl boundary: 20,000 KZT arrived from 1 payer and where it went next was never collected."
100000002306369100,fully_observed,1,True,True,0.931,"Both directions observed, but 25% of what is reachable downstream ends at the crawl boundary, so the onward path is unknown."
100000002308091100,inbound_only,3,True,True,0.85,"186,720 KZT arrived and none was observed leaving; any payer outside the crawled set would not appear."
100000002320495100,truncated_at_depth,4,True,False,0.3,"At the four-hop crawl boundary: 13,526 KZT arrived from 1 payer and where it went next was never collected."
100000002324543100,inbound_only,1,True,True,0.85,"30,202 KZT arrived and none was observed leaving; any payer outside the crawled set would not appear."
100000002335358100,inbound_only,2,True,True,0.85,"140,000 KZT arrived and none was observed leaving; any payer outside the crawled set would not appear."
100000002340562100,inbound_only,2,True,True,0.85,"36,650 KZT arrived and none was observed leaving; any payer outside the crawled set would not appear."
100000002343825100,fully_observed,3,True,True,0.74,"Both directions observed, but 100% of what is reachable downstream ends at the crawl boundary, so the onward path is unknown."
100000002346166100,inbound_only,3,True,True,0.85,"6,000 KZT arrived and none was observed leaving; any payer outside the crawled set would not appear."
100000002356167100,fully_observed,3,True,True,0.74,"Both directions observed, but 100% of what is reachable downstream ends at the crawl boundary, so the onward path is unknown."
100000002369443100,inbound_only,3,True,True,0.85,"50,000 KZT arrived and none was observed leaving; any payer outside the crawled set would not appear."
100000002369454100,truncated_at_depth,4,True,False,0.3,"At the four-hop crawl boundary: 25,000 KZT arrived from 1 payer and where it went next was never collected."
100000002369510100,inbound_only,3,True,True,0.85,"37,150 KZT arrived and none was observed leaving; any payer outside the crawled set would not appear."
100000002369874100,inbound_only,3,True,True,0.85,"600,000 KZT arrived and none was observed leaving; any payer outside the crawled set would not appear."
100000002371751100,fully_observed,1,True,True,0.98,Both directions observed within the crawl; a payer outside the crawled set would still not appear in this dataset.
100000002371892100,truncated_at_depth,4,True,False,0.3,"At the four-hop crawl boundary: 43,830 KZT arrived from 1 payer and where it went next was never collected."
100000002373144100,fully_observed,3,True,True,0.7,"Both directions observed, but 100% of what is reachable downstream ends at the crawl boundary, so the onward path is unknown."
100000002373386100,inbound_only,3,True,True,0.85,"24,000 KZT arrived and none was observed leaving; any payer outside the crawled set would not appear."
100000002380341100,inbound_only,3,True,True,0.85,"57,566 KZT arrived and none was observed leaving; any payer outside the crawled set would not appear."
100000002391278100,fully_observed,3,True,True,0.89,"Both directions observed, but 25% of what is reachable downstream ends at the crawl boundary, so the onward path is unknown."
100000002394199100,fully_observed,3,True,True,0.94,Both directions observed within the crawl; a payer outside the crawled set would still not appear in this dataset.
100000002398779100,fully_observed,2,True,True,0.96,Both directions observed within the crawl; a payer outside the crawled set would still not appear in this dataset.
100000002404112100,truncated_at_depth,4,True,False,0.3,"At the four-hop crawl boundary: 60,000 KZT arrived from 1 payer and where it went next was never collected."
100000002432143100,inbound_only,2,True,True,0.85,"81,310 KZT arrived and none was observed leaving; any payer outside the crawled set would not appear."
100000002433697100,fully_observed,3,True,True,0.7,"Both directions observed, but 100% of what is reachable downstream ends at the crawl boundary, so the onward path is unknown."
100000002435265100,inbound_only,3,True,True,0.85,"132,628 KZT arrived and none was observed leaving; any payer outside the crawled set would not appear."
100000002443664100,inbound_only,2,True,True,0.85,"556,880 KZT arrived and none was observed leaving; any payer outside the crawled set would not appear."
100000002445750100,fully_observed,2,True,True,0.92,Both directions observed within the crawl; a payer outside the crawled set would still not appear in this dataset.
100000002448088100,fully_observed,3,True,True,0.74,"Both directions observed, but 100% of what is reachable downstream ends at the crawl boundary, so the onward path is unknown."
100000002454724100,inbound_only,2,True,True,0.85,"125,000 KZT arrived and none was observed leaving; any payer outside the crawled set would not appear."
100000002457464100,inbound_only,2,True,True,0.85,"66,647 KZT arrived and none was observed leaving; any payer outside the crawled set would not appear."
100000002459093100,fully_observed,2,True,True,0.827,"Both directions observed, but 67% of what is reachable downstream ends at the crawl boundary, so the onward path is unknown."
100000002459163100,inbound_only,2,True,True,0.85,"20,180 KZT arrived and none was observed leaving; any payer outside the crawled set would not appear."
100000002459164100,inbound_only,3,True,True,0.85,"20,000 KZT arrived and none was observed leaving; any payer outside the crawled set would not appear."
100000002459240100,inbound_only,3,True,True,0.85,"150,000 KZT arrived and none was observed leaving; any payer outside the crawled set would not appear."
100000002459832100,inbound_only,3,True,True,0.85,"880,606 KZT arrived and none was observed leaving; any payer outside the crawled set would not appear."
100000002462183100,inbound_only,1,True,True,0.85,"107,500 KZT arrived and none was observed leaving; any payer outside the crawled set would not appear."
100000002469065100,inbound_only,2,True,True,0.85,"200,000 KZT arrived and none was observed leaving; any payer outside the crawled set would not appear."
100000002472632100,fully_observed,3,True,True,0.74,"Both directions observed, but 100% of what is reachable downstream ends at the crawl boundary, so the onward path is unknown."
100000002474570100,truncated_at_depth,4,True,False,0.3,"At the four-hop crawl boundary: 6,750 KZT arrived from 1 payer and where it went next was never collected."
100000002475601100,inbound_only,3,True,True,0.85,"232,301 KZT arrived and none was observed leaving; any payer outside the crawled set would not appear."
100000002478829100,truncated_at_depth,4,True,False,0.3,"At the four-hop crawl boundary: 34,000 KZT arrived from 1 payer and where it went next was never collected."
100000002479804100,fully_observed,1,True,True,0.891,"Both directions observed, but 44% of what is reachable downstream ends at the crawl boundary, so the onward path is unknown."
100000002480800100,inbound_only,1,True,True,0.85,"569,251 KZT arrived and none was observed leaving; any payer outside the crawled set would not appear."
100000002481735100,inbound_only,2,True,True,0.85,"22,436 KZT arrived and none was observed leaving; any payer outside the crawled set would not appear."
100000002481974100,fully_observed,3,True,True,0.74,"Both directions observed, but 100% of what is reachable downstream ends at the crawl boundary, so the onward path is unknown."
100000002487222100,truncated_at_depth,4,True,False,0.34,"At the four-hop crawl boundary: 90,000 KZT arrived from 1 payer and where it went next was never collected."
100000002488629100,inbound_only,2,True,True,0.85,"73,050 KZT arrived and none was observed leaving; any payer outside the crawled set would not appear."
100000002489253100,inbound_only,2,True,True,0.85,"51,000 KZT arrived and none was observed leaving; any payer outside the crawled set would not appear."
100000002492277100,inbound_only,2,True,True,0.85,"138,500 KZT arrived and none was observed leaving; any payer outside the crawled set would not appear."
100000002505277100,truncated_at_depth,4,True,False,0.3,"At the four-hop crawl boundary: 60,000 KZT arrived from 1 payer and where it went next was never collected."
100000002506987100,truncated_at_depth,4,True,False,0.3,"At the four-hop crawl boundary: 28,200 KZT arrived from 1 payer and where it went next was never collected."
100000002508637100,fully_observed,3,True,True,0.7,"Both directions observed, but 100% of what is reachable downstream ends at the crawl boundary, so the onward path is unknown."
100000002509598100,inbound_only,3,True,True,0.85,"305,550 KZT arrived and none was observed leaving; any payer outside the crawled set would not appear."
100000002511581100,inbound_only,3,True,True,0.85,"17,600 KZT arrived and none was observed leaving; any payer outside the crawled set would not appear."
100000002511825100,inbound_only,1,True,True,0.85,"65,000 KZT arrived and none was observed leaving; any payer outside the crawled set would not appear."
100000002512742100,truncated_at_depth,4,True,False,0.3,"At the four-hop crawl boundary: 6,000 KZT arrived from 1 payer and where it went next was never collected."
100000002513028100,fully_observed,3,True,True,0.74,"Both directions observed, but 100% of what is reachable downstream ends at the crawl boundary, so the onward path is unknown."
100000002514975100,truncated_at_depth,4,True,False,0.3,"At the four-hop crawl boundary: 17,920 KZT arrived from 1 payer and where it went next was never collected."
100000002516862100,truncated_at_depth,4,True,False,0.38,"At the four-hop crawl boundary: 81,710 KZT arrived from 1 payer and where it went next was never collected."
100000002521039100,inbound_only,3,True,True,0.85,"349,370 KZT arrived and none was observed leaving; any payer outside the crawled set would not appear."
100000002527114100,outbound_only,0,True,True,0.6,"Seed account: money out was followed, money in was not, so its funding is outside the dataset (3 payers appear only as return traffic from inside the crawl)."
100000002528544100,inbound_only,3,True,True,0.85,"192,912 KZT arrived and none was observed leaving; any payer outside the crawled set would not appear."
100000002528978100,truncated_at_depth,4,True,False,0.3,"At the four-hop crawl boundary: 15,900 KZT arrived from 1 payer and where it went next was never collected."
100000002529877100,truncated_at_depth,4,True,False,0.3,"At the four-hop crawl boundary: 232,000 KZT arrived from 1 payer and where it went next was never collected."
100000002529880100,inbound_only,3,True,True,0.85,"147,000 KZT arrived and none was observed leaving; any payer outside the crawled set would not appear."
100000002530224100,inbound_only,3,True,True,0.85,"113,000 KZT arrived and none was observed leaving; any payer outside the crawled set would not appear."
100000002531406100,fully_observed,3,True,True,0.7,"Both directions observed, but 100% of what is reachable downstream ends at the crawl boundary, so the onward path is unknown."
100000002534091100,inbound_only,3,True,True,0.85,"22,200 KZT arrived and none was observed leaving; any payer outside the crawled set would not appear."
100000002537811100,fully_observed,3,True,True,0.7,"Both directions observed, but 100% of what is reachable downstream ends at the crawl boundary, so the onward path is unknown."
100000002539625100,inbound_only,2,True,True,0.85,"94,700 KZT arrived and none was observed leaving; any payer outside the crawled set would not appear."
100000002540033100,truncated_at_depth,4,True,False,0.3,"At the four-hop crawl boundary: 10,000 KZT arrived from 1 payer and where it went next was never collected."
100000002540623100,inbound_only,2,True,True,0.85,"100,000 KZT arrived and none was observed leaving; any payer outside the crawled set would not appear."
100000002546921100,inbound_only,3,True,True,0.85,"20,000 KZT arrived and none was observed leaving; any payer outside the crawled set would not appear."
100000002547110100,inbound_only,3,True,True,0.85,"1,500,000 KZT arrived and none was observed leaving; any payer outside the crawled set would not appear."
100000002548759100,inbound_only,3,True,True,0.85,"375,000 KZT arrived and none was observed leaving; any payer outside the crawled set would not appear."
100000002550141100,inbound_only,3,True,True,0.85,"100,586 KZT arrived and none was observed leaving; any payer outside the crawled set would not appear."
100000002554175100,inbound_only,3,True,True,0.85,"24,621 KZT arrived and none was observed leaving; any payer outside the crawled set would not appear."
100000002556775100,inbound_only,3,True,True,0.85,"300,000 KZT arrived and none was observed leaving; any payer outside the crawled set would not appear."
100000002558173100,inbound_only,2,True,True,0.85,"9,300 KZT arrived and none was observed leaving; any payer outside the crawled set would not appear."
100000002559089100,inbound_only,3,True,True,0.85,"715,000 KZT arrived and none was observed leaving; any payer outside the crawled set would not appear."
100000002565277100,inbound_only,1,True,True,0.85,"483,319 KZT arrived and none was observed leaving; any payer outside the crawled set would not appear."
100000002566204100,inbound_only,2,True,True,0.85,"80,805 KZT arrived and none was observed leaving; any payer outside the crawled set would not appear."
100000002567887100,inbound_only,3,True,True,0.85,"50,915 KZT arrived and none was observed leaving; any payer outside the crawled set would not appear."
100000002570206100,inbound_only,2,True,True,0.85,"166,960 KZT arrived and none was observed leaving; any payer outside the crawled set would not appear."
100000002575080100,fully_observed,3,True,True,0.7,"Both directions observed, but 100% of what is reachable downstream ends at the crawl boundary, so the onward path is unknown."
100000002578405100,fully_observed,2,True,True,0.957,"Both directions observed, but 1% of what is reachable downstream ends at the crawl boundary, so the onward path is unknown."
100000002578653100,inbound_only,3,True,True,0.85,"20,000 KZT arrived and none was observed leaving; any payer outside the crawled set would not appear."
100000002580377100,fully_observed,1,True,True,0.98,Both directions observed within the crawl; a payer outside the crawled set would still not appear in this dataset.
100000002581346100,inbound_only,3,True,True,0.85,"166,400 KZT arrived and none was observed leaving; any payer outside the crawled set would not appear."
100000002589019100,inbound_only,1,True,True,0.85,"34,710 KZT arrived and none was observed leaving; any payer outside the crawled set would not appear."
100000002591469100,inbound_only,1,True,True,0.85,"235,670 KZT arrived and none was observed leaving; any payer outside the crawled set would not appear."
100000002592567100,fully_observed,1,True,True,0.938,"Both directions observed, but 21% of what is reachable downstream ends at the crawl boundary, so the onward path is unknown."
100000002593038100,inbound_only,2,True,True,0.85,"28,500 KZT arrived and none was observed leaving; any payer outside the crawled set would not appear."
100000002593344100,inbound_only,3,True,True,0.85,"431,000 KZT arrived and none was observed leaving; any payer outside the crawled set would not appear."
100000002594214100,truncated_at_depth,4,True,False,0.3,"At the four-hop crawl boundary: 1,000,000 KZT arrived from 1 payer and where it went next was never collected."
100000002596035100,inbound_only,1,True,True,0.85,"231,570 KZT arrived and none was observed leaving; any payer outside the crawled set would not appear."
100000002596039100,truncated_at_depth,4,True,False,0.3,"At the four-hop crawl boundary: 280,000 KZT arrived from 1 payer and where it went next was never collected."
100000002597003100,fully_observed,1,True,True,0.94,Both directions observed within the crawl; a payer outside the crawled set would still not appear in this dataset.
100000002597074100,truncated_at_depth,4,True,False,0.3,"At the four-hop crawl boundary: 8,000 KZT arrived from 1 payer and where it went next was never collected."
100000002597623100,inbound_only,3,True,True,0.85,"16,418 KZT arrived and none was observed leaving; any payer outside the crawled set would not appear."
100000002599729100,truncated_at_depth,4,True,False,0.34,"At the four-hop crawl boundary: 65,000 KZT arrived from 1 payer and where it went next was never collected."
100000002600345100,inbound_only,1,True,True,0.85,"52,400 KZT arrived and none was observed leaving; any payer outside the crawled set would not appear."
100000002603371100,inbound_only,3,True,True,0.85,"9,300 KZT arrived and none was observed leaving; any payer outside the crawled set would not appear."
100000002603478100,inbound_only,1,True,True,0.85,"23,500 KZT arrived and none was observed leaving; any payer outside the crawled set would not appear."
100000002603769100,inbound_only,1,True,True,0.85,"1,185,368 KZT arrived and none was observed leaving; any payer outside the crawled set would not appear."
100000002605184100,inbound_only,2,True,True,0.85,"140,000 KZT arrived and none was observed leaving; any payer outside the crawled set would not appear."
100000002605308100,inbound_only,2,True,True,0.85,"2,569,522 KZT arrived and none was observed leaving; any payer outside the crawled set would not appear."
100000002605548100,inbound_only,1,True,True,0.85,"116,695 KZT arrived and none was observed leaving; any payer outside the crawled set would not appear."
100000002606567100,fully_observed,1,True,True,0.94,Both directions observed within the crawl; a payer outside the crawled set would still not appear in this dataset.
100000002609774100,fully_observed,1,True,True,0.891,"Both directions observed, but 25% of what is reachable downstream ends at the crawl boundary, so the onward path is unknown."
100000002611334100,fully_observed,3,True,True,0.7,"Both directions observed, but 100% of what is reachable downstream ends at the crawl boundary, so the onward path is unknown."
100000002612809100,fully_observed,3,True,True,0.826,"Both directions observed, but 57% of what is reachable downstream ends at the crawl boundary, so the onward path is unknown."
100000002613776100,inbound_only,2,True,True,0.85,"30,000 KZT arrived and none was observed leaving; any payer outside the crawled set would not appear."
100000002613929100,inbound_only,3,True,True,0.85,"28,560 KZT arrived and none was observed leaving; any payer outside the crawled set would not appear."
100000002614095100,inbound_only,3,True,True,0.85,"5,300 KZT arrived and none was observed leaving; any payer outside the crawled set would not appear."
100000002615479100,inbound_only,1,True,True,0.85,"220,000 KZT arrived and none was observed leaving; any payer outside the crawled set would not appear."
100000002618492100,inbound_only,1,True,True,0.85,"296,500 KZT arrived and none was observed leaving; any payer outside the crawled set would not appear."
100000002621434100,inbound_only,3,True,True,0.85,"81,000 KZT arrived and none was observed leaving; any payer outside the crawled set would not appear."
100000002621915100,inbound_only,2,True,True,0.85,"5,000 KZT arrived and none was observed leaving; any payer outside the crawled set would not appear."
100000002621949100,inbound_only,1,True,True,0.85,"164,612 KZT arrived and none was observed leaving; any payer outside the crawled set would not appear."
100000002622822100,truncated_at_depth,4,True,False,0.3,"At the four-hop crawl boundary: 750,000 KZT arrived from 1 payer and where it went next was never collected."
100000002628146100,inbound_only,2,True,True,0.85,"30,500 KZT arrived and none was observed leaving; any payer outside the crawled set would not appear."
100000002628576100,fully_observed,3,True,True,0.74,"Both directions observed, but 100% of what is reachable downstream ends at the crawl boundary, so the onward path is unknown."
100000002632742100,inbound_only,3,True,True,0.85,"235,500 KZT arrived and none was observed leaving; any payer outside the crawled set would not appear."
100000002633108100,inbound_only,3,True,True,0.85,"320,000 KZT arrived and none was observed leaving; any payer outside the crawled set would not appear."
100000002633701100,inbound_only,2,True,True,0.85,"266,850 KZT arrived and none was observed leaving; any payer outside the crawled set would not appear."
100000002635746100,truncated_at_depth,4,True,False,0.3,"At the four-hop crawl boundary: 5,300 KZT arrived from 1 payer and where it went next was never collected."
100000002635780100,inbound_only,2,True,True,0.85,"163,000 KZT arrived and none was observed leaving; any payer outside the crawled set would not appear."
100000002644285100,inbound_only,3,True,True,0.85,"500,000 KZT arrived and none was observed leaving; any payer outside the crawled set would not appear."
100000002645046100,truncated_at_depth,4,True,False,0.3,"At the four-hop crawl boundary: 12,000 KZT arrived from 1 payer and where it went next was never collected."
100000002645609100,inbound_only,1,True,True,0.85,"546,821 KZT arrived and none was observed leaving; any payer outside the crawled set would not appear."
100000002645993100,fully_observed,3,True,True,0.891,"Both directions observed, but 25% of what is reachable downstream ends at the crawl boundary, so the onward path is unknown."
100000002646745100,inbound_only,3,True,True,0.85,"12,300 KZT arrived and none was observed leaving; any payer outside the crawled set would not appear."
100000002646887100,inbound_only,3,True,True,0.85,"24,354 KZT arrived and none was observed leaving; any payer outside the crawled set would not appear."
100000002648315100,fully_observed,1,True,True,0.98,Both directions observed within the crawl; a payer outside the crawled set would still not appear in this dataset.
100000002653187100,truncated_at_depth,4,True,False,0.3,"At the four-hop crawl boundary: 15,000 KZT arrived from 1 payer and where it went next was never collected."
100000002653948100,inbound_only,3,True,True,0.85,"85,200 KZT arrived and none was observed leaving; any payer outside the crawled set would not appear."
100000002659103100,truncated_at_depth,4,True,False,0.3,"At the four-hop crawl boundary: 165,000 KZT arrived from 1 payer and where it went next was never collected."
100000002659265100,truncated_at_depth,4,True,False,0.3,"At the four-hop crawl boundary: 141,000 KZT arrived from 1 payer and where it went next was never collected."
100000002660298100,truncated_at_depth,4,True,False,0.3,"At the four-hop crawl boundary: 30,900 KZT arrived from 1 payer and where it went next was never collected."
100000002662768100,inbound_only,1,True,True,0.85,"84,300 KZT arrived and none was observed leaving; any payer outside the crawled set would not appear."
100000002663511100,inbound_only,3,True,True,0.85,"268,940 KZT arrived and none was observed leaving; any payer outside the crawled set would not appear."
100000002666248100,inbound_only,1,True,True,0.85,"70,032 KZT arrived and none was observed leaving; any payer outside the crawled set would not appear."
100000002670463100,truncated_at_depth,4,True,False,0.3,"At the four-hop crawl boundary: 31,500 KZT arrived from 1 payer and where it went next was never collected."
100000002670860100,inbound_only,1,True,True,0.85,"450,000 KZT arrived and none was observed leaving; any payer outside the crawled set would not appear."
100000002670960100,inbound_only,3,True,True,0.85,"480,310 KZT arrived and none was observed leaving; any payer outside the crawled set would not appear."
100000002671326100,truncated_at_depth,4,True,False,0.34,"At the four-hop crawl boundary: 1,050,000 KZT arrived from 1 payer and where it went next was never collected."
100000002671806100,inbound_only,1,True,True,0.85,"12,440 KZT arrived and none was observed leaving; any payer outside the crawled set would not appear."
100000002677201100,fully_observed,3,True,True,0.7,"Both directions observed, but 100% of what is reachable downstream ends at the crawl boundary, so the onward path is unknown."
100000002679516100,inbound_only,1,True,True,0.85,"102,335 KZT arrived and none was observed leaving; any payer outside the crawled set would not appear."
100000002680477100,inbound_only,2,True,True,0.85,"25,000 KZT arrived and none was observed leaving; any payer outside the crawled set would not appear."
100000002681449100,fully_observed,1,True,True,0.98,Both directions observed within the crawl; a payer outside the crawled set would still not appear in this dataset.
100000002681544100,inbound_only,3,True,True,0.85,"166,072 KZT arrived and none was observed leaving; any payer outside the crawled set would not appear."
100000002686226100,truncated_at_depth,4,True,False,0.34,"At the four-hop crawl boundary: 430,000 KZT arrived from 1 payer and where it went next was never collected."
100000002689717100,truncated_at_depth,4,True,False,0.3,"At the four-hop crawl boundary: 47,500 KZT arrived from 1 payer and where it went next was never collected."
100000002691583100,inbound_only,3,True,True,0.85,"285,200 KZT arrived and none was observed leaving; any payer outside the crawled set would not appear."
100000002691858100,inbound_only,2,True,True,0.85,"51,500 KZT arrived and none was observed leaving; any payer outside the crawled set would not appear."
100000002692044100,inbound_only,1,True,True,0.85,"97,000 KZT arrived and none was observed leaving; any payer outside the crawled set would not appear."
100000002692750100,fully_observed,2,True,True,0.96,Both directions observed within the crawl; a payer outside the crawled set would still not appear in this dataset.
100000002695812100,truncated_at_depth,4,True,False,0.3,"At the four-hop crawl boundary: 95,000 KZT arrived from 1 payer and where it went next was never collected."
100000002696152100,fully_observed,3,True,True,0.84,"Both directions observed, but 50% of what is reachable downstream ends at the crawl boundary, so the onward path is unknown."
100000002697752100,inbound_only,3,True,True,0.85,"190,785 KZT arrived and none was observed leaving; any payer outside the crawled set would not appear."
100000002700161100,truncated_at_depth,4,True,False,0.3,"At the four-hop crawl boundary: 39,000 KZT arrived from 1 payer and where it went next was never collected."
100000002702968100,truncated_at_depth,4,True,False,0.3,"At the four-hop crawl boundary: 31,600 KZT arrived from 1 payer and where it went next was never collected."
100000002703376100,inbound_only,2,True,True,0.85,"46,501 KZT arrived and none was observed leaving; any payer outside the crawled set would not appear."
100000002704875100,inbound_only,1,True,True,0.85,"244,891 KZT arrived and none was observed leaving; any payer outside the crawled set would not appear."
100000002705460100,inbound_only,3,True,True,0.85,"95,000 KZT arrived and none was observed leaving; any payer outside the crawled set would not appear."
100000002706810100,truncated_at_depth,4,True,False,0.3,"At the four-hop crawl boundary: 45,000 KZT arrived from 1 payer and where it went next was never collected."
100000002707106100,truncated_at_depth,4,True,False,0.34,"At the four-hop crawl boundary: 15,000 KZT arrived from 1 payer and where it went next was never collected."
100000002708624100,inbound_only,3,True,True,0.85,"25,000 KZT arrived and none was observed leaving; any payer outside the crawled set would not appear."
100000002710570100,inbound_only,2,True,True,0.85,"225,015 KZT arrived and none was observed leaving; any payer outside the crawled set would not appear."
100000002712416100,inbound_only,3,True,True,0.85,"116,800 KZT arrived and none was observed leaving; any payer outside the crawled set would not appear."
100000002713074100,fully_observed,3,True,True,0.74,"Both directions observed, but 100% of what is reachable downstream ends at the crawl boundary, so the onward path is unknown."
100000002713974100,truncated_at_depth,4,True,False,0.3,"At the four-hop crawl boundary: 50,000 KZT arrived from 1 payer and where it went next was never collected."
100000002718366100,inbound_only,2,True,True,0.85,"2,525,000 KZT arrived and none was observed leaving; any payer outside the crawled set would not appear."
100000002720627100,inbound_only,1,True,True,0.85,"199,300 KZT arrived and none was observed leaving; any payer outside the crawled set would not appear."
100000002721825100,inbound_only,2,True,True,0.85,"11,000 KZT arrived and none was observed leaving; any payer outside the crawled set would not appear."
100000002722108100,inbound_only,3,True,True,0.85,"800,000 KZT arrived and none was observed leaving; any payer outside the crawled set would not appear."
100000002723439100,truncated_at_depth,4,True,False,0.34,"At the four-hop crawl boundary: 18,000 KZT arrived from 1 payer and where it went next was never collected."
100000002723538100,fully_observed,2,True,True,0.911,"Both directions observed, but 25% of what is reachable downstream ends at the crawl boundary, so the onward path is unknown."
100000002723674100,truncated_at_depth,4,True,False,0.3,"At the four-hop crawl boundary: 30,000 KZT arrived from 1 payer and where it went next was never collected."
100000002726055100,truncated_at_depth,4,True,False,0.3,"At the four-hop crawl boundary: 10,000 KZT arrived from 1 payer and where it went next was never collected."
100000002727288100,inbound_only,3,True,True,0.85,"16,000 KZT arrived and none was observed leaving; any payer outside the crawled set would not appear."
100000002728246100,truncated_at_depth,4,True,False,0.3,"At the four-hop crawl boundary: 10,000 KZT arrived from 1 payer and where it went next was never collected."
100000002729875100,truncated_at_depth,4,True,False,0.3,"At the four-hop crawl boundary: 76,000 KZT arrived from 1 payer and where it went next was never collected."
100000002731501100,fully_observed,1,True,True,0.968,"Both directions observed, but 6% of what is reachable downstream ends at the crawl boundary, so the onward path is unknown."
100000002733083100,truncated_at_depth,4,True,False,0.3,"At the four-hop crawl boundary: 15,200 KZT arrived from 1 payer and where it went next was never collected."
100000002733905100,fully_observed,2,True,True,0.96,Both directions observed within the crawl; a payer outside the crawled set would still not appear in this dataset.
100000002734815100,truncated_at_depth,4,True,False,0.3,"At the four-hop crawl boundary: 110,000 KZT arrived from 1 payer and where it went next was never collected."
100000002736033100,fully_observed,3,True,True,0.7,"Both directions observed, but 100% of what is reachable downstream ends at the crawl boundary, so the onward path is unknown."
100000002736316100,inbound_only,3,True,True,0.85,"266,921 KZT arrived and none was observed leaving; any payer outside the crawled set would not appear."
100000002737980100,inbound_only,3,True,True,0.85,"32,900 KZT arrived and none was observed leaving; any payer outside the crawled set would not appear."
100000002738256100,fully_observed,2,True,True,0.92,Both directions observed within the crawl; a payer outside the crawled set would still not appear in this dataset.
100000002741024100,fully_observed,2,True,True,0.931,"Both directions observed, but 14% of what is reachable downstream ends at the crawl boundary, so the onward path is unknown."
100000002742067100,inbound_only,2,True,True,0.85,"12,730 KZT arrived and none was observed leaving; any payer outside the crawled set would not appear."
100000002744581100,inbound_only,2,True,True,0.85,"12,000 KZT arrived and none was observed leaving; any payer outside the crawled set would not appear."
100000002748040100,truncated_at_depth,4,True,False,0.3,"At the four-hop crawl boundary: 18,000 KZT arrived from 1 payer and where it went next was never collected."
100000002748180100,fully_observed,1,True,True,0.952,"Both directions observed, but 14% of what is reachable downstream ends at the crawl boundary, so the onward path is unknown."
100000002748511100,truncated_at_depth,4,True,False,0.3,"At the four-hop crawl boundary: 20,000 KZT arrived from 1 payer and where it went next was never collected."
100000002748532100,fully_observed,2,True,True,0.96,Both directions observed within the crawl; a payer outside the crawled set would still not appear in this dataset.
100000002748581100,inbound_only,3,True,True,0.85,"41,180 KZT arrived and none was observed leaving; any payer outside the crawled set would not appear."
100000002748761100,inbound_only,3,True,True,0.85,"796,800 KZT arrived and none was observed leaving; any payer outside the crawled set would not appear."
100000002750332100,inbound_only,1,True,True,0.85,"11,360 KZT arrived and none was observed leaving; any payer outside the crawled set would not appear."
100000002750956100,inbound_only,1,True,True,0.85,"47,416 KZT arrived and none was observed leaving; any payer outside the crawled set would not appear."
100000002752565100,truncated_at_depth,4,True,False,0.3,"At the four-hop crawl boundary: 57,000 KZT arrived from 1 payer and where it went next was never collected."
100000002753146100,inbound_only,3,True,True,0.85,"803,540 KZT arrived and none was observed leaving; any payer outside the crawled set would not appear."
100000002755292100,inbound_only,3,True,True,0.85,"203,400 KZT arrived and none was observed leaving; any payer outside the crawled set would not appear."
100000002757240100,inbound_only,2,True,True,0.85,"51,183 KZT arrived and none was observed leaving; any payer outside the crawled set would not appear."
100000002757791100,inbound_only,3,True,True,0.85,"73,050 KZT arrived and none was observed leaving; any payer outside the crawled set would not appear."
100000002757797100,inbound_only,1,True,True,0.85,"100,000 KZT arrived and none was observed leaving; any payer outside the crawled set would not appear."
100000002760175100,inbound_only,1,True,True,0.85,"187,410 KZT arrived and none was observed leaving; any payer outside the crawled set would not appear."
100000002762076100,fully_observed,1,True,True,0.98,Both directions observed within the crawl; a payer outside the crawled set would still not appear in this dataset.
100000002769809100,inbound_only,3,True,True,0.85,"113,422 KZT arrived and none was observed leaving; any payer outside the crawled set would not appear."
100000002773323100,fully_observed,3,True,True,0.74,"Both directions observed, but 100% of what is reachable downstream ends at the crawl boundary, so the onward path is unknown."
100000002774456100,inbound_only,1,True,True,0.85,"50,363 KZT arrived and none was observed leaving; any payer outside the crawled set would not appear."
100000002778085100,inbound_only,1,True,True,0.85,"66,208 KZT arrived and none was observed leaving; any payer outside the crawled set would not appear."
100000002779485100,inbound_only,2,True,True,0.85,"91,000 KZT arrived and none was observed leaving; any payer outside the crawled set would not appear."
100000002781227100,fully_observed,1,True,True,0.938,"Both directions observed, but 21% of what is reachable downstream ends at the crawl boundary, so the onward path is unknown."
100000002784085100,inbound_only,1,True,True,0.85,"200,000 KZT arrived and none was observed leaving; any payer outside the crawled set would not appear."
100000002791494100,truncated_at_depth,4,True,False,0.3,"At the four-hop crawl boundary: 85,860 KZT arrived from 1 payer and where it went next was never collected."
100000002793851100,inbound_only,1,True,True,0.85,"11,052 KZT arrived and none was observed leaving; any payer outside the crawled set would not appear."
100000002793881100,inbound_only,3,True,True,0.85,"785,600 KZT arrived and none was observed leaving; any payer outside the crawled set would not appear."
100000002794197100,inbound_only,1,True,True,0.85,"30,100 KZT arrived and none was observed leaving; any payer outside the crawled set would not appear."
100000002794374100,truncated_at_depth,4,True,False,0.3,"At the four-hop crawl boundary: 111,000 KZT arrived from 1 payer and where it went next was never collected."
100000002796853100,fully_observed,2,True,True,0.918,"Both directions observed, but 21% of what is reachable downstream ends at the crawl boundary, so the onward path is unknown."
100000002799941100,inbound_only,3,True,True,0.85,"600,000 KZT arrived and none was observed leaving; any payer outside the crawled set would not appear."
100000002807334100,inbound_only,3,True,True,0.85,"54,715 KZT arrived and none was observed leaving; any payer outside the crawled set would not appear."
100000002809568100,inbound_only,1,True,True,0.85,"10,000 KZT arrived and none was observed leaving; any payer outside the crawled set would not appear."
100000002809896100,inbound_only,3,True,True,0.85,"38,000 KZT arrived and none was observed leaving; any payer outside the crawled set would not appear."
100000002810870100,inbound_only,1,True,True,0.85,"33,677 KZT arrived and none was observed leaving; any payer outside the crawled set would not appear."
100000002812641100,fully_observed,2,True,True,0.92,Both directions observed within the crawl; a payer outside the crawled set would still not appear in this dataset.
100000002815005100,inbound_only,3,True,True,0.85,"476,500 KZT arrived and none was observed leaving; any payer outside the crawled set would not appear."
100000002818726100,inbound_only,3,True,True,0.85,"10,879 KZT arrived and none was observed leaving; any payer outside the crawled set would not appear."
100000002820010100,inbound_only,2,True,True,0.85,"30,000 KZT arrived and none was observed leaving; any payer outside the crawled set would not appear."
100000002821425100,inbound_only,3,True,True,0.85,"275,000 KZT arrived and none was observed leaving; any payer outside the crawled set would not appear."
100000002822472100,inbound_only,3,True,True,0.85,"266,722 KZT arrived and none was observed leaving; any payer outside the crawled set would not appear."
100000002824176100,inbound_only,1,True,True,0.85,"144,000 KZT arrived and none was observed leaving; any payer outside the crawled set would not appear."
100000002826669100,inbound_only,2,True,True,0.85,"159,900 KZT arrived and none was observed leaving; any payer outside the crawled set would not appear."
100000002830055100,inbound_only,1,True,True,0.85,"14,000 KZT arrived and none was observed leaving; any payer outside the crawled set would not appear."
100000002831727100,fully_observed,2,True,True,0.96,Both directions observed within the crawl; a payer outside the crawled set would still not appear in this dataset.
100000002832753100,truncated_at_depth,4,True,False,0.3,"At the four-hop crawl boundary: 12,500 KZT arrived from 1 payer and where it went next was never collected."
100000002835874100,truncated_at_depth,4,True,False,0.3,"At the four-hop crawl boundary: 58,700 KZT arrived from 1 payer and where it went next was never collected."
100000002836052100,inbound_only,2,True,True,0.85,"15,000 KZT arrived and none was observed leaving; any payer outside the crawled set would not appear."
100000002836736100,inbound_only,1,True,True,0.85,"509,000 KZT arrived and none was observed leaving; any payer outside the crawled set would not appear."
100000002838519100,inbound_only,3,True,True,0.85,"46,900 KZT arrived and none was observed leaving; any payer outside the crawled set would not appear."
100000002838861100,fully_observed,1,True,True,0.98,Both directions observed within the crawl; a payer outside the crawled set would still not appear in this dataset.
100000002842321100,inbound_only,3,True,True,0.85,"160,000 KZT arrived and none was observed leaving; any payer outside the crawled set would not appear."
100000002842337100,inbound_only,2,True,True,0.85,"50,000 KZT arrived and none was observed leaving; any payer outside the crawled set would not appear."
100000002844652100,inbound_only,1,True,True,0.85,"61,360 KZT arrived and none was observed leaving; any payer outside the crawled set would not appear."
100000002844897100,inbound_only,1,True,True,0.85,"10,800 KZT arrived and none was observed leaving; any payer outside the crawled set would not appear."
100000002845605100,inbound_only,1,True,True,0.85,"57,567 KZT arrived and none was observed leaving; any payer outside the crawled set would not appear."
100000002847207100,inbound_only,1,True,True,0.85,"46,243 KZT arrived and none was observed leaving; any payer outside the crawled set would not appear."
100000002849158100,fully_observed,3,True,True,0.74,"Both directions observed, but 100% of what is reachable downstream ends at the crawl boundary, so the onward path is unknown."
100000002852402100,inbound_only,2,True,True,0.85,"55,000 KZT arrived and none was observed leaving; any payer outside the crawled set would not appear."
100000002858835100,inbound_only,1,True,True,0.85,"24,400 KZT arrived and none was observed leaving; any payer outside the crawled set would not appear."
100000002860934100,truncated_at_depth,4,True,False,0.38,"At the four-hop crawl boundary: 279,500 KZT arrived from 1 payer and where it went next was never collected."
100000002861485100,inbound_only,1,True,True,0.85,"29,323 KZT arrived and none was observed leaving; any payer outside the crawled set would not appear."
100000002862113100,inbound_only,3,True,True,0.85,"47,405 KZT arrived and none was observed leaving; any payer outside the crawled set would not appear."
100000002863356100,fully_observed,2,True,True,0.92,Both directions observed within the crawl; a payer outside the crawled set would still not appear in this dataset.
100000002864256100,inbound_only,1,True,True,0.85,"135,780 KZT arrived and none was observed leaving; any payer outside the crawled set would not appear."
100000002864680100,inbound_only,1,True,True,0.85,"55,932 KZT arrived and none was observed leaving; any payer outside the crawled set would not appear."
100000002870463100,fully_observed,2,True,True,0.96,Both directions observed within the crawl; a payer outside the crawled set would still not appear in this dataset.
100000002870937100,inbound_only,1,True,True,0.85,"83,700 KZT arrived and none was observed leaving; any payer outside the crawled set would not appear."
100000002871199100,inbound_only,3,True,True,0.85,"23,186 KZT arrived and none was observed leaving; any payer outside the crawled set would not appear."
100000002872399100,inbound_only,3,True,True,0.85,"1,090,000 KZT arrived and none was observed leaving; any payer outside the crawled set would not appear."
100000002876914100,truncated_at_depth,4,True,False,0.3,"At the four-hop crawl boundary: 12,000 KZT arrived from 1 payer and where it went next was never collected."
100000002877262100,inbound_only,3,True,True,0.85,"100,000 KZT arrived and none was observed leaving; any payer outside the crawled set would not appear."
100000002878467100,inbound_only,3,True,True,0.85,"200,000 KZT arrived and none was observed leaving; any payer outside the crawled set would not appear."
100000002878483100,truncated_at_depth,4,True,False,0.3,"At the four-hop crawl boundary: 6,000 KZT arrived from 1 payer and where it went next was never collected."
100000002881669100,inbound_only,1,True,True,0.85,"18,600 KZT arrived and none was observed leaving; any payer outside the crawled set would not appear."
100000002883402100,inbound_only,3,True,True,0.85,"300,000 KZT arrived and none was observed leaving; any payer outside the crawled set would not appear."
100000002884708100,truncated_at_depth,4,True,False,0.34,"At the four-hop crawl boundary: 1,171,644 KZT arrived from 1 payer and where it went next was never collected."
100000002886166100,inbound_only,3,True,True,0.85,"185,000 KZT arrived and none was observed leaving; any payer outside the crawled set would not appear."
100000002890167100,inbound_only,1,True,True,0.85,"118,150 KZT arrived and none was observed leaving; any payer outside the crawled set would not appear."
100000002891765100,inbound_only,3,True,True,0.85,"55,576 KZT arrived and none was observed leaving; any payer outside the crawled set would not appear."
100000002893020100,inbound_only,3,True,True,0.85,"18,340 KZT arrived and none was observed leaving; any payer outside the crawled set would not appear."
100000002894076100,inbound_only,1,True,True,0.85,"1,122,782 KZT arrived and none was observed leaving; any payer outside the crawled set would not appear."
100000002896506100,truncated_at_depth,4,True,False,0.3,"At the four-hop crawl boundary: 45,000 KZT arrived from 1 payer and where it went next was never collected."
100000002901457100,fully_observed,3,True,True,0.84,"Both directions observed, but 50% of what is reachable downstream ends at the crawl boundary, so the onward path is unknown."
100000002904919100,fully_observed,3,True,True,0.7,"Both directions observed, but 100% of what is reachable downstream ends at the crawl boundary, so the onward path is unknown."
100000002906470100,inbound_only,3,True,True,0.85,"130,000 KZT arrived and none was observed leaving; any payer outside the crawled set would not appear."
100000002908521100,inbound_only,3,True,True,0.85,"44,500 KZT arrived and none was observed leaving; any payer outside the crawled set would not appear."
100000002911170100,inbound_only,2,True,True,0.85,"300,000 KZT arrived and none was observed leaving; any payer outside the crawled set would not appear."
100000002913340100,inbound_only,3,True,True,0.85,"23,600 KZT arrived and none was observed leaving; any payer outside the crawled set would not appear."
100000002914245100,inbound_only,3,True,True,0.85,"140,611 KZT arrived and none was observed leaving; any payer outside the crawled set would not appear."
100000002916006100,outbound_only,0,False,True,0.6,"Seed account: money out was followed, money in was not, so its funding is outside the dataset (no payer appears at all)."
100000002921047100,fully_observed,1,True,True,0.98,Both directions observed within the crawl; a payer outside the crawled set would still not appear in this dataset.
100000002922000100,truncated_at_depth,4,True,False,0.3,"At the four-hop crawl boundary: 448,000 KZT arrived from 1 payer and where it went next was never collected."
100000002926970100,inbound_only,3,True,True,0.85,"85,000 KZT arrived and none was observed leaving; any payer outside the crawled set would not appear."
100000002933386100,fully_observed,3,True,True,0.7,"Both directions observed, but 100% of what is reachable downstream ends at the crawl boundary, so the onward path is unknown."
100000002934441100,inbound_only,1,True,True,0.85,"60,846 KZT arrived and none was observed leaving; any payer outside the crawled set would not appear."
100000002936322100,inbound_only,3,True,True,0.85,"787,133 KZT arrived and none was observed leaving; any payer outside the crawled set would not appear."
100000002938501100,fully_observed,1,True,True,0.915,"Both directions observed, but 12% of what is reachable downstream ends at the crawl boundary, so the onward path is unknown."
100000002939838100,inbound_only,1,True,True,0.85,"571,233 KZT arrived and none was observed leaving; any payer outside the crawled set would not appear."
100000002941114100,fully_observed,1,True,True,0.98,Both directions observed within the crawl; a payer outside the crawled set would still not appear in this dataset.
100000002943472100,inbound_only,3,True,True,0.85,"170,000 KZT arrived and none was observed leaving; any payer outside the crawled set would not appear."
100000002945031100,inbound_only,3,True,True,0.85,"15,000 KZT arrived and none was observed leaving; any payer outside the crawled set would not appear."
100000002945626100,inbound_only,3,True,True,0.85,"584,000 KZT arrived and none was observed leaving; any payer outside the crawled set would not appear."
100000002947299100,inbound_only,2,True,True,0.85,"85,000 KZT arrived and none was observed leaving; any payer outside the crawled set would not appear."
100000002948492100,inbound_only,3,True,True,0.85,"23,660 KZT arrived and none was observed leaving; any payer outside the crawled set would not appear."
100000002951898100,inbound_only,3,True,True,0.85,"39,990 KZT arrived and none was observed leaving; any payer outside the crawled set would not appear."
100000002952631100,inbound_only,1,True,True,0.85,"48,050 KZT arrived and none was observed leaving; any payer outside the crawled set would not appear."
100000002952756100,inbound_only,3,True,True,0.85,"47,000 KZT arrived and none was observed leaving; any payer outside the crawled set would not appear."
100000002954780100,inbound_only,3,True,True,0.85,"133,400 KZT arrived and none was observed leaving; any payer outside the crawled set would not appear."
100000002956769100,inbound_only,3,True,True,0.85,"840,000 KZT arrived and none was observed leaving; any payer outside the crawled set would not appear."
100000002956779100,inbound_only,3,True,True,0.85,"411,000 KZT arrived and none was observed leaving; any payer outside the crawled set would not appear."
100000002956898100,inbound_only,2,True,True,0.85,"290,240 KZT arrived and none was observed leaving; any payer outside the crawled set would not appear."
100000002957306100,inbound_only,1,True,True,0.85,"398,490 KZT arrived and none was observed leaving; any payer outside the crawled set would not appear."
100000002957787100,fully_observed,2,True,True,0.911,"Both directions observed, but 25% of what is reachable downstream ends at the crawl boundary, so the onward path is unknown."
100000002958139100,inbound_only,3,True,True,0.85,"209,500 KZT arrived and none was observed leaving; any payer outside the crawled set would not appear."
100000002958286100,inbound_only,1,True,True,0.85,"257,000 KZT arrived and none was observed leaving; any payer outside the crawled set would not appear."
100000002958343100,fully_observed,2,True,True,0.96,Both directions observed within the crawl; a payer outside the crawled set would still not appear in this dataset.
100000002958345100,inbound_only,3,True,True,0.85,"307,000 KZT arrived and none was observed leaving; any payer outside the crawled set would not appear."
100000002963189100,fully_observed,3,True,True,0.891,"Both directions observed, but 25% of what is reachable downstream ends at the crawl boundary, so the onward path is unknown."
100000002964966100,inbound_only,2,True,True,0.85,"200,000 KZT arrived and none was observed leaving; any payer outside the crawled set would not appear."
100000002968096100,truncated_at_depth,4,True,False,0.3,"At the four-hop crawl boundary: 70,000 KZT arrived from 1 payer and where it went next was never collected."
100000002969048100,inbound_only,2,True,True,0.85,"108,470 KZT arrived and none was observed leaving; any payer outside the crawled set would not appear."
100000002970466100,fully_observed,3,True,True,0.74,"Both directions observed, but 100% of what is reachable downstream ends at the crawl boundary, so the onward path is unknown."
100000002971593100,truncated_at_depth,4,True,False,0.3,"At the four-hop crawl boundary: 49,050 KZT arrived from 1 payer and where it went next was never collected."
100000002973903100,inbound_only,1,True,True,0.85,"92,880 KZT arrived and none was observed leaving; any payer outside the crawled set would not appear."
100000002974256100,inbound_only,2,True,True,0.85,"7,200 KZT arrived and none was observed leaving; any payer outside the crawled set would not appear."
100000002975287100,inbound_only,3,True,True,0.85,"15,000 KZT arrived and none was observed leaving; any payer outside the crawled set would not appear."
100000002975437100,fully_observed,3,True,True,0.88,"Both directions observed, but 30% of what is reachable downstream ends at the crawl boundary, so the onward path is unknown."
100000002981489100,truncated_at_depth,4,True,False,0.3,"At the four-hop crawl boundary: 10,000 KZT arrived from 1 payer and where it went next was never collected."
100000002981527100,inbound_only,1,True,True,0.85,"168,000 KZT arrived and none was observed leaving; any payer outside the crawled set would not appear."
100000002982252100,inbound_only,1,True,True,0.85,"20,320 KZT arrived and none was observed leaving; any payer outside the crawled set would not appear."
100000002983426100,inbound_only,3,True,True,0.85,"88,945 KZT arrived and none was observed leaving; any payer outside the crawled set would not appear."
100000002983879100,inbound_only,2,True,True,0.85,"200,050 KZT arrived and none was observed leaving; any payer outside the crawled set would not appear."
100000002984403100,fully_observed,3,True,True,0.7,"Both directions observed, but 100% of what is reachable downstream ends at the crawl boundary, so the onward path is unknown."
100000002986245100,truncated_at_depth,4,True,False,0.3,"At the four-hop crawl boundary: 5,750 KZT arrived from 1 payer and where it went next was never collected."
100000002988894100,fully_observed,1,True,True,0.98,Both directions observed within the crawl; a payer outside the crawled set would still not appear in this dataset.
100000002989353100,fully_observed,3,True,True,0.74,"Both directions observed, but 100% of what is reachable downstream ends at the crawl boundary, so the onward path is unknown."
100000002990675100,inbound_only,3,True,True,0.85,"51,143 KZT arrived and none was observed leaving; any payer outside the crawled set would not appear."
100000002991079100,fully_observed,1,True,True,0.98,Both directions observed within the crawl; a payer outside the crawled set would still not appear in this dataset.
100000002992171100,inbound_only,1,True,True,0.85,"14,627 KZT arrived and none was observed leaving; any payer outside the crawled set would not appear."
100000002994441100,truncated_at_depth,4,True,False,0.3,"At the four-hop crawl boundary: 5,000 KZT arrived from 1 payer and where it went next was never collected."
100000002999140100,truncated_at_depth,4,True,False,0.34,"At the four-hop crawl boundary: 10,000 KZT arrived from 1 payer and where it went next was never collected."
100000003001138100,truncated_at_depth,4,True,False,0.3,"At the four-hop crawl boundary: 30,000 KZT arrived from 1 payer and where it went next was never collected."
100000003001564100,fully_observed,1,True,True,0.94,Both directions observed within the crawl; a payer outside the crawled set would still not appear in this dataset.
100000003001661100,fully_observed,3,True,True,0.848,"Both directions observed, but 46% of what is reachable downstream ends at the crawl boundary, so the onward path is unknown."
100000003003821100,inbound_only,2,True,True,0.85,"40,000 KZT arrived and none was observed leaving; any payer outside the crawled set would not appear."
100000003004487100,fully_observed,1,True,True,0.92,"Both directions observed, but 30% of what is reachable downstream ends at the crawl boundary, so the onward path is unknown."
100000003005167100,truncated_at_depth,4,True,False,0.3,"At the four-hop crawl boundary: 7,000 KZT arrived from 1 payer and where it went next was never collected."
100000003006633100,inbound_only,3,True,True,0.85,"10,000 KZT arrived and none was observed leaving; any payer outside the crawled set would not appear."
100000003009900100,inbound_only,3,True,True,0.85,"15,998 KZT arrived and none was observed leaving; any payer outside the crawled set would not appear."
100000003010908100,truncated_at_depth,4,True,False,0.3,"At the four-hop crawl boundary: 17,000 KZT arrived from 1 payer and where it went next was never collected."
100000003014659100,inbound_only,1,True,True,0.85,"280,000 KZT arrived and none was observed leaving; any payer outside the crawled set would not appear."
100000003016438100,fully_observed,3,True,True,0.74,"Both directions observed, but 100% of what is reachable downstream ends at the crawl boundary, so the onward path is unknown."
100000003016635100,outbound_only,0,True,True,0.6,"Seed account: money out was followed, money in was not, so its funding is outside the dataset (8 payers appear only as return traffic from inside the crawl)."
100000003016773100,inbound_only,2,True,True,0.85,"46,555 KZT arrived and none was observed leaving; any payer outside the crawled set would not appear."
100000003022835100,inbound_only,1,True,True,0.85,"125,000 KZT arrived and none was observed leaving; any payer outside the crawled set would not appear."
100000003024542100,inbound_only,2,True,True,0.85,"8,500 KZT arrived and none was observed leaving; any payer outside the crawled set would not appear."
100000003025903100,truncated_at_depth,4,True,False,0.38,"At the four-hop crawl boundary: 386,300 KZT arrived from 1 payer and where it went next was never collected."
100000003031003100,inbound_only,3,True,True,0.85,"280,090 KZT arrived and none was observed leaving; any payer outside the crawled set would not appear."
100000003031633100,inbound_only,3,True,True,0.85,"414,000 KZT arrived and none was observed leaving; any payer outside the crawled set would not appear."
100000003031761100,inbound_only,3,True,True,0.85,"460,408 KZT arrived and none was observed leaving; any payer outside the crawled set would not appear."
100000003031890100,inbound_only,2,True,True,0.85,"215,000 KZT arrived and none was observed leaving; any payer outside the crawled set would not appear."
100000003034546100,inbound_only,2,True,True,0.85,"486,715 KZT arrived and none was observed leaving; any payer outside the crawled set would not appear."
100000003035737100,fully_observed,3,True,True,0.74,"Both directions observed, but 100% of what is reachable downstream ends at the crawl boundary, so the onward path is unknown."
100000003036198100,inbound_only,2,True,True,0.85,"15,000 KZT arrived and none was observed leaving; any payer outside the crawled set would not appear."
100000003037476100,truncated_at_depth,4,True,False,0.38,"At the four-hop crawl boundary: 555,000 KZT arrived from 3 payers and where it went next was never collected."
100000003037660100,inbound_only,1,True,True,0.85,"53,000 KZT arrived and none was observed leaving; any payer outside the crawled set would not appear."
100000003039473100,inbound_only,2,True,True,0.85,"23,000 KZT arrived and none was observed leaving; any payer outside the crawled set would not appear."
100000003040087100,truncated_at_depth,4,True,False,0.3,"At the four-hop crawl boundary: 29,000 KZT arrived from 1 payer and where it went next was never collected."
100000003042994100,inbound_only,1,True,True,0.85,"286,086 KZT arrived and none was observed leaving; any payer outside the crawled set would not appear."
100000003044431100,inbound_only,2,True,True,0.85,"60,000 KZT arrived and none was observed leaving; any payer outside the crawled set would not appear."
100000003044518100,inbound_only,1,True,True,0.85,"34,423 KZT arrived and none was observed leaving; any payer outside the crawled set would not appear."
100000003047800100,truncated_at_depth,4,True,False,0.3,"At the four-hop crawl boundary: 12,212 KZT arrived from 1 payer and where it went next was never collected."
100000003050771100,inbound_only,3,True,True,0.85,"229,000 KZT arrived and none was observed leaving; any payer outside the crawled set would not appear."
100000003054328100,fully_observed,2,True,True,0.96,Both directions observed within the crawl; a payer outside the crawled set would still not appear in this dataset.
100000003057225100,inbound_only,1,True,True,0.85,"236,000 KZT arrived and none was observed leaving; any payer outside the crawled set would not appear."
100000003060187100,inbound_only,3,True,True,0.85,"93,046 KZT arrived and none was observed leaving; any payer outside the crawled set would not appear."
100000003060517100,inbound_only,3,True,True,0.85,"315,955 KZT arrived and none was observed leaving; any payer outside the crawled set would not appear."
100000003061115100,truncated_at_depth,4,True,False,0.3,"At the four-hop crawl boundary: 45,000 KZT arrived from 1 payer and where it went next was never collected."
100000003062895100,inbound_only,2,True,True,0.85,"328,444 KZT arrived and none was observed leaving; any payer outside the crawled set would not appear."
100000003066385100,inbound_only,1,True,True,0.85,"20,000 KZT arrived and none was observed leaving; any payer outside the crawled set would not appear."
100000003068941100,fully_observed,2,True,True,0.96,Both directions observed within the crawl; a payer outside the crawled set would still not appear in this dataset.
100000003069463100,fully_observed,3,True,True,0.7,"Both directions observed, but 100% of what is reachable downstream ends at the crawl boundary, so the onward path is unknown."
100000003071649100,inbound_only,3,True,True,0.85,"189,500 KZT arrived and none was observed leaving; any payer outside the crawled set would not appear."
100000003071930100,fully_observed,1,True,True,0.98,Both directions observed within the crawl; a payer outside the crawled set would still not appear in this dataset.
100000003072205100,truncated_at_depth,4,True,False,0.34,"At the four-hop crawl boundary: 163,000 KZT arrived from 2 payers and where it went next was never collected."
100000003072676100,inbound_only,3,True,True,0.85,"31,545 KZT arrived and none was observed leaving; any payer outside the crawled set would not appear."
100000003073398100,inbound_only,2,True,True,0.85,"92,960 KZT arrived and none was observed leaving; any payer outside the crawled set would not appear."
100000003073635100,inbound_only,3,True,True,0.85,"129,231 KZT arrived and none was observed leaving; any payer outside the crawled set would not appear."
100000003074515100,truncated_at_depth,4,True,False,0.3,"At the four-hop crawl boundary: 105,000 KZT arrived from 1 payer and where it went next was never collected."
100000003078839100,truncated_at_depth,4,True,False,0.34,"At the four-hop crawl boundary: 14,000 KZT arrived from 1 payer and where it went next was never collected."
100000003083865100,truncated_at_depth,4,True,False,0.3,"At the four-hop crawl boundary: 15,000 KZT arrived from 1 payer and where it went next was never collected."
100000003084870100,truncated_at_depth,4,True,False,0.3,"At the four-hop crawl boundary: 6,500 KZT arrived from 1 payer and where it went next was never collected."
100000003086040100,inbound_only,2,True,True,0.85,"10,500 KZT arrived and none was observed leaving; any payer outside the crawled set would not appear."
100000003087877100,inbound_only,3,True,True,0.85,"91,486 KZT arrived and none was observed leaving; any payer outside the crawled set would not appear."
100000003089018100,inbound_only,2,True,True,0.85,"230,000 KZT arrived and none was observed leaving; any payer outside the crawled set would not appear."
100000003089553100,inbound_only,3,True,True,0.85,"150,000 KZT arrived and none was observed leaving; any payer outside the crawled set would not appear."
100000003091142100,truncated_at_depth,4,True,False,0.3,"At the four-hop crawl boundary: 40,000 KZT arrived from 1 payer and where it went next was never collected."
100000003093299100,inbound_only,3,True,True,0.85,"15,000 KZT arrived and none was observed leaving; any payer outside the crawled set would not appear."
100000003095610100,inbound_only,3,True,True,0.85,"23,665 KZT arrived and none was observed leaving; any payer outside the crawled set would not appear."
100000003096787100,truncated_at_depth,4,True,False,0.3,"At the four-hop crawl boundary: 16,400 KZT arrived from 1 payer and where it went next was never collected."
100000003097324100,inbound_only,3,True,True,0.85,"294,000 KZT arrived and none was observed leaving; any payer outside the crawled set would not appear."
100000003097947100,truncated_at_depth,4,True,False,0.3,"At the four-hop crawl boundary: 52,980 KZT arrived from 1 payer and where it went next was never collected."
100000003102157100,inbound_only,1,True,True,0.85,"96,746 KZT arrived and none was observed leaving; any payer outside the crawled set would not appear."
100000003104347100,fully_observed,2,True,True,0.92,Both directions observed within the crawl; a payer outside the crawled set would still not appear in this dataset.
100000003105089100,truncated_at_depth,4,True,False,0.3,"At the four-hop crawl boundary: 10,000 KZT arrived from 1 payer and where it went next was never collected."
100000003105929100,fully_observed,3,True,True,0.74,"Both directions observed, but 100% of what is reachable downstream ends at the crawl boundary, so the onward path is unknown."
100000003109805100,inbound_only,3,True,True,0.85,"36,929 KZT arrived and none was observed leaving; any payer outside the crawled set would not appear."
100000003111305100,inbound_only,3,True,True,0.85,"509,338 KZT arrived and none was observed leaving; any payer outside the crawled set would not appear."
100000003112436100,inbound_only,2,True,True,0.85,"100,000 KZT arrived and none was observed leaving; any payer outside the crawled set would not appear."
100000003112578100,inbound_only,3,True,True,0.85,"101,080 KZT arrived and none was observed leaving; any payer outside the crawled set would not appear."
100000003115284100,fully_observed,1,True,True,0.94,"Both directions observed, but 20% of what is reachable downstream ends at the crawl boundary, so the onward path is unknown."
100000003116106100,inbound_only,3,True,True,0.85,"494,050 KZT arrived and none was observed leaving; any payer outside the crawled set would not appear."
100000003119550100,inbound_only,1,True,True,0.85,"21,000 KZT arrived and none was observed leaving; any payer outside the crawled set would not appear."
100000003122817100,inbound_only,3,True,True,0.85,"444,680 KZT arrived and none was observed leaving; any payer outside the crawled set would not appear."
100000003123296100,inbound_only,1,True,True,0.85,"86,200 KZT arrived and none was observed leaving; any payer outside the crawled set would not appear."
100000003125997100,truncated_at_depth,4,True,False,0.3,"At the four-hop crawl boundary: 87,750 KZT arrived from 1 payer and where it went next was never collected."
100000003128638100,truncated_at_depth,4,True,False,0.3,"At the four-hop crawl boundary: 300,000 KZT arrived from 1 payer and where it went next was never collected."
100000003131016100,fully_observed,2,True,True,0.911,"Both directions observed, but 25% of what is reachable downstream ends at the crawl boundary, so the onward path is unknown."
100000003131693100,inbound_only,1,True,True,0.85,"353,277 KZT arrived and none was observed leaving; any payer outside the crawled set would not appear."
100000003132484100,inbound_only,3,True,True,0.85,"90,000 KZT arrived and none was observed leaving; any payer outside the crawled set would not appear."
100000003133045100,truncated_at_depth,4,True,False,0.3,"At the four-hop crawl boundary: 68,000 KZT arrived from 1 payer and where it went next was never collected."
100000003134474100,inbound_only,3,True,True,0.85,"116,000 KZT arrived and none was observed leaving; any payer outside the crawled set would not appear."
100000003134550100,truncated_at_depth,4,True,False,0.3,"At the four-hop crawl boundary: 100,000 KZT arrived from 1 payer and where it went next was never collected."
100000003134934100,inbound_only,2,True,True,0.85,"379,354 KZT arrived and none was observed leaving; any payer outside the crawled set would not appear."
100000003134937100,inbound_only,1,True,True,0.85,"10,286 KZT arrived and none was observed leaving; any payer outside the crawled set would not appear."
100000003146511100,truncated_at_depth,4,True,False,0.3,"At the four-hop crawl boundary: 10,000 KZT arrived from 1 payer and where it went next was never collected."
100000003147719100,inbound_only,3,True,True,0.85,"100,000 KZT arrived and none was observed leaving; any payer outside the crawled set would not appear."
100000003148220100,fully_observed,1,True,True,0.98,Both directions observed within the crawl; a payer outside the crawled set would still not appear in this dataset.
100000003149149100,inbound_only,3,True,True,0.85,"245,000 KZT arrived and none was observed leaving; any payer outside the crawled set would not appear."
100000003152964100,fully_observed,3,True,True,0.7,"Both directions observed, but 100% of what is reachable downstream ends at the crawl boundary, so the onward path is unknown."
100000003154105100,fully_observed,3,True,True,0.74,"Both directions observed, but 100% of what is reachable downstream ends at the crawl boundary, so the onward path is unknown."
100000003157333100,inbound_only,2,True,True,0.85,"30,000 KZT arrived and none was observed leaving; any payer outside the crawled set would not appear."
100000003157679100,inbound_only,3,True,True,0.85,"541,000 KZT arrived and none was observed leaving; any payer outside the crawled set would not appear."
100000003158727100,inbound_only,1,True,True,0.85,"367,940 KZT arrived and none was observed leaving; any payer outside the crawled set would not appear."
100000003159641100,fully_observed,2,True,True,0.827,"Both directions observed, but 67% of what is reachable downstream ends at the crawl boundary, so the onward path is unknown."
100000003163256100,fully_observed,1,True,True,0.94,Both directions observed within the crawl; a payer outside the crawled set would still not appear in this dataset.
100000003163886100,inbound_only,3,True,True,0.85,"500,000 KZT arrived and none was observed leaving; any payer outside the crawled set would not appear."
100000003164661100,inbound_only,3,True,True,0.85,"596,200 KZT arrived and none was observed leaving; any payer outside the crawled set would not appear."
100000003166017100,truncated_at_depth,4,True,False,0.3,"At the four-hop crawl boundary: 15,000 KZT arrived from 1 payer and where it went next was never collected."
100000003166755100,inbound_only,2,True,True,0.85,"24,010 KZT arrived and none was observed leaving; any payer outside the crawled set would not appear."
100000003171006100,inbound_only,3,True,True,0.85,"485,000 KZT arrived and none was observed leaving; any payer outside the crawled set would not appear."
100000003171587100,fully_observed,3,True,True,0.74,"Both directions observed, but 100% of what is reachable downstream ends at the crawl boundary, so the onward path is unknown."
100000003173783100,truncated_at_depth,4,True,False,0.34,"At the four-hop crawl boundary: 23,500 KZT arrived from 1 payer and where it went next was never collected."
100000003177533100,truncated_at_depth,4,True,False,0.38,"At the four-hop crawl boundary: 20,000 KZT arrived from 1 payer and where it went next was never collected."
100000003178549100,fully_observed,3,True,True,0.891,"Both directions observed, but 25% of what is reachable downstream ends at the crawl boundary, so the onward path is unknown."
100000003180305100,truncated_at_depth,4,True,False,0.3,"At the four-hop crawl boundary: 144,000 KZT arrived from 1 payer and where it went next was never collected."
100000003180820100,truncated_at_depth,4,True,False,0.3,"At the four-hop crawl boundary: 101,000 KZT arrived from 1 payer and where it went next was never collected."
100000003186579100,truncated_at_depth,4,True,False,0.34,"At the four-hop crawl boundary: 110,000 KZT arrived from 1 payer and where it went next was never collected."
100000003187359100,inbound_only,1,True,True,0.85,"19,072 KZT arrived and none was observed leaving; any payer outside the crawled set would not appear."
100000003188607100,fully_observed,2,True,True,0.92,Both directions observed within the crawl; a payer outside the crawled set would still not appear in this dataset.
100000003190207100,fully_observed,3,True,True,0.74,"Both directions observed, but 100% of what is reachable downstream ends at the crawl boundary, so the onward path is unknown."
100000003191430100,inbound_only,2,True,True,0.85,"180,000 KZT arrived and none was observed leaving; any payer outside the crawled set would not appear."
100000003192220100,inbound_only,2,True,True,0.85,"60,000 KZT arrived and none was observed leaving; any payer outside the crawled set would not appear."
100000003192309100,fully_observed,3,True,True,0.7,"Both directions observed, but 100% of what is reachable downstream ends at the crawl boundary, so the onward path is unknown."
100000003194831100,truncated_at_depth,4,True,False,0.3,"At the four-hop crawl boundary: 6,265 KZT arrived from 1 payer and where it went next was never collected."
100000003199390100,truncated_at_depth,4,True,False,0.3,"At the four-hop crawl boundary: 260,000 KZT arrived from 1 payer and where it went next was never collected."
100000003200071100,outbound_only,0,False,True,0.6,"Seed account: money out was followed, money in was not, so its funding is outside the dataset (no payer appears at all)."
100000003204491100,fully_observed,3,True,True,0.74,"Both directions observed, but 100% of what is reachable downstream ends at the crawl boundary, so the onward path is unknown."
100000003205210100,inbound_only,1,True,True,0.85,"137,563 KZT arrived and none was observed leaving; any payer outside the crawled set would not appear."
100000003207060100,truncated_at_depth,4,True,False,0.3,"At the four-hop crawl boundary: 53,000 KZT arrived from 1 payer and where it went next was never collected."
100000003213473100,fully_observed,3,True,True,0.891,"Both directions observed, but 25% of what is reachable downstream ends at the crawl boundary, so the onward path is unknown."
100000003214786100,truncated_at_depth,4,True,False,0.3,"At the four-hop crawl boundary: 5,000 KZT arrived from 1 payer and where it went next was never collected."
100000003215448100,fully_observed,3,True,True,0.74,"Both directions observed, but 100% of what is reachable downstream ends at the crawl boundary, so the onward path is unknown."
100000003216073100,fully_observed,3,True,True,0.7,"Both directions observed, but 100% of what is reachable downstream ends at the crawl boundary, so the onward path is unknown."
100000003218308100,inbound_only,3,True,True,0.85,"11,165 KZT arrived and none was observed leaving; any payer outside the crawled set would not appear."
100000003219438100,inbound_only,2,True,True,0.85,"32,000 KZT arrived and none was observed leaving; any payer outside the crawled set would not appear."
100000003220685100,truncated_at_depth,4,True,False,0.34,"At the four-hop crawl boundary: 1,306,000 KZT arrived from 1 payer and where it went next was never collected."
100000003221384100,inbound_only,2,True,True,0.85,"511,200 KZT arrived and none was observed leaving; any payer outside the crawled set would not appear."
100000003221510100,fully_observed,3,True,True,0.74,"Both directions observed, but 100% of what is reachable downstream ends at the crawl boundary, so the onward path is unknown."
100000003230328100,truncated_at_depth,4,True,False,0.38,"At the four-hop crawl boundary: 26,572 KZT arrived from 3 payers and where it went next was never collected."
100000003230329100,truncated_at_depth,4,True,False,0.3,"At the four-hop crawl boundary: 110,000 KZT arrived from 1 payer and where it went next was never collected."
100000003232675100,truncated_at_depth,4,True,False,0.34,"At the four-hop crawl boundary: 44,000 KZT arrived from 1 payer and where it went next was never collected."
100000003235780100,inbound_only,1,True,True,0.85,"65,000 KZT arrived and none was observed leaving; any payer outside the crawled set would not appear."
100000003237045100,fully_observed,2,True,True,0.911,"Both directions observed, but 25% of what is reachable downstream ends at the crawl boundary, so the onward path is unknown."
100000003239379100,inbound_only,1,True,True,0.85,"92,500 KZT arrived and none was observed leaving; any payer outside the crawled set would not appear."
100000003239859100,inbound_only,1,True,True,0.85,"18,600 KZT arrived and none was observed leaving; any payer outside the crawled set would not appear."
100000003241965100,inbound_only,3,True,True,0.85,"15,000 KZT arrived and none was observed leaving; any payer outside the crawled set would not appear."
100000003242289100,fully_observed,2,True,True,0.911,"Both directions observed, but 25% of what is reachable downstream ends at the crawl boundary, so the onward path is unknown."
100000003242795100,inbound_only,3,True,True,0.85,"111,000 KZT arrived and none was observed leaving; any payer outside the crawled set would not appear."
100000003246024100,fully_observed,2,True,True,0.871,"Both directions observed, but 25% of what is reachable downstream ends at the crawl boundary, so the onward path is unknown."
100000003247600100,truncated_at_depth,4,True,False,0.3,"At the four-hop crawl boundary: 58,000 KZT arrived from 1 payer and where it went next was never collected."
100000003249054100,fully_observed,2,True,True,0.86,"Both directions observed, but 50% of what is reachable downstream ends at the crawl boundary, so the onward path is unknown."
100000003252446100,truncated_at_depth,4,True,False,0.3,"At the four-hop crawl boundary: 108,600 KZT arrived from 1 payer and where it went next was never collected."
100000003254277100,fully_observed,3,True,True,0.7,"Both directions observed, but 100% of what is reachable downstream ends at the crawl boundary, so the onward path is unknown."
100000003254723100,inbound_only,2,True,True,0.85,"269,850 KZT arrived and none was observed leaving; any payer outside the crawled set would not appear."
100000003265158100,fully_observed,1,True,True,0.913,"Both directions observed, but 33% of what is reachable downstream ends at the crawl boundary, so the onward path is unknown."
100000003265658100,isolated,0,False,True,0.1,"No transfer observed in either direction in the window, so nothing about this account's behaviour is measurable from this dataset."
100000003270419100,inbound_only,3,True,True,0.85,"150,000 KZT arrived and none was observed leaving; any payer outside the crawled set would not appear."
100000003271151100,inbound_only,3,True,True,0.85,"127,294 KZT arrived and none was observed leaving; any payer outside the crawled set would not appear."
100000003275398100,fully_observed,2,True,True,0.92,Both directions observed within the crawl; a payer outside the crawled set would still not appear in this dataset.
100000003278020100,inbound_only,2,True,True,0.85,"190,000 KZT arrived and none was observed leaving; any payer outside the crawled set would not appear."
100000003284932100,inbound_only,1,True,True,0.85,"69,925 KZT arrived and none was observed leaving; any payer outside the crawled set would not appear."
100000003286537100,inbound_only,3,True,True,0.85,"153,000 KZT arrived and none was observed leaving; any payer outside the crawled set would not appear."
100000003289281100,truncated_at_depth,4,True,False,0.3,"At the four-hop crawl boundary: 40,000 KZT arrived from 1 payer and where it went next was never collected."
100000003289405100,inbound_only,2,True,True,0.85,"355,000 KZT arrived and none was observed leaving; any payer outside the crawled set would not appear."
100000003292191100,inbound_only,3,True,True,0.85,"112,000 KZT arrived and none was observed leaving; any payer outside the crawled set would not appear."
100000003292979100,inbound_only,2,True,True,0.85,"48,950 KZT arrived and none was observed leaving; any payer outside the crawled set would not appear."
100000003293377100,inbound_only,3,True,True,0.85,"50,000 KZT arrived and none was observed leaving; any payer outside the crawled set would not appear."
100000003299365100,fully_observed,1,True,True,0.933,"Both directions observed, but 3% of what is reachable downstream ends at the crawl boundary, so the onward path is unknown."
100000003321423100,inbound_only,2,True,True,0.85,"100,000 KZT arrived and none was observed leaving; any payer outside the crawled set would not appear."
100000003321895100,fully_observed,3,True,True,0.74,"Both directions observed, but 100% of what is reachable downstream ends at the crawl boundary, so the onward path is unknown."
100000003336565100,inbound_only,2,True,True,0.85,"16,550 KZT arrived and none was observed leaving; any payer outside the crawled set would not appear."
100000003338583100,inbound_only,3,True,True,0.85,"21,765 KZT arrived and none was observed leaving; any payer outside the crawled set would not appear."
100000003345947100,truncated_at_depth,4,True,False,0.38,"At the four-hop crawl boundary: 79,500 KZT arrived from 1 payer and where it went next was never collected."
100000003349739100,isolated,0,False,True,0.1,"No transfer observed in either direction in the window, so nothing about this account's behaviour is measurable from this dataset."
100000003360542100,fully_observed,2,True,True,0.92,"Both directions observed, but 20% of what is reachable downstream ends at the crawl boundary, so the onward path is unknown."
100000003366154100,fully_observed,1,True,True,0.98,Both directions observed within the crawl; a payer outside the crawled set would still not appear in this dataset.
100000003366471100,fully_observed,3,True,True,0.74,"Both directions observed, but 100% of what is reachable downstream ends at the crawl boundary, so the onward path is unknown."
100000003370425100,truncated_at_depth,4,True,False,0.3,"At the four-hop crawl boundary: 20,000 KZT arrived from 1 payer and where it went next was never collected."
100000003377795100,inbound_only,1,True,True,0.85,"7,000 KZT arrived and none was observed leaving; any payer outside the crawled set would not appear."
100000003390036100,fully_observed,2,True,True,0.92,"Both directions observed, but 20% of what is reachable downstream ends at the crawl boundary, so the onward path is unknown."
100000003404627100,inbound_only,1,True,True,0.85,"877,700 KZT arrived and none was observed leaving; any payer outside the crawled set would not appear."
100000003406094100,fully_observed,3,True,True,0.807,"Both directions observed, but 67% of what is reachable downstream ends at the crawl boundary, so the onward path is unknown."
100000003447411100,truncated_at_depth,4,True,False,0.38,"At the four-hop crawl boundary: 302,000 KZT arrived from 1 payer and where it went next was never collected."
100000003448713100,truncated_at_depth,4,True,False,0.3,"At the four-hop crawl boundary: 266,750 KZT arrived from 1 payer and where it went next was never collected."
100000003449074100,inbound_only,1,True,True,0.85,"10,000 KZT arrived and none was observed leaving; any payer outside the crawled set would not appear."
100000003457710100,fully_observed,3,True,True,0.74,"Both directions observed, but 100% of what is reachable downstream ends at the crawl boundary, so the onward path is unknown."
100000003470579100,truncated_at_depth,4,True,False,0.34,"At the four-hop crawl boundary: 357,000 KZT arrived from 1 payer and where it went next was never collected."
100000003476560100,inbound_only,1,True,True,0.85,"50,000 KZT arrived and none was observed leaving; any payer outside the crawled set would not appear."
100000003481025100,truncated_at_depth,4,True,False,0.3,"At the four-hop crawl boundary: 9,000 KZT arrived from 1 payer and where it went next was never collected."
100000003484058100,fully_observed,3,True,True,0.7,"Both directions observed, but 100% of what is reachable downstream ends at the crawl boundary, so the onward path is unknown."
100000003486846100,truncated_at_depth,4,True,False,0.34,"At the four-hop crawl boundary: 27,000 KZT arrived from 1 payer and where it went next was never collected."
100000003486970100,inbound_only,3,True,True,0.85,"150,000 KZT arrived and none was observed leaving; any payer outside the crawled set would not appear."
100000003497735100,inbound_only,3,True,True,0.85,"125,000 KZT arrived and none was observed leaving; any payer outside the crawled set would not appear."
100000003500764100,truncated_at_depth,4,True,False,0.3,"At the four-hop crawl boundary: 21,000 KZT arrived from 1 payer and where it went next was never collected."
100000003509750100,fully_observed,2,True,True,0.96,Both directions observed within the crawl; a payer outside the crawled set would still not appear in this dataset.
100000003528285100,fully_observed,3,True,True,0.93,"Both directions observed, but 5% of what is reachable downstream ends at the crawl boundary, so the onward path is unknown."
100000003557488100,fully_observed,3,True,True,0.88,"Both directions observed, but 30% of what is reachable downstream ends at the crawl boundary, so the onward path is unknown."
100000003561031100,fully_observed,3,True,True,0.7,"Both directions observed, but 100% of what is reachable downstream ends at the crawl boundary, so the onward path is unknown."
100000003567087100,inbound_only,1,True,True,0.85,"62,115 KZT arrived and none was observed leaving; any payer outside the crawled set would not appear."
100000003568904100,truncated_at_depth,4,True,False,0.3,"At the four-hop crawl boundary: 49,000 KZT arrived from 1 payer and where it went next was never collected."
100000003574895100,fully_observed,3,True,True,0.7,"Both directions observed, but 100% of what is reachable downstream ends at the crawl boundary, so the onward path is unknown."
100000003581109100,inbound_only,3,True,True,0.85,"42,750 KZT arrived and none was observed leaving; any payer outside the crawled set would not appear."
100000003582677100,fully_observed,3,True,True,0.891,"Both directions observed, but 25% of what is reachable downstream ends at the crawl boundary, so the onward path is unknown."
100000003589877100,fully_observed,1,True,True,0.98,Both directions observed within the crawl; a payer outside the crawled set would still not appear in this dataset.
100000003594472100,inbound_only,3,True,True,0.85,"20,000 KZT arrived and none was observed leaving; any payer outside the crawled set would not appear."
100000003603979100,inbound_only,2,True,True,0.85,"165,000 KZT arrived and none was observed leaving; any payer outside the crawled set would not appear."
100000003610172100,inbound_only,3,True,True,0.85,"70,000 KZT arrived and none was observed leaving; any payer outside the crawled set would not appear."
100000003616818100,fully_observed,1,True,True,0.968,"Both directions observed, but 6% of what is reachable downstream ends at the crawl boundary, so the onward path is unknown."
100000003617552100,inbound_only,2,True,True,0.85,"25,000 KZT arrived and none was observed leaving; any payer outside the crawled set would not appear."
100000003622955100,truncated_at_depth,4,True,False,0.3,"At the four-hop crawl boundary: 15,000 KZT arrived from 1 payer and where it went next was never collected."
100000003626268100,truncated_at_depth,4,True,False,0.3,"At the four-hop crawl boundary: 5,000 KZT arrived from 1 payer and where it went next was never collected."
100000003631015100,truncated_at_depth,4,True,False,0.3,"At the four-hop crawl boundary: 266,000 KZT arrived from 1 payer and where it went next was never collected."
100000003632533100,truncated_at_depth,4,True,False,0.3,"At the four-hop crawl boundary: 10,000 KZT arrived from 1 payer and where it went next was never collected."
100000003635170100,fully_observed,1,True,True,0.936,"Both directions observed, but 22% of what is reachable downstream ends at the crawl boundary, so the onward path is unknown."
100000003635660100,inbound_only,3,True,True,0.85,"18,985 KZT arrived and none was observed leaving; any payer outside the crawled set would not appear."
100000003636627100,fully_observed,3,True,True,0.94,Both directions observed within the crawl; a payer outside the crawled set would still not appear in this dataset.
100000003646145100,truncated_at_depth,4,True,False,0.3,"At the four-hop crawl boundary: 5,000 KZT arrived from 1 payer and where it went next was never collected."
100000003647799100,inbound_only,3,True,True,0.85,"100,000 KZT arrived and none was observed leaving; any payer outside the crawled set would not appear."
100000003650146100,inbound_only,3,True,True,0.85,"14,400 KZT arrived and none was observed leaving; any payer outside the crawled set would not appear."
100000003664994100,truncated_at_depth,4,True,False,0.34,"At the four-hop crawl boundary: 338,271 KZT arrived from 1 payer and where it went next was never collected."
100000003671721100,inbound_only,3,True,True,0.85,"5,000 KZT arrived and none was observed leaving; any payer outside the crawled set would not appear."
100000003677936100,fully_observed,3,True,True,0.74,"Both directions observed, but 100% of what is reachable downstream ends at the crawl boundary, so the onward path is unknown."
100000003684369100,outbound_only,0,True,True,0.6,"Seed account: money out was followed, money in was not, so its funding is outside the dataset (24 payers appear only as return traffic from inside the crawl)."
100000003692843100,truncated_at_depth,4,True,False,0.34,"At the four-hop crawl boundary: 510,000 KZT arrived from 1 payer and where it went next was never collected."
100000003696422100,truncated_at_depth,4,True,False,0.34,"At the four-hop crawl boundary: 118,000 KZT arrived from 1 payer and where it went next was never collected."
100000003701161100,fully_observed,1,True,True,0.944,"Both directions observed, but 18% of what is reachable downstream ends at the crawl boundary, so the onward path is unknown."
100000003711830100,inbound_only,3,True,True,0.85,"50,000 KZT arrived and none was observed leaving; any payer outside the crawled set would not appear."
100000003713616100,inbound_only,1,True,True,0.85,"15,893 KZT arrived and none was observed leaving; any payer outside the crawled set would not appear."
100000003718221100,fully_observed,2,True,True,0.924,"Both directions observed, but 18% of what is reachable downstream ends at the crawl boundary, so the onward path is unknown."
100000003718715100,truncated_at_depth,4,True,False,0.38,"At the four-hop crawl boundary: 915,000 KZT arrived from 1 payer and where it went next was never collected."
100000003724440100,inbound_only,2,True,True,0.85,"50,000 KZT arrived and none was observed leaving; any payer outside the crawled set would not appear."
100000003736419100,fully_observed,3,True,True,0.7,"Both directions observed, but 100% of what is reachable downstream ends at the crawl boundary, so the onward path is unknown."
100000003739818100,inbound_only,1,True,True,0.85,"57,293 KZT arrived and none was observed leaving; any payer outside the crawled set would not appear."
100000003741418100,fully_observed,2,True,True,0.887,"Both directions observed, but 36% of what is reachable downstream ends at the crawl boundary, so the onward path is unknown."
100000003747133100,fully_observed,2,True,True,0.84,"Both directions observed, but 60% of what is reachable downstream ends at the crawl boundary, so the onward path is unknown."
100000003760160100,inbound_only,3,True,True,0.85,"104,470 KZT arrived and none was observed leaving; any payer outside the crawled set would not appear."
100000003770083100,isolated,0,False,True,0.1,"No transfer observed in either direction in the window, so nothing about this account's behaviour is measurable from this dataset."
100000003781406100,inbound_only,3,True,True,0.85,"45,000 KZT arrived and none was observed leaving; any payer outside the crawled set would not appear."
100000003782913100,truncated_at_depth,4,True,False,0.3,"At the four-hop crawl boundary: 200,000 KZT arrived from 1 payer and where it went next was never collected."
100000003786516100,truncated_at_depth,4,True,False,0.3,"At the four-hop crawl boundary: 5,000 KZT arrived from 1 payer and where it went next was never collected."
100000003792647100,truncated_at_depth,4,True,False,0.3,"At the four-hop crawl boundary: 8,000 KZT arrived from 1 payer and where it went next was never collected."
100000003795588100,inbound_only,3,True,True,0.85,"400,000 KZT arrived and none was observed leaving; any payer outside the crawled set would not appear."
100000003796063100,fully_observed,3,True,True,0.891,"Both directions observed, but 25% of what is reachable downstream ends at the crawl boundary, so the onward path is unknown."
100000003798151100,inbound_only,2,True,True,0.85,"350,000 KZT arrived and none was observed leaving; any payer outside the crawled set would not appear."
100000003809101100,fully_observed,1,True,True,0.94,"Both directions observed, but 20% of what is reachable downstream ends at the crawl boundary, so the onward path is unknown."
100000003814002100,inbound_only,3,True,True,0.85,"30,000 KZT arrived and none was observed leaving; any payer outside the crawled set would not appear."
100000003819173100,truncated_at_depth,4,True,False,0.3,"At the four-hop crawl boundary: 143,777 KZT arrived from 1 payer and where it went next was never collected."
100000003823811100,fully_observed,2,True,True,0.96,Both directions observed within the crawl; a payer outside the crawled set would still not appear in this dataset.
100000003824464100,inbound_only,2,True,True,0.85,"200,000 KZT arrived and none was observed leaving; any payer outside the crawled set would not appear."
100000003831201100,inbound_only,2,True,True,0.85,"40,500 KZT arrived and none was observed leaving; any payer outside the crawled set would not appear."
100000003831324100,inbound_only,1,True,True,0.85,"300,000 KZT arrived and none was observed leaving; any payer outside the crawled set would not appear."
100000003832231100,inbound_only,1,True,True,0.85,"35,000 KZT arrived and none was observed leaving; any payer outside the crawled set would not appear."
100000003834495100,fully_observed,3,True,True,0.94,Both directions observed within the crawl; a payer outside the crawled set would still not appear in this dataset.
100000003835149100,fully_observed,1,True,True,0.98,Both directions observed within the crawl; a payer outside the crawled set would still not appear in this dataset.
100000003838587100,truncated_at_depth,4,True,False,0.3,"At the four-hop crawl boundary: 6,000 KZT arrived from 1 payer and where it went next was never collected."
100000003843844100,fully_observed,3,True,True,0.7,"Both directions observed, but 100% of what is reachable downstream ends at the crawl boundary, so the onward path is unknown."
100000003854444100,fully_observed,2,True,True,0.911,"Both directions observed, but 25% of what is reachable downstream ends at the crawl boundary, so the onward path is unknown."
100000003865939100,inbound_only,1,True,True,0.85,"81,465 KZT arrived and none was observed leaving; any payer outside the crawled set would not appear."
100000003873332100,fully_observed,1,True,True,0.931,"Both directions observed, but 25% of what is reachable downstream ends at the crawl boundary, so the onward path is unknown."
100000003877908100,inbound_only,1,True,True,0.85,"40,000 KZT arrived and none was observed leaving; any payer outside the crawled set would not appear."
100000003880331100,fully_observed,3,True,True,0.891,"Both directions observed, but 25% of what is reachable downstream ends at the crawl boundary, so the onward path is unknown."
100000003886323100,fully_observed,1,True,True,0.98,Both directions observed within the crawl; a payer outside the crawled set would still not appear in this dataset.
100000003888197100,inbound_only,3,True,True,0.85,"83,167 KZT arrived and none was observed leaving; any payer outside the crawled set would not appear."
100000003888271100,fully_observed,1,True,True,0.98,Both directions observed within the crawl; a payer outside the crawled set would still not appear in this dataset.
100000003888527100,inbound_only,3,True,True,0.85,"30,000 KZT arrived and none was observed leaving; any payer outside the crawled set would not appear."
100000003896956100,fully_observed,3,True,True,0.74,"Both directions observed, but 100% of what is reachable downstream ends at the crawl boundary, so the onward path is unknown."
100000003899325100,inbound_only,3,True,True,0.85,"50,120 KZT arrived and none was observed leaving; any payer outside the crawled set would not appear."
100000003899899100,fully_observed,3,True,True,0.74,"Both directions observed, but 100% of what is reachable downstream ends at the crawl boundary, so the onward path is unknown."
100000003900547100,inbound_only,1,True,True,0.85,"23,700 KZT arrived and none was observed leaving; any payer outside the crawled set would not appear."
100000003904497100,truncated_at_depth,4,True,False,0.3,"At the four-hop crawl boundary: 10,000 KZT arrived from 1 payer and where it went next was never collected."
100000003917461100,fully_observed,3,True,True,0.84,"Both directions observed, but 50% of what is reachable downstream ends at the crawl boundary, so the onward path is unknown."
100000003920950100,inbound_only,3,True,True,0.85,"323,290 KZT arrived and none was observed leaving; any payer outside the crawled set would not appear."
100000003922499100,inbound_only,2,True,True,0.85,"50,000 KZT arrived and none was observed leaving; any payer outside the crawled set would not appear."
100000003923946100,fully_observed,1,True,True,0.98,Both directions observed within the crawl; a payer outside the crawled set would still not appear in this dataset.
100000003927792100,inbound_only,2,True,True,0.85,"13,067 KZT arrived and none was observed leaving; any payer outside the crawled set would not appear."
100000003934614100,fully_observed,3,True,True,0.87,"Both directions observed, but 35% of what is reachable downstream ends at the crawl boundary, so the onward path is unknown."
100000003942602100,fully_observed,1,True,True,0.937,"Both directions observed, but 1% of what is reachable downstream ends at the crawl boundary, so the onward path is unknown."
100000003943247100,inbound_only,3,True,True,0.85,"40,000 KZT arrived and none was observed leaving; any payer outside the crawled set would not appear."
100000003943483100,inbound_only,2,True,True,0.85,"10,000 KZT arrived and none was observed leaving; any payer outside the crawled set would not appear."
100000003946524100,fully_observed,1,True,True,0.98,Both directions observed within the crawl; a payer outside the crawled set would still not appear in this dataset.
100000003950749100,truncated_at_depth,4,True,False,0.3,"At the four-hop crawl boundary: 7,000 KZT arrived from 1 payer and where it went next was never collected."
100000003951827100,fully_observed,3,True,True,0.873,"Both directions observed, but 33% of what is reachable downstream ends at the crawl boundary, so the onward path is unknown."
100000003962994100,inbound_only,3,True,True,0.85,"10,000 KZT arrived and none was observed leaving; any payer outside the crawled set would not appear."
100000003964910100,inbound_only,3,True,True,0.85,"1,000,000 KZT arrived and none was observed leaving; any payer outside the crawled set would not appear."
100000003968044100,fully_observed,3,True,True,0.891,"Both directions observed, but 25% of what is reachable downstream ends at the crawl boundary, so the onward path is unknown."
100000003970394100,inbound_only,1,True,True,0.85,"85,000 KZT arrived and none was observed leaving; any payer outside the crawled set would not appear."
100000003971049100,inbound_only,2,True,True,0.85,"55,900 KZT arrived and none was observed leaving; any payer outside the crawled set would not appear."
100000003975102100,outbound_only,0,True,True,0.6,"Seed account: money out was followed, money in was not, so its funding is outside the dataset (1 payer appear only as return traffic from inside the crawl)."
100000003977183100,outbound_only,0,True,True,0.6,"Seed account: money out was followed, money in was not, so its funding is outside the dataset (2 payers appear only as return traffic from inside the crawl)."
100000003980083100,inbound_only,1,True,True,0.85,"30,000 KZT arrived and none was observed leaving; any payer outside the crawled set would not appear."
100000003985389100,truncated_at_depth,4,True,False,0.38,"At the four-hop crawl boundary: 422,698 KZT arrived from 1 payer and where it went next was never collected."
100000003986141100,inbound_only,3,True,True,0.85,"5,286 KZT arrived and none was observed leaving; any payer outside the crawled set would not appear."
100000003988112100,fully_observed,2,True,True,0.911,"Both directions observed, but 25% of what is reachable downstream ends at the crawl boundary, so the onward path is unknown."
100000003989033100,truncated_at_depth,4,True,False,0.38,"At the four-hop crawl boundary: 373,400 KZT arrived from 1 payer and where it went next was never collected."
100000003996562100,inbound_only,3,True,True,0.85,"7,700 KZT arrived and none was observed leaving; any payer outside the crawled set would not appear."
100000004004621100,inbound_only,1,True,True,0.85,"75,389 KZT arrived and none was observed leaving; any payer outside the crawled set would not appear."
100000004005964100,fully_observed,1,True,True,0.968,"Both directions observed, but 6% of what is reachable downstream ends at the crawl boundary, so the onward path is unknown."
100000004006327100,truncated_at_depth,4,True,False,0.38,"At the four-hop crawl boundary: 300,000 KZT arrived from 1 payer and where it went next was never collected."
100000004007116100,outbound_only,0,True,True,0.6,"Seed account: money out was followed, money in was not, so its funding is outside the dataset (3 payers appear only as return traffic from inside the crawl)."
100000004007197100,inbound_only,3,True,True,0.85,"10,048 KZT arrived and none was observed leaving; any payer outside the crawled set would not appear."
100000004013952100,truncated_at_depth,4,True,False,0.3,"At the four-hop crawl boundary: 5,500 KZT arrived from 1 payer and where it went next was never collected."
100000004015047100,fully_observed,1,True,True,0.98,Both directions observed within the crawl; a payer outside the crawled set would still not appear in this dataset.
100000004017410100,fully_observed,3,True,True,0.87,"Both directions observed, but 35% of what is reachable downstream ends at the crawl boundary, so the onward path is unknown."
100000004019056100,truncated_at_depth,4,True,False,0.3,"At the four-hop crawl boundary: 50,000 KZT arrived from 1 payer and where it went next was never collected."
100000004019124100,inbound_only,0,True,True,0.85,"Seed account with no observed outgoing transfer; the 3 payers visible are return traffic from inside the crawl, not its funding side."
100000004021459100,isolated,0,False,True,0.1,"No transfer observed in either direction in the window, so nothing about this account's behaviour is measurable from this dataset."
100000004030553100,truncated_at_depth,4,True,False,0.3,"At the four-hop crawl boundary: 70,000 KZT arrived from 1 payer and where it went next was never collected."
100000004035925100,truncated_at_depth,4,True,False,0.34,"At the four-hop crawl boundary: 1,111,588 KZT arrived from 1 payer and where it went next was never collected."
100000004041163100,outbound_only,0,True,True,0.6,"Seed account: money out was followed, money in was not, so its funding is outside the dataset (1 payer appear only as return traffic from inside the crawl)."
100000004041294100,truncated_at_depth,4,True,False,0.34,"At the four-hop crawl boundary: 17,800 KZT arrived from 1 payer and where it went next was never collected."
100000004047887100,truncated_at_depth,4,True,False,0.3,"At the four-hop crawl boundary: 30,000 KZT arrived from 1 payer and where it went next was never collected."
100000004049912100,truncated_at_depth,4,True,False,0.3,"At the four-hop crawl boundary: 10,000 KZT arrived from 1 payer and where it went next was never collected."
100000004058740100,inbound_only,1,True,True,0.85,"30,000 KZT arrived and none was observed leaving; any payer outside the crawled set would not appear."
100000004064431100,fully_observed,3,True,True,0.7,"Both directions observed, but 100% of what is reachable downstream ends at the crawl boundary, so the onward path is unknown."
100000004066370100,truncated_at_depth,4,True,False,0.34,"At the four-hop crawl boundary: 65,000 KZT arrived from 1 payer and where it went next was never collected."
100000004066647100,inbound_only,3,True,True,0.85,"51,000 KZT arrived and none was observed leaving; any payer outside the crawled set would not appear."
100000004070318100,fully_observed,1,True,True,0.931,"Both directions observed, but 25% of what is reachable downstream ends at the crawl boundary, so the onward path is unknown."
100000004070530100,truncated_at_depth,4,True,False,0.3,"At the four-hop crawl boundary: 20,000 KZT arrived from 1 payer and where it went next was never collected."
100000004071070100,fully_observed,2,True,True,0.96,Both directions observed within the crawl; a payer outside the crawled set would still not appear in this dataset.
100000004071080100,fully_observed,1,True,True,0.98,Both directions observed within the crawl; a payer outside the crawled set would still not appear in this dataset.
100000004071444100,fully_observed,3,True,True,0.7,"Both directions observed, but 100% of what is reachable downstream ends at the crawl boundary, so the onward path is unknown."
100000004076740100,fully_observed,1,True,True,0.91,"Both directions observed, but 35% of what is reachable downstream ends at the crawl boundary, so the onward path is unknown."
100000004077081100,fully_observed,3,True,True,0.931,"Both directions observed, but 4% of what is reachable downstream ends at the crawl boundary, so the onward path is unknown."
100000004094958100,fully_observed,1,True,True,0.94,Both directions observed within the crawl; a payer outside the crawled set would still not appear in this dataset.
100000004096559100,inbound_only,3,True,True,0.85,"46,200 KZT arrived and none was observed leaving; any payer outside the crawled set would not appear."
100000004097972100,fully_observed,3,True,True,0.74,"Both directions observed, but 100% of what is reachable downstream ends at the crawl boundary, so the onward path is unknown."
100000004099450100,inbound_only,3,True,True,0.85,"31,000 KZT arrived and none was observed leaving; any payer outside the crawled set would not appear."
100000004105288100,inbound_only,1,True,True,0.85,"215,000 KZT arrived and none was observed leaving; any payer outside the crawled set would not appear."
100000004107228100,truncated_at_depth,4,True,False,0.3,"At the four-hop crawl boundary: 5,000 KZT arrived from 1 payer and where it went next was never collected."
100000004114962100,inbound_only,3,True,True,0.85,"165,000 KZT arrived and none was observed leaving; any payer outside the crawled set would not appear."
100000004130144100,inbound_only,1,True,True,0.85,"200,000 KZT arrived and none was observed leaving; any payer outside the crawled set would not appear."
100000004134060100,inbound_only,2,True,True,0.85,"88,179 KZT arrived and none was observed leaving; any payer outside the crawled set would not appear."
100000004135268100,fully_observed,1,True,True,0.98,Both directions observed within the crawl; a payer outside the crawled set would still not appear in this dataset.
100000004140487100,fully_observed,3,True,True,0.891,"Both directions observed, but 25% of what is reachable downstream ends at the crawl boundary, so the onward path is unknown."
100000004140994100,inbound_only,3,True,True,0.85,"18,650 KZT arrived and none was observed leaving; any payer outside the crawled set would not appear."
100000004144536100,inbound_only,1,True,True,0.85,"168,000 KZT arrived and none was observed leaving; any payer outside the crawled set would not appear."
100000004150593100,fully_observed,2,True,True,0.911,"Both directions observed, but 25% of what is reachable downstream ends at the crawl boundary, so the onward path is unknown."
100000004156082100,fully_observed,1,True,True,0.931,"Both directions observed, but 25% of what is reachable downstream ends at the crawl boundary, so the onward path is unknown."
100000004158362100,inbound_only,2,True,True,0.85,"12,000 KZT arrived and none was observed leaving; any payer outside the crawled set would not appear."
100000004159526100,fully_observed,1,True,True,0.98,Both directions observed within the crawl; a payer outside the crawled set would still not appear in this dataset.
100000004160650100,fully_observed,2,True,True,0.948,"Both directions observed, but 6% of what is reachable downstream ends at the crawl boundary, so the onward path is unknown."
100000004167082100,truncated_at_depth,4,True,False,0.3,"At the four-hop crawl boundary: 13,300 KZT arrived from 1 payer and where it went next was never collected."
100000004174835100,isolated,0,False,True,0.1,"No transfer observed in either direction in the window, so nothing about this account's behaviour is measurable from this dataset."
100000004177936100,truncated_at_depth,4,True,False,0.3,"At the four-hop crawl boundary: 10,000 KZT arrived from 1 payer and where it went next was never collected."
100000004180097100,fully_observed,1,True,True,0.858,"Both directions observed, but 61% of what is reachable downstream ends at the crawl boundary, so the onward path is unknown."
100000004183610100,fully_observed,3,True,True,0.74,"Both directions observed, but 100% of what is reachable downstream ends at the crawl boundary, so the onward path is unknown."
100000004184158100,inbound_only,3,True,True,0.85,"203,805 KZT arrived and none was observed leaving; any payer outside the crawled set would not appear."
100000004185681100,inbound_only,3,True,True,0.85,"10,000 KZT arrived and none was observed leaving; any payer outside the crawled set would not appear."
100000004186824100,fully_observed,1,True,True,0.966,"Both directions observed, but 7% of what is reachable downstream ends at the crawl boundary, so the onward path is unknown."
100000004188160100,fully_observed,1,True,True,0.931,"Both directions observed, but 25% of what is reachable downstream ends at the crawl boundary, so the onward path is unknown."
100000004192107100,inbound_only,2,True,True,0.85,"25,000 KZT arrived and none was observed leaving; any payer outside the crawled set would not appear."
100000004192865100,inbound_only,2,True,True,0.85,"66,666 KZT arrived and none was observed leaving; any payer outside the crawled set would not appear."
100000004193835100,outbound_only,0,True,True,0.6,"Seed account: money out was followed, money in was not, so its funding is outside the dataset (1 payer appear only as return traffic from inside the crawl)."
100000004200745100,truncated_at_depth,4,True,False,0.38,"At the four-hop crawl boundary: 130,000 KZT arrived from 1 payer and where it went next was never collected."
100000004206046100,inbound_only,1,True,True,0.85,"11,075 KZT arrived and none was observed leaving; any payer outside the crawled set would not appear."
100000004209339100,fully_observed,2,True,True,0.916,"Both directions observed, but 22% of what is reachable downstream ends at the crawl boundary, so the onward path is unknown."
100000004213658100,inbound_only,1,True,True,0.85,"25,347 KZT arrived and none was observed leaving; any payer outside the crawled set would not appear."
100000004217419100,fully_observed,3,True,True,0.74,"Both directions observed, but 100% of what is reachable downstream ends at the crawl boundary, so the onward path is unknown."
100000004218576100,inbound_only,1,True,True,0.85,"26,144 KZT arrived and none was observed leaving; any payer outside the crawled set would not appear."
100000004221668100,fully_observed,2,True,True,0.91,"Both directions observed, but 25% of what is reachable downstream ends at the crawl boundary, so the onward path is unknown."
100000004222274100,truncated_at_depth,4,True,False,0.3,"At the four-hop crawl boundary: 15,500 KZT arrived from 1 payer and where it went next was never collected."
100000004225615100,inbound_only,2,True,True,0.85,"90,000 KZT arrived and none was observed leaving; any payer outside the crawled set would not appear."
100000004226848100,inbound_only,1,True,True,0.85,"301,866 KZT arrived and none was observed leaving; any payer outside the crawled set would not appear."
100000004232712100,truncated_at_depth,4,True,False,0.3,"At the four-hop crawl boundary: 12,500 KZT arrived from 1 payer and where it went next was never collected."
100000004235471100,truncated_at_depth,4,True,False,0.3,"At the four-hop crawl boundary: 180,000 KZT arrived from 1 payer and where it went next was never collected."
100000004241142100,truncated_at_depth,4,True,False,0.3,"At the four-hop crawl boundary: 27,102 KZT arrived from 1 payer and where it went next was never collected."
100000004254434100,inbound_only,1,True,True,0.85,"44,445 KZT arrived and none was observed leaving; any payer outside the crawled set would not appear."
100000004257714100,inbound_only,3,True,True,0.85,"52,220 KZT arrived and none was observed leaving; any payer outside the crawled set would not appear."
100000004260869100,truncated_at_depth,4,True,False,0.3,"At the four-hop crawl boundary: 10,000 KZT arrived from 1 payer and where it went next was never collected."
100000004261340100,truncated_at_depth,4,True,False,0.38,"At the four-hop crawl boundary: 48,500 KZT arrived from 1 payer and where it went next was never collected."
100000004263867100,truncated_at_depth,4,True,False,0.3,"At the four-hop crawl boundary: 9,000 KZT arrived from 1 payer and where it went next was never collected."
100000004265639100,truncated_at_depth,4,True,False,0.3,"At the four-hop crawl boundary: 10,000 KZT arrived from 1 payer and where it went next was never collected."
100000004268036100,truncated_at_depth,4,True,False,0.3,"At the four-hop crawl boundary: 5,500 KZT arrived from 1 payer and where it went next was never collected."
100000004269433100,outbound_only,0,False,True,0.6,"Seed account: money out was followed, money in was not, so its funding is outside the dataset (no payer appears at all)."
100000004272302100,truncated_at_depth,4,True,False,0.3,"At the four-hop crawl boundary: 10,000 KZT arrived from 1 payer and where it went next was never collected."
100000004278574100,fully_observed,3,True,True,0.7,"Both directions observed, but 100% of what is reachable downstream ends at the crawl boundary, so the onward path is unknown."
100000004285800100,fully_observed,2,True,True,0.92,Both directions observed within the crawl; a payer outside the crawled set would still not appear in this dataset.
100000004286573100,inbound_only,1,True,True,0.85,"16,590 KZT arrived and none was observed leaving; any payer outside the crawled set would not appear."
100000004291560100,inbound_only,3,True,True,0.85,"47,190 KZT arrived and none was observed leaving; any payer outside the crawled set would not appear."
100000004291663100,truncated_at_depth,4,True,False,0.3,"At the four-hop crawl boundary: 25,000 KZT arrived from 1 payer and where it went next was never collected."
100000004292885100,inbound_only,3,True,True,0.85,"112,700 KZT arrived and none was observed leaving; any payer outside the crawled set would not appear."
100000004299488100,fully_observed,1,True,True,0.98,Both directions observed within the crawl; a payer outside the crawled set would still not appear in this dataset.
100000004315838100,fully_observed,1,True,True,0.98,Both directions observed within the crawl; a payer outside the crawled set would still not appear in this dataset.
100000004318918100,inbound_only,1,True,True,0.85,"75,600 KZT arrived and none was observed leaving; any payer outside the crawled set would not appear."
100000004321983100,fully_observed,3,True,True,0.89,"Both directions observed, but 25% of what is reachable downstream ends at the crawl boundary, so the onward path is unknown."
100000004325327100,fully_observed,1,True,True,0.98,Both directions observed within the crawl; a payer outside the crawled set would still not appear in this dataset.
100000004326224100,truncated_at_depth,4,True,False,0.3,"At the four-hop crawl boundary: 60,000 KZT arrived from 1 payer and where it went next was never collected."
100000004330371100,fully_observed,1,True,True,0.931,"Both directions observed, but 25% of what is reachable downstream ends at the crawl boundary, so the onward path is unknown."
100000004331458100,inbound_only,2,True,True,0.85,"250,000 KZT arrived and none was observed leaving; any payer outside the crawled set would not appear."
100000004336228100,inbound_only,3,True,True,0.85,"51,407 KZT arrived and none was observed leaving; any payer outside the crawled set would not appear."
100000004336312100,fully_observed,2,True,True,0.89,"Both directions observed, but 35% of what is reachable downstream ends at the crawl boundary, so the onward path is unknown."
100000004340038100,fully_observed,3,True,True,0.7,"Both directions observed, but 100% of what is reachable downstream ends at the crawl boundary, so the onward path is unknown."
100000004350094100,truncated_at_depth,4,True,False,0.3,"At the four-hop crawl boundary: 20,000 KZT arrived from 1 payer and where it went next was never collected."
100000004351795100,fully_observed,1,True,True,0.931,"Both directions observed, but 25% of what is reachable downstream ends at the crawl boundary, so the onward path is unknown."
100000004356593100,fully_observed,2,True,True,0.92,Both directions observed within the crawl; a payer outside the crawled set would still not appear in this dataset.
100000004358004100,outbound_only,0,False,True,0.6,"Seed account: money out was followed, money in was not, so its funding is outside the dataset (no payer appears at all)."
100000004360785100,inbound_only,1,True,True,0.85,"94,705 KZT arrived and none was observed leaving; any payer outside the crawled set would not appear."
100000004368189100,fully_observed,3,True,True,0.74,"Both directions observed, but 100% of what is reachable downstream ends at the crawl boundary, so the onward path is unknown."
100000004377043100,truncated_at_depth,4,True,False,0.3,"At the four-hop crawl boundary: 5,700 KZT arrived from 1 payer and where it went next was never collected."
100000004379306100,truncated_at_depth,4,True,False,0.3,"At the four-hop crawl boundary: 15,000 KZT arrived from 1 payer and where it went next was never collected."
100000004386258100,fully_observed,2,True,True,0.86,"Both directions observed, but 50% of what is reachable downstream ends at the crawl boundary, so the onward path is unknown."
100000004386286100,truncated_at_depth,4,True,False,0.3,"At the four-hop crawl boundary: 12,500 KZT arrived from 1 payer and where it went next was never collected."
100000004386331100,fully_observed,3,True,True,0.84,"Both directions observed, but 50% of what is reachable downstream ends at the crawl boundary, so the onward path is unknown."
100000004388209100,inbound_only,1,True,True,0.85,"11,800 KZT arrived and none was observed leaving; any payer outside the crawled set would not appear."
100000004388353100,inbound_only,1,True,True,0.85,"62,960 KZT arrived and none was observed leaving; any payer outside the crawled set would not appear."
100000004388983100,outbound_only,0,False,True,0.6,"Seed account: money out was followed, money in was not, so its funding is outside the dataset (no payer appears at all)."
100000004390333100,fully_observed,1,True,True,0.931,"Both directions observed, but 25% of what is reachable downstream ends at the crawl boundary, so the onward path is unknown."
100000004394765100,fully_observed,1,True,True,0.98,Both directions observed within the crawl; a payer outside the crawled set would still not appear in this dataset.
100000004398811100,fully_observed,2,True,True,0.96,Both directions observed within the crawl; a payer outside the crawled set would still not appear in this dataset.
100000004399686100,inbound_only,3,True,True,0.85,"806,000 KZT arrived and none was observed leaving; any payer outside the crawled set would not appear."
100000004400305100,fully_observed,2,True,True,0.911,"Both directions observed, but 25% of what is reachable downstream ends at the crawl boundary, so the onward path is unknown."
100000004400361100,inbound_only,2,True,True,0.85,"10,000 KZT arrived and none was observed leaving; any payer outside the crawled set would not appear."
100000004400480100,truncated_at_depth,4,True,False,0.3,"At the four-hop crawl boundary: 21,700 KZT arrived from 1 payer and where it went next was never collected."
100000004403548100,truncated_at_depth,4,True,False,0.3,"At the four-hop crawl boundary: 5,000 KZT arrived from 1 payer and where it went next was never collected."
100000004403641100,truncated_at_depth,4,True,False,0.3,"At the four-hop crawl boundary: 171,500 KZT arrived from 1 payer and where it went next was never collected."
100000004403675100,fully_observed,1,True,True,0.931,"Both directions observed, but 25% of what is reachable downstream ends at the crawl boundary, so the onward path is unknown."
100000004407753100,fully_observed,3,True,True,0.848,"Both directions observed, but 46% of what is reachable downstream ends at the crawl boundary, so the onward path is unknown."
100000004408683100,inbound_only,1,True,True,0.85,"112,920 KZT arrived and none was observed leaving; any payer outside the crawled set would not appear."
100000004410489100,inbound_only,2,True,True,0.85,"54,000 KZT arrived and none was observed leaving; any payer outside the crawled set would not appear."
100000004417753100,inbound_only,3,True,True,0.85,"192,099 KZT arrived and none was observed leaving; any payer outside the crawled set would not appear."
100000004418967100,truncated_at_depth,4,True,False,0.3,"At the four-hop crawl boundary: 100,000 KZT arrived from 1 payer and where it went next was never collected."
100000004420041100,fully_observed,3,True,True,0.863,"Both directions observed, but 38% of what is reachable downstream ends at the crawl boundary, so the onward path is unknown."
100000004424023100,fully_observed,2,True,True,0.92,Both directions observed within the crawl; a payer outside the crawled set would still not appear in this dataset.
100000004433250100,truncated_at_depth,4,True,False,0.3,"At the four-hop crawl boundary: 8,000 KZT arrived from 1 payer and where it went next was never collected."
100000004435304100,inbound_only,2,True,True,0.85,"26,200 KZT arrived and none was observed leaving; any payer outside the crawled set would not appear."
100000004441291100,inbound_only,2,True,True,0.85,"20,000 KZT arrived and none was observed leaving; any payer outside the crawled set would not appear."
100000004445291100,inbound_only,3,True,True,0.85,"19,500 KZT arrived and none was observed leaving; any payer outside the crawled set would not appear."
100000004449824100,truncated_at_depth,4,True,False,0.3,"At the four-hop crawl boundary: 9,000 KZT arrived from 1 payer and where it went next was never collected."
100000004450649100,fully_observed,3,True,True,0.932,"Both directions observed, but 4% of what is reachable downstream ends at the crawl boundary, so the onward path is unknown."
100000004451012100,fully_observed,3,True,True,0.74,"Both directions observed, but 100% of what is reachable downstream ends at the crawl boundary, so the onward path is unknown."
100000004456564100,inbound_only,2,True,True,0.85,"10,000 KZT arrived and none was observed leaving; any payer outside the crawled set would not appear."
100000004463277100,inbound_only,2,True,True,0.85,"35,000 KZT arrived and none was observed leaving; any payer outside the crawled set would not appear."
100000004467157100,fully_observed,2,True,True,0.89,"Both directions observed, but 35% of what is reachable downstream ends at the crawl boundary, so the onward path is unknown."
100000004472936100,truncated_at_depth,4,True,False,0.3,"At the four-hop crawl boundary: 5,000 KZT arrived from 1 payer and where it went next was never collected."
100000004475818100,fully_observed,3,True,True,0.914,"Both directions observed, but 13% of what is reachable downstream ends at the crawl boundary, so the onward path is unknown."
100000004479404100,fully_observed,2,True,True,0.8,"Both directions observed, but 80% of what is reachable downstream ends at the crawl boundary, so the onward path is unknown."
100000004480280100,fully_observed,1,True,True,0.98,Both directions observed within the crawl; a payer outside the crawled set would still not appear in this dataset.
100000004486525100,fully_observed,2,True,True,0.96,Both directions observed within the crawl; a payer outside the crawled set would still not appear in this dataset.
100000004488265100,inbound_only,3,True,True,0.85,"38,740 KZT arrived and none was observed leaving; any payer outside the crawled set would not appear."
100000004491749100,inbound_only,3,True,True,0.85,"50,000 KZT arrived and none was observed leaving; any payer outside the crawled set would not appear."
100000004491881100,inbound_only,1,True,True,0.85,"17,144 KZT arrived and none was observed leaving; any payer outside the crawled set would not appear."
100000004493586100,inbound_only,3,True,True,0.85,"7,500 KZT arrived and none was observed leaving; any payer outside the crawled set would not appear."
100000004494983100,inbound_only,1,True,True,0.85,"35,000 KZT arrived and none was observed leaving; any payer outside the crawled set would not appear."
100000004497606100,inbound_only,1,True,True,0.85,"15,534 KZT arrived and none was observed leaving; any payer outside the crawled set would not appear."
100000004500444100,fully_observed,3,True,True,0.74,"Both directions observed, but 100% of what is reachable downstream ends at the crawl boundary, so the onward path is unknown."
100000004500781100,truncated_at_depth,4,True,False,0.38,"At the four-hop crawl boundary: 74,000 KZT arrived from 1 payer and where it went next was never collected."
100000004502048100,truncated_at_depth,4,True,False,0.3,"At the four-hop crawl boundary: 13,888 KZT arrived from 1 payer and where it went next was never collected."
100000004508696100,fully_observed,3,True,True,0.86,"Both directions observed, but 40% of what is reachable downstream ends at the crawl boundary, so the onward path is unknown."
100000004509286100,inbound_only,1,True,True,0.85,"40,000 KZT arrived and none was observed leaving; any payer outside the crawled set would not appear."
100000004526651100,truncated_at_depth,4,True,False,0.3,"At the four-hop crawl boundary: 33,000 KZT arrived from 1 payer and where it went next was never collected."
100000004527381100,fully_observed,2,True,True,0.871,"Both directions observed, but 25% of what is reachable downstream ends at the crawl boundary, so the onward path is unknown."
100000004539443100,inbound_only,3,True,True,0.85,"61,990 KZT arrived and none was observed leaving; any payer outside the crawled set would not appear."
100000004544958100,fully_observed,2,True,True,0.96,Both directions observed within the crawl; a payer outside the crawled set would still not appear in this dataset.
100000004549591100,truncated_at_depth,4,True,False,0.3,"At the four-hop crawl boundary: 49,000 KZT arrived from 1 payer and where it went next was never collected."
100000004552204100,fully_observed,3,True,True,0.84,"Both directions observed, but 50% of what is reachable downstream ends at the crawl boundary, so the onward path is unknown."
100000004553349100,inbound_only,3,True,True,0.85,"7,755 KZT arrived and none was observed leaving; any payer outside the crawled set would not appear."
100000004559194100,inbound_only,1,True,True,0.85,"282,145 KZT arrived and none was observed leaving; any payer outside the crawled set would not appear."
100000004564736100,inbound_only,3,True,True,0.85,"15,000 KZT arrived and none was observed leaving; any payer outside the crawled set would not appear."
100000004569484100,fully_observed,3,True,True,0.891,"Both directions observed, but 25% of what is reachable downstream ends at the crawl boundary, so the onward path is unknown."
100000004569637100,truncated_at_depth,4,True,False,0.3,"At the four-hop crawl boundary: 5,500 KZT arrived from 1 payer and where it went next was never collected."
100000004571634100,truncated_at_depth,4,True,False,0.3,"At the four-hop crawl boundary: 20,000 KZT arrived from 1 payer and where it went next was never collected."
100000004573782100,inbound_only,2,True,True,0.85,"15,000 KZT arrived and none was observed leaving; any payer outside the crawled set would not appear."
100000004580202100,fully_observed,2,True,True,0.96,Both directions observed within the crawl; a payer outside the crawled set would still not appear in this dataset.
100000004580254100,inbound_only,3,True,True,0.85,"27,940 KZT arrived and none was observed leaving; any payer outside the crawled set would not appear."
100000004584730100,truncated_at_depth,4,True,False,0.3,"At the four-hop crawl boundary: 47,000 KZT arrived from 1 payer and where it went next was never collected."
100000004586598100,truncated_at_depth,4,True,False,0.38,"At the four-hop crawl boundary: 761,255 KZT arrived from 1 payer and where it went next was never collected."
100000004587414100,inbound_only,3,True,True,0.85,"533,603 KZT arrived and none was observed leaving; any payer outside the crawled set would not appear."
100000004588479100,inbound_only,1,True,True,0.85,"177,633 KZT arrived and none was observed leaving; any payer outside the crawled set would not appear."
100000004591973100,fully_observed,3,True,True,0.7,"Both directions observed, but 100% of what is reachable downstream ends at the crawl boundary, so the onward path is unknown."
100000004592467100,inbound_only,2,True,True,0.85,"7,000 KZT arrived and none was observed leaving; any payer outside the crawled set would not appear."
100000004596284100,truncated_at_depth,4,True,False,0.3,"At the four-hop crawl boundary: 30,000 KZT arrived from 1 payer and where it went next was never collected."
100000004601193100,truncated_at_depth,4,True,False,0.38,"At the four-hop crawl boundary: 84,000 KZT arrived from 1 payer and where it went next was never collected."
100000004603109100,fully_observed,3,True,True,0.94,Both directions observed within the crawl; a payer outside the crawled set would still not appear in this dataset.
100000004610802100,truncated_at_depth,4,True,False,0.38,"At the four-hop crawl boundary: 241,000 KZT arrived from 1 payer and where it went next was never collected."
100000004611571100,inbound_only,3,True,True,0.85,"22,550 KZT arrived and none was observed leaving; any payer outside the crawled set would not appear."
100000004613582100,fully_observed,3,True,True,0.9,Both directions observed within the crawl; a payer outside the crawled set would still not appear in this dataset.
100000004616845100,truncated_at_depth,4,True,False,0.34,"At the four-hop crawl boundary: 20,200 KZT arrived from 1 payer and where it went next was never collected."
100000004622227100,fully_observed,1,True,True,0.927,"Both directions observed, but 26% of what is reachable downstream ends at the crawl boundary, so the onward path is unknown."
100000004629688100,fully_observed,3,True,True,0.9,"Both directions observed, but 20% of what is reachable downstream ends at the crawl boundary, so the onward path is unknown."
100000004634420100,inbound_only,3,True,True,0.85,"26,150 KZT arrived and none was observed leaving; any payer outside the crawled set would not appear."
100000004635886100,inbound_only,3,True,True,0.85,"23,000 KZT arrived and none was observed leaving; any payer outside the crawled set would not appear."
100000004644615100,fully_observed,3,True,True,0.74,"Both directions observed, but 100% of what is reachable downstream ends at the crawl boundary, so the onward path is unknown."
100000004652395100,truncated_at_depth,4,True,False,0.38,"At the four-hop crawl boundary: 101,528 KZT arrived from 3 payers and where it went next was never collected."
100000004655046100,truncated_at_depth,4,True,False,0.3,"At the four-hop crawl boundary: 24,000 KZT arrived from 1 payer and where it went next was never collected."
100000004657034100,inbound_only,3,True,True,0.85,"141,250 KZT arrived and none was observed leaving; any payer outside the crawled set would not appear."
100000004659919100,fully_observed,3,True,True,0.74,"Both directions observed, but 100% of what is reachable downstream ends at the crawl boundary, so the onward path is unknown."
100000004662806100,fully_observed,1,True,True,0.98,Both directions observed within the crawl; a payer outside the crawled set would still not appear in this dataset.
100000004664515100,inbound_only,1,True,True,0.85,"37,691 KZT arrived and none was observed leaving; any payer outside the crawled set would not appear."
100000004664905100,inbound_only,1,True,True,0.85,"329,020 KZT arrived and none was observed leaving; any payer outside the crawled set would not appear."
100000004666651100,inbound_only,2,True,True,0.85,"429,250 KZT arrived and none was observed leaving; any payer outside the crawled set would not appear."
100000004670388100,fully_observed,3,True,True,0.84,"Both directions observed, but 50% of what is reachable downstream ends at the crawl boundary, so the onward path is unknown."
100000004671609100,inbound_only,3,True,True,0.85,"100,000 KZT arrived and none was observed leaving; any payer outside the crawled set would not appear."
100000004673335100,truncated_at_depth,4,True,False,0.3,"At the four-hop crawl boundary: 80,000 KZT arrived from 1 payer and where it went next was never collected."
100000004674178100,truncated_at_depth,4,True,False,0.3,"At the four-hop crawl boundary: 20,000 KZT arrived from 1 payer and where it went next was never collected."
100000004674389100,truncated_at_depth,4,True,False,0.3,"At the four-hop crawl boundary: 15,000 KZT arrived from 1 payer and where it went next was never collected."
100000004674412100,truncated_at_depth,4,True,False,0.3,"At the four-hop crawl boundary: 46,000 KZT arrived from 1 payer and where it went next was never collected."
100000004674799100,inbound_only,2,True,True,0.85,"140,000 KZT arrived and none was observed leaving; any payer outside the crawled set would not appear."
100000004676985100,fully_observed,3,True,True,0.7,"Both directions observed, but 100% of what is reachable downstream ends at the crawl boundary, so the onward path is unknown."
100000004677680100,fully_observed,1,True,True,0.98,Both directions observed within the crawl; a payer outside the crawled set would still not appear in this dataset.
100000004679953100,fully_observed,1,True,True,0.931,"Both directions observed, but 25% of what is reachable downstream ends at the crawl boundary, so the onward path is unknown."
100000004687099100,inbound_only,2,True,True,0.85,"30,000 KZT arrived and none was observed leaving; any payer outside the crawled set would not appear."
100000004687282100,inbound_only,2,True,True,0.85,"20,000 KZT arrived and none was observed leaving; any payer outside the crawled set would not appear."
100000004689658100,fully_observed,3,True,True,0.7,"Both directions observed, but 100% of what is reachable downstream ends at the crawl boundary, so the onward path is unknown."
100000004691350100,truncated_at_depth,4,True,False,0.3,"At the four-hop crawl boundary: 13,300 KZT arrived from 1 payer and where it went next was never collected."
100000004692798100,fully_observed,1,True,True,0.98,Both directions observed within the crawl; a payer outside the crawled set would still not appear in this dataset.
100000004697956100,fully_observed,3,True,True,0.9,Both directions observed within the crawl; a payer outside the crawled set would still not appear in this dataset.
100000004698193100,fully_observed,2,True,True,0.96,Both directions observed within the crawl; a payer outside the crawled set would still not appear in this dataset.
100000004707703100,fully_observed,1,True,True,0.965,"Both directions observed, but 8% of what is reachable downstream ends at the crawl boundary, so the onward path is unknown."
100000004713684100,inbound_only,3,True,True,0.85,"37,500 KZT arrived and none was observed leaving; any payer outside the crawled set would not appear."
100000004714705100,outbound_only,0,False,True,0.6,"Seed account: money out was followed, money in was not, so its funding is outside the dataset (no payer appears at all)."
100000004715209100,fully_observed,3,True,True,0.849,"Both directions observed, but 45% of what is reachable downstream ends at the crawl boundary, so the onward path is unknown."
100000004717647100,fully_observed,3,True,True,0.78,"Both directions observed, but 80% of what is reachable downstream ends at the crawl boundary, so the onward path is unknown."
100000004722630100,truncated_at_depth,4,True,False,0.34,"At the four-hop crawl boundary: 340,000 KZT arrived from 1 payer and where it went next was never collected."
100000004722765100,fully_observed,3,True,True,0.74,"Both directions observed, but 100% of what is reachable downstream ends at the crawl boundary, so the onward path is unknown."
100000004723755100,outbound_only,0,False,True,0.6,"Seed account: money out was followed, money in was not, so its funding is outside the dataset (no payer appears at all)."
100000004726132100,fully_observed,3,True,True,0.74,"Both directions observed, but 100% of what is reachable downstream ends at the crawl boundary, so the onward path is unknown."
100000004732589100,inbound_only,2,True,True,0.85,"227,520 KZT arrived and none was observed leaving; any payer outside the crawled set would not appear."
100000004737477100,fully_observed,1,True,True,0.98,Both directions observed within the crawl; a payer outside the crawled set would still not appear in this dataset.
100000004737764100,inbound_only,3,True,True,0.85,"600,000 KZT arrived and none was observed leaving; any payer outside the crawled set would not appear."
100000004739664100,fully_observed,1,True,True,0.94,Both directions observed within the crawl; a payer outside the crawled set would still not appear in this dataset.
100000004741837100,inbound_only,1,True,True,0.85,"25,596 KZT arrived and none was observed leaving; any payer outside the crawled set would not appear."
100000004744306100,fully_observed,1,True,True,0.98,Both directions observed within the crawl; a payer outside the crawled set would still not appear in this dataset.
100000004746397100,fully_observed,3,True,True,0.851,"Both directions observed, but 25% of what is reachable downstream ends at the crawl boundary, so the onward path is unknown."
100000004747154100,truncated_at_depth,4,True,False,0.3,"At the four-hop crawl boundary: 67,000 KZT arrived from 1 payer and where it went next was never collected."
100000004750321100,inbound_only,3,True,True,0.85,"50,185 KZT arrived and none was observed leaving; any payer outside the crawled set would not appear."
100000004750897100,inbound_only,3,True,True,0.85,"10,000 KZT arrived and none was observed leaving; any payer outside the crawled set would not appear."
100000004756901100,inbound_only,2,True,True,0.85,"153,248 KZT arrived and none was observed leaving; any payer outside the crawled set would not appear."
100000004759121100,fully_observed,1,True,True,0.93,"Both directions observed, but 25% of what is reachable downstream ends at the crawl boundary, so the onward path is unknown."
100000004765639100,fully_observed,2,True,True,0.838,"Both directions observed, but 61% of what is reachable downstream ends at the crawl boundary, so the onward path is unknown."
100000004770073100,fully_observed,3,True,True,0.7,"Both directions observed, but 100% of what is reachable downstream ends at the crawl boundary, so the onward path is unknown."
100000004777215100,truncated_at_depth,4,True,False,0.3,"At the four-hop crawl boundary: 60,000 KZT arrived from 1 payer and where it went next was never collected."
100000004779204100,fully_observed,3,True,True,0.74,"Both directions observed, but 100% of what is reachable downstream ends at the crawl boundary, so the onward path is unknown."
100000004780083100,truncated_at_depth,4,True,False,0.3,"At the four-hop crawl boundary: 9,999 KZT arrived from 1 payer and where it went next was never collected."
100000004780327100,truncated_at_depth,4,True,False,0.3,"At the four-hop crawl boundary: 12,000 KZT arrived from 1 payer and where it went next was never collected."
100000004783447100,inbound_only,1,True,True,0.85,"26,200 KZT arrived and none was observed leaving; any payer outside the crawled set would not appear."
100000004784224100,fully_observed,1,True,True,0.98,Both directions observed within the crawl; a payer outside the crawled set would still not appear in this dataset.
100000004788983100,truncated_at_depth,4,True,False,0.3,"At the four-hop crawl boundary: 27,000 KZT arrived from 1 payer and where it went next was never collected."
100000004790991100,inbound_only,1,True,True,0.85,"239,413 KZT arrived and none was observed leaving; any payer outside the crawled set would not appear."
100000004791226100,truncated_at_depth,4,True,False,0.3,"At the four-hop crawl boundary: 20,000 KZT arrived from 1 payer and where it went next was never collected."
100000004792397100,inbound_only,1,True,True,0.85,"73,520 KZT arrived and none was observed leaving; any payer outside the crawled set would not appear."
100000004797167100,truncated_at_depth,4,True,False,0.3,"At the four-hop crawl boundary: 31,000 KZT arrived from 1 payer and where it went next was never collected."
100000004798515100,truncated_at_depth,4,True,False,0.34,"At the four-hop crawl boundary: 200,000 KZT arrived from 1 payer and where it went next was never collected."
100000004800452100,truncated_at_depth,4,True,False,0.3,"At the four-hop crawl boundary: 6,545 KZT arrived from 1 payer and where it went next was never collected."
100000004800648100,truncated_at_depth,4,True,False,0.3,"At the four-hop crawl boundary: 131,000 KZT arrived from 1 payer and where it went next was never collected."
100000004806903100,inbound_only,2,True,True,0.85,"18,000 KZT arrived and none was observed leaving; any payer outside the crawled set would not appear."
100000004813068100,outbound_only,0,False,True,0.6,"Seed account: money out was followed, money in was not, so its funding is outside the dataset (no payer appears at all)."
100000004816564100,fully_observed,2,True,True,0.92,Both directions observed within the crawl; a payer outside the crawled set would still not appear in this dataset.
100000004820260100,fully_observed,2,True,True,0.945,"Both directions observed, but 8% of what is reachable downstream ends at the crawl boundary, so the onward path is unknown."
100000004825069100,inbound_only,2,True,True,0.85,"30,000 KZT arrived and none was observed leaving; any payer outside the crawled set would not appear."
100000004840086100,truncated_at_depth,4,True,False,0.34,"At the four-hop crawl boundary: 100,000 KZT arrived from 1 payer and where it went next was never collected."
100000004841728100,inbound_only,1,True,True,0.85,"52,208 KZT arrived and none was observed leaving; any payer outside the crawled set would not appear."
100000004847758100,fully_observed,1,True,True,0.931,"Both directions observed, but 25% of what is reachable downstream ends at the crawl boundary, so the onward path is unknown."
100000004848236100,truncated_at_depth,4,True,False,0.3,"At the four-hop crawl boundary: 7,500 KZT arrived from 1 payer and where it went next was never collected."
100000004850609100,truncated_at_depth,4,True,False,0.3,"At the four-hop crawl boundary: 10,000 KZT arrived from 1 payer and where it went next was never collected."
100000004856746100,truncated_at_depth,4,True,False,0.3,"At the four-hop crawl boundary: 20,000 KZT arrived from 1 payer and where it went next was never collected."
100000004877085100,fully_observed,3,True,True,0.74,"Both directions observed, but 100% of what is reachable downstream ends at the crawl boundary, so the onward path is unknown."
100000004889043100,inbound_only,3,True,True,0.85,"272,000 KZT arrived and none was observed leaving; any payer outside the crawled set would not appear."
100000004890713100,truncated_at_depth,4,True,False,0.3,"At the four-hop crawl boundary: 40,485 KZT arrived from 1 payer and where it went next was never collected."
100000004891562100,truncated_at_depth,4,True,False,0.3,"At the four-hop crawl boundary: 103,400 KZT arrived from 1 payer and where it went next was never collected."
100000004892144100,fully_observed,3,True,True,0.94,Both directions observed within the crawl; a payer outside the crawled set would still not appear in this dataset.
100000004904960100,inbound_only,2,True,True,0.85,"32,000 KZT arrived and none was observed leaving; any payer outside the crawled set would not appear."
100000004905207100,inbound_only,2,True,True,0.85,"380,000 KZT arrived and none was observed leaving; any payer outside the crawled set would not appear."
100000004906181100,fully_observed,3,True,True,0.74,"Both directions observed, but 100% of what is reachable downstream ends at the crawl boundary, so the onward path is unknown."
100000004908173100,truncated_at_depth,4,True,False,0.3,"At the four-hop crawl boundary: 21,000 KZT arrived from 1 payer and where it went next was never collected."
100000004911971100,truncated_at_depth,4,True,False,0.38,"At the four-hop crawl boundary: 35,000 KZT arrived from 1 payer and where it went next was never collected."
100000004917367100,inbound_only,3,True,True,0.85,"120,000 KZT arrived and none was observed leaving; any payer outside the crawled set would not appear."
100000004921657100,fully_observed,3,True,True,0.9,Both directions observed within the crawl; a payer outside the crawled set would still not appear in this dataset.
100000004931931100,fully_observed,3,True,True,0.7,"Both directions observed, but 100% of what is reachable downstream ends at the crawl boundary, so the onward path is unknown."
100000004948177100,inbound_only,1,True,True,0.85,"437,163 KZT arrived and none was observed leaving; any payer outside the crawled set would not appear."
100000004950490100,inbound_only,2,True,True,0.85,"10,000 KZT arrived and none was observed leaving; any payer outside the crawled set would not appear."
100000004959752100,inbound_only,3,True,True,0.85,"22,200 KZT arrived and none was observed leaving; any payer outside the crawled set would not appear."
100000004962193100,inbound_only,2,True,True,0.85,"900,468 KZT arrived and none was observed leaving; any payer outside the crawled set would not appear."
100000004970752100,inbound_only,3,True,True,0.85,"10,000 KZT arrived and none was observed leaving; any payer outside the crawled set would not appear."
100000004971871100,outbound_only,0,True,True,0.6,"Seed account: money out was followed, money in was not, so its funding is outside the dataset (1 payer appear only as return traffic from inside the crawl)."
100000004975919100,fully_observed,3,True,True,0.74,"Both directions observed, but 100% of what is reachable downstream ends at the crawl boundary, so the onward path is unknown."
100000004976946100,truncated_at_depth,4,True,False,0.3,"At the four-hop crawl boundary: 246,000 KZT arrived from 1 payer and where it went next was never collected."
100000004979264100,truncated_at_depth,4,True,False,0.3,"At the four-hop crawl boundary: 39,800 KZT arrived from 1 payer and where it went next was never collected."
100000004979283100,inbound_only,3,True,True,0.85,"40,132 KZT arrived and none was observed leaving; any payer outside the crawled set would not appear."
100000004979498100,fully_observed,2,True,True,0.96,Both directions observed within the crawl; a payer outside the crawled set would still not appear in this dataset.
100000004981068100,truncated_at_depth,4,True,False,0.3,"At the four-hop crawl boundary: 10,000 KZT arrived from 1 payer and where it went next was never collected."
100000004984689100,inbound_only,3,True,True,0.85,"53,030 KZT arrived and none was observed leaving; any payer outside the crawled set would not appear."
100000004988240100,truncated_at_depth,4,True,False,0.3,"At the four-hop crawl boundary: 20,000 KZT arrived from 1 payer and where it went next was never collected."
100000004991593100,truncated_at_depth,4,True,False,0.34,"At the four-hop crawl boundary: 45,000 KZT arrived from 1 payer and where it went next was never collected."
100000004991812100,inbound_only,3,True,True,0.85,"10,000 KZT arrived and none was observed leaving; any payer outside the crawled set would not appear."
100000004993576100,inbound_only,2,True,True,0.85,"167,000 KZT arrived and none was observed leaving; any payer outside the crawled set would not appear."
100000004997515100,fully_observed,3,True,True,0.74,"Both directions observed, but 100% of what is reachable downstream ends at the crawl boundary, so the onward path is unknown."
100000005008589100,inbound_only,3,True,True,0.85,"42,807 KZT arrived and none was observed leaving; any payer outside the crawled set would not appear."
100000005010159100,truncated_at_depth,4,True,False,0.3,"At the four-hop crawl boundary: 7,092 KZT arrived from 1 payer and where it went next was never collected."
100000005017150100,isolated,0,False,True,0.1,"No transfer observed in either direction in the window, so nothing about this account's behaviour is measurable from this dataset."
100000005022552100,fully_observed,3,True,True,0.84,"Both directions observed, but 50% of what is reachable downstream ends at the crawl boundary, so the onward path is unknown."
100000005022964100,inbound_only,2,True,True,0.85,"20,000 KZT arrived and none was observed leaving; any payer outside the crawled set would not appear."
100000005025629100,truncated_at_depth,4,True,False,0.3,"At the four-hop crawl boundary: 5,227 KZT arrived from 1 payer and where it went next was never collected."
100000005030592100,inbound_only,2,True,True,0.85,"10,000 KZT arrived and none was observed leaving; any payer outside the crawled set would not appear."
100000005031696100,fully_observed,2,True,True,0.86,"Both directions observed, but 50% of what is reachable downstream ends at the crawl boundary, so the onward path is unknown."
100000005032294100,inbound_only,2,True,True,0.85,"10,000 KZT arrived and none was observed leaving; any payer outside the crawled set would not appear."
100000005034574100,inbound_only,1,True,True,0.85,"258,816 KZT arrived and none was observed leaving; any payer outside the crawled set would not appear."
100000005037490100,fully_observed,3,True,True,0.885,"Both directions observed, but 27% of what is reachable downstream ends at the crawl boundary, so the onward path is unknown."
100000005041147100,truncated_at_depth,4,True,False,0.3,"At the four-hop crawl boundary: 10,000 KZT arrived from 1 payer and where it went next was never collected."
100000005041905100,fully_observed,3,True,True,0.937,"Both directions observed, but 1% of what is reachable downstream ends at the crawl boundary, so the onward path is unknown."
100000005042822100,truncated_at_depth,4,True,False,0.3,"At the four-hop crawl boundary: 1,000,000 KZT arrived from 1 payer and where it went next was never collected."
100000005048668100,fully_observed,3,True,True,0.891,"Both directions observed, but 25% of what is reachable downstream ends at the crawl boundary, so the onward path is unknown."
100000005049404100,truncated_at_depth,4,True,False,0.34,"At the four-hop crawl boundary: 98,000 KZT arrived from 1 payer and where it went next was never collected."
100000005052998100,fully_observed,3,True,True,0.851,"Both directions observed, but 25% of what is reachable downstream ends at the crawl boundary, so the onward path is unknown."
100000005053653100,fully_observed,2,True,True,0.96,Both directions observed within the crawl; a payer outside the crawled set would still not appear in this dataset.
100000005055454100,inbound_only,3,True,True,0.85,"6,500 KZT arrived and none was observed leaving; any payer outside the crawled set would not appear."
100000005056870100,inbound_only,1,True,True,0.85,"20,000 KZT arrived and none was observed leaving; any payer outside the crawled set would not appear."
100000005059998100,inbound_only,2,True,True,0.85,"18,000 KZT arrived and none was observed leaving; any payer outside the crawled set would not appear."
100000005061890100,inbound_only,3,True,True,0.85,"90,000 KZT arrived and none was observed leaving; any payer outside the crawled set would not appear."
100000005074393100,fully_observed,1,True,True,0.958,"Both directions observed, but 11% of what is reachable downstream ends at the crawl boundary, so the onward path is unknown."
100000005075949100,truncated_at_depth,4,True,False,0.38,"At the four-hop crawl boundary: 2,226,000 KZT arrived from 1 payer and where it went next was never collected."
100000005077484100,fully_observed,2,True,True,0.96,Both directions observed within the crawl; a payer outside the crawled set would still not appear in this dataset.
100000005079473100,truncated_at_depth,4,True,False,0.3,"At the four-hop crawl boundary: 39,312 KZT arrived from 1 payer and where it went next was never collected."
100000005079754100,fully_observed,1,True,True,0.98,Both directions observed within the crawl; a payer outside the crawled set would still not appear in this dataset.
100000005082652100,inbound_only,3,True,True,0.85,"30,000 KZT arrived and none was observed leaving; any payer outside the crawled set would not appear."
100000005087431100,isolated,0,False,True,0.1,"No transfer observed in either direction in the window, so nothing about this account's behaviour is measurable from this dataset."
100000005087923100,truncated_at_depth,4,True,False,0.3,"At the four-hop crawl boundary: 20,000 KZT arrived from 1 payer and where it went next was never collected."
100000005089460100,inbound_only,3,True,True,0.85,"12,300 KZT arrived and none was observed leaving; any payer outside the crawled set would not appear."
100000005092518100,inbound_only,1,True,True,0.85,"26,144 KZT arrived and none was observed leaving; any payer outside the crawled set would not appear."
100000005093521100,inbound_only,1,True,True,0.85,"15,200 KZT arrived and none was observed leaving; any payer outside the crawled set would not appear."
100000005100475100,inbound_only,3,True,True,0.85,"40,000 KZT arrived and none was observed leaving; any payer outside the crawled set would not appear."
100000005105153100,inbound_only,2,True,True,0.85,"30,000 KZT arrived and none was observed leaving; any payer outside the crawled set would not appear."
100000005124479100,fully_observed,1,True,True,0.98,Both directions observed within the crawl; a payer outside the crawled set would still not appear in this dataset.
100000005127767100,inbound_only,3,True,True,0.85,"7,000 KZT arrived and none was observed leaving; any payer outside the crawled set would not appear."
100000005133757100,inbound_only,1,True,True,0.85,"65,000 KZT arrived and none was observed leaving; any payer outside the crawled set would not appear."
100000005140601100,fully_observed,2,True,True,0.96,Both directions observed within the crawl; a payer outside the crawled set would still not appear in this dataset.
100000005142492100,fully_observed,3,True,True,0.9,Both directions observed within the crawl; a payer outside the crawled set would still not appear in this dataset.
100000005142589100,inbound_only,2,True,True,0.85,"50,000 KZT arrived and none was observed leaving; any payer outside the crawled set would not appear."
100000005146665100,truncated_at_depth,4,True,False,0.3,"At the four-hop crawl boundary: 5,500 KZT arrived from 1 payer and where it went next was never collected."
100000005168487100,fully_observed,2,True,True,0.96,Both directions observed within the crawl; a payer outside the crawled set would still not appear in this dataset.
100000005171642100,fully_observed,3,True,True,0.89,"Both directions observed, but 25% of what is reachable downstream ends at the crawl boundary, so the onward path is unknown."
100000005172860100,inbound_only,3,True,True,0.85,"15,209 KZT arrived and none was observed leaving; any payer outside the crawled set would not appear."
100000005175148100,fully_observed,2,True,True,0.945,"Both directions observed, but 8% of what is reachable downstream ends at the crawl boundary, so the onward path is unknown."
100000005182219100,inbound_only,3,True,True,0.85,"55,000 KZT arrived and none was observed leaving; any payer outside the crawled set would not appear."
100000005183943100,inbound_only,1,True,True,0.85,"680,900 KZT arrived and none was observed leaving; any payer outside the crawled set would not appear."
100000005186109100,inbound_only,3,True,True,0.85,"5,000 KZT arrived and none was observed leaving; any payer outside the crawled set would not appear."
100000005186131100,fully_observed,3,True,True,0.7,"Both directions observed, but 100% of what is reachable downstream ends at the crawl boundary, so the onward path is unknown."
100000005187208100,inbound_only,3,True,True,0.85,"14,160 KZT arrived and none was observed leaving; any payer outside the crawled set would not appear."
100000005189258100,truncated_at_depth,4,True,False,0.3,"At the four-hop crawl boundary: 50,000 KZT arrived from 1 payer and where it went next was never collected."
100000005198498100,inbound_only,3,True,True,0.85,"28,800 KZT arrived and none was observed leaving; any payer outside the crawled set would not appear."
100000005198906100,fully_observed,3,True,True,0.7,"Both directions observed, but 100% of what is reachable downstream ends at the crawl boundary, so the onward path is unknown."
100000005203590100,inbound_only,2,True,True,0.85,"90,000 KZT arrived and none was observed leaving; any payer outside the crawled set would not appear."
100000005205745100,inbound_only,2,True,True,0.85,"6,000 KZT arrived and none was observed leaving; any payer outside the crawled set would not appear."
100000005209352100,truncated_at_depth,4,True,False,0.3,"At the four-hop crawl boundary: 5,000 KZT arrived from 1 payer and where it went next was never collected."
100000005222360100,fully_observed,3,True,True,0.851,"Both directions observed, but 25% of what is reachable downstream ends at the crawl boundary, so the onward path is unknown."
100000005226217100,truncated_at_depth,4,True,False,0.3,"At the four-hop crawl boundary: 17,500 KZT arrived from 1 payer and where it went next was never collected."
100000005228059100,inbound_only,1,True,True,0.85,"26,000 KZT arrived and none was observed leaving; any payer outside the crawled set would not appear."
100000005233755100,fully_observed,3,True,True,0.7,"Both directions observed, but 100% of what is reachable downstream ends at the crawl boundary, so the onward path is unknown."
100000005235389100,isolated,0,False,True,0.1,"No transfer observed in either direction in the window, so nothing about this account's behaviour is measurable from this dataset."
100000005237935150,inbound_only,2,True,True,0.85,"34,508 KZT arrived and none was observed leaving; any payer outside the crawled set would not appear."
100000005241556100,inbound_only,3,True,True,0.85,"100,000 KZT arrived and none was observed leaving; any payer outside the crawled set would not appear."
100000005242320100,fully_observed,2,True,True,0.928,"Both directions observed, but 16% of what is reachable downstream ends at the crawl boundary, so the onward path is unknown."
100000005264874100,fully_observed,3,True,True,0.826,"Both directions observed, but 57% of what is reachable downstream ends at the crawl boundary, so the onward path is unknown."
100000005264990100,outbound_only,0,True,True,0.6,"Seed account: money out was followed, money in was not, so its funding is outside the dataset (1 payer appear only as return traffic from inside the crawl)."
100000005265073100,fully_observed,3,True,True,0.7,"Both directions observed, but 100% of what is reachable downstream ends at the crawl boundary, so the onward path is unknown."
100000005268319100,fully_observed,3,True,True,0.891,"Both directions observed, but 25% of what is reachable downstream ends at the crawl boundary, so the onward path is unknown."
100000005272139100,truncated_at_depth,4,True,False,0.3,"At the four-hop crawl boundary: 165,000 KZT arrived from 1 payer and where it went next was never collected."
100000005287097100,fully_observed,1,True,True,0.931,"Both directions observed, but 25% of what is reachable downstream ends at the crawl boundary, so the onward path is unknown."
100000005293969100,truncated_at_depth,4,True,False,0.3,"At the four-hop crawl boundary: 5,467 KZT arrived from 1 payer and where it went next was never collected."
100000005308954100,fully_observed,3,True,True,0.7,"Both directions observed, but 100% of what is reachable downstream ends at the crawl boundary, so the onward path is unknown."
100000005314565100,inbound_only,3,True,True,0.85,"218,500 KZT arrived and none was observed leaving; any payer outside the crawled set would not appear."
100000005316708100,fully_observed,1,True,True,0.98,Both directions observed within the crawl; a payer outside the crawled set would still not appear in this dataset.
100000005317181100,fully_observed,3,True,True,0.7,"Both directions observed, but 100% of what is reachable downstream ends at the crawl boundary, so the onward path is unknown."
100000005326681100,inbound_only,2,True,True,0.85,"31,228 KZT arrived and none was observed leaving; any payer outside the crawled set would not appear."
100000005328215100,inbound_only,2,True,True,0.85,"27,000 KZT arrived and none was observed leaving; any payer outside the crawled set would not appear."
100000005339662100,fully_observed,1,True,True,0.965,"Both directions observed, but 8% of what is reachable downstream ends at the crawl boundary, so the onward path is unknown."
100000005342513100,fully_observed,3,True,True,0.94,Both directions observed within the crawl; a payer outside the crawled set would still not appear in this dataset.
100000005357034100,inbound_only,3,True,True,0.85,"9,754 KZT arrived and none was observed leaving; any payer outside the crawled set would not appear."
100000005357705100,fully_observed,3,True,True,0.74,"Both directions observed, but 100% of what is reachable downstream ends at the crawl boundary, so the onward path is unknown."
100000005360814100,truncated_at_depth,4,True,False,0.38,"At the four-hop crawl boundary: 144,000 KZT arrived from 1 payer and where it went next was never collected."
100000005362848100,inbound_only,3,True,True,0.85,"29,000 KZT arrived and none was observed leaving; any payer outside the crawled set would not appear."
100000005363908100,fully_observed,1,True,True,0.94,Both directions observed within the crawl; a payer outside the crawled set would still not appear in this dataset.
100000005367180100,truncated_at_depth,4,True,False,0.3,"At the four-hop crawl boundary: 7,700 KZT arrived from 1 payer and where it went next was never collected."
100000005367284100,fully_observed,3,True,True,0.74,"Both directions observed, but 100% of what is reachable downstream ends at the crawl boundary, so the onward path is unknown."
100000005367445100,fully_observed,3,True,True,0.9,Both directions observed within the crawl; a payer outside the crawled set would still not appear in this dataset.
100000005370558100,truncated_at_depth,4,True,False,0.3,"At the four-hop crawl boundary: 5,000 KZT arrived from 1 payer and where it went next was never collected."
100000005370580100,inbound_only,0,True,True,0.79,"Seed account with no observed outgoing transfer; the 1 payer visible are return traffic from inside the crawl, not its funding side."
100000005375968100,fully_observed,3,True,True,0.74,"Both directions observed, but 100% of what is reachable downstream ends at the crawl boundary, so the onward path is unknown."
100000005382566100,outbound_only,0,True,True,0.6,"Seed account: money out was followed, money in was not, so its funding is outside the dataset (7 payers appear only as return traffic from inside the crawl)."
100000005386383100,outbound_only,0,True,True,0.6,"Seed account: money out was followed, money in was not, so its funding is outside the dataset (2 payers appear only as return traffic from inside the crawl)."
100000005392290100,outbound_only,0,False,True,0.6,"Seed account: money out was followed, money in was not, so its funding is outside the dataset (no payer appears at all)."
100000005394708100,fully_observed,1,True,True,0.94,Both directions observed within the crawl; a payer outside the crawled set would still not appear in this dataset.
100000005395727100,inbound_only,0,True,True,0.79,"Seed account with no observed outgoing transfer; the 1 payer visible are return traffic from inside the crawl, not its funding side."
100000005402643100,fully_observed,2,True,True,0.92,Both directions observed within the crawl; a payer outside the crawled set would still not appear in this dataset.
100000005409156100,inbound_only,3,True,True,0.85,"260,080 KZT arrived and none was observed leaving; any payer outside the crawled set would not appear."
100000005409680100,inbound_only,0,True,True,0.83,"Seed account with no observed outgoing transfer; the 2 payers visible are return traffic from inside the crawl, not its funding side."
100000005413948100,fully_observed,2,True,True,0.96,Both directions observed within the crawl; a payer outside the crawled set would still not appear in this dataset.
100000005417257100,outbound_only,0,False,True,0.6,"Seed account: money out was followed, money in was not, so its funding is outside the dataset (no payer appears at all)."
100000005432267100,inbound_only,1,True,True,0.85,"350,001 KZT arrived and none was observed leaving; any payer outside the crawled set would not appear."
100000005454368100,inbound_only,0,True,True,0.83,"Seed account with no observed outgoing transfer; the 2 payers visible are return traffic from inside the crawl, not its funding side."
100000005456919100,fully_observed,1,True,True,0.98,Both directions observed within the crawl; a payer outside the crawled set would still not appear in this dataset.
100000005473151100,fully_observed,1,True,True,0.947,"Both directions observed, but 17% of what is reachable downstream ends at the crawl boundary, so the onward path is unknown."
100000005474472100,inbound_only,2,True,True,0.85,"100,000 KZT arrived and none was observed leaving; any payer outside the crawled set would not appear."
100000005475379100,fully_observed,3,True,True,0.74,"Both directions observed, but 100% of what is reachable downstream ends at the crawl boundary, so the onward path is unknown."
100000005480435100,isolated,0,False,True,0.1,"No transfer observed in either direction in the window, so nothing about this account's behaviour is measurable from this dataset."
100000005481280100,fully_observed,2,True,True,0.96,Both directions observed within the crawl; a payer outside the crawled set would still not appear in this dataset.
100000005485830100,outbound_only,0,False,True,0.6,"Seed account: money out was followed, money in was not, so its funding is outside the dataset (no payer appears at all)."
100000005493505100,inbound_only,0,True,True,0.85,"Seed account with no observed outgoing transfer; the 3 payers visible are return traffic from inside the crawl, not its funding side."
100000005495211100,truncated_at_depth,4,True,False,0.3,"At the four-hop crawl boundary: 14,500 KZT arrived from 1 payer and where it went next was never collected."
100000005495722100,isolated,0,False,True,0.1,"No transfer observed in either direction in the window, so nothing about this account's behaviour is measurable from this dataset."
100000005496254100,inbound_only,1,True,True,0.85,"12,700 KZT arrived and none was observed leaving; any payer outside the crawled set would not appear."
100000005497148100,truncated_at_depth,4,True,False,0.34,"At the four-hop crawl boundary: 24,000 KZT arrived from 1 payer and where it went next was never collected."
100000005498992100,outbound_only,0,False,True,0.6,"Seed account: money out was followed, money in was not, so its funding is outside the dataset (no payer appears at all)."
100000005505655100,fully_observed,1,True,True,0.894,"Both directions observed, but 43% of what is reachable downstream ends at the crawl boundary, so the onward path is unknown."
100000005507142100,fully_observed,2,True,True,0.846,"Both directions observed, but 57% of what is reachable downstream ends at the crawl boundary, so the onward path is unknown."
100000005514161100,fully_observed,1,True,True,0.98,Both directions observed within the crawl; a payer outside the crawled set would still not appear in this dataset.
100000005519347100,outbound_only,0,True,True,0.6,"Seed account: money out was followed, money in was not, so its funding is outside the dataset (2 payers appear only as return traffic from inside the crawl)."
100000005519998100,fully_observed,2,True,True,0.89,"Both directions observed, but 35% of what is reachable downstream ends at the crawl boundary, so the onward path is unknown."
100000005523088100,inbound_only,0,True,True,0.83,"Seed account with no observed outgoing transfer; the 1 payer visible are return traffic from inside the crawl, not its funding side."
100000005527892100,fully_observed,1,True,True,0.943,"Both directions observed, but 18% of what is reachable downstream ends at the crawl boundary, so the onward path is unknown."
100000005530114100,fully_observed,3,True,True,0.94,Both directions observed within the crawl; a payer outside the crawled set would still not appear in this dataset.
100000005532138100,inbound_only,3,True,True,0.85,"25,046 KZT arrived and none was observed leaving; any payer outside the crawled set would not appear."
100000005539201100,fully_observed,1,True,True,0.94,Both directions observed within the crawl; a payer outside the crawled set would still not appear in this dataset.
100000005539910100,fully_observed,2,True,True,0.96,Both directions observed within the crawl; a payer outside the crawled set would still not appear in this dataset.
100000005543136100,outbound_only,0,False,True,0.6,"Seed account: money out was followed, money in was not, so its funding is outside the dataset (no payer appears at all)."
100000005546031100,fully_observed,1,True,True,0.98,Both directions observed within the crawl; a payer outside the crawled set would still not appear in this dataset.
100000005547096100,fully_observed,2,True,True,0.96,Both directions observed within the crawl; a payer outside the crawled set would still not appear in this dataset.
100000005550592100,isolated,0,False,True,0.1,"No transfer observed in either direction in the window, so nothing about this account's behaviour is measurable from this dataset."
100000005553088100,truncated_at_depth,4,True,False,0.3,"At the four-hop crawl boundary: 17,500 KZT arrived from 1 payer and where it went next was never collected."
100000005560900100,isolated,0,False,True,0.1,"No transfer observed in either direction in the window, so nothing about this account's behaviour is measurable from this dataset."
100000005561741100,inbound_only,2,True,True,0.85,"25,000 KZT arrived and none was observed leaving; any payer outside the crawled set would not appear."
100000005567828100,truncated_at_depth,4,True,False,0.3,"At the four-hop crawl boundary: 94,000 KZT arrived from 1 payer and where it went next was never collected."
100000005568407100,isolated,0,False,True,0.1,"No transfer observed in either direction in the window, so nothing about this account's behaviour is measurable from this dataset."
100000005572303100,fully_observed,2,True,True,0.82,"Both directions observed, but 50% of what is reachable downstream ends at the crawl boundary, so the onward path is unknown."
100000005578559100,fully_observed,2,True,True,0.911,"Both directions observed, but 25% of what is reachable downstream ends at the crawl boundary, so the onward path is unknown."
100000005584222100,fully_observed,1,True,True,0.98,Both directions observed within the crawl; a payer outside the crawled set would still not appear in this dataset.
100000005588444100,inbound_only,1,True,True,0.85,"12,300 KZT arrived and none was observed leaving; any payer outside the crawled set would not appear."
100000005589319100,truncated_at_depth,4,True,False,0.3,"At the four-hop crawl boundary: 26,000 KZT arrived from 1 payer and where it went next was never collected."
100000005602999100,fully_observed,2,True,True,0.916,"Both directions observed, but 22% of what is reachable downstream ends at the crawl boundary, so the onward path is unknown."
100000005608515100,inbound_only,2,True,True,0.85,"64,000 KZT arrived and none was observed leaving; any payer outside the crawled set would not appear."
100000005610717100,fully_observed,3,True,True,0.74,"Both directions observed, but 100% of what is reachable downstream ends at the crawl boundary, so the onward path is unknown."
100000005612411100,fully_observed,1,True,True,0.974,"Both directions observed, but 3% of what is reachable downstream ends at the crawl boundary, so the onward path is unknown."
100000005614315100,inbound_only,2,True,True,0.85,"455,000 KZT arrived and none was observed leaving; any payer outside the crawled set would not appear."
100000005616568100,truncated_at_depth,4,True,False,0.3,"At the four-hop crawl boundary: 530,000 KZT arrived from 1 payer and where it went next was never collected."
100000005619339100,fully_observed,2,True,True,0.92,Both directions observed within the crawl; a payer outside the crawled set would still not appear in this dataset.
100000005620225100,inbound_only,1,True,True,0.85,"49,846 KZT arrived and none was observed leaving; any payer outside the crawled set would not appear."
100000005621418100,truncated_at_depth,4,True,False,0.3,"At the four-hop crawl boundary: 30,000 KZT arrived from 1 payer and where it went next was never collected."
100000005628518100,inbound_only,3,True,True,0.85,"77,000 KZT arrived and none was observed leaving; any payer outside the crawled set would not appear."
100000005634552100,fully_observed,1,True,True,0.98,Both directions observed within the crawl; a payer outside the crawled set would still not appear in this dataset.
100000005636951100,truncated_at_depth,4,True,False,0.3,"At the four-hop crawl boundary: 40,000 KZT arrived from 1 payer and where it went next was never collected."
100000005660203100,fully_observed,2,True,True,0.96,Both directions observed within the crawl; a payer outside the crawled set would still not appear in this dataset.
100000005661528100,inbound_only,3,True,True,0.85,"25,000 KZT arrived and none was observed leaving; any payer outside the crawled set would not appear."
100000005661829100,fully_observed,3,True,True,0.86,"Both directions observed, but 40% of what is reachable downstream ends at the crawl boundary, so the onward path is unknown."
100000005664632100,inbound_only,2,True,True,0.85,"198,620 KZT arrived and none was observed leaving; any payer outside the crawled set would not appear."
100000005664922100,fully_observed,2,True,True,0.96,Both directions observed within the crawl; a payer outside the crawled set would still not appear in this dataset.
100000005665181100,fully_observed,2,True,True,0.934,"Both directions observed, but 13% of what is reachable downstream ends at the crawl boundary, so the onward path is unknown."
100000005667841100,inbound_only,3,True,True,0.85,"186,000 KZT arrived and none was observed leaving; any payer outside the crawled set would not appear."
100000005668605100,inbound_only,0,True,True,0.85,"Seed account with no observed outgoing transfer; the 3 payers visible are return traffic from inside the crawl, not its funding side."
100000005669845100,inbound_only,1,True,True,0.85,"20,000 KZT arrived and none was observed leaving; any payer outside the crawled set would not appear."
100000005674387100,inbound_only,3,True,True,0.85,"26,200 KZT arrived and none was observed leaving; any payer outside the crawled set would not appear."
100000005685783100,truncated_at_depth,4,True,False,0.3,"At the four-hop crawl boundary: 26,150 KZT arrived from 1 payer and where it went next was never collected."
100000005704413100,fully_observed,3,True,True,0.891,"Both directions observed, but 25% of what is reachable downstream ends at the crawl boundary, so the onward path is unknown."
100000005709551100,inbound_only,3,True,True,0.85,"24,560 KZT arrived and none was observed leaving; any payer outside the crawled set would not appear."
100000005711521100,truncated_at_depth,4,True,False,0.3,"At the four-hop crawl boundary: 238,000 KZT arrived from 1 payer and where it went next was never collected."
100000005723580100,truncated_at_depth,4,True,False,0.3,"At the four-hop crawl boundary: 35,000 KZT arrived from 1 payer and where it went next was never collected."
100000005730108100,inbound_only,2,True,True,0.85,"8,000 KZT arrived and none was observed leaving; any payer outside the crawled set would not appear."
100000005744674100,outbound_only,0,False,True,0.6,"Seed account: money out was followed, money in was not, so its funding is outside the dataset (no payer appears at all)."
100000005745873100,truncated_at_depth,4,True,False,0.3,"At the four-hop crawl boundary: 223,000 KZT arrived from 1 payer and where it went next was never collected."
100000005754335100,inbound_only,3,True,True,0.85,"44,037 KZT arrived and none was observed leaving; any payer outside the crawled set would not appear."
100000005756189100,fully_observed,3,True,True,0.7,"Both directions observed, but 100% of what is reachable downstream ends at the crawl boundary, so the onward path is unknown."
100000005756535100,inbound_only,3,True,True,0.85,"20,000 KZT arrived and none was observed leaving; any payer outside the crawled set would not appear."
100000005767403100,truncated_at_depth,4,True,False,0.34,"At the four-hop crawl boundary: 1,100,000 KZT arrived from 1 payer and where it went next was never collected."
100000005778283100,inbound_only,1,True,True,0.85,"615,760 KZT arrived and none was observed leaving; any payer outside the crawled set would not appear."
100000005782781100,fully_observed,2,True,True,0.911,"Both directions observed, but 25% of what is reachable downstream ends at the crawl boundary, so the onward path is unknown."
100000005782886100,truncated_at_depth,4,True,False,0.3,"At the four-hop crawl boundary: 14,000 KZT arrived from 1 payer and where it went next was never collected."
100000005783452100,truncated_at_depth,4,True,False,0.34,"At the four-hop crawl boundary: 286,500 KZT arrived from 2 payers and where it went next was never collected."
100000005799271100,inbound_only,2,True,True,0.85,"45,000 KZT arrived and none was observed leaving; any payer outside the crawled set would not appear."
100000005807278100,inbound_only,1,True,True,0.85,"8,385 KZT arrived and none was observed leaving; any payer outside the crawled set would not appear."
100000005809252100,inbound_only,2,True,True,0.85,"25,000 KZT arrived and none was observed leaving; any payer outside the crawled set would not appear."
100000005815602100,fully_observed,3,True,True,0.7,"Both directions observed, but 100% of what is reachable downstream ends at the crawl boundary, so the onward path is unknown."
100000005820746100,fully_observed,3,True,True,0.94,Both directions observed within the crawl; a payer outside the crawled set would still not appear in this dataset.
100000005830339100,fully_observed,3,True,True,0.94,Both directions observed within the crawl; a payer outside the crawled set would still not appear in this dataset.
100000005834479100,fully_observed,2,True,True,0.951,"Both directions observed, but 5% of what is reachable downstream ends at the crawl boundary, so the onward path is unknown."
100000005844459100,inbound_only,1,True,True,0.85,"243,400 KZT arrived and none was observed leaving; any payer outside the crawled set would not appear."
100000005847078100,inbound_only,3,True,True,0.85,"16,300 KZT arrived and none was observed leaving; any payer outside the crawled set would not appear."
100000005849100100,inbound_only,2,True,True,0.85,"33,300 KZT arrived and none was observed leaving; any payer outside the crawled set would not appear."
100000005849862100,truncated_at_depth,4,True,False,0.34,"At the four-hop crawl boundary: 13,000 KZT arrived from 1 payer and where it went next was never collected."
100000005852946100,inbound_only,1,True,True,0.85,"23,746 KZT arrived and none was observed leaving; any payer outside the crawled set would not appear."
100000005857058100,inbound_only,3,True,True,0.85,"80,222 KZT arrived and none was observed leaving; any payer outside the crawled set would not appear."
100000005873152100,fully_observed,3,True,True,0.86,"Both directions observed, but 20% of what is reachable downstream ends at the crawl boundary, so the onward path is unknown."
100000005877725100,inbound_only,1,True,True,0.85,"70,000 KZT arrived and none was observed leaving; any payer outside the crawled set would not appear."
100000005878334100,truncated_at_depth,4,True,False,0.34,"At the four-hop crawl boundary: 76,400 KZT arrived from 1 payer and where it went next was never collected."
100000005882013100,fully_observed,2,True,True,0.938,"Both directions observed, but 11% of what is reachable downstream ends at the crawl boundary, so the onward path is unknown."
100000005888829100,truncated_at_depth,4,True,False,0.3,"At the four-hop crawl boundary: 197,000 KZT arrived from 1 payer and where it went next was never collected."
100000005893892100,inbound_only,3,True,True,0.85,"102,780 KZT arrived and none was observed leaving; any payer outside the crawled set would not appear."
100000005895525100,inbound_only,1,True,True,0.85,"120,000 KZT arrived and none was observed leaving; any payer outside the crawled set would not appear."
100000005897462100,inbound_only,1,True,True,0.85,"98,400 KZT arrived and none was observed leaving; any payer outside the crawled set would not appear."
100000005901606100,inbound_only,1,True,True,0.85,"35,660 KZT arrived and none was observed leaving; any payer outside the crawled set would not appear."
100000005904580100,inbound_only,2,True,True,0.85,"72,000 KZT arrived and none was observed leaving; any payer outside the crawled set would not appear."
100000005910114100,fully_observed,3,True,True,0.891,"Both directions observed, but 25% of what is reachable downstream ends at the crawl boundary, so the onward path is unknown."
100000005910895100,truncated_at_depth,4,True,False,0.3,"At the four-hop crawl boundary: 5,100 KZT arrived from 1 payer and where it went next was never collected."
100000005911352100,fully_observed,2,True,True,0.88,"Both directions observed, but 40% of what is reachable downstream ends at the crawl boundary, so the onward path is unknown."
100000005931985100,inbound_only,2,True,True,0.85,"76,000 KZT arrived and none was observed leaving; any payer outside the crawled set would not appear."
100000005932987100,inbound_only,2,True,True,0.85,"25,000 KZT arrived and none was observed leaving; any payer outside the crawled set would not appear."
100000005933757100,fully_observed,2,True,True,0.911,"Both directions observed, but 25% of what is reachable downstream ends at the crawl boundary, so the onward path is unknown."
100000005939154100,inbound_only,2,True,True,0.85,"22,000 KZT arrived and none was observed leaving; any payer outside the crawled set would not appear."
100000005940652100,inbound_only,1,True,True,0.85,"8,395 KZT arrived and none was observed leaving; any payer outside the crawled set would not appear."
100000005941908100,inbound_only,3,True,True,0.85,"10,000 KZT arrived and none was observed leaving; any payer outside the crawled set would not appear."
100000005942793100,inbound_only,2,True,True,0.85,"55,000 KZT arrived and none was observed leaving; any payer outside the crawled set would not appear."
100000005958064100,fully_observed,1,True,True,0.98,Both directions observed within the crawl; a payer outside the crawled set would still not appear in this dataset.
100000005961971100,inbound_only,1,True,True,0.85,"47,353 KZT arrived and none was observed leaving; any payer outside the crawled set would not appear."
100000005974542100,inbound_only,3,True,True,0.85,"94,500 KZT arrived and none was observed leaving; any payer outside the crawled set would not appear."
100000005979037100,truncated_at_depth,4,True,False,0.3,"At the four-hop crawl boundary: 60,300 KZT arrived from 1 payer and where it went next was never collected."
100000005995391100,inbound_only,3,True,True,0.85,"17,200 KZT arrived and none was observed leaving; any payer outside the crawled set would not appear."
100000005996909100,inbound_only,3,True,True,0.85,"5,500 KZT arrived and none was observed leaving; any payer outside the crawled set would not appear."
100000006008169100,inbound_only,1,True,True,0.85,"70,000 KZT arrived and none was observed leaving; any payer outside the crawled set would not appear."
100000006020215100,fully_observed,3,True,True,0.9,"Both directions observed, but 20% of what is reachable downstream ends at the crawl boundary, so the onward path is unknown."
100000006030946100,inbound_only,1,True,True,0.85,"73,289 KZT arrived and none was observed leaving; any payer outside the crawled set would not appear."
100000006048193100,inbound_only,3,True,True,0.85,"41,559 KZT arrived and none was observed leaving; any payer outside the crawled set would not appear."
100000006069103100,fully_observed,1,True,True,0.98,Both directions observed within the crawl; a payer outside the crawled set would still not appear in this dataset.
100000006100920100,inbound_only,3,True,True,0.85,"100,000 KZT arrived and none was observed leaving; any payer outside the crawled set would not appear."
100000006111439100,fully_observed,3,True,True,0.867,"Both directions observed, but 36% of what is reachable downstream ends at the crawl boundary, so the onward path is unknown."
100000006111442100,inbound_only,3,True,True,0.85,"64,000 KZT arrived and none was observed leaving; any payer outside the crawled set would not appear."
100000006122699100,inbound_only,2,True,True,0.85,"45,865 KZT arrived and none was observed leaving; any payer outside the crawled set would not appear."
100000006126743100,inbound_only,3,True,True,0.85,"55,000 KZT arrived and none was observed leaving; any payer outside the crawled set would not appear."
100000006161893100,inbound_only,2,True,True,0.85,"14,000 KZT arrived and none was observed leaving; any payer outside the crawled set would not appear."
100000006165886100,fully_observed,3,True,True,0.94,Both directions observed within the crawl; a payer outside the crawled set would still not appear in this dataset.
100000006169033100,fully_observed,3,True,True,0.883,"Both directions observed, but 29% of what is reachable downstream ends at the crawl boundary, so the onward path is unknown."
100000006171671100,truncated_at_depth,4,True,False,0.3,"At the four-hop crawl boundary: 10,000 KZT arrived from 1 payer and where it went next was never collected."
100000006177176100,inbound_only,1,True,True,0.85,"8,911 KZT arrived and none was observed leaving; any payer outside the crawled set would not appear."
100000006209210100,inbound_only,3,True,True,0.85,"229,111 KZT arrived and none was observed leaving; any payer outside the crawled set would not appear."
100000006225798100,fully_observed,3,True,True,0.74,"Both directions observed, but 100% of what is reachable downstream ends at the crawl boundary, so the onward path is unknown."
100000006232642100,truncated_at_depth,4,True,False,0.38,"At the four-hop crawl boundary: 456,000 KZT arrived from 1 payer and where it went next was never collected."
100000006232815100,outbound_only,0,True,True,0.6,"Seed account: money out was followed, money in was not, so its funding is outside the dataset (1 payer appear only as return traffic from inside the crawl)."
100000006240939100,fully_observed,2,True,True,0.883,"Both directions observed, but 38% of what is reachable downstream ends at the crawl boundary, so the onward path is unknown."
100000006248077100,inbound_only,2,True,True,0.85,"50,000 KZT arrived and none was observed leaving; any payer outside the crawled set would not appear."
100000006249740100,outbound_only,0,False,True,0.6,"Seed account: money out was followed, money in was not, so its funding is outside the dataset (no payer appears at all)."
100000006257675100,truncated_at_depth,4,True,False,0.34,"At the four-hop crawl boundary: 70,000 KZT arrived from 1 payer and where it went next was never collected."
100000006274203100,fully_observed,3,True,True,0.873,"Both directions observed, but 33% of what is reachable downstream ends at the crawl boundary, so the onward path is unknown."
100000006288612100,truncated_at_depth,4,True,False,0.38,"At the four-hop crawl boundary: 30,805 KZT arrived from 1 payer and where it went next was never collected."
100000006308406100,truncated_at_depth,4,True,False,0.34,"At the four-hop crawl boundary: 183,000 KZT arrived from 1 payer and where it went next was never collected."
100000006326645100,inbound_only,1,True,True,0.85,"25,264 KZT arrived and none was observed leaving; any payer outside the crawled set would not appear."
100000006351075100,truncated_at_depth,4,True,False,0.34,"At the four-hop crawl boundary: 40,000 KZT arrived from 1 payer and where it went next was never collected."
100000006369769100,inbound_only,1,True,True,0.85,"40,000 KZT arrived and none was observed leaving; any payer outside the crawled set would not appear."
100000006381453100,truncated_at_depth,4,True,False,0.3,"At the four-hop crawl boundary: 45,000 KZT arrived from 1 payer and where it went next was never collected."
100000006385877100,fully_observed,2,True,True,0.96,Both directions observed within the crawl; a payer outside the crawled set would still not appear in this dataset.
100000006412162100,truncated_at_depth,4,True,False,0.34,"At the four-hop crawl boundary: 15,000 KZT arrived from 1 payer and where it went next was never collected."
100000006416061100,truncated_at_depth,4,True,False,0.3,"At the four-hop crawl boundary: 30,000 KZT arrived from 1 payer and where it went next was never collected."
100000006424479100,fully_observed,2,True,True,0.893,"Both directions observed, but 33% of what is reachable downstream ends at the crawl boundary, so the onward path is unknown."
100000006443391100,fully_observed,1,True,True,0.98,Both directions observed within the crawl; a payer outside the crawled set would still not appear in this dataset.
100000006444163100,inbound_only,3,True,True,0.85,"6,026 KZT arrived and none was observed leaving; any payer outside the crawled set would not appear."
100000006445501100,inbound_only,1,True,True,0.85,"91,000 KZT arrived and none was observed leaving; any payer outside the crawled set would not appear."
100000006446271100,inbound_only,1,True,True,0.85,"80,000 KZT arrived and none was observed leaving; any payer outside the crawled set would not appear."
100000006471232100,inbound_only,3,True,True,0.85,"41,800 KZT arrived and none was observed leaving; any payer outside the crawled set would not appear."
100000006476758100,inbound_only,3,True,True,0.85,"5,200 KZT arrived and none was observed leaving; any payer outside the crawled set would not appear."
100000006490557100,inbound_only,2,True,True,0.85,"5,000 KZT arrived and none was observed leaving; any payer outside the crawled set would not appear."
100000006490615100,truncated_at_depth,4,True,False,0.38,"At the four-hop crawl boundary: 41,600 KZT arrived from 1 payer and where it went next was never collected."
100000006491272100,inbound_only,3,True,True,0.85,"26,200 KZT arrived and none was observed leaving; any payer outside the crawled set would not appear."
100000006491963100,truncated_at_depth,4,True,False,0.38,"At the four-hop crawl boundary: 16,000 KZT arrived from 1 payer and where it went next was never collected."
100000006492770100,fully_observed,3,True,True,0.7,"Both directions observed, but 100% of what is reachable downstream ends at the crawl boundary, so the onward path is unknown."
100000006512787100,truncated_at_depth,4,True,False,0.34,"At the four-hop crawl boundary: 20,000 KZT arrived from 1 payer and where it went next was never collected."
100000006518161100,fully_observed,1,True,True,0.98,Both directions observed within the crawl; a payer outside the crawled set would still not appear in this dataset.
100000006522972100,inbound_only,3,True,True,0.85,"9,515 KZT arrived and none was observed leaving; any payer outside the crawled set would not appear."
100000006523053100,inbound_only,2,True,True,0.85,"5,000 KZT arrived and none was observed leaving; any payer outside the crawled set would not appear."
100000006527156100,truncated_at_depth,4,True,False,0.3,"At the four-hop crawl boundary: 48,500 KZT arrived from 1 payer and where it went next was never collected."
100000006530134100,inbound_only,3,True,True,0.85,"144,663 KZT arrived and none was observed leaving; any payer outside the crawled set would not appear."
100000006532229100,inbound_only,3,True,True,0.85,"105,000 KZT arrived and none was observed leaving; any payer outside the crawled set would not appear."
100000006534886100,fully_observed,2,True,True,0.911,"Both directions observed, but 25% of what is reachable downstream ends at the crawl boundary, so the onward path is unknown."
100000006557763100,inbound_only,2,True,True,0.85,"10,000 KZT arrived and none was observed leaving; any payer outside the crawled set would not appear."
100000006562026100,inbound_only,1,True,True,0.85,"75,000 KZT arrived and none was observed leaving; any payer outside the crawled set would not appear."
100000006564102100,inbound_only,2,True,True,0.85,"233,235 KZT arrived and none was observed leaving; any payer outside the crawled set would not appear."
100000006567935100,inbound_only,2,True,True,0.85,"200,000 KZT arrived and none was observed leaving; any payer outside the crawled set would not appear."
100000006573438100,inbound_only,3,True,True,0.85,"5,000 KZT arrived and none was observed leaving; any payer outside the crawled set would not appear."
100000006579678100,fully_observed,1,True,True,0.931,"Both directions observed, but 25% of what is reachable downstream ends at the crawl boundary, so the onward path is unknown."
100000006595426100,inbound_only,2,True,True,0.85,"84,800 KZT arrived and none was observed leaving; any payer outside the crawled set would not appear."
100000006612238100,fully_observed,2,True,True,0.917,"Both directions observed, but 1% of what is reachable downstream ends at the crawl boundary, so the onward path is unknown."
100000006638021100,truncated_at_depth,4,True,False,0.34,"At the four-hop crawl boundary: 388,500 KZT arrived from 2 payers and where it went next was never collected."
100000006641671100,fully_observed,3,True,True,0.94,Both directions observed within the crawl; a payer outside the crawled set would still not appear in this dataset.
100000006656003100,fully_observed,1,True,True,0.937,"Both directions observed, but 1% of what is reachable downstream ends at the crawl boundary, so the onward path is unknown."
100000006658598100,inbound_only,1,True,True,0.85,"9,000 KZT arrived and none was observed leaving; any payer outside the crawled set would not appear."
100000006664478100,fully_observed,3,True,True,0.74,"Both directions observed, but 100% of what is reachable downstream ends at the crawl boundary, so the onward path is unknown."
100000006679055100,inbound_only,2,True,True,0.85,"25,000 KZT arrived and none was observed leaving; any payer outside the crawled set would not appear."
100000006684930100,inbound_only,2,True,True,0.85,"10,000 KZT arrived and none was observed leaving; any payer outside the crawled set would not appear."
100000006687202100,inbound_only,1,True,True,0.85,"50,000 KZT arrived and none was observed leaving; any payer outside the crawled set would not appear."
100000006689603100,truncated_at_depth,4,True,False,0.34,"At the four-hop crawl boundary: 400,000 KZT arrived from 1 payer and where it went next was never collected."
100000006693788100,truncated_at_depth,4,True,False,0.3,"At the four-hop crawl boundary: 10,764 KZT arrived from 1 payer and where it went next was never collected."
100000006701983100,inbound_only,3,True,True,0.85,"27,000 KZT arrived and none was observed leaving; any payer outside the crawled set would not appear."
100000006704530100,fully_observed,3,True,True,0.74,"Both directions observed, but 100% of what is reachable downstream ends at the crawl boundary, so the onward path is unknown."
100000006706519100,truncated_at_depth,4,True,False,0.38,"At the four-hop crawl boundary: 36,000 KZT arrived from 1 payer and where it went next was never collected."
100000006707582100,fully_observed,1,True,True,0.929,"Both directions observed, but 26% of what is reachable downstream ends at the crawl boundary, so the onward path is unknown."
100000006710485100,inbound_only,3,True,True,0.85,"20,000 KZT arrived and none was observed leaving; any payer outside the crawled set would not appear."
100000006714366100,fully_observed,3,True,True,0.7,"Both directions observed, but 100% of what is reachable downstream ends at the crawl boundary, so the onward path is unknown."
100000006734214100,fully_observed,3,True,True,0.74,"Both directions observed, but 100% of what is reachable downstream ends at the crawl boundary, so the onward path is unknown."
100000006734554100,fully_observed,1,True,True,0.94,Both directions observed within the crawl; a payer outside the crawled set would still not appear in this dataset.
100000006735545100,truncated_at_depth,4,True,False,0.3,"At the four-hop crawl boundary: 5,000 KZT arrived from 1 payer and where it went next was never collected."
100000006745291100,inbound_only,1,True,True,0.85,"82,534 KZT arrived and none was observed leaving; any payer outside the crawled set would not appear."
100000006746688100,inbound_only,3,True,True,0.85,"41,000 KZT arrived and none was observed leaving; any payer outside the crawled set would not appear."
100000006755850100,inbound_only,2,True,True,0.85,"443,476 KZT arrived and none was observed leaving; any payer outside the crawled set would not appear."
100000006756956100,truncated_at_depth,4,True,False,0.38,"At the four-hop crawl boundary: 121,200 KZT arrived from 1 payer and where it went next was never collected."
100000006787636100,inbound_only,2,True,True,0.85,"20,000 KZT arrived and none was observed leaving; any payer outside the crawled set would not appear."
100000006788200100,fully_observed,1,True,True,0.98,Both directions observed within the crawl; a payer outside the crawled set would still not appear in this dataset.
100000006789108100,inbound_only,1,True,True,0.85,"37,500 KZT arrived and none was observed leaving; any payer outside the crawled set would not appear."
100000006831291100,outbound_only,0,False,True,0.6,"Seed account: money out was followed, money in was not, so its funding is outside the dataset (no payer appears at all)."
100000006844004100,inbound_only,3,True,True,0.85,"20,600 KZT arrived and none was observed leaving; any payer outside the crawled set would not appear."
100000006844768100,fully_observed,2,True,True,0.91,"Both directions observed, but 25% of what is reachable downstream ends at the crawl boundary, so the onward path is unknown."
100000006852430100,inbound_only,2,True,True,0.85,"37,000 KZT arrived and none was observed leaving; any payer outside the crawled set would not appear."
100000006866783100,outbound_only,0,True,True,0.6,"Seed account: money out was followed, money in was not, so its funding is outside the dataset (13 payers appear only as return traffic from inside the crawl)."
100000006866831100,truncated_at_depth,4,True,False,0.3,"At the four-hop crawl boundary: 16,500 KZT arrived from 1 payer and where it went next was never collected."
100000006882208100,inbound_only,3,True,True,0.85,"18,000 KZT arrived and none was observed leaving; any payer outside the crawled set would not appear."
100000006888238100,fully_observed,2,True,True,0.92,Both directions observed within the crawl; a payer outside the crawled set would still not appear in this dataset.
100000006889963100,fully_observed,1,True,True,0.98,Both directions observed within the crawl; a payer outside the crawled set would still not appear in this dataset.
100000006894637100,inbound_only,3,True,True,0.85,"52,831 KZT arrived and none was observed leaving; any payer outside the crawled set would not appear."
100000006901046100,fully_observed,2,True,True,0.96,Both directions observed within the crawl; a payer outside the crawled set would still not appear in this dataset.
100000006903193100,truncated_at_depth,4,True,False,0.3,"At the four-hop crawl boundary: 9,000 KZT arrived from 1 payer and where it went next was never collected."
100000006912294100,fully_observed,2,True,True,0.96,Both directions observed within the crawl; a payer outside the crawled set would still not appear in this dataset.
100000006918814100,truncated_at_depth,4,True,False,0.34,"At the four-hop crawl boundary: 20,000 KZT arrived from 1 payer and where it went next was never collected."
100000006919124100,inbound_only,3,True,True,0.85,"25,000 KZT arrived and none was observed leaving; any payer outside the crawled set would not appear."
100000006952718100,inbound_only,1,True,True,0.85,"71,489 KZT arrived and none was observed leaving; any payer outside the crawled set would not appear."
100000006965162100,inbound_only,3,True,True,0.85,"10,000 KZT arrived and none was observed leaving; any payer outside the crawled set would not appear."
100000006967370100,fully_observed,3,True,True,0.7,"Both directions observed, but 100% of what is reachable downstream ends at the crawl boundary, so the onward path is unknown."
100000006972210100,inbound_only,1,True,True,0.85,"488,775 KZT arrived and none was observed leaving; any payer outside the crawled set would not appear."
100000006977207100,fully_observed,2,True,True,0.915,"Both directions observed, but 22% of what is reachable downstream ends at the crawl boundary, so the onward path is unknown."
100000006989106100,inbound_only,2,True,True,0.85,"64,000 KZT arrived and none was observed leaving; any payer outside the crawled set would not appear."
100000006989232100,inbound_only,3,True,True,0.85,"22,194 KZT arrived and none was observed leaving; any payer outside the crawled set would not appear."
100000006994985100,fully_observed,2,True,True,0.96,Both directions observed within the crawl; a payer outside the crawled set would still not appear in this dataset.
100000007005380100,inbound_only,3,True,True,0.85,"9,400 KZT arrived and none was observed leaving; any payer outside the crawled set would not appear."
100000007018630100,outbound_only,0,False,True,0.6,"Seed account: money out was followed, money in was not, so its funding is outside the dataset (no payer appears at all)."
100000007020162100,inbound_only,3,True,True,0.85,"86,395 KZT arrived and none was observed leaving; any payer outside the crawled set would not appear."
100000007022818100,inbound_only,3,True,True,0.85,"17,200 KZT arrived and none was observed leaving; any payer outside the crawled set would not appear."
100000007034089100,truncated_at_depth,4,True,False,0.34,"At the four-hop crawl boundary: 198,000 KZT arrived from 2 payers and where it went next was never collected."
100000007042175100,truncated_at_depth,4,True,False,0.3,"At the four-hop crawl boundary: 60,000 KZT arrived from 1 payer and where it went next was never collected."
100000007055802100,fully_observed,1,True,True,0.98,Both directions observed within the crawl; a payer outside the crawled set would still not appear in this dataset.
100000007071852100,truncated_at_depth,4,True,False,0.3,"At the four-hop crawl boundary: 195,000 KZT arrived from 1 payer and where it went next was never collected."
100000007129492100,fully_observed,1,True,True,0.98,Both directions observed within the crawl; a payer outside the crawled set would still not appear in this dataset.
100000007131370100,fully_observed,3,True,True,0.86,"Both directions observed, but 20% of what is reachable downstream ends at the crawl boundary, so the onward path is unknown."
100000007138613100,fully_observed,3,True,True,0.74,"Both directions observed, but 100% of what is reachable downstream ends at the crawl boundary, so the onward path is unknown."
100000007140834100,inbound_only,3,True,True,0.85,"10,200 KZT arrived and none was observed leaving; any payer outside the crawled set would not appear."
100000007153161100,truncated_at_depth,4,True,False,0.3,"At the four-hop crawl boundary: 44,997 KZT arrived from 1 payer and where it went next was never collected."
100000007170072100,fully_observed,3,True,True,0.74,"Both directions observed, but 100% of what is reachable downstream ends at the crawl boundary, so the onward path is unknown."
100000007173936100,inbound_only,2,True,True,0.85,"10,000 KZT arrived and none was observed leaving; any payer outside the crawled set would not appear."
100000007175718100,inbound_only,1,True,True,0.85,"20,000 KZT arrived and none was observed leaving; any payer outside the crawled set would not appear."
100000007181706100,inbound_only,1,True,True,0.85,"176,272 KZT arrived and none was observed leaving; any payer outside the crawled set would not appear."
100000007197866100,fully_observed,3,True,True,0.7,"Both directions observed, but 100% of what is reachable downstream ends at the crawl boundary, so the onward path is unknown."
100000007229557100,inbound_only,3,True,True,0.85,"878,000 KZT arrived and none was observed leaving; any payer outside the crawled set would not appear."
100000007242833100,fully_observed,2,True,True,0.96,Both directions observed within the crawl; a payer outside the crawled set would still not appear in this dataset.
100000007267915100,fully_observed,3,True,True,0.94,Both directions observed within the crawl; a payer outside the crawled set would still not appear in this dataset.
100000007274584100,inbound_only,1,True,True,0.85,"38,000 KZT arrived and none was observed leaving; any payer outside the crawled set would not appear."
100000007281639100,inbound_only,1,True,True,0.85,"216,770 KZT arrived and none was observed leaving; any payer outside the crawled set would not appear."
100000007283257100,inbound_only,1,True,True,0.85,"192,000 KZT arrived and none was observed leaving; any payer outside the crawled set would not appear."
100000007289427100,inbound_only,2,True,True,0.85,"12,300 KZT arrived and none was observed leaving; any payer outside the crawled set would not appear."
100000007303047100,inbound_only,3,True,True,0.85,"52,250 KZT arrived and none was observed leaving; any payer outside the crawled set would not appear."
100000007311010100,fully_observed,1,True,True,0.98,Both directions observed within the crawl; a payer outside the crawled set would still not appear in this dataset.
100000007322059100,fully_observed,2,True,True,0.86,"Both directions observed, but 50% of what is reachable downstream ends at the crawl boundary, so the onward path is unknown."
100000007330432100,truncated_at_depth,4,True,False,0.3,"At the four-hop crawl boundary: 584,900 KZT arrived from 1 payer and where it went next was never collected."
100000007333038100,fully_observed,3,True,True,0.74,"Both directions observed, but 100% of what is reachable downstream ends at the crawl boundary, so the onward path is unknown."
100000007334196100,inbound_only,1,True,True,0.85,"150,002 KZT arrived and none was observed leaving; any payer outside the crawled set would not appear."
100000007337374100,inbound_only,2,True,True,0.85,"20,000 KZT arrived and none was observed leaving; any payer outside the crawled set would not appear."
100000007347733100,inbound_only,1,True,True,0.85,"23,007 KZT arrived and none was observed leaving; any payer outside the crawled set would not appear."
100000007357489100,truncated_at_depth,4,True,False,0.34,"At the four-hop crawl boundary: 164,500 KZT arrived from 2 payers and where it went next was never collected."
100000007381662100,truncated_at_depth,4,True,False,0.3,"At the four-hop crawl boundary: 11,000 KZT arrived from 1 payer and where it went next was never collected."
100000007382152100,inbound_only,2,True,True,0.85,"5,860 KZT arrived and none was observed leaving; any payer outside the crawled set would not appear."
100000007382543100,fully_observed,2,True,True,0.868,"Both directions observed, but 46% of what is reachable downstream ends at the crawl boundary, so the onward path is unknown."
100000007390016100,fully_observed,3,True,True,0.94,Both directions observed within the crawl; a payer outside the crawled set would still not appear in this dataset.
100000007392365100,fully_observed,3,True,True,0.74,"Both directions observed, but 100% of what is reachable downstream ends at the crawl boundary, so the onward path is unknown."
100000007442518100,fully_observed,1,True,True,0.949,"Both directions observed, but 15% of what is reachable downstream ends at the crawl boundary, so the onward path is unknown."
100000007472293100,fully_observed,3,True,True,0.74,"Both directions observed, but 100% of what is reachable downstream ends at the crawl boundary, so the onward path is unknown."
100000007484343100,inbound_only,3,True,True,0.85,"26,757 KZT arrived and none was observed leaving; any payer outside the crawled set would not appear."
100000007487729100,inbound_only,3,True,True,0.85,"25,000 KZT arrived and none was observed leaving; any payer outside the crawled set would not appear."
100000007507343100,inbound_only,1,True,True,0.85,"370,000 KZT arrived and none was observed leaving; any payer outside the crawled set would not appear."
100000007510567100,truncated_at_depth,4,True,False,0.3,"At the four-hop crawl boundary: 52,000 KZT arrived from 1 payer and where it went next was never collected."
100000007510875100,inbound_only,3,True,True,0.85,"5,000 KZT arrived and none was observed leaving; any payer outside the crawled set would not appear."
100000007511163100,fully_observed,1,True,True,0.957,"Both directions observed, but 11% of what is reachable downstream ends at the crawl boundary, so the onward path is unknown."
100000007511780100,truncated_at_depth,4,True,False,0.34,"At the four-hop crawl boundary: 155,000 KZT arrived from 1 payer and where it went next was never collected."
100000007534354100,fully_observed,2,True,True,0.893,"Both directions observed, but 33% of what is reachable downstream ends at the crawl boundary, so the onward path is unknown."
100000007536804100,fully_observed,1,True,True,0.98,Both directions observed within the crawl; a payer outside the crawled set would still not appear in this dataset.
100000007539296100,truncated_at_depth,4,True,False,0.34,"At the four-hop crawl boundary: 46,000 KZT arrived from 1 payer and where it went next was never collected."
100000007544358100,fully_observed,1,True,True,0.98,Both directions observed within the crawl; a payer outside the crawled set would still not appear in this dataset.
100000007591246100,fully_observed,3,True,True,0.9,Both directions observed within the crawl; a payer outside the crawled set would still not appear in this dataset.
100000007593823100,fully_observed,3,True,True,0.891,"Both directions observed, but 25% of what is reachable downstream ends at the crawl boundary, so the onward path is unknown."
100000007594394100,fully_observed,2,True,True,0.893,"Both directions observed, but 33% of what is reachable downstream ends at the crawl boundary, so the onward path is unknown."
100000007597382100,inbound_only,3,True,True,0.85,"15,700 KZT arrived and none was observed leaving; any payer outside the crawled set would not appear."
100000007617808100,inbound_only,2,True,True,0.85,"450,000 KZT arrived and none was observed leaving; any payer outside the crawled set would not appear."
100000007618425100,inbound_only,3,True,True,0.85,"39,348 KZT arrived and none was observed leaving; any payer outside the crawled set would not appear."
100000007629096100,fully_observed,2,True,True,0.931,"Both directions observed, but 14% of what is reachable downstream ends at the crawl boundary, so the onward path is unknown."
100000007629121100,inbound_only,2,True,True,0.85,"29,000 KZT arrived and none was observed leaving; any payer outside the crawled set would not appear."
100000007631637100,inbound_only,1,True,True,0.85,"15,341 KZT arrived and none was observed leaving; any payer outside the crawled set would not appear."
100000007639767100,fully_observed,1,True,True,0.931,"Both directions observed, but 25% of what is reachable downstream ends at the crawl boundary, so the onward path is unknown."
100000007641183100,inbound_only,1,True,True,0.85,"28,000 KZT arrived and none was observed leaving; any payer outside the crawled set would not appear."
100000007641801100,inbound_only,1,True,True,0.85,"200,000 KZT arrived and none was observed leaving; any payer outside the crawled set would not appear."
100000007647294100,inbound_only,3,True,True,0.85,"385,000 KZT arrived and none was observed leaving; any payer outside the crawled set would not appear."
100000007648946100,fully_observed,1,True,True,0.84,"Both directions observed, but 50% of what is reachable downstream ends at the crawl boundary, so the onward path is unknown."
100000007653003100,inbound_only,3,True,True,0.85,"100,000 KZT arrived and none was observed leaving; any payer outside the crawled set would not appear."
100000007653094100,truncated_at_depth,4,True,False,0.3,"At the four-hop crawl boundary: 16,000 KZT arrived from 1 payer and where it went next was never collected."
100000007689942100,fully_observed,3,True,True,0.873,"Both directions observed, but 33% of what is reachable downstream ends at the crawl boundary, so the onward path is unknown."
100000007731977100,truncated_at_depth,4,True,False,0.3,"At the four-hop crawl boundary: 50,000 KZT arrived from 1 payer and where it went next was never collected."
100000007737775100,inbound_only,3,True,True,0.85,"6,000 KZT arrived and none was observed leaving; any payer outside the crawled set would not appear."
100000007745062100,truncated_at_depth,4,True,False,0.3,"At the four-hop crawl boundary: 100,000 KZT arrived from 1 payer and where it went next was never collected."
100000007747786100,outbound_only,0,False,True,0.6,"Seed account: money out was followed, money in was not, so its funding is outside the dataset (no payer appears at all)."
100000007749092100,fully_observed,2,True,True,0.96,Both directions observed within the crawl; a payer outside the crawled set would still not appear in this dataset.
100000007749747100,truncated_at_depth,4,True,False,0.3,"At the four-hop crawl boundary: 50,000 KZT arrived from 1 payer and where it went next was never collected."
100000007754369100,inbound_only,3,True,True,0.85,"82,424 KZT arrived and none was observed leaving; any payer outside the crawled set would not appear."
100000007777377100,fully_observed,2,True,True,0.817,"Both directions observed, but 71% of what is reachable downstream ends at the crawl boundary, so the onward path is unknown."
100000007793871100,inbound_only,3,True,True,0.85,"26,000 KZT arrived and none was observed leaving; any payer outside the crawled set would not appear."
100000007797290100,fully_observed,2,True,True,0.92,Both directions observed within the crawl; a payer outside the crawled set would still not appear in this dataset.
100000007811950100,truncated_at_depth,4,True,False,0.3,"At the four-hop crawl boundary: 50,000 KZT arrived from 1 payer and where it went next was never collected."
100000007841978100,truncated_at_depth,4,True,False,0.3,"At the four-hop crawl boundary: 449,000 KZT arrived from 1 payer and where it went next was never collected."
100000007861311100,inbound_only,2,True,True,0.85,"45,000 KZT arrived and none was observed leaving; any payer outside the crawled set would not appear."
100000007863304100,inbound_only,3,True,True,0.85,"25,000 KZT arrived and none was observed leaving; any payer outside the crawled set would not appear."
100000007864477100,fully_observed,3,True,True,0.929,"Both directions observed, but 5% of what is reachable downstream ends at the crawl boundary, so the onward path is unknown."
100000007865484100,truncated_at_depth,4,True,False,0.34,"At the four-hop crawl boundary: 584,600 KZT arrived from 1 payer and where it went next was never collected."
100000007867364100,truncated_at_depth,4,True,False,0.3,"At the four-hop crawl boundary: 41,852 KZT arrived from 1 payer and where it went next was never collected."
100000007898453100,fully_observed,2,True,True,0.96,Both directions observed within the crawl; a payer outside the crawled set would still not appear in this dataset.
100000007908818100,fully_observed,1,True,True,0.98,Both directions observed within the crawl; a payer outside the crawled set would still not appear in this dataset.
100000007930878100,inbound_only,2,True,True,0.85,"5,000 KZT arrived and none was observed leaving; any payer outside the crawled set would not appear."
100000007938486100,inbound_only,1,True,True,0.85,"39,500 KZT arrived and none was observed leaving; any payer outside the crawled set would not appear."
100000007939160100,fully_observed,1,True,True,0.98,Both directions observed within the crawl; a payer outside the crawled set would still not appear in this dataset.
100000007953156100,fully_observed,2,True,True,0.92,Both directions observed within the crawl; a payer outside the crawled set would still not appear in this dataset.
100000007960337100,truncated_at_depth,4,True,False,0.3,"At the four-hop crawl boundary: 35,500 KZT arrived from 1 payer and where it went next was never collected."
100000007982728100,outbound_only,0,False,True,0.6,"Seed account: money out was followed, money in was not, so its funding is outside the dataset (no payer appears at all)."
100000007982908100,inbound_only,2,True,True,0.85,"31,080 KZT arrived and none was observed leaving; any payer outside the crawled set would not appear."
100000007988344100,truncated_at_depth,4,True,False,0.38,"At the four-hop crawl boundary: 20,000 KZT arrived from 1 payer and where it went next was never collected."
100000007997939100,truncated_at_depth,4,True,False,0.3,"At the four-hop crawl boundary: 13,000 KZT arrived from 1 payer and where it went next was never collected."
100000007998965100,fully_observed,2,True,True,0.96,Both directions observed within the crawl; a payer outside the crawled set would still not appear in this dataset.
100000007999728100,inbound_only,3,True,True,0.85,"23,250 KZT arrived and none was observed leaving; any payer outside the crawled set would not appear."
100000008002020100,fully_observed,1,True,True,0.94,Both directions observed within the crawl; a payer outside the crawled set would still not appear in this dataset.
100000008003034100,fully_observed,1,True,True,0.931,"Both directions observed, but 25% of what is reachable downstream ends at the crawl boundary, so the onward path is unknown."
100000008008463100,inbound_only,2,True,True,0.85,"54,180 KZT arrived and none was observed leaving; any payer outside the crawled set would not appear."
100000008011159100,fully_observed,2,True,True,0.903,"Both directions observed, but 29% of what is reachable downstream ends at the crawl boundary, so the onward path is unknown."
100000008011573100,inbound_only,3,True,True,0.85,"15,000 KZT arrived and none was observed leaving; any payer outside the crawled set would not appear."
100000008027922100,truncated_at_depth,4,True,False,0.3,"At the four-hop crawl boundary: 70,000 KZT arrived from 1 payer and where it went next was never collected."
100000008028628100,inbound_only,1,True,True,0.85,"57,224 KZT arrived and none was observed leaving; any payer outside the crawled set would not appear."
100000008029279100,inbound_only,3,True,True,0.85,"17,000 KZT arrived and none was observed leaving; any payer outside the crawled set would not appear."
100000008038077100,inbound_only,3,True,True,0.85,"499,850 KZT arrived and none was observed leaving; any payer outside the crawled set would not appear."
100000008042075100,inbound_only,3,True,True,0.85,"5,000 KZT arrived and none was observed leaving; any payer outside the crawled set would not appear."
100000008043184100,inbound_only,3,True,True,0.85,"50,564 KZT arrived and none was observed leaving; any payer outside the crawled set would not appear."
100000008050986100,truncated_at_depth,4,True,False,0.34,"At the four-hop crawl boundary: 95,000 KZT arrived from 1 payer and where it went next was never collected."
100000008055972100,inbound_only,3,True,True,0.85,"28,300 KZT arrived and none was observed leaving; any payer outside the crawled set would not appear."
100000008060273100,inbound_only,2,True,True,0.85,"10,000 KZT arrived and none was observed leaving; any payer outside the crawled set would not appear."
100000008066326100,inbound_only,1,True,True,0.85,"19,320 KZT arrived and none was observed leaving; any payer outside the crawled set would not appear."
100000008070101100,inbound_only,3,True,True,0.85,"100,000 KZT arrived and none was observed leaving; any payer outside the crawled set would not appear."
100000008071620100,inbound_only,1,True,True,0.85,"46,968 KZT arrived and none was observed leaving; any payer outside the crawled set would not appear."
100000008071749100,truncated_at_depth,4,True,False,0.3,"At the four-hop crawl boundary: 24,943 KZT arrived from 1 payer and where it went next was never collected."
100000008074304100,truncated_at_depth,4,True,False,0.3,"At the four-hop crawl boundary: 5,500 KZT arrived from 1 payer and where it went next was never collected."
100000008077552100,inbound_only,3,True,True,0.85,"214,000 KZT arrived and none was observed leaving; any payer outside the crawled set would not appear."
100000008086440100,fully_observed,3,True,True,0.891,"Both directions observed, but 25% of what is reachable downstream ends at the crawl boundary, so the onward path is unknown."
100000008088082100,fully_observed,3,True,True,0.7,"Both directions observed, but 100% of what is reachable downstream ends at the crawl boundary, so the onward path is unknown."
100000008094734100,inbound_only,1,True,True,0.85,"236,249 KZT arrived and none was observed leaving; any payer outside the crawled set would not appear."
100000008097580100,inbound_only,3,True,True,0.85,"32,000 KZT arrived and none was observed leaving; any payer outside the crawled set would not appear."
100000008104567100,fully_observed,2,True,True,0.911,"Both directions observed, but 25% of what is reachable downstream ends at the crawl boundary, so the onward path is unknown."
100000008106997100,fully_observed,2,True,True,0.96,Both directions observed within the crawl; a payer outside the crawled set would still not appear in this dataset.
100000008111003100,fully_observed,2,True,True,0.911,"Both directions observed, but 25% of what is reachable downstream ends at the crawl boundary, so the onward path is unknown."
100000008116374100,inbound_only,1,True,True,0.85,"31,284 KZT arrived and none was observed leaving; any payer outside the crawled set would not appear."
100000008117324100,isolated,0,False,True,0.1,"No transfer observed in either direction in the window, so nothing about this account's behaviour is measurable from this dataset."
100000008121806100,fully_observed,3,True,True,0.891,"Both directions observed, but 25% of what is reachable downstream ends at the crawl boundary, so the onward path is unknown."
100000008129393100,inbound_only,1,True,True,0.85,"10,000 KZT arrived and none was observed leaving; any payer outside the crawled set would not appear."
100000008130868100,truncated_at_depth,4,True,False,0.3,"At the four-hop crawl boundary: 22,782 KZT arrived from 1 payer and where it went next was never collected."
100000008136608100,truncated_at_depth,4,True,False,0.3,"At the four-hop crawl boundary: 170,000 KZT arrived from 1 payer and where it went next was never collected."
100000008137435100,fully_observed,1,True,True,0.931,"Both directions observed, but 25% of what is reachable downstream ends at the crawl boundary, so the onward path is unknown."
100000008141170100,inbound_only,2,True,True,0.85,"11,000 KZT arrived and none was observed leaving; any payer outside the crawled set would not appear."
100000008144528100,inbound_only,2,True,True,0.85,"1,068,203 KZT arrived and none was observed leaving; any payer outside the crawled set would not appear."
100000008151098100,truncated_at_depth,4,True,False,0.3,"At the four-hop crawl boundary: 30,000 KZT arrived from 1 payer and where it went next was never collected."
100000008165763100,fully_observed,1,True,True,0.968,"Both directions observed, but 6% of what is reachable downstream ends at the crawl boundary, so the onward path is unknown."
100000008168850100,truncated_at_depth,4,True,False,0.34,"At the four-hop crawl boundary: 187,910 KZT arrived from 1 payer and where it went next was never collected."
100000008169544100,fully_observed,1,True,True,0.931,"Both directions observed, but 25% of what is reachable downstream ends at the crawl boundary, so the onward path is unknown."
100000008172352100,fully_observed,1,True,True,0.968,"Both directions observed, but 6% of what is reachable downstream ends at the crawl boundary, so the onward path is unknown."
100000008172721100,truncated_at_depth,4,True,False,0.3,"At the four-hop crawl boundary: 168,335 KZT arrived from 1 payer and where it went next was never collected."
100000008173359100,inbound_only,1,True,True,0.85,"6,110 KZT arrived and none was observed leaving; any payer outside the crawled set would not appear."
100000008174521100,inbound_only,2,True,True,0.85,"82,110 KZT arrived and none was observed leaving; any payer outside the crawled set would not appear."
100000008175078100,truncated_at_depth,4,True,False,0.38,"At the four-hop crawl boundary: 1,846,711 KZT arrived from 1 payer and where it went next was never collected."
100000008183752100,truncated_at_depth,4,True,False,0.3,"At the four-hop crawl boundary: 140,000 KZT arrived from 1 payer and where it went next was never collected."
100000008188026100,fully_observed,1,True,True,0.931,"Both directions observed, but 25% of what is reachable downstream ends at the crawl boundary, so the onward path is unknown."
100000008190411100,truncated_at_depth,4,True,False,0.38,"At the four-hop crawl boundary: 198,450 KZT arrived from 1 payer and where it went next was never collected."
100000008190442100,inbound_only,3,True,True,0.85,"13,000 KZT arrived and none was observed leaving; any payer outside the crawled set would not appear."
100000008192264100,fully_observed,3,True,True,0.74,"Both directions observed, but 100% of what is reachable downstream ends at the crawl boundary, so the onward path is unknown."
100000008193258100,fully_observed,3,True,True,0.74,"Both directions observed, but 100% of what is reachable downstream ends at the crawl boundary, so the onward path is unknown."
100000008193577100,fully_observed,1,True,True,0.98,Both directions observed within the crawl; a payer outside the crawled set would still not appear in this dataset.
100000008200810100,inbound_only,3,True,True,0.85,"475,000 KZT arrived and none was observed leaving; any payer outside the crawled set would not appear."
100000008205000100,isolated,0,False,True,0.1,"No transfer observed in either direction in the window, so nothing about this account's behaviour is measurable from this dataset."
100000008205937100,inbound_only,2,True,True,0.85,"35,000 KZT arrived and none was observed leaving; any payer outside the crawled set would not appear."
100000008213966100,fully_observed,2,True,True,0.86,"Both directions observed, but 50% of what is reachable downstream ends at the crawl boundary, so the onward path is unknown."
100000008219168100,inbound_only,1,True,True,0.85,"53,200 KZT arrived and none was observed leaving; any payer outside the crawled set would not appear."
100000008221543100,inbound_only,1,True,True,0.85,"542,000 KZT arrived and none was observed leaving; any payer outside the crawled set would not appear."
100000008221765100,truncated_at_depth,4,True,False,0.3,"At the four-hop crawl boundary: 156,354 KZT arrived from 1 payer and where it went next was never collected."
100000008223661100,fully_observed,3,True,True,0.928,"Both directions observed, but 6% of what is reachable downstream ends at the crawl boundary, so the onward path is unknown."
100000008223756100,inbound_only,3,True,True,0.85,"331,682 KZT arrived and none was observed leaving; any payer outside the crawled set would not appear."
100000008229700100,fully_observed,1,True,True,0.94,Both directions observed within the crawl; a payer outside the crawled set would still not appear in this dataset.
100000008232832100,fully_observed,1,True,True,0.98,Both directions observed within the crawl; a payer outside the crawled set would still not appear in this dataset.
100000008237827100,inbound_only,1,True,True,0.85,"40,001 KZT arrived and none was observed leaving; any payer outside the crawled set would not appear."
100000008238112100,inbound_only,3,True,True,0.85,"190,000 KZT arrived and none was observed leaving; any payer outside the crawled set would not appear."
100000008238989100,inbound_only,2,True,True,0.85,"200,000 KZT arrived and none was observed leaving; any payer outside the crawled set would not appear."
100000008244300100,inbound_only,1,True,True,0.85,"65,430 KZT arrived and none was observed leaving; any payer outside the crawled set would not appear."
100000008251939100,truncated_at_depth,4,True,False,0.3,"At the four-hop crawl boundary: 44,360 KZT arrived from 1 payer and where it went next was never collected."
100000008254069100,fully_observed,2,True,True,0.92,"Both directions observed, but 20% of what is reachable downstream ends at the crawl boundary, so the onward path is unknown."
100000008254576100,fully_observed,3,True,True,0.7,"Both directions observed, but 100% of what is reachable downstream ends at the crawl boundary, so the onward path is unknown."
100000008255655100,truncated_at_depth,4,True,False,0.3,"At the four-hop crawl boundary: 5,400 KZT arrived from 1 payer and where it went next was never collected."
100000008258083100,fully_observed,2,True,True,0.929,"Both directions observed, but 15% of what is reachable downstream ends at the crawl boundary, so the onward path is unknown."
100000008258458100,fully_observed,3,True,True,0.74,"Both directions observed, but 100% of what is reachable downstream ends at the crawl boundary, so the onward path is unknown."
100000008259451100,inbound_only,3,True,True,0.85,"55,000 KZT arrived and none was observed leaving; any payer outside the crawled set would not appear."
100000008279405100,inbound_only,3,True,True,0.85,"234,738 KZT arrived and none was observed leaving; any payer outside the crawled set would not appear."
100000008283183100,inbound_only,2,True,True,0.85,"29,000 KZT arrived and none was observed leaving; any payer outside the crawled set would not appear."
100000008289539100,inbound_only,2,True,True,0.85,"14,912 KZT arrived and none was observed leaving; any payer outside the crawled set would not appear."
100000008293431100,fully_observed,3,True,True,0.891,"Both directions observed, but 25% of what is reachable downstream ends at the crawl boundary, so the onward path is unknown."
100000008295429100,inbound_only,3,True,True,0.85,"352,000 KZT arrived and none was observed leaving; any payer outside the crawled set would not appear."
100000008297199100,inbound_only,3,True,True,0.85,"42,268 KZT arrived and none was observed leaving; any payer outside the crawled set would not appear."
100000008304115100,inbound_only,1,True,True,0.85,"51,000 KZT arrived and none was observed leaving; any payer outside the crawled set would not appear."
100000008304139100,fully_observed,1,True,True,0.931,"Both directions observed, but 25% of what is reachable downstream ends at the crawl boundary, so the onward path is unknown."
100000008306857100,inbound_only,3,True,True,0.85,"125,000 KZT arrived and none was observed leaving; any payer outside the crawled set would not appear."
100000008308418100,truncated_at_depth,4,True,False,0.3,"At the four-hop crawl boundary: 50,000 KZT arrived from 1 payer and where it went next was never collected."
100000008309514100,inbound_only,3,True,True,0.85,"17,200 KZT arrived and none was observed leaving; any payer outside the crawled set would not appear."
100000008314203100,outbound_only,0,True,True,0.6,"Seed account: money out was followed, money in was not, so its funding is outside the dataset (2 payers appear only as return traffic from inside the crawl)."
100000008314863100,inbound_only,3,True,True,0.85,"12,000 KZT arrived and none was observed leaving; any payer outside the crawled set would not appear."
100000008321975100,truncated_at_depth,4,True,False,0.3,"At the four-hop crawl boundary: 5,900 KZT arrived from 1 payer and where it went next was never collected."
100000008324800100,fully_observed,2,True,True,0.96,Both directions observed within the crawl; a payer outside the crawled set would still not appear in this dataset.
100000008327791100,truncated_at_depth,4,True,False,0.3,"At the four-hop crawl boundary: 11,000 KZT arrived from 1 payer and where it went next was never collected."
100000008331280100,truncated_at_depth,4,True,False,0.34,"At the four-hop crawl boundary: 41,000 KZT arrived from 1 payer and where it went next was never collected."
100000008332511100,inbound_only,3,True,True,0.85,"100,000 KZT arrived and none was observed leaving; any payer outside the crawled set would not appear."
100000008333492100,truncated_at_depth,4,True,False,0.3,"At the four-hop crawl boundary: 216,400 KZT arrived from 1 payer and where it went next was never collected."
100000008335401100,inbound_only,2,True,True,0.85,"150,000 KZT arrived and none was observed leaving; any payer outside the crawled set would not appear."
100000008336318100,truncated_at_depth,4,True,False,0.3,"At the four-hop crawl boundary: 170,000 KZT arrived from 1 payer and where it went next was never collected."
100000008337304100,truncated_at_depth,4,True,False,0.34,"At the four-hop crawl boundary: 105,465 KZT arrived from 1 payer and where it went next was never collected."
100000008343415100,truncated_at_depth,4,True,False,0.38,"At the four-hop crawl boundary: 100,000 KZT arrived from 1 payer and where it went next was never collected."
100000008343874100,fully_observed,3,True,True,0.74,"Both directions observed, but 100% of what is reachable downstream ends at the crawl boundary, so the onward path is unknown."
100000008346837100,fully_observed,2,True,True,0.911,"Both directions observed, but 25% of what is reachable downstream ends at the crawl boundary, so the onward path is unknown."
100000008349675100,fully_observed,1,True,True,0.98,Both directions observed within the crawl; a payer outside the crawled set would still not appear in this dataset.
100000008349740100,truncated_at_depth,4,True,False,0.34,"At the four-hop crawl boundary: 70,000 KZT arrived from 1 payer and where it went next was never collected."
100000008352542100,inbound_only,2,True,True,0.85,"50,220 KZT arrived and none was observed leaving; any payer outside the crawled set would not appear."
100000008356606100,inbound_only,2,True,True,0.85,"168,500 KZT arrived and none was observed leaving; any payer outside the crawled set would not appear."
100000008376089100,inbound_only,2,True,True,0.85,"135,000 KZT arrived and none was observed leaving; any payer outside the crawled set would not appear."
100000008376785100,truncated_at_depth,4,True,False,0.34,"At the four-hop crawl boundary: 234,250 KZT arrived from 1 payer and where it went next was never collected."
100000008379273100,fully_observed,3,True,True,0.891,"Both directions observed, but 25% of what is reachable downstream ends at the crawl boundary, so the onward path is unknown."
100000008383405100,inbound_only,1,True,True,0.85,"25,000 KZT arrived and none was observed leaving; any payer outside the crawled set would not appear."
100000008388049100,inbound_only,3,True,True,0.85,"496,400 KZT arrived and none was observed leaving; any payer outside the crawled set would not appear."
100000008389800100,fully_observed,2,True,True,0.937,"Both directions observed, but 11% of what is reachable downstream ends at the crawl boundary, so the onward path is unknown."
100000008405209100,inbound_only,3,True,True,0.85,"54,400 KZT arrived and none was observed leaving; any payer outside the crawled set would not appear."
100000008406609100,inbound_only,2,True,True,0.85,"34,000 KZT arrived and none was observed leaving; any payer outside the crawled set would not appear."
100000008413748100,fully_observed,2,True,True,0.911,"Both directions observed, but 25% of what is reachable downstream ends at the crawl boundary, so the onward path is unknown."
100000008416433100,inbound_only,3,True,True,0.85,"20,000 KZT arrived and none was observed leaving; any payer outside the crawled set would not appear."
100000008417029100,inbound_only,3,True,True,0.85,"100,000 KZT arrived and none was observed leaving; any payer outside the crawled set would not appear."
100000008417359100,fully_observed,3,True,True,0.891,"Both directions observed, but 25% of what is reachable downstream ends at the crawl boundary, so the onward path is unknown."
100000008418835100,outbound_only,0,True,True,0.6,"Seed account: money out was followed, money in was not, so its funding is outside the dataset (1 payer appear only as return traffic from inside the crawl)."
100000008418934100,inbound_only,2,True,True,0.85,"360,000 KZT arrived and none was observed leaving; any payer outside the crawled set would not appear."
100000008422226100,inbound_only,3,True,True,0.85,"87,450 KZT arrived and none was observed leaving; any payer outside the crawled set would not appear."
100000008427027100,inbound_only,3,True,True,0.85,"300,000 KZT arrived and none was observed leaving; any payer outside the crawled set would not appear."
100000008430691100,fully_observed,3,True,True,0.917,"Both directions observed, but 11% of what is reachable downstream ends at the crawl boundary, so the onward path is unknown."
100000008432942100,inbound_only,3,True,True,0.85,"44,542 KZT arrived and none was observed leaving; any payer outside the crawled set would not appear."
100000008436257100,inbound_only,3,True,True,0.85,"35,000 KZT arrived and none was observed leaving; any payer outside the crawled set would not appear."
100000008438656100,fully_observed,1,True,True,0.98,Both directions observed within the crawl; a payer outside the crawled set would still not appear in this dataset.
100000008443341100,fully_observed,1,True,True,0.931,"Both directions observed, but 25% of what is reachable downstream ends at the crawl boundary, so the onward path is unknown."
100000008454065100,inbound_only,3,True,True,0.85,"24,050 KZT arrived and none was observed leaving; any payer outside the crawled set would not appear."
100000008459449100,inbound_only,3,True,True,0.85,"53,700 KZT arrived and none was observed leaving; any payer outside the crawled set would not appear."
100000008460102100,fully_observed,3,True,True,0.888,"Both directions observed, but 26% of what is reachable downstream ends at the crawl boundary, so the onward path is unknown."
100000008461217100,truncated_at_depth,4,True,False,0.3,"At the four-hop crawl boundary: 18,000 KZT arrived from 1 payer and where it went next was never collected."
100000008461532100,fully_observed,2,True,True,0.874,"Both directions observed, but 43% of what is reachable downstream ends at the crawl boundary, so the onward path is unknown."
100000008463968100,inbound_only,3,True,True,0.85,"10,000 KZT arrived and none was observed leaving; any payer outside the crawled set would not appear."
100000008465789100,fully_observed,3,True,True,0.897,"Both directions observed, but 21% of what is reachable downstream ends at the crawl boundary, so the onward path is unknown."
100000008466579100,fully_observed,2,True,True,0.917,"Both directions observed, but 21% of what is reachable downstream ends at the crawl boundary, so the onward path is unknown."
100000008468762100,inbound_only,3,True,True,0.85,"170,000 KZT arrived and none was observed leaving; any payer outside the crawled set would not appear."
100000008469048100,truncated_at_depth,4,True,False,0.38,"At the four-hop crawl boundary: 265,200 KZT arrived from 1 payer and where it went next was never collected."
100000008470470100,inbound_only,1,True,True,0.85,"33,547 KZT arrived and none was observed leaving; any payer outside the crawled set would not appear."
100000008471634100,truncated_at_depth,4,True,False,0.3,"At the four-hop crawl boundary: 20,000 KZT arrived from 1 payer and where it went next was never collected."
100000008472324100,inbound_only,3,True,True,0.85,"205,200 KZT arrived and none was observed leaving; any payer outside the crawled set would not appear."
100000008473207100,inbound_only,2,True,True,0.85,"202,000 KZT arrived and none was observed leaving; any payer outside the crawled set would not appear."
100000008473765100,inbound_only,3,True,True,0.85,"30,000 KZT arrived and none was observed leaving; any payer outside the crawled set would not appear."
100000008474308100,fully_observed,2,True,True,0.911,"Both directions observed, but 25% of what is reachable downstream ends at the crawl boundary, so the onward path is unknown."
100000008474391100,inbound_only,3,True,True,0.85,"20,000 KZT arrived and none was observed leaving; any payer outside the crawled set would not appear."
100000008477350100,fully_observed,2,True,True,0.911,"Both directions observed, but 25% of what is reachable downstream ends at the crawl boundary, so the onward path is unknown."
100000008478414100,inbound_only,2,True,True,0.85,"10,000 KZT arrived and none was observed leaving; any payer outside the crawled set would not appear."
100000008486520100,fully_observed,1,True,True,0.98,Both directions observed within the crawl; a payer outside the crawled set would still not appear in this dataset.
100000008488166100,inbound_only,3,True,True,0.85,"5,600 KZT arrived and none was observed leaving; any payer outside the crawled set would not appear."
100000008489604100,inbound_only,3,True,True,0.85,"11,000 KZT arrived and none was observed leaving; any payer outside the crawled set would not appear."
100000008489922100,fully_observed,3,True,True,0.897,"Both directions observed, but 21% of what is reachable downstream ends at the crawl boundary, so the onward path is unknown."
100000008490127100,fully_observed,3,True,True,0.74,"Both directions observed, but 100% of what is reachable downstream ends at the crawl boundary, so the onward path is unknown."
100000008491390100,inbound_only,3,True,True,0.85,"36,000 KZT arrived and none was observed leaving; any payer outside the crawled set would not appear."
100000008493007100,fully_observed,3,True,True,0.7,"Both directions observed, but 100% of what is reachable downstream ends at the crawl boundary, so the onward path is unknown."
100000008497298100,inbound_only,2,True,True,0.85,"600,000 KZT arrived and none was observed leaving; any payer outside the crawled set would not appear."
100000008501413100,fully_observed,3,True,True,0.7,"Both directions observed, but 100% of what is reachable downstream ends at the crawl boundary, so the onward path is unknown."
100000008502995100,inbound_only,3,True,True,0.85,"25,000 KZT arrived and none was observed leaving; any payer outside the crawled set would not appear."
100000008503177100,inbound_only,3,True,True,0.85,"33,951 KZT arrived and none was observed leaving; any payer outside the crawled set would not appear."
100000008507703100,inbound_only,3,True,True,0.85,"28,500 KZT arrived and none was observed leaving; any payer outside the crawled set would not appear."
100000008512552100,fully_observed,2,True,True,0.911,"Both directions observed, but 25% of what is reachable downstream ends at the crawl boundary, so the onward path is unknown."
100000008512827100,fully_observed,2,True,True,0.914,"Both directions observed, but 23% of what is reachable downstream ends at the crawl boundary, so the onward path is unknown."
100000008513251100,isolated,0,False,True,0.1,"No transfer observed in either direction in the window, so nothing about this account's behaviour is measurable from this dataset."
100000008514970100,fully_observed,3,True,True,0.7,"Both directions observed, but 100% of what is reachable downstream ends at the crawl boundary, so the onward path is unknown."
100000008516839100,inbound_only,0,True,True,0.85,"Seed account with no observed outgoing transfer; the 3 payers visible are return traffic from inside the crawl, not its funding side."
100000008517061100,truncated_at_depth,4,True,False,0.38,"At the four-hop crawl boundary: 1,844,000 KZT arrived from 1 payer and where it went next was never collected."
100000008517538100,fully_observed,3,True,True,0.886,"Both directions observed, but 27% of what is reachable downstream ends at the crawl boundary, so the onward path is unknown."
100000008522127100,outbound_only,0,False,True,0.6,"Seed account: money out was followed, money in was not, so its funding is outside the dataset (no payer appears at all)."
100000008524903100,truncated_at_depth,4,True,False,0.3,"At the four-hop crawl boundary: 15,000 KZT arrived from 1 payer and where it went next was never collected."
100000008525136100,truncated_at_depth,4,True,False,0.3,"At the four-hop crawl boundary: 14,100 KZT arrived from 1 payer and where it went next was never collected."
100000008531133100,fully_observed,2,True,True,0.96,Both directions observed within the crawl; a payer outside the crawled set would still not appear in this dataset.
100000008531186100,inbound_only,2,True,True,0.85,"125,000 KZT arrived and none was observed leaving; any payer outside the crawled set would not appear."
100000008532050100,inbound_only,3,True,True,0.85,"455,156 KZT arrived and none was observed leaving; any payer outside the crawled set would not appear."
100000008536546100,inbound_only,3,True,True,0.85,"250,000 KZT arrived and none was observed leaving; any payer outside the crawled set would not appear."
100000008537380100,inbound_only,3,True,True,0.85,"8,000 KZT arrived and none was observed leaving; any payer outside the crawled set would not appear."
100000008545727100,fully_observed,2,True,True,0.927,"Both directions observed, but 17% of what is reachable downstream ends at the crawl boundary, so the onward path is unknown."
100000008546855100,fully_observed,2,True,True,0.893,"Both directions observed, but 33% of what is reachable downstream ends at the crawl boundary, so the onward path is unknown."
100000008547295100,inbound_only,3,True,True,0.85,"15,000 KZT arrived and none was observed leaving; any payer outside the crawled set would not appear."
100000008547844100,fully_observed,2,True,True,0.917,"Both directions observed, but 21% of what is reachable downstream ends at the crawl boundary, so the onward path is unknown."
100000008547948100,fully_observed,2,True,True,0.917,"Both directions observed, but 21% of what is reachable downstream ends at the crawl boundary, so the onward path is unknown."
100000008548853100,inbound_only,3,True,True,0.85,"14,000 KZT arrived and none was observed leaving; any payer outside the crawled set would not appear."
100000008551752100,truncated_at_depth,4,True,False,0.34,"At the four-hop crawl boundary: 406,000 KZT arrived from 1 payer and where it went next was never collected."
100000008554390100,truncated_at_depth,4,True,False,0.3,"At the four-hop crawl boundary: 14,000 KZT arrived from 1 payer and where it went next was never collected."
100000008555233100,inbound_only,3,True,True,0.85,"440,600 KZT arrived and none was observed leaving; any payer outside the crawled set would not appear."
100000008555918100,fully_observed,1,True,True,0.98,Both directions observed within the crawl; a payer outside the crawled set would still not appear in this dataset.
100000008556318100,inbound_only,1,True,True,0.85,"180,132 KZT arrived and none was observed leaving; any payer outside the crawled set would not appear."
100000008557672100,inbound_only,2,True,True,0.85,"49,125 KZT arrived and none was observed leaving; any payer outside the crawled set would not appear."
100000008560263100,truncated_at_depth,4,True,False,0.3,"At the four-hop crawl boundary: 100,000 KZT arrived from 1 payer and where it went next was never collected."
100000008560717100,fully_observed,1,True,True,0.98,Both directions observed within the crawl; a payer outside the crawled set would still not appear in this dataset.
100000008561016100,fully_observed,3,True,True,0.74,"Both directions observed, but 100% of what is reachable downstream ends at the crawl boundary, so the onward path is unknown."
100000008566737100,inbound_only,1,True,True,0.85,"230,000 KZT arrived and none was observed leaving; any payer outside the crawled set would not appear."
100000008568512100,inbound_only,3,True,True,0.85,"199,640 KZT arrived and none was observed leaving; any payer outside the crawled set would not appear."
100000008571243100,inbound_only,3,True,True,0.85,"134,000 KZT arrived and none was observed leaving; any payer outside the crawled set would not appear."
100000008571433100,outbound_only,0,True,True,0.6,"Seed account: money out was followed, money in was not, so its funding is outside the dataset (2 payers appear only as return traffic from inside the crawl)."
100000008571443100,inbound_only,2,True,True,0.85,"65,000 KZT arrived and none was observed leaving; any payer outside the crawled set would not appear."
100000008575624100,outbound_only,0,False,True,0.6,"Seed account: money out was followed, money in was not, so its funding is outside the dataset (no payer appears at all)."
100000008576243100,inbound_only,3,True,True,0.85,"82,920 KZT arrived and none was observed leaving; any payer outside the crawled set would not appear."
100000008576528100,inbound_only,3,True,True,0.85,"28,000 KZT arrived and none was observed leaving; any payer outside the crawled set would not appear."
100000008579978100,fully_observed,3,True,True,0.74,"Both directions observed, but 100% of what is reachable downstream ends at the crawl boundary, so the onward path is unknown."
100000008582730100,fully_observed,3,True,True,0.833,"Both directions observed, but 33% of what is reachable downstream ends at the crawl boundary, so the onward path is unknown."
100000008583360100,fully_observed,3,True,True,0.7,"Both directions observed, but 100% of what is reachable downstream ends at the crawl boundary, so the onward path is unknown."
100000008583971100,truncated_at_depth,4,True,False,0.34,"At the four-hop crawl boundary: 51,000 KZT arrived from 2 payers and where it went next was never collected."
100000008586731100,inbound_only,1,True,True,0.85,"12,000 KZT arrived and none was observed leaving; any payer outside the crawled set would not appear."
100000008587459100,fully_observed,2,True,True,0.911,"Both directions observed, but 25% of what is reachable downstream ends at the crawl boundary, so the onward path is unknown."
100000008588665100,truncated_at_depth,4,True,False,0.3,"At the four-hop crawl boundary: 25,000 KZT arrived from 1 payer and where it went next was never collected."
100000008595687100,fully_observed,3,True,True,0.851,"Both directions observed, but 25% of what is reachable downstream ends at the crawl boundary, so the onward path is unknown."
100000008596924100,inbound_only,3,True,True,0.85,"100,000 KZT arrived and none was observed leaving; any payer outside the crawled set would not appear."
100000008598972100,inbound_only,3,True,True,0.85,"120,000 KZT arrived and none was observed leaving; any payer outside the crawled set would not appear."
100000008599354100,fully_observed,3,True,True,0.84,"Both directions observed, but 50% of what is reachable downstream ends at the crawl boundary, so the onward path is unknown."
100000008601794100,outbound_only,0,True,True,0.6,"Seed account: money out was followed, money in was not, so its funding is outside the dataset (2 payers appear only as return traffic from inside the crawl)."
100000008603331100,fully_observed,2,True,True,0.869,"Both directions observed, but 45% of what is reachable downstream ends at the crawl boundary, so the onward path is unknown."
100000008603629100,fully_observed,2,True,True,0.911,"Both directions observed, but 25% of what is reachable downstream ends at the crawl boundary, so the onward path is unknown."
100000008612257100,inbound_only,3,True,True,0.85,"9,500 KZT arrived and none was observed leaving; any payer outside the crawled set would not appear."
100000008619159100,truncated_at_depth,4,True,False,0.34,"At the four-hop crawl boundary: 446,400 KZT arrived from 1 payer and where it went next was never collected."
100000008619857100,fully_observed,3,True,True,0.873,"Both directions observed, but 33% of what is reachable downstream ends at the crawl boundary, so the onward path is unknown."
100000008620570100,fully_observed,3,True,True,0.84,"Both directions observed, but 50% of what is reachable downstream ends at the crawl boundary, so the onward path is unknown."
100000008624978100,inbound_only,2,True,True,0.85,"109,000 KZT arrived and none was observed leaving; any payer outside the crawled set would not appear."
100000008625905100,fully_observed,3,True,True,0.74,"Both directions observed, but 100% of what is reachable downstream ends at the crawl boundary, so the onward path is unknown."
100000008628231100,fully_observed,1,True,True,0.98,Both directions observed within the crawl; a payer outside the crawled set would still not appear in this dataset.
100000008628818100,truncated_at_depth,4,True,False,0.3,"At the four-hop crawl boundary: 46,310 KZT arrived from 1 payer and where it went next was never collected."
100000008629504100,truncated_at_depth,4,True,False,0.3,"At the four-hop crawl boundary: 20,000 KZT arrived from 1 payer and where it went next was never collected."
100000008629581100,inbound_only,2,True,True,0.85,"54,184 KZT arrived and none was observed leaving; any payer outside the crawled set would not appear."
100000008631800100,truncated_at_depth,4,True,False,0.3,"At the four-hop crawl boundary: 12,850 KZT arrived from 1 payer and where it went next was never collected."
100000008632060100,fully_observed,3,True,True,0.891,"Both directions observed, but 25% of what is reachable downstream ends at the crawl boundary, so the onward path is unknown."
100000008633099100,fully_observed,3,True,True,0.7,"Both directions observed, but 100% of what is reachable downstream ends at the crawl boundary, so the onward path is unknown."
100000008634520100,inbound_only,3,True,True,0.85,"90,000 KZT arrived and none was observed leaving; any payer outside the crawled set would not appear."
100000008636603100,fully_observed,2,True,True,0.911,"Both directions observed, but 25% of what is reachable downstream ends at the crawl boundary, so the onward path is unknown."
100000008637537100,outbound_only,0,True,True,0.6,"Seed account: money out was followed, money in was not, so its funding is outside the dataset (3 payers appear only as return traffic from inside the crawl)."
100000008638859100,truncated_at_depth,4,True,False,0.3,"At the four-hop crawl boundary: 34,000 KZT arrived from 1 payer and where it went next was never collected."
100000008647905100,fully_observed,2,True,True,0.96,Both directions observed within the crawl; a payer outside the crawled set would still not appear in this dataset.
100000008648783100,truncated_at_depth,4,True,False,0.3,"At the four-hop crawl boundary: 5,200 KZT arrived from 1 payer and where it went next was never collected."
100000008649416100,truncated_at_depth,4,True,False,0.3,"At the four-hop crawl boundary: 5,000 KZT arrived from 1 payer and where it went next was never collected."
100000008650785100,outbound_only,0,True,True,0.6,"Seed account: money out was followed, money in was not, so its funding is outside the dataset (2 payers appear only as return traffic from inside the crawl)."
100000008652094100,inbound_only,3,True,True,0.85,"35,000 KZT arrived and none was observed leaving; any payer outside the crawled set would not appear."
100000008653041100,inbound_only,3,True,True,0.85,"28,000 KZT arrived and none was observed leaving; any payer outside the crawled set would not appear."
100000008654653100,outbound_only,0,False,True,0.6,"Seed account: money out was followed, money in was not, so its funding is outside the dataset (no payer appears at all)."
100000008655035100,inbound_only,2,True,True,0.85,"30,000 KZT arrived and none was observed leaving; any payer outside the crawled set would not appear."
100000008655779100,fully_observed,3,True,True,0.84,"Both directions observed, but 50% of what is reachable downstream ends at the crawl boundary, so the onward path is unknown."
100000008656043100,inbound_only,2,True,True,0.85,"26,200 KZT arrived and none was observed leaving; any payer outside the crawled set would not appear."
100000008659445100,outbound_only,0,True,True,0.6,"Seed account: money out was followed, money in was not, so its funding is outside the dataset (3 payers appear only as return traffic from inside the crawl)."
100000008659950100,inbound_only,3,True,True,0.85,"246,000 KZT arrived and none was observed leaving; any payer outside the crawled set would not appear."
100000008661550100,inbound_only,3,True,True,0.85,"22,800 KZT arrived and none was observed leaving; any payer outside the crawled set would not appear."
100000008661585100,inbound_only,1,True,True,0.85,"43,141 KZT arrived and none was observed leaving; any payer outside the crawled set would not appear."
100000008662216100,inbound_only,3,True,True,0.85,"26,200 KZT arrived and none was observed leaving; any payer outside the crawled set would not appear."
100000008662805100,inbound_only,3,True,True,0.85,"16,500 KZT arrived and none was observed leaving; any payer outside the crawled set would not appear."
100000008663007100,inbound_only,1,True,True,0.85,"14,000 KZT arrived and none was observed leaving; any payer outside the crawled set would not appear."
100000008663723100,inbound_only,3,True,True,0.85,"15,600 KZT arrived and none was observed leaving; any payer outside the crawled set would not appear."
100000008664469100,inbound_only,1,True,True,0.85,"25,000 KZT arrived and none was observed leaving; any payer outside the crawled set would not appear."
100000008664774100,inbound_only,3,True,True,0.85,"16,300 KZT arrived and none was observed leaving; any payer outside the crawled set would not appear."
100000008665380100,fully_observed,1,True,True,0.98,Both directions observed within the crawl; a payer outside the crawled set would still not appear in this dataset.
100000008666075100,inbound_only,1,True,True,0.85,"26,217 KZT arrived and none was observed leaving; any payer outside the crawled set would not appear."
100000008667058100,inbound_only,1,True,True,0.85,"17,534 KZT arrived and none was observed leaving; any payer outside the crawled set would not appear."
100000008667795100,inbound_only,3,True,True,0.85,"34,000 KZT arrived and none was observed leaving; any payer outside the crawled set would not appear."
100000008667799100,inbound_only,3,True,True,0.85,"34,000 KZT arrived and none was observed leaving; any payer outside the crawled set would not appear."
100000008668099100,inbound_only,3,True,True,0.85,"15,700 KZT arrived and none was observed leaving; any payer outside the crawled set would not appear."
100000008669037100,isolated,0,False,True,0.1,"No transfer observed in either direction in the window, so nothing about this account's behaviour is measurable from this dataset."
100000008669310100,inbound_only,3,True,True,0.85,"59,567 KZT arrived and none was observed leaving; any payer outside the crawled set would not appear."
100000008670667100,inbound_only,1,True,True,0.85,"15,534 KZT arrived and none was observed leaving; any payer outside the crawled set would not appear."
100000008671026100,inbound_only,1,True,True,0.85,"23,534 KZT arrived and none was observed leaving; any payer outside the crawled set would not appear."
100000008671081100,inbound_only,3,True,True,0.85,"37,200 KZT arrived and none was observed leaving; any payer outside the crawled set would not appear."
100000008671129100,inbound_only,3,True,True,0.85,"26,200 KZT arrived and none was observed leaving; any payer outside the crawled set would not appear."
100000008671929100,inbound_only,1,True,True,0.85,"75,000 KZT arrived and none was observed leaving; any payer outside the crawled set would not appear."
100000008672162100,inbound_only,1,True,True,0.85,"15,550 KZT arrived and none was observed leaving; any payer outside the crawled set would not appear."
100000008672200100,inbound_only,1,True,True,0.85,"8,511 KZT arrived and none was observed leaving; any payer outside the crawled set would not appear."
100000008672480100,inbound_only,2,True,True,0.85,"13,000 KZT arrived and none was observed leaving; any payer outside the crawled set would not appear."
100000008672493100,inbound_only,3,True,True,0.85,"14,000 KZT arrived and none was observed leaving; any payer outside the crawled set would not appear."
100000008672603100,inbound_only,2,True,True,0.85,"21,200 KZT arrived and none was observed leaving; any payer outside the crawled set would not appear."
100000008672762100,inbound_only,2,True,True,0.85,"13,000 KZT arrived and none was observed leaving; any payer outside the crawled set would not appear."
100000008673001100,inbound_only,0,True,True,0.79,"Seed account with no observed outgoing transfer; the 1 payer visible are return traffic from inside the crawl, not its funding side."
100000008675322100,truncated_at_depth,4,True,False,0.38,"At the four-hop crawl boundary: 340,000 KZT arrived from 1 payer and where it went next was never collected."
100000008676812100,inbound_only,3,True,True,0.85,"230,800 KZT arrived and none was observed leaving; any payer outside the crawled set would not appear."
100000008677215100,inbound_only,3,True,True,0.85,"9,000 KZT arrived and none was observed leaving; any payer outside the crawled set would not appear."
100000008677368100,truncated_at_depth,4,True,False,0.3,"At the four-hop crawl boundary: 13,500 KZT arrived from 1 payer and where it went next was never collected."
100000008677518100,inbound_only,3,True,True,0.85,"48,700 KZT arrived and none was observed leaving; any payer outside the crawled set would not appear."
100000008679986100,inbound_only,1,True,True,0.85,"19,000 KZT arrived and none was observed leaving; any payer outside the crawled set would not appear."
100000008680061100,truncated_at_depth,4,True,False,0.34,"At the four-hop crawl boundary: 41,300 KZT arrived from 1 payer and where it went next was never collected."
100000008680451100,inbound_only,1,True,True,0.85,"23,534 KZT arrived and none was observed leaving; any payer outside the crawled set would not appear."
100000008680731100,outbound_only,0,False,True,0.6,"Seed account: money out was followed, money in was not, so its funding is outside the dataset (no payer appears at all)."
100000008680912100,fully_observed,3,True,True,0.911,"Both directions observed, but 14% of what is reachable downstream ends at the crawl boundary, so the onward path is unknown."
100000008682426100,inbound_only,3,True,True,0.85,"20,000 KZT arrived and none was observed leaving; any payer outside the crawled set would not appear."
100000008683818100,inbound_only,2,True,True,0.85,"17,400 KZT arrived and none was observed leaving; any payer outside the crawled set would not appear."
100000008684452100,inbound_only,3,True,True,0.85,"51,800 KZT arrived and none was observed leaving; any payer outside the crawled set would not appear."
100000008684767100,inbound_only,3,True,True,0.85,"31,100 KZT arrived and none was observed leaving; any payer outside the crawled set would not appear."
100000008684951100,inbound_only,3,True,True,0.85,"17,200 KZT arrived and none was observed leaving; any payer outside the crawled set would not appear."
100000008686214100,inbound_only,3,True,True,0.85,"25,000 KZT arrived and none was observed leaving; any payer outside the crawled set would not appear."
100000008686234100,inbound_only,1,True,True,0.85,"39,778 KZT arrived and none was observed leaving; any payer outside the crawled set would not appear."
100000008686247100,fully_observed,3,True,True,0.94,Both directions observed within the crawl; a payer outside the crawled set would still not appear in this dataset.
100000008686313100,fully_observed,1,True,True,0.931,"Both directions observed, but 25% of what is reachable downstream ends at the crawl boundary, so the onward path is unknown."
100000008686494100,inbound_only,3,True,True,0.85,"15,700 KZT arrived and none was observed leaving; any payer outside the crawled set would not appear."
100000008687492100,inbound_only,2,True,True,0.85,"15,000 KZT arrived and none was observed leaving; any payer outside the crawled set would not appear."
100000008687617100,inbound_only,3,True,True,0.85,"43,350 KZT arrived and none was observed leaving; any payer outside the crawled set would not appear."
100000008687671100,inbound_only,1,True,True,0.85,"37,500 KZT arrived and none was observed leaving; any payer outside the crawled set would not appear."
100000008687733100,inbound_only,3,True,True,0.85,"14,650 KZT arrived and none was observed leaving; any payer outside the crawled set would not appear."
100000008687990100,inbound_only,3,True,True,0.85,"17,600 KZT arrived and none was observed leaving; any payer outside the crawled set would not appear."
100000008688109100,inbound_only,3,True,True,0.85,"12,800 KZT arrived and none was observed leaving; any payer outside the crawled set would not appear."
100000008688155100,inbound_only,3,True,True,0.85,"23,600 KZT arrived and none was observed leaving; any payer outside the crawled set would not appear."
100000008688476100,inbound_only,2,True,True,0.85,"24,000 KZT arrived and none was observed leaving; any payer outside the crawled set would not appear."
100000008688881100,inbound_only,2,True,True,0.85,"44,211 KZT arrived and none was observed leaving; any payer outside the crawled set would not appear."
100000008690762100,inbound_only,3,True,True,0.85,"26,750 KZT arrived and none was observed leaving; any payer outside the crawled set would not appear."
100000008690932100,inbound_only,1,True,True,0.85,"23,000 KZT arrived and none was observed leaving; any payer outside the crawled set would not appear."
100000008691027100,inbound_only,1,True,True,0.85,"17,534 KZT arrived and none was observed leaving; any payer outside the crawled set would not appear."
100000008691168100,inbound_only,2,True,True,0.85,"24,000 KZT arrived and none was observed leaving; any payer outside the crawled set would not appear."
100000008691330100,inbound_only,1,True,True,0.85,"21,440 KZT arrived and none was observed leaving; any payer outside the crawled set would not appear."
100000008691495100,inbound_only,1,True,True,0.85,"27,000 KZT arrived and none was observed leaving; any payer outside the crawled set would not appear."
100000008692291100,fully_observed,3,True,True,0.74,"Both directions observed, but 100% of what is reachable downstream ends at the crawl boundary, so the onward path is unknown."
100000008693069100,inbound_only,1,True,True,0.85,"20,000 KZT arrived and none was observed leaving; any payer outside the crawled set would not appear."
100000008695133100,inbound_only,3,True,True,0.85,"36,610 KZT arrived and none was observed leaving; any payer outside the crawled set would not appear."
100000008695157100,truncated_at_depth,4,True,False,0.38,"At the four-hop crawl boundary: 425,546 KZT arrived from 1 payer and where it went next was never collected."
100000008695495100,inbound_only,1,True,True,0.85,"21,000 KZT arrived and none was observed leaving; any payer outside the crawled set would not appear."
100000008695566100,inbound_only,3,True,True,0.85,"33,700 KZT arrived and none was observed leaving; any payer outside the crawled set would not appear."
100000008695689100,inbound_only,3,True,True,0.85,"26,200 KZT arrived and none was observed leaving; any payer outside the crawled set would not appear."
100000008696692100,inbound_only,2,True,True,0.85,"19,000 KZT arrived and none was observed leaving; any payer outside the crawled set would not appear."
100000008696919100,inbound_only,1,True,True,0.85,"31,945 KZT arrived and none was observed leaving; any payer outside the crawled set would not appear."
100000008697670100,inbound_only,3,True,True,0.85,"25,350 KZT arrived and none was observed leaving; any payer outside the crawled set would not appear."
100000008699083100,truncated_at_depth,4,True,False,0.3,"At the four-hop crawl boundary: 238,500 KZT arrived from 1 payer and where it went next was never collected."
100000008701222100,isolated,0,False,True,0.1,"No transfer observed in either direction in the window, so nothing about this account's behaviour is measurable from this dataset."
100000008701256100,inbound_only,2,True,True,0.85,"58,250 KZT arrived and none was observed leaving; any payer outside the crawled set would not appear."
100000008701944100,inbound_only,1,True,True,0.85,"52,124 KZT arrived and none was observed leaving; any payer outside the crawled set would not appear."
100000008703533100,truncated_at_depth,4,True,False,0.3,"At the four-hop crawl boundary: 75,000 KZT arrived from 1 payer and where it went next was never collected."
100000008706846100,inbound_only,3,True,True,0.85,"14,200 KZT arrived and none was observed leaving; any payer outside the crawled set would not appear."
100000008706947100,inbound_only,3,True,True,0.85,"17,200 KZT arrived and none was observed leaving; any payer outside the crawled set would not appear."
100000008707810100,inbound_only,3,True,True,0.85,"26,200 KZT arrived and none was observed leaving; any payer outside the crawled set would not appear."
100000008708025100,inbound_only,3,True,True,0.85,"10,000 KZT arrived and none was observed leaving; any payer outside the crawled set would not appear."
100000008708061100,inbound_only,3,True,True,0.85,"8,650 KZT arrived and none was observed leaving; any payer outside the crawled set would not appear."
100000008708207100,inbound_only,3,True,True,0.85,"465,000 KZT arrived and none was observed leaving; any payer outside the crawled set would not appear."
100000008708368100,inbound_only,1,True,True,0.85,"23,677 KZT arrived and none was observed leaving; any payer outside the crawled set would not appear."
100000008708595100,inbound_only,3,True,True,0.85,"17,200 KZT arrived and none was observed leaving; any payer outside the crawled set would not appear."
100000008708743100,inbound_only,3,True,True,0.85,"15,550 KZT arrived and none was observed leaving; any payer outside the crawled set would not appear."
100000008710791100,fully_observed,2,True,True,0.937,"Both directions observed, but 12% of what is reachable downstream ends at the crawl boundary, so the onward path is unknown."
100000008710843100,fully_observed,2,True,True,0.917,"Both directions observed, but 21% of what is reachable downstream ends at the crawl boundary, so the onward path is unknown."
100000008710913100,truncated_at_depth,4,True,False,0.3,"At the four-hop crawl boundary: 14,000 KZT arrived from 1 payer and where it went next was never collected."
100000008712036100,inbound_only,3,True,True,0.85,"21,000 KZT arrived and none was observed leaving; any payer outside the crawled set would not appear."
100000008712184100,inbound_only,3,True,True,0.85,"18,000 KZT arrived and none was observed leaving; any payer outside the crawled set would not appear."
100000008712827100,inbound_only,3,True,True,0.85,"76,000 KZT arrived and none was observed leaving; any payer outside the crawled set would not appear."
100000008712991100,inbound_only,3,True,True,0.85,"66,100 KZT arrived and none was observed leaving; any payer outside the crawled set would not appear."
100000008713270100,fully_observed,2,True,True,0.96,Both directions observed within the crawl; a payer outside the crawled set would still not appear in this dataset.
100000008713685100,inbound_only,3,True,True,0.85,"49,700 KZT arrived and none was observed leaving; any payer outside the crawled set would not appear."
100000008714412100,inbound_only,3,True,True,0.85,"169,000 KZT arrived and none was observed leaving; any payer outside the crawled set would not appear."
100000008715513100,truncated_at_depth,4,True,False,0.3,"At the four-hop crawl boundary: 32,500 KZT arrived from 1 payer and where it went next was never collected."
100000008715887100,inbound_only,3,True,True,0.85,"18,000 KZT arrived and none was observed leaving; any payer outside the crawled set would not appear."
100000008716072100,inbound_only,3,True,True,0.85,"12,100 KZT arrived and none was observed leaving; any payer outside the crawled set would not appear."
100000008716222100,inbound_only,1,True,True,0.85,"18,000 KZT arrived and none was observed leaving; any payer outside the crawled set would not appear."
100000008716439100,inbound_only,1,True,True,0.85,"12,267 KZT arrived and none was observed leaving; any payer outside the crawled set would not appear."
100000008716773100,inbound_only,1,True,True,0.85,"15,677 KZT arrived and none was observed leaving; any payer outside the crawled set would not appear."
100000008717340100,inbound_only,1,True,True,0.85,"41,500 KZT arrived and none was observed leaving; any payer outside the crawled set would not appear."
100000008717341100,inbound_only,1,True,True,0.85,"14,627 KZT arrived and none was observed leaving; any payer outside the crawled set would not appear."
100000008717375100,inbound_only,2,True,True,0.85,"29,506 KZT arrived and none was observed leaving; any payer outside the crawled set would not appear."
100000008717802100,inbound_only,3,True,True,0.85,"26,150 KZT arrived and none was observed leaving; any payer outside the crawled set would not appear."
100000008718089100,inbound_only,1,True,True,0.85,"15,534 KZT arrived and none was observed leaving; any payer outside the crawled set would not appear."
100000008718811100,inbound_only,3,True,True,0.85,"73,300 KZT arrived and none was observed leaving; any payer outside the crawled set would not appear."
100000008720668100,inbound_only,3,True,True,0.85,"16,000 KZT arrived and none was observed leaving; any payer outside the crawled set would not appear."
100000008720798100,inbound_only,1,True,True,0.85,"15,534 KZT arrived and none was observed leaving; any payer outside the crawled set would not appear."
100000008720856100,fully_observed,3,True,True,0.74,"Both directions observed, but 100% of what is reachable downstream ends at the crawl boundary, so the onward path is unknown."
100000008721637100,fully_observed,3,True,True,0.94,Both directions observed within the crawl; a payer outside the crawled set would still not appear in this dataset.
100000008722328100,inbound_only,1,True,True,0.85,"23,677 KZT arrived and none was observed leaving; any payer outside the crawled set would not appear."
100000008722417100,fully_observed,3,True,True,0.74,"Both directions observed, but 100% of what is reachable downstream ends at the crawl boundary, so the onward path is unknown."
100000008722541100,truncated_at_depth,4,True,False,0.38,"At the four-hop crawl boundary: 280,000 KZT arrived from 1 payer and where it went next was never collected."
100000008723830100,fully_observed,1,True,True,0.98,Both directions observed within the crawl; a payer outside the crawled set would still not appear in this dataset.
100000008724279100,inbound_only,1,True,True,0.85,"11,750 KZT arrived and none was observed leaving; any payer outside the crawled set would not appear."
100000008724461100,fully_observed,3,True,True,0.7,"Both directions observed, but 100% of what is reachable downstream ends at the crawl boundary, so the onward path is unknown."
100000008727982100,truncated_at_depth,4,True,False,0.34,"At the four-hop crawl boundary: 30,000 KZT arrived from 1 payer and where it went next was never collected."
100000008728457100,inbound_only,1,True,True,0.85,"45,000 KZT arrived and none was observed leaving; any payer outside the crawled set would not appear."
100000008729597100,inbound_only,3,True,True,0.85,"83,090 KZT arrived and none was observed leaving; any payer outside the crawled set would not appear."
100000008729801100,inbound_only,1,True,True,0.85,"17,534 KZT arrived and none was observed leaving; any payer outside the crawled set would not appear."
100000008730021100,inbound_only,1,True,True,0.85,"75,555 KZT arrived and none was observed leaving; any payer outside the crawled set would not appear."
100000008730238100,truncated_at_depth,4,True,False,0.3,"At the four-hop crawl boundary: 113,000 KZT arrived from 1 payer and where it went next was never collected."
100000008730371100,inbound_only,3,True,True,0.85,"520,000 KZT arrived and none was observed leaving; any payer outside the crawled set would not appear."
100000008730846100,fully_observed,2,True,True,0.877,"Both directions observed, but 42% of what is reachable downstream ends at the crawl boundary, so the onward path is unknown."
100000008731444100,fully_observed,2,True,True,0.945,"Both directions observed, but 8% of what is reachable downstream ends at the crawl boundary, so the onward path is unknown."
100000008732098100,inbound_only,1,True,True,0.85,"15,677 KZT arrived and none was observed leaving; any payer outside the crawled set would not appear."
100000008732488100,fully_observed,3,True,True,0.7,"Both directions observed, but 100% of what is reachable downstream ends at the crawl boundary, so the onward path is unknown."
100000008733049100,inbound_only,2,True,True,0.85,"10,000 KZT arrived and none was observed leaving; any payer outside the crawled set would not appear."
100000008733194100,fully_observed,2,True,True,0.905,"Both directions observed, but 27% of what is reachable downstream ends at the crawl boundary, so the onward path is unknown."
100000008734279100,truncated_at_depth,4,True,False,0.3,"At the four-hop crawl boundary: 31,650 KZT arrived from 1 payer and where it went next was never collected."
100000008734364100,inbound_only,2,True,True,0.85,"26,200 KZT arrived and none was observed leaving; any payer outside the crawled set would not appear."
100000008735384100,inbound_only,1,True,True,0.85,"39,220 KZT arrived and none was observed leaving; any payer outside the crawled set would not appear."
100000008735802100,truncated_at_depth,4,True,False,0.34,"At the four-hop crawl boundary: 85,000 KZT arrived from 1 payer and where it went next was never collected."
100000008735832100,inbound_only,3,True,True,0.85,"17,600 KZT arrived and none was observed leaving; any payer outside the crawled set would not appear."
100000008736173100,inbound_only,1,True,True,0.85,"31,060 KZT arrived and none was observed leaving; any payer outside the crawled set would not appear."
100000008736394100,inbound_only,2,True,True,0.85,"16,000 KZT arrived and none was observed leaving; any payer outside the crawled set would not appear."
100000008736760100,inbound_only,1,True,True,0.85,"54,757 KZT arrived and none was observed leaving; any payer outside the crawled set would not appear."
100000008736940100,fully_observed,1,True,True,0.98,Both directions observed within the crawl; a payer outside the crawled set would still not appear in this dataset.
100000008737422100,inbound_only,1,True,True,0.85,"76,903 KZT arrived and none was observed leaving; any payer outside the crawled set would not appear."
100000008737514100,inbound_only,2,True,True,0.85,"85,000 KZT arrived and none was observed leaving; any payer outside the crawled set would not appear."
100000008737958100,inbound_only,1,True,True,0.85,"53,373 KZT arrived and none was observed leaving; any payer outside the crawled set would not appear."
100000008738325100,outbound_only,0,True,True,0.6,"Seed account: money out was followed, money in was not, so its funding is outside the dataset (1 payer appear only as return traffic from inside the crawl)."
100000008738526100,fully_observed,3,True,True,0.7,"Both directions observed, but 100% of what is reachable downstream ends at the crawl boundary, so the onward path is unknown."
100000008738658100,inbound_only,3,True,True,0.85,"29,920 KZT arrived and none was observed leaving; any payer outside the crawled set would not appear."
100000008739887100,fully_observed,3,True,True,0.74,"Both directions observed, but 100% of what is reachable downstream ends at the crawl boundary, so the onward path is unknown."
100000008740295100,truncated_at_depth,4,True,False,0.3,"At the four-hop crawl boundary: 300,000 KZT arrived from 1 payer and where it went next was never collected."
100000008740793100,inbound_only,3,True,True,0.85,"21,000 KZT arrived and none was observed leaving; any payer outside the crawled set would not appear."
100000008741372100,inbound_only,1,True,True,0.85,"35,975 KZT arrived and none was observed leaving; any payer outside the crawled set would not appear."
100000008742053100,fully_observed,3,True,True,0.84,"Both directions observed, but 50% of what is reachable downstream ends at the crawl boundary, so the onward path is unknown."
100000008742266100,inbound_only,2,True,True,0.85,"21,000 KZT arrived and none was observed leaving; any payer outside the crawled set would not appear."
100000008743913100,fully_observed,2,True,True,0.912,"Both directions observed, but 24% of what is reachable downstream ends at the crawl boundary, so the onward path is unknown."
100000008744364100,inbound_only,3,True,True,0.85,"23,700 KZT arrived and none was observed leaving; any payer outside the crawled set would not appear."
100000008744799100,inbound_only,3,True,True,0.85,"12,600 KZT arrived and none was observed leaving; any payer outside the crawled set would not appear."
100000008744849100,inbound_only,1,True,True,0.85,"44,445 KZT arrived and none was observed leaving; any payer outside the crawled set would not appear."
100000008745474100,inbound_only,1,True,True,0.85,"40,559 KZT arrived and none was observed leaving; any payer outside the crawled set would not appear."
100000008745489100,inbound_only,1,True,True,0.85,"55,539 KZT arrived and none was observed leaving; any payer outside the crawled set would not appear."
100000008745643100,inbound_only,1,True,True,0.85,"20,313 KZT arrived and none was observed leaving; any payer outside the crawled set would not appear."
100000008745676100,truncated_at_depth,4,True,False,0.3,"At the four-hop crawl boundary: 34,547 KZT arrived from 1 payer and where it went next was never collected."
100000008745725100,inbound_only,1,True,True,0.85,"47,060 KZT arrived and none was observed leaving; any payer outside the crawled set would not appear."
100000008745863100,inbound_only,3,True,True,0.85,"22,900 KZT arrived and none was observed leaving; any payer outside the crawled set would not appear."
100000008745884100,inbound_only,3,True,True,0.85,"20,000 KZT arrived and none was observed leaving; any payer outside the crawled set would not appear."
100000008746025100,inbound_only,1,True,True,0.85,"22,000 KZT arrived and none was observed leaving; any payer outside the crawled set would not appear."
100000008746449100,fully_observed,3,True,True,0.776,"Both directions observed, but 82% of what is reachable downstream ends at the crawl boundary, so the onward path is unknown."
100000008746673100,inbound_only,1,True,True,0.85,"53,048 KZT arrived and none was observed leaving; any payer outside the crawled set would not appear."
100000008747113100,inbound_only,1,True,True,0.85,"197,801 KZT arrived and none was observed leaving; any payer outside the crawled set would not appear."
100000008748408100,fully_observed,1,True,True,0.975,"Both directions observed, but 3% of what is reachable downstream ends at the crawl boundary, so the onward path is unknown."
100000008748795100,inbound_only,3,True,True,0.85,"47,057 KZT arrived and none was observed leaving; any payer outside the crawled set would not appear."
100000008748914100,fully_observed,1,True,True,0.931,"Both directions observed, but 25% of what is reachable downstream ends at the crawl boundary, so the onward path is unknown."
100000008749063100,inbound_only,1,True,True,0.85,"19,000 KZT arrived and none was observed leaving; any payer outside the crawled set would not appear."
100000008749405100,inbound_only,3,True,True,0.85,"37,150 KZT arrived and none was observed leaving; any payer outside the crawled set would not appear."
100000008749406100,inbound_only,1,True,True,0.85,"17,144 KZT arrived and none was observed leaving; any payer outside the crawled set would not appear."
100000008749618100,inbound_only,1,True,True,0.85,"47,280 KZT arrived and none was observed leaving; any payer outside the crawled set would not appear."
100000008749900100,inbound_only,3,True,True,0.85,"17,150 KZT arrived and none was observed leaving; any payer outside the crawled set would not appear."
100000008749989100,inbound_only,2,True,True,0.85,"16,000 KZT arrived and none was observed leaving; any payer outside the crawled set would not appear."
100000008750464100,inbound_only,3,True,True,0.85,"8,500 KZT arrived and none was observed leaving; any payer outside the crawled set would not appear."
100000008751349100,inbound_only,3,True,True,0.85,"11,630 KZT arrived and none was observed leaving; any payer outside the crawled set would not appear."
100000008751380100,inbound_only,3,True,True,0.85,"345,780 KZT arrived and none was observed leaving; any payer outside the crawled set would not appear."
100000008751429100,fully_observed,1,True,True,0.98,Both directions observed within the crawl; a payer outside the crawled set would still not appear in this dataset.
100000008752616100,fully_observed,2,True,True,0.887,"Both directions observed, but 36% of what is reachable downstream ends at the crawl boundary, so the onward path is unknown."
100000008753061100,inbound_only,3,True,True,0.85,"28,400 KZT arrived and none was observed leaving; any payer outside the crawled set would not appear."
100000008753193100,inbound_only,1,True,True,0.85,"35,225 KZT arrived and none was observed leaving; any payer outside the crawled set would not appear."
100000008753897100,inbound_only,3,True,True,0.85,"24,050 KZT arrived and none was observed leaving; any payer outside the crawled set would not appear."
100000008754608100,inbound_only,3,True,True,0.85,"12,300 KZT arrived and none was observed leaving; any payer outside the crawled set would not appear."
100000008754747100,inbound_only,3,True,True,0.85,"45,500 KZT arrived and none was observed leaving; any payer outside the crawled set would not appear."
100000008754997100,inbound_only,3,True,True,0.85,"18,000 KZT arrived and none was observed leaving; any payer outside the crawled set would not appear."
100000008755168100,inbound_only,3,True,True,0.85,"17,600 KZT arrived and none was observed leaving; any payer outside the crawled set would not appear."
100000008755361100,inbound_only,1,True,True,0.85,"14,627 KZT arrived and none was observed leaving; any payer outside the crawled set would not appear."
100000008755580100,inbound_only,3,True,True,0.85,"16,000 KZT arrived and none was observed leaving; any payer outside the crawled set would not appear."
100000008755754100,inbound_only,3,True,True,0.85,"7,000 KZT arrived and none was observed leaving; any payer outside the crawled set would not appear."
100000008757301100,truncated_at_depth,4,True,False,0.38,"At the four-hop crawl boundary: 58,398 KZT arrived from 1 payer and where it went next was never collected."
100000008757369100,fully_observed,3,True,True,0.74,"Both directions observed, but 100% of what is reachable downstream ends at the crawl boundary, so the onward path is unknown."
100000008758106100,truncated_at_depth,4,True,False,0.3,"At the four-hop crawl boundary: 10,000 KZT arrived from 1 payer and where it went next was never collected."
100000008758168100,fully_observed,2,True,True,0.927,"Both directions observed, but 17% of what is reachable downstream ends at the crawl boundary, so the onward path is unknown."
100000008758607100,truncated_at_depth,4,True,False,0.3,"At the four-hop crawl boundary: 5,000 KZT arrived from 1 payer and where it went next was never collected."
100000008759795100,truncated_at_depth,4,True,False,0.3,"At the four-hop crawl boundary: 17,000 KZT arrived from 1 payer and where it went next was never collected."
100000008759857100,fully_observed,3,True,True,0.873,"Both directions observed, but 33% of what is reachable downstream ends at the crawl boundary, so the onward path is unknown."
100000008760098100,fully_observed,3,True,True,0.8,"Both directions observed, but 50% of what is reachable downstream ends at the crawl boundary, so the onward path is unknown."
100000008761132100,truncated_at_depth,4,True,False,0.3,"At the four-hop crawl boundary: 10,000 KZT arrived from 1 payer and where it went next was never collected."
100000008761219100,fully_observed,3,True,True,0.74,"Both directions observed, but 100% of what is reachable downstream ends at the crawl boundary, so the onward path is unknown."
100000008761220100,truncated_at_depth,4,True,False,0.3,"At the four-hop crawl boundary: 10,000 KZT arrived from 1 payer and where it went next was never collected."
100000008762005100,truncated_at_depth,4,True,False,0.3,"At the four-hop crawl boundary: 5,000 KZT arrived from 1 payer and where it went next was never collected."
100000008762728100,inbound_only,2,True,True,0.85,"17,026 KZT arrived and none was observed leaving; any payer outside the crawled set would not appear."
100000008762832100,fully_observed,2,True,True,0.911,"Both directions observed, but 25% of what is reachable downstream ends at the crawl boundary, so the onward path is unknown."
100000008762843100,truncated_at_depth,4,True,False,0.3,"At the four-hop crawl boundary: 7,000 KZT arrived from 1 payer and where it went next was never collected."
100000008762885100,truncated_at_depth,4,True,False,0.3,"At the four-hop crawl boundary: 7,000 KZT arrived from 1 payer and where it went next was never collected."
100000008763688100,inbound_only,3,True,True,0.85,"21,000 KZT arrived and none was observed leaving; any payer outside the crawled set would not appear."
100000008764436100,inbound_only,2,True,True,0.85,"13,100 KZT arrived and none was observed leaving; any payer outside the crawled set would not appear."
100000008764654100,inbound_only,3,True,True,0.85,"26,150 KZT arrived and none was observed leaving; any payer outside the crawled set would not appear."
100000008765494100,inbound_only,2,True,True,0.85,"24,000 KZT arrived and none was observed leaving; any payer outside the crawled set would not appear."
100000008765627100,inbound_only,2,True,True,0.85,"60,000 KZT arrived and none was observed leaving; any payer outside the crawled set would not appear."
100000008766031100,truncated_at_depth,4,True,False,0.3,"At the four-hop crawl boundary: 5,000 KZT arrived from 1 payer and where it went next was never collected."
100000008766764100,truncated_at_depth,4,True,False,0.3,"At the four-hop crawl boundary: 5,000 KZT arrived from 1 payer and where it went next was never collected."
100000008767027100,inbound_only,3,True,True,0.85,"5,000 KZT arrived and none was observed leaving; any payer outside the crawled set would not appear."
100000008767065100,inbound_only,3,True,True,0.85,"10,000 KZT arrived and none was observed leaving; any payer outside the crawled set would not appear."
100000008767925100,inbound_only,1,True,True,0.85,"17,144 KZT arrived and none was observed leaving; any payer outside the crawled set would not appear."
100000008767950100,inbound_only,3,True,True,0.85,"17,350 KZT arrived and none was observed leaving; any payer outside the crawled set would not appear."
100000008768896100,inbound_only,1,True,True,0.85,"47,060 KZT arrived and none was observed leaving; any payer outside the crawled set would not appear."
100000008769097100,inbound_only,3,True,True,0.85,"31,100 KZT arrived and none was observed leaving; any payer outside the crawled set would not appear."
100000008769636100,inbound_only,1,True,True,0.85,"23,118 KZT arrived and none was observed leaving; any payer outside the crawled set would not appear."
100000008770483100,truncated_at_depth,4,True,False,0.3,"At the four-hop crawl boundary: 5,000 KZT arrived from 1 payer and where it went next was never collected."
100000008771627100,inbound_only,2,True,True,0.85,"16,500 KZT arrived and none was observed leaving; any payer outside the crawled set would not appear."
100000008771814100,inbound_only,2,True,True,0.85,"23,700 KZT arrived and none was observed leaving; any payer outside the crawled set would not appear."
100000008771819100,inbound_only,1,True,True,0.85,"38,900 KZT arrived and none was observed leaving; any payer outside the crawled set would not appear."
100000008772058100,inbound_only,2,True,True,0.85,"50,000 KZT arrived and none was observed leaving; any payer outside the crawled set would not appear."
100000008772246100,inbound_only,3,True,True,0.85,"44,500 KZT arrived and none was observed leaving; any payer outside the crawled set would not appear."
100000008773876100,inbound_only,1,True,True,0.85,"26,120 KZT arrived and none was observed leaving; any payer outside the crawled set would not appear."
100000008774237100,fully_observed,2,True,True,0.92,Both directions observed within the crawl; a payer outside the crawled set would still not appear in this dataset.
100000008775471100,inbound_only,3,True,True,0.85,"580,000 KZT arrived and none was observed leaving; any payer outside the crawled set would not appear."
100000008775747100,truncated_at_depth,4,True,False,0.3,"At the four-hop crawl boundary: 5,000 KZT arrived from 1 payer and where it went next was never collected."
100000008776298100,inbound_only,1,True,True,0.85,"42,800 KZT arrived and none was observed leaving; any payer outside the crawled set would not appear."
100000008776310100,inbound_only,3,True,True,0.85,"19,200 KZT arrived and none was observed leaving; any payer outside the crawled set would not appear."
100000008776420100,inbound_only,3,True,True,0.85,"69,500 KZT arrived and none was observed leaving; any payer outside the crawled set would not appear."
100000008776576100,inbound_only,1,True,True,0.85,"14,765 KZT arrived and none was observed leaving; any payer outside the crawled set would not appear."
100000008776720100,inbound_only,3,True,True,0.85,"26,150 KZT arrived and none was observed leaving; any payer outside the crawled set would not appear."
100000008777088100,inbound_only,1,True,True,0.85,"18,000 KZT arrived and none was observed leaving; any payer outside the crawled set would not appear."
100000008778010100,truncated_at_depth,4,True,False,0.34,"At the four-hop crawl boundary: 76,950 KZT arrived from 1 payer and where it went next was never collected."
100000008778753100,truncated_at_depth,4,True,False,0.3,"At the four-hop crawl boundary: 10,000 KZT arrived from 1 payer and where it went next was never collected."
100000008779584100,inbound_only,1,True,True,0.85,"31,400 KZT arrived and none was observed leaving; any payer outside the crawled set would not appear."
100000008782056100,inbound_only,1,True,True,0.85,"29,082 KZT arrived and none was observed leaving; any payer outside the crawled set would not appear."
100000008782421100,inbound_only,1,True,True,0.85,"49,680 KZT arrived and none was observed leaving; any payer outside the crawled set would not appear."
100000008782800100,inbound_only,1,True,True,0.85,"43,381 KZT arrived and none was observed leaving; any payer outside the crawled set would not appear."
