length,path,min_leg_kzt,total_kzt
2,100000005171642100 -> 100000004221668100 -> 100000005171642100,683600.0,1374200.0
2,100000000791285100 -> 100000008461532100 -> 100000000791285100,560000.0,1680000.0
2,100000005933757100 -> 100000002963189100 -> 100000005933757100,490000.0,1640000.0
2,100000001872484100 -> 100000008601794100 -> 100000001872484100,475400.0,1346800.0
2,100000001732159100 -> 100000008637537100 -> 100000001732159100,381890.0,2664990.0
2,100000002741024100 -> 100000007629096100 -> 100000002741024100,360000.0,1125205.0
2,100000002217161100 -> 100000001445848100 -> 100000002217161100,351850.0,897850.0
2,100000007390016100 -> 100000008324800100 -> 100000007390016100,346500.0,857500.0
2,100000004603109100 -> 100000002224132100 -> 100000004603109100,300000.0,2880000.0
2,100000002958343100 -> 100000000274067100 -> 100000002958343100,300000.0,3200000.0
2,100000004717647100 -> 100000004479404100 -> 100000004717647100,300000.0,1780000.0
3,100000008314203100 -> 100000008637537100 -> 100000001732159100 -> 100000008314203100,232000.0,2837176.0
2,100000002267998100 -> 100000003701161100 -> 100000002267998100,220000.0,1070000.0
2,100000004299488100 -> 100000007055802100 -> 100000004299488100,204999.0,809999.0
3,100000004979498100 -> 100000008571433100 -> 100000004135268100 -> 100000004979498100,200000.0,1964000.0
2,100000002267998100 -> 100000003718221100 -> 100000002267998100,200000.0,430000.0
2,100000003299365100 -> 100000003684369100 -> 100000003299365100,200000.0,400000.0
2,100000006069103100 -> 100000000201868100 -> 100000006069103100,190000.0,380000.0
2,100000004892144100 -> 100000002224132100 -> 100000004892144100,180300.0,4580300.0
2,100000006844768100 -> 100000004759121100 -> 100000006844768100,175000.0,457000.0
2,100000004670388100 -> 100000000291906100 -> 100000004670388100,160354.0,540354.0
2,100000002738256100 -> 100000004135268100 -> 100000002738256100,150200.0,325200.0
2,100000006579678100 -> 100000003237045100 -> 100000006579678100,150000.0,490200.0
2,100000008571433100 -> 100000004135268100 -> 100000008571433100,150000.0,1214000.0
2,100000008258083100 -> 100000000673868100 -> 100000008258083100,149500.0,2180150.0
2,100000000838385100 -> 100000008213966100 -> 100000000838385100,145000.0,581900.0
2,100000005519998100 -> 100000004017410100 -> 100000005519998100,141000.0,283000.0
2,100000004209339100 -> 100000003635170100 -> 100000004209339100,138500.0,371000.0
2,100000005339662100 -> 100000004820260100 -> 100000005339662100,135850.0,370050.0
2,100000003131016100 -> 100000000661912100 -> 100000003131016100,126000.0,531700.0
3,100000002267998100 -> 100000003718221100 -> 100000003701161100 -> 100000002267998100,120000.0,570000.0
2,100000003701161100 -> 100000003718221100 -> 100000003701161100,120000.0,240000.0
3,100000002267998100 -> 100000003701161100 -> 100000003718221100 -> 100000002267998100,120000.0,1170000.0
2,100000006232815100 -> 100000001380054100 -> 100000006232815100,120000.0,280000.0
3,100000007442518100 -> 100000008258083100 -> 100000000673868100 -> 100000007442518100,115000.0,5145650.0
2,100000005287097100 -> 100000003016635100 -> 100000005287097100,110723.0,503223.0
2,100000003001661100 -> 100000007382543100 -> 100000003001661100,110000.0,220000.0
2,100000004407753100 -> 100000007382543100 -> 100000004407753100,100000.0,350000.0
2,100000001857829100 -> 100000003880331100 -> 100000001857829100,100000.0,400000.0
3,100000008603629100 -> 100000001857829100 -> 100000003880331100 -> 100000008603629100,100000.0,1106000.0
3,100000004892144100 -> 100000002224132100 -> 100000004603109100 -> 100000004892144100,100000.0,2860300.0
2,100000008314203100 -> 100000001732159100 -> 100000008314203100,95000.0,417076.0
3,100000000594783100 -> 100000004603109100 -> 100000002224132100 -> 100000000594783100,92500.0,3027500.0
4,100000004892144100 -> 100000002224132100 -> 100000000594783100 -> 100000004603109100 -> 100000004892144100,92500.0,3007800.0
2,100000008762832100 -> 100000008748914100 -> 100000008762832100,85000.0,235000.0
2,100000003923946100 -> 100000003977183100 -> 100000003923946100,82000.0,364000.0
3,100000008736940100 -> 100000008659445100 -> 100000008193577100 -> 100000008736940100,77300.0,290290.0
2,100000008736940100 -> 100000008659445100 -> 100000008736940100,77300.0,329800.0
2,100000001677929100 -> 100000002394199100 -> 100000001677929100,76777.0,354175.0
2,100000002578405100 -> 100000001697501100 -> 100000002578405100,73700.0,193700.0
4,100000008736940100 -> 100000008659445100 -> 100000008193577100 -> 100000008751429100 -> 100000008736940100,72600.0,313900.0
3,100000008736940100 -> 100000008659445100 -> 100000008751429100 -> 100000008736940100,72600.0,421600.0
2,100000004330371100 -> 100000006534886100 -> 100000004330371100,71700.0,239200.0
2,100000008603629100 -> 100000002723538100 -> 100000008603629100,70647.0,155647.0
2,100000004015047100 -> 100000001616816100 -> 100000004015047100,69195.0,179695.0
2,100000008736940100 -> 100000008193577100 -> 100000008736940100,67300.0,193290.0
3,100000008736940100 -> 100000008193577100 -> 100000008751429100 -> 100000008736940100,67300.0,216900.0
4,100000004070318100 -> 100000006866783100 -> 100000004351795100 -> 100000000437046100 -> 100000004070318100,66404.0,783404.0
5,100000004351795100 -> 100000008512552100 -> 100000003242289100 -> 100000008304139100 -> 100000006866783100 -> 100000004351795100,66404.0,1018865.0
2,100000004070318100 -> 100000006866783100 -> 100000004070318100,64725.0,149725.0
2,100000004403675100 -> 100000003988112100 -> 100000004403675100,64000.0,156000.0
2,100000008547844100 -> 100000008547948100 -> 100000008547844100,61000.0,161000.0
6,100000004070318100 -> 100000008346837100 -> 100000005910114100 -> 100000006866783100 -> 100000004351795100 -> 100000000437046100 -> 100000004070318100,60059.0,1092184.0
4,100000004070318100 -> 100000008346837100 -> 100000005910114100 -> 100000006866783100 -> 100000004070318100,60059.0,458505.0
2,100000008314203100 -> 100000008637537100 -> 100000008314203100,60000.0,292000.0
2,100000005820746100 -> 100000001965374100 -> 100000005820746100,60000.0,2049000.0
3,100000008314203100 -> 100000001732159100 -> 100000008637537100 -> 100000008314203100,60000.0,536890.0
2,100000000267734100 -> 100000000031787100 -> 100000000267734100,60000.0,150000.0
2,100000000594783100 -> 100000002224132100 -> 100000000594783100,60000.0,2695000.0
4,100000004892144100 -> 100000002224132100 -> 100000000552584100 -> 100000004603109100 -> 100000004892144100,57500.0,2837800.0
3,100000004603109100 -> 100000002224132100 -> 100000000552584100 -> 100000004603109100,57500.0,2857500.0
3,100000008736940100 -> 100000008193577100 -> 100000008659445100 -> 100000008736940100,56190.0,375990.0
2,100000008193577100 -> 100000008659445100 -> 100000008193577100,56190.0,143190.0
4,100000008736940100 -> 100000008193577100 -> 100000008659445100 -> 100000008751429100 -> 100000008736940100,56190.0,467790.0
2,100000008686313100 -> 100000008603629100 -> 100000008686313100,55500.0,131193.0
5,100000008686313100 -> 100000008603629100 -> 100000001857829100 -> 100000003880331100 -> 100000000331309100 -> 100000008686313100,55500.0,1256542.0
2,100000001382002100 -> 100000005584222100 -> 100000001382002100,55000.0,111500.0
2,100000001937767100 -> 100000001616816100 -> 100000001937767100,53000.0,106000.0
2,100000004017410100 -> 100000004336312100 -> 100000004017410100,52650.0,111565.0
2,100000005382566100 -> 100000004041163100 -> 100000005382566100,50000.0,216000.0
2,100000008512552100 -> 100000003242289100 -> 100000008512552100,49000.0,517791.0
6,100000004351795100 -> 100000003242289100 -> 100000008304139100 -> 100000008477350100 -> 100000005910114100 -> 100000006866783100 -> 100000004351795100,49000.0,651653.0
2,100000006169033100 -> 100000008011159100 -> 100000006169033100,49000.0,395000.0
2,100000008389800100 -> 100000007511163100 -> 100000008389800100,49000.0,98000.0
4,100000004351795100 -> 100000003242289100 -> 100000008304139100 -> 100000006866783100 -> 100000004351795100,49000.0,352974.0
5,100000008587459100 -> 100000006866783100 -> 100000004351795100 -> 100000003242289100 -> 100000008304139100 -> 100000008587459100,49000.0,353474.0
6,100000008587459100 -> 100000006866783100 -> 100000004351795100 -> 100000008512552100 -> 100000003242289100 -> 100000008304139100 -> 100000008587459100,49000.0,1019365.0
6,100000004070318100 -> 100000008346837100 -> 100000005910114100 -> 100000008603629100 -> 100000008686313100 -> 100000006866783100 -> 100000004070318100,48100.0,573210.0
6,100000008686313100 -> 100000006866783100 -> 100000004351795100 -> 100000003242289100 -> 100000008304139100 -> 100000008603629100 -> 100000008686313100,48100.0,491767.0
6,100000008686313100 -> 100000006866783100 -> 100000004351795100 -> 100000000437046100 -> 100000001279272100 -> 100000000331309100 -> 100000008686313100,48100.0,1409546.0
4,100000008686313100 -> 100000006866783100 -> 100000004351795100 -> 100000008603629100 -> 100000008686313100,48100.0,267197.0
2,100000008686313100 -> 100000006866783100 -> 100000008686313100,48100.0,273281.0
4,100000008686313100 -> 100000006866783100 -> 100000004351795100 -> 100000000437046100 -> 100000008686313100,48100.0,1761487.0
4,100000008686313100 -> 100000006866783100 -> 100000004403675100 -> 100000000331309100 -> 100000008686313100,47187.0,527764.0
2,100000002796853100 -> 100000002781227100 -> 100000002796853100,46167.62,245167.62
6,100000004070318100 -> 100000008346837100 -> 100000005910114100 -> 100000006866783100 -> 100000004390333100 -> 100000000437046100 -> 100000004070318100,45751.0,629531.0
4,100000008686313100 -> 100000006866783100 -> 100000004390333100 -> 100000008603629100 -> 100000008686313100,45751.0,229544.0
6,100000008686313100 -> 100000006866783100 -> 100000004390333100 -> 100000000437046100 -> 100000001279272100 -> 100000000331309100 -> 100000008686313100,45751.0,946893.0
4,100000008686313100 -> 100000006866783100 -> 100000004390333100 -> 100000000437046100 -> 100000008686313100,45751.0,1298834.0
4,100000004070318100 -> 100000006866783100 -> 100000004390333100 -> 100000000437046100 -> 100000004070318100,45751.0,320751.0
2,100000004390333100 -> 100000006866783100 -> 100000004390333100,45751.0,105751.0
3,100000008686313100 -> 100000006866783100 -> 100000008137435100 -> 100000008686313100,43906.0,143406.0
2,100000006579678100 -> 100000003016635100 -> 100000006579678100,42930.0,124530.0
2,100000005704413100 -> 100000004569484100 -> 100000005704413100,41000.0,106705.0
6,100000008686313100 -> 100000006866783100 -> 100000004390333100 -> 100000008477350100 -> 100000008086440100 -> 100000008603629100 -> 100000008686313100,40000.0,473177.0
6,100000008686313100 -> 100000006866783100 -> 100000004390333100 -> 100000008477350100 -> 100000008086440100 -> 100000000437046100 -> 100000008686313100,40000.0,1480067.0
2,100000002175422100 -> 100000003004487100 -> 100000002175422100,40000.0,155000.0
6,100000008686313100 -> 100000006866783100 -> 100000004390333100 -> 100000008477350100 -> 100000005910114100 -> 100000008603629100 -> 100000008686313100,40000.0,583135.0
6,100000008686313100 -> 100000006866783100 -> 100000004390333100 -> 100000008477350100 -> 100000003968044100 -> 100000008603629100 -> 100000008686313100,40000.0,345544.0
4,100000008603629100 -> 100000003178549100 -> 100000001857829100 -> 100000003880331100 -> 100000008603629100,40000.0,797000.0
6,100000004070318100 -> 100000006866783100 -> 100000004390333100 -> 100000008477350100 -> 100000008086440100 -> 100000000437046100 -> 100000004070318100,40000.0,501984.0
2,100000008603629100 -> 100000001138283100 -> 100000008603629100,40000.0,121805.0
2,100000004160650100 -> 100000002731501100 -> 100000004160650100,40000.0,590370.0
2,100000001899164100 -> 100000000297649100 -> 100000001899164100,40000.0,110600.0
6,100000008686313100 -> 100000008603629100 -> 100000003178549100 -> 100000001857829100 -> 100000003880331100 -> 100000000331309100 -> 100000008686313100,40000.0,947542.0
2,100000000933075100 -> 100000002193259100 -> 100000000933075100,40000.0,80000.0
4,100000004390333100 -> 100000008477350100 -> 100000005910114100 -> 100000006866783100 -> 100000004390333100,40000.0,468430.0
2,100000003509750100 -> 100000001808684100 -> 100000003509750100,37700.0,86100.0
2,100000008736940100 -> 100000008751429100 -> 100000008736940100,37500.0,110100.0
3,100000005578559100 -> 100000005704413100 -> 100000004569484100 -> 100000005578559100,36834.67,153539.66999999998
2,100000006385877100 -> 100000006443391100 -> 100000006385877100,36602.93,90309.55
6,100000004390333100 -> 100000008477350100 -> 100000005910114100 -> 100000008111003100 -> 100000003796063100 -> 100000006866783100 -> 100000004390333100,35000.0,385234.0
4,100000005910114100 -> 100000008111003100 -> 100000003796063100 -> 100000008477350100 -> 100000005910114100,35000.0,357983.0
6,100000004070318100 -> 100000006866783100 -> 100000002306369100 -> 100000008477350100 -> 100000008086440100 -> 100000000437046100 -> 100000004070318100,35000.0,524399.0
4,100000005910114100 -> 100000006866783100 -> 100000002306369100 -> 100000008477350100 -> 100000005910114100,35000.0,490845.0
6,100000005910114100 -> 100000006866783100 -> 100000002306369100 -> 100000008111003100 -> 100000003796063100 -> 100000008346837100 -> 100000005910114100,35000.0,604887.0
2,100000003616818100 -> 100000004005964100 -> 100000003616818100,35000.0,75000.0
3,100000004160650100 -> 100000004005964100 -> 100000003616818100 -> 100000004160650100,35000.0,118000.0
6,100000005910114100 -> 100000006866783100 -> 100000002306369100 -> 100000008111003100 -> 100000003796063100 -> 100000008477350100 -> 100000005910114100,35000.0,667845.0
4,100000006866783100 -> 100000002306369100 -> 100000008111003100 -> 100000003796063100 -> 100000006866783100,35000.0,226666.0
6,100000008686313100 -> 100000006866783100 -> 100000002306369100 -> 100000008111003100 -> 100000003796063100 -> 100000000331309100 -> 100000008686313100,35000.0,813508.0
6,100000004070318100 -> 100000008346837100 -> 100000005910114100 -> 100000008111003100 -> 100000003796063100 -> 100000006866783100 -> 100000004070318100,35000.0,375309.0
6,100000008686313100 -> 100000006866783100 -> 100000002306369100 -> 100000008477350100 -> 100000008086440100 -> 100000008603629100 -> 100000008686313100,35000.0,495592.0
6,100000008686313100 -> 100000006866783100 -> 100000002306369100 -> 100000008477350100 -> 100000008086440100 -> 100000000437046100 -> 100000008686313100,35000.0,1502482.0
6,100000008686313100 -> 100000006866783100 -> 100000002306369100 -> 100000008477350100 -> 100000005910114100 -> 100000008603629100 -> 100000008686313100,35000.0,605550.0
2,100000008111003100 -> 100000003796063100 -> 100000008111003100,35000.0,70000.0
6,100000008686313100 -> 100000006866783100 -> 100000002306369100 -> 100000008477350100 -> 100000003968044100 -> 100000008603629100 -> 100000008686313100,35000.0,367959.0
6,100000005910114100 -> 100000008111003100 -> 100000003796063100 -> 100000006866783100 -> 100000002306369100 -> 100000008477350100 -> 100000005910114100,35000.0,407649.0
4,100000005910114100 -> 100000008111003100 -> 100000003796063100 -> 100000008346837100 -> 100000005910114100,35000.0,295025.0
6,100000008086440100 -> 100000008603629100 -> 100000002723538100 -> 100000003242289100 -> 100000008304139100 -> 100000008477350100 -> 100000008086440100,33000.0,520850.0
6,100000008603629100 -> 100000002723538100 -> 100000003242289100 -> 100000008304139100 -> 100000008477350100 -> 100000003968044100 -> 100000008603629100,33000.0,393217.0
6,100000008603629100 -> 100000002723538100 -> 100000003242289100 -> 100000008304139100 -> 100000008477350100 -> 100000005910114100 -> 100000008603629100,33000.0,630808.0
6,100000008686313100 -> 100000008603629100 -> 100000002723538100 -> 100000003242289100 -> 100000008304139100 -> 100000006866783100 -> 100000008686313100,33000.0,621898.0
6,100000008603629100 -> 100000002723538100 -> 100000003242289100 -> 100000008304139100 -> 100000006866783100 -> 100000004390333100 -> 100000008603629100,33000.0,446968.0
4,100000008603629100 -> 100000002723538100 -> 100000003242289100 -> 100000008304139100 -> 100000008603629100,33000.0,356217.0
6,100000004351795100 -> 100000008603629100 -> 100000002723538100 -> 100000003242289100 -> 100000008304139100 -> 100000006866783100 -> 100000004351795100,33000.0,484621.0
6,100000008603629100 -> 100000002723538100 -> 100000003242289100 -> 100000008304139100 -> 100000001857829100 -> 100000003880331100 -> 100000008603629100,33000.0,947217.0
2,100000005933757100 -> 100000004569484100 -> 100000005933757100,32607.0,71607.0
2,100000003115284100 -> 100000003360542100 -> 100000003115284100,30500.0,337500.0
4,100000008547844100 -> 100000008465789100 -> 100000008466579100 -> 100000008547948100 -> 100000008547844100,30000.0,195099.0
2,100000003942602100 -> 100000002527114100 -> 100000003942602100,30000.0,60000.0
6,100000008686313100 -> 100000008603629100 -> 100000002723538100 -> 100000003242289100 -> 100000008304139100 -> 100000000437046100 -> 100000008686313100,30000.0,1387700.0
2,100000007131370100 -> 100000000076451100 -> 100000007131370100,30000.0,60000.0
6,100000004070318100 -> 100000006866783100 -> 100000004351795100 -> 100000003242289100 -> 100000008304139100 -> 100000000437046100 -> 100000004070318100,30000.0,413974.0
2,100000005342513100 -> 100000002733905100 -> 100000005342513100,30000.0,265000.0
2,100000008547948100 -> 100000008489922100 -> 100000008547948100,30000.0,117000.0
2,100000002391278100 -> 100000004221668100 -> 100000002391278100,30000.0,82700.0
5,100000008547844100 -> 100000008465789100 -> 100000008466579100 -> 100000008489922100 -> 100000008547948100 -> 100000008547844100,30000.0,313099.0
6,100000008686313100 -> 100000006866783100 -> 100000004351795100 -> 100000003242289100 -> 100000008304139100 -> 100000000437046100 -> 100000008686313100,30000.0,1392057.0
2,100000008545727100 -> 100000005473151100 -> 100000008545727100,30000.0,1090000.0
6,100000004070318100 -> 100000008346837100 -> 100000004351795100 -> 100000003242289100 -> 100000008304139100 -> 100000000437046100 -> 100000004070318100,29511.0,352140.0
6,100000004070318100 -> 100000008346837100 -> 100000004351795100 -> 100000003242289100 -> 100000008304139100 -> 100000006866783100 -> 100000004070318100,29511.0,440865.0
6,100000004070318100 -> 100000008346837100 -> 100000004351795100 -> 100000008603629100 -> 100000008686313100 -> 100000006866783100 -> 100000004070318100,29511.0,355088.0
4,100000004070318100 -> 100000008346837100 -> 100000004351795100 -> 100000000437046100 -> 100000004070318100,29511.0,721570.0
6,100000004070318100 -> 100000008346837100 -> 100000004351795100 -> 100000000437046100 -> 100000008686313100 -> 100000006866783100 -> 100000004070318100,29511.0,1849378.0
4,100000004070318100 -> 100000006866783100 -> 100000008686313100 -> 100000000437046100 -> 100000004070318100,29200.0,429381.0
2,100000008686313100 -> 100000000437046100 -> 100000008686313100,29200.0,1134183.0
6,100000004070318100 -> 100000006866783100 -> 100000004390333100 -> 100000008603629100 -> 100000008686313100 -> 100000000437046100 -> 100000004070318100,29200.0,385644.0
6,100000004070318100 -> 100000008346837100 -> 100000004351795100 -> 100000008603629100 -> 100000008686313100 -> 100000000437046100 -> 100000004070318100,29200.0,361463.0
4,100000008686313100 -> 100000000437046100 -> 100000001279272100 -> 100000000331309100 -> 100000008686313100,29200.0,782242.0
6,100000004070318100 -> 100000008346837100 -> 100000005910114100 -> 100000008603629100 -> 100000008686313100 -> 100000000437046100 -> 100000004070318100,29200.0,579585.0
6,100000004070318100 -> 100000008346837100 -> 100000005910114100 -> 100000006866783100 -> 100000008686313100 -> 100000000437046100 -> 100000004070318100,29200.0,738161.0
6,100000004070318100 -> 100000006866783100 -> 100000004403675100 -> 100000000331309100 -> 100000008686313100 -> 100000000437046100 -> 100000004070318100,29200.0,683864.0
5,100000004070318100 -> 100000006866783100 -> 100000008137435100 -> 100000008686313100 -> 100000000437046100 -> 100000004070318100,29200.0,299506.0
6,100000004070318100 -> 100000006866783100 -> 100000004351795100 -> 100000008603629100 -> 100000008686313100 -> 100000000437046100 -> 100000004070318100,29200.0,423297.0
2,100000004160650100 -> 100000003616818100 -> 100000004160650100,28000.0,63100.0
2,100000000437046100 -> 100000007639767100 -> 100000000437046100,27868.0,77868.0
6,100000008603629100 -> 100000002723538100 -> 100000003242289100 -> 100000008304139100 -> 100000000437046100 -> 100000007639767100 -> 100000008603629100,27868.0,353335.0
4,100000008686313100 -> 100000000437046100 -> 100000007639767100 -> 100000008603629100 -> 100000008686313100,27868.0,231011.0
6,100000008686313100 -> 100000006866783100 -> 100000004351795100 -> 100000000437046100 -> 100000007639767100 -> 100000008603629100 -> 100000008686313100,27868.0,858315.0
6,100000008686313100 -> 100000006866783100 -> 100000004390333100 -> 100000000437046100 -> 100000007639767100 -> 100000008603629100 -> 100000008686313100,27868.0,395662.0
2,100000008603629100 -> 100000001857829100 -> 100000008603629100,26000.0,434000.0
6,100000008512552100 -> 100000003178549100 -> 100000001857829100 -> 100000008603629100 -> 100000002723538100 -> 100000003242289100 -> 100000008512552100,26000.0,447647.0
3,100000008603629100 -> 100000003178549100 -> 100000001857829100 -> 100000008603629100,26000.0,125000.0
5,100000008603629100 -> 100000002723538100 -> 100000003242289100 -> 100000008304139100 -> 100000001857829100 -> 100000008603629100,26000.0,275217.0
4,100000008686313100 -> 100000008477350100 -> 100000005910114100 -> 100000006866783100 -> 100000008686313100,25800.0,633660.0
6,100000008686313100 -> 100000008477350100 -> 100000005910114100 -> 100000006866783100 -> 100000004403675100 -> 100000000331309100 -> 100000008686313100,25800.0,888143.0
6,100000008686313100 -> 100000008477350100 -> 100000005910114100 -> 100000006866783100 -> 100000004390333100 -> 100000000437046100 -> 100000008686313100,25800.0,1659213.0
6,100000008686313100 -> 100000008477350100 -> 100000005910114100 -> 100000006866783100 -> 100000004390333100 -> 100000008603629100 -> 100000008686313100,25800.0,589923.0
5,100000008686313100 -> 100000008477350100 -> 100000005910114100 -> 100000006866783100 -> 100000008137435100 -> 100000008686313100,25800.0,503785.0
6,100000008686313100 -> 100000008477350100 -> 100000005910114100 -> 100000008111003100 -> 100000003796063100 -> 100000006866783100 -> 100000008686313100,25800.0,550464.0
6,100000008686313100 -> 100000008477350100 -> 100000005910114100 -> 100000006866783100 -> 100000004351795100 -> 100000008603629100 -> 100000008686313100,25800.0,627576.0
6,100000008686313100 -> 100000008477350100 -> 100000005910114100 -> 100000006866783100 -> 100000004351795100 -> 100000000437046100 -> 100000008686313100,25800.0,2121866.0
4,100000008686313100 -> 100000008477350100 -> 100000003968044100 -> 100000008603629100 -> 100000008686313100,25800.0,237493.0
4,100000008686313100 -> 100000008477350100 -> 100000005910114100 -> 100000008603629100 -> 100000008686313100,25800.0,475084.0
6,100000004070318100 -> 100000006866783100 -> 100000008686313100 -> 100000008477350100 -> 100000008086440100 -> 100000000437046100 -> 100000004070318100,25800.0,667214.0
4,100000008686313100 -> 100000008477350100 -> 100000008086440100 -> 100000000437046100 -> 100000008686313100,25800.0,1372016.0
6,100000008686313100 -> 100000008477350100 -> 100000005910114100 -> 100000008111003100 -> 100000003796063100 -> 100000000331309100 -> 100000008686313100,25800.0,864025.0
5,100000008686313100 -> 100000008477350100 -> 100000005910114100 -> 100000002957787100 -> 100000008137435100 -> 100000008686313100,25800.0,314023.0
5,100000008686313100 -> 100000008477350100 -> 100000005910114100 -> 100000001857829100 -> 100000008603629100 -> 100000008686313100,25800.0,317495.0
6,100000008686313100 -> 100000008477350100 -> 100000008086440100 -> 100000000437046100 -> 100000001279272100 -> 100000000331309100 -> 100000008686313100,25800.0,1020075.0
6,100000008686313100 -> 100000008477350100 -> 100000005910114100 -> 100000001857829100 -> 100000003880331100 -> 100000000331309100 -> 100000008686313100,25800.0,1008844.0
6,100000008686313100 -> 100000008477350100 -> 100000008086440100 -> 100000000437046100 -> 100000007639767100 -> 100000008603629100 -> 100000008686313100,25800.0,468844.0
6,100000008686313100 -> 100000008477350100 -> 100000005910114100 -> 100000001857829100 -> 100000003880331100 -> 100000008603629100 -> 100000008686313100,25800.0,989495.0
4,100000008686313100 -> 100000008477350100 -> 100000008086440100 -> 100000008603629100 -> 100000008686313100,25800.0,365126.0
2,100000004847758100 -> 100000008603629100 -> 100000004847758100,25612.0,67612.0
4,100000004070318100 -> 100000008477350100 -> 100000005910114100 -> 100000006866783100 -> 100000004070318100,25000.0,472404.0
6,100000004070318100 -> 100000008477350100 -> 100000005910114100 -> 100000008111003100 -> 100000003796063100 -> 100000006866783100 -> 100000004070318100,25000.0,389208.0
6,100000004070318100 -> 100000008477350100 -> 100000005910114100 -> 100000008603629100 -> 100000008686313100 -> 100000000437046100 -> 100000004070318100,25000.0,593484.0
6,100000004070318100 -> 100000008477350100 -> 100000005910114100 -> 100000008603629100 -> 100000008686313100 -> 100000006866783100 -> 100000004070318100,25000.0,587109.0
2,100000002733905100 -> 100000001166289100 -> 100000002733905100,25000.0,507839.0
6,100000004070318100 -> 100000008477350100 -> 100000003968044100 -> 100000008603629100 -> 100000008686313100 -> 100000006866783100 -> 100000004070318100,25000.0,349518.0
6,100000004070318100 -> 100000008477350100 -> 100000005910114100 -> 100000006866783100 -> 100000004390333100 -> 100000000437046100 -> 100000004070318100,25000.0,643430.0
6,100000004070318100 -> 100000008477350100 -> 100000003968044100 -> 100000008603629100 -> 100000008686313100 -> 100000000437046100 -> 100000004070318100,25000.0,355893.0
6,100000004070318100 -> 100000008477350100 -> 100000008086440100 -> 100000008603629100 -> 100000008686313100 -> 100000006866783100 -> 100000004070318100,25000.0,477151.0
6,100000004070318100 -> 100000008477350100 -> 100000005910114100 -> 100000006866783100 -> 100000004351795100 -> 100000000437046100 -> 100000004070318100,25000.0,1106083.0
6,100000004070318100 -> 100000008477350100 -> 100000005910114100 -> 100000006866783100 -> 100000008686313100 -> 100000000437046100 -> 100000004070318100,25000.0,752060.0
2,100000001697501100 -> 100000002527114100 -> 100000001697501100,25000.0,115000.0
6,100000004070318100 -> 100000008477350100 -> 100000008086440100 -> 100000008603629100 -> 100000008686313100 -> 100000000437046100 -> 100000004070318100,25000.0,483526.0
2,100000001697501100 -> 100000006612238100 -> 100000001697501100,25000.0,185000.0
6,100000004070318100 -> 100000008477350100 -> 100000008086440100 -> 100000000437046100 -> 100000008686313100 -> 100000006866783100 -> 100000004070318100,25000.0,1484041.0
4,100000004070318100 -> 100000008477350100 -> 100000008086440100 -> 100000000437046100 -> 100000004070318100,25000.0,356233.0
6,100000008686313100 -> 100000006866783100 -> 100000004351795100 -> 100000003242289100 -> 100000004140487100 -> 100000004400305100 -> 100000008686313100,24510.0,300431.0
6,100000004351795100 -> 100000003242289100 -> 100000004140487100 -> 100000004400305100 -> 100000008304139100 -> 100000006866783100 -> 100000004351795100,24510.0,360015.0
6,100000008603629100 -> 100000002723538100 -> 100000003242289100 -> 100000004140487100 -> 100000004400305100 -> 100000008304139100 -> 100000008603629100,24510.0,363258.0
6,100000008603629100 -> 100000002723538100 -> 100000003242289100 -> 100000004140487100 -> 100000004400305100 -> 100000005910114100 -> 100000008603629100,24510.0,483949.0
6,100000008686313100 -> 100000008603629100 -> 100000002723538100 -> 100000003242289100 -> 100000004140487100 -> 100000004400305100 -> 100000008686313100,24510.0,296074.0
6,100000008587459100 -> 100000006866783100 -> 100000004351795100 -> 100000003242289100 -> 100000004140487100 -> 100000004400305100 -> 100000008587459100,24510.0,397921.0
6,100000004847758100 -> 100000008603629100 -> 100000002723538100 -> 100000003242289100 -> 100000004140487100 -> 100000004400305100 -> 100000004847758100,24510.0,247224.0
6,100000004351795100 -> 100000003242289100 -> 100000004140487100 -> 100000004400305100 -> 100000005910114100 -> 100000006866783100 -> 100000004351795100,24510.0,504794.0
6,100000008603629100 -> 100000001660397100 -> 100000006866783100 -> 100000004390333100 -> 100000008477350100 -> 100000005910114100 -> 100000008603629100,24000.0,512642.0
6,100000008603629100 -> 100000001660397100 -> 100000006866783100 -> 100000002306369100 -> 100000008477350100 -> 100000005910114100 -> 100000008603629100,24000.0,535057.0
6,100000004070318100 -> 100000008477350100 -> 100000003968044100 -> 100000008603629100 -> 100000001660397100 -> 100000006866783100 -> 100000004070318100,24000.0,279025.0
6,100000008603629100 -> 100000001660397100 -> 100000006866783100 -> 100000004390333100 -> 100000000437046100 -> 100000007639767100 -> 100000008603629100,24000.0,325169.0
4,100000008603629100 -> 100000001660397100 -> 100000006866783100 -> 100000004390333100 -> 100000008603629100,24000.0,159051.0
6,100000008603629100 -> 100000001660397100 -> 100000006866783100 -> 100000002306369100 -> 100000008477350100 -> 100000003968044100 -> 100000008603629100,24000.0,297466.0
6,100000008603629100 -> 100000001660397100 -> 100000006866783100 -> 100000004390333100 -> 100000008477350100 -> 100000003968044100 -> 100000008603629100,24000.0,275051.0
6,100000004351795100 -> 100000000437046100 -> 100000007639767100 -> 100000008603629100 -> 100000001660397100 -> 100000006866783100 -> 100000004351795100,24000.0,787822.0
4,100000004351795100 -> 100000008603629100 -> 100000001660397100 -> 100000006866783100 -> 100000004351795100,24000.0,196704.0
6,100000008686313100 -> 100000008603629100 -> 100000001660397100 -> 100000006866783100 -> 100000004390333100 -> 100000000437046100 -> 100000008686313100,24000.0,1359534.0
5,100000008686313100 -> 100000008603629100 -> 100000001660397100 -> 100000006866783100 -> 100000008137435100 -> 100000008686313100,24000.0,204106.0
6,100000004070318100 -> 100000008346837100 -> 100000005910114100 -> 100000008603629100 -> 100000001660397100 -> 100000006866783100 -> 100000004070318100,24000.0,502717.0
6,100000008686313100 -> 100000008603629100 -> 100000001660397100 -> 100000006866783100 -> 100000004403675100 -> 100000000331309100 -> 100000008686313100,24000.0,588464.0
6,100000008686313100 -> 100000008477350100 -> 100000008086440100 -> 100000008603629100 -> 100000001660397100 -> 100000006866783100 -> 100000008686313100,24000.0,567914.0
4,100000008686313100 -> 100000008603629100 -> 100000001660397100 -> 100000006866783100 -> 100000008686313100,24000.0,333981.0
6,100000008686313100 -> 100000008477350100 -> 100000005910114100 -> 100000008603629100 -> 100000001660397100 -> 100000006866783100 -> 100000008686313100,24000.0,677872.0
6,100000008686313100 -> 100000008477350100 -> 100000003968044100 -> 100000008603629100 -> 100000001660397100 -> 100000006866783100 -> 100000008686313100,24000.0,440281.0
6,100000004070318100 -> 100000008477350100 -> 100000008086440100 -> 100000008603629100 -> 100000001660397100 -> 100000006866783100 -> 100000004070318100,24000.0,406658.0
6,100000008686313100 -> 100000000437046100 -> 100000007639767100 -> 100000008603629100 -> 100000001660397100 -> 100000006866783100 -> 100000008686313100,24000.0,433799.0
6,100000008086440100 -> 100000008603629100 -> 100000001660397100 -> 100000006866783100 -> 100000004390333100 -> 100000008477350100 -> 100000008086440100,24000.0,402684.0
6,100000008086440100 -> 100000008603629100 -> 100000001660397100 -> 100000006866783100 -> 100000002306369100 -> 100000008477350100 -> 100000008086440100,24000.0,425099.0
6,100000004351795100 -> 100000003242289100 -> 100000008304139100 -> 100000008603629100 -> 100000001660397100 -> 100000006866783100 -> 100000004351795100,24000.0,421274.0
6,100000004070318100 -> 100000008346837100 -> 100000004351795100 -> 100000008603629100 -> 100000001660397100 -> 100000006866783100 -> 100000004070318100,24000.0,284595.0
6,100000004070318100 -> 100000008477350100 -> 100000005910114100 -> 100000008603629100 -> 100000001660397100 -> 100000006866783100 -> 100000004070318100,24000.0,516616.0
6,100000008686313100 -> 100000008603629100 -> 100000001660397100 -> 100000006866783100 -> 100000004351795100 -> 100000000437046100 -> 100000008686313100,24000.0,1822187.0
6,100000004070318100 -> 100000008477350100 -> 100000003968044100 -> 100000008603629100 -> 100000007639767100 -> 100000000437046100 -> 100000004070318100,23722.0,324722.0
6,100000008686313100 -> 100000006866783100 -> 100000004351795100 -> 100000008603629100 -> 100000007639767100 -> 100000000437046100 -> 100000008686313100,23722.0,1370209.0
6,100000004070318100 -> 100000006866783100 -> 100000004351795100 -> 100000008603629100 -> 100000007639767100 -> 100000000437046100 -> 100000004070318100,23722.0,392126.0
6,100000004070318100 -> 100000008346837100 -> 100000005910114100 -> 100000008603629100 -> 100000007639767100 -> 100000000437046100 -> 100000004070318100,23722.0,548414.0
6,100000008686313100 -> 100000008603629100 -> 100000007639767100 -> 100000000437046100 -> 100000001279272100 -> 100000000331309100 -> 100000008686313100,23722.0,882264.0
4,100000008686313100 -> 100000008603629100 -> 100000007639767100 -> 100000000437046100 -> 100000008686313100,23722.0,1234205.0
6,100000008686313100 -> 100000008477350100 -> 100000005910114100 -> 100000008603629100 -> 100000007639767100 -> 100000000437046100 -> 100000008686313100,23722.0,1578096.0
6,100000008686313100 -> 100000008477350100 -> 100000003968044100 -> 100000008603629100 -> 100000007639767100 -> 100000000437046100 -> 100000008686313100,23722.0,1340505.0
6,100000004070318100 -> 100000006866783100 -> 100000004390333100 -> 100000008603629100 -> 100000007639767100 -> 100000000437046100 -> 100000004070318100,23722.0,354473.0
6,100000004070318100 -> 100000006866783100 -> 100000008686313100 -> 100000008603629100 -> 100000007639767100 -> 100000000437046100 -> 100000004070318100,23722.0,529403.0
6,100000004070318100 -> 100000008346837100 -> 100000004351795100 -> 100000008603629100 -> 100000007639767100 -> 100000000437046100 -> 100000004070318100,23722.0,330292.0
6,100000008686313100 -> 100000008477350100 -> 100000008086440100 -> 100000008603629100 -> 100000007639767100 -> 100000000437046100 -> 100000008686313100,23722.0,1468138.0
2,100000008603629100 -> 100000007639767100 -> 100000008603629100,23722.0,121972.0
6,100000008686313100 -> 100000006866783100 -> 100000004390333100 -> 100000008603629100 -> 100000007639767100 -> 100000000437046100 -> 100000008686313100,23722.0,1332556.0
6,100000004070318100 -> 100000008477350100 -> 100000008086440100 -> 100000008603629100 -> 100000007639767100 -> 100000000437046100 -> 100000004070318100,23722.0,452355.0
6,100000004070318100 -> 100000008477350100 -> 100000005910114100 -> 100000008603629100 -> 100000007639767100 -> 100000000437046100 -> 100000004070318100,23722.0,562313.0
6,100000004847758100 -> 100000008603629100 -> 100000002723538100 -> 100000003242289100 -> 100000008304139100 -> 100000005782781100 -> 100000004847758100,23717.0,300934.0
6,100000008686313100 -> 100000008477350100 -> 100000005910114100 -> 100000005782781100 -> 100000004847758100 -> 100000008603629100 -> 100000008686313100,23717.0,353865.0
6,100000008086440100 -> 100000008603629100 -> 100000001660397100 -> 100000006866783100 -> 100000008304139100 -> 100000008477350100 -> 100000008086440100,23567.0,400500.0
6,100000005910114100 -> 100000008111003100 -> 100000003796063100 -> 100000006866783100 -> 100000008304139100 -> 100000008477350100 -> 100000005910114100,23567.0,383050.0
6,100000008686313100 -> 100000008477350100 -> 100000005910114100 -> 100000006866783100 -> 100000008304139100 -> 100000000437046100 -> 100000008686313100,23567.0,1567029.0
6,100000008686313100 -> 100000006866783100 -> 100000008304139100 -> 100000008477350100 -> 100000005910114100 -> 100000008603629100 -> 100000008686313100,23567.0,580951.0
6,100000008686313100 -> 100000006866783100 -> 100000008304139100 -> 100000008477350100 -> 100000003968044100 -> 100000008603629100 -> 100000008686313100,23567.0,343360.0
4,100000008686313100 -> 100000006866783100 -> 100000008304139100 -> 100000000437046100 -> 100000008686313100,23567.0,1206650.0
6,100000008686313100 -> 100000006866783100 -> 100000008304139100 -> 100000000437046100 -> 100000007639767100 -> 100000008603629100 -> 100000008686313100,23567.0,303478.0
6,100000004070318100 -> 100000006866783100 -> 100000008304139100 -> 100000008603629100 -> 100000008686313100 -> 100000000437046100 -> 100000004070318100,23567.0,462460.0
6,100000008686313100 -> 100000006866783100 -> 100000008304139100 -> 100000000437046100 -> 100000001279272100 -> 100000000331309100 -> 100000008686313100,23567.0,854709.0
6,100000004847758100 -> 100000008603629100 -> 100000001660397100 -> 100000006866783100 -> 100000008304139100 -> 100000005782781100 -> 100000004847758100,23567.0,180584.0
4,100000005910114100 -> 100000006866783100 -> 100000008304139100 -> 100000008477350100 -> 100000005910114100,23567.0,466246.0
6,100000004070318100 -> 100000008477350100 -> 100000005910114100 -> 100000006866783100 -> 100000008304139100 -> 100000000437046100 -> 100000004070318100,23567.0,551246.0
6,100000004070318100 -> 100000006866783100 -> 100000008304139100 -> 100000008603629100 -> 100000007639767100 -> 100000000437046100 -> 100000004070318100,23567.0,431289.0
6,100000008686313100 -> 100000008477350100 -> 100000005910114100 -> 100000006866783100 -> 100000008304139100 -> 100000008603629100 -> 100000008686313100,23567.0,666739.0
6,100000008686313100 -> 100000006866783100 -> 100000008304139100 -> 100000008477350100 -> 100000008086440100 -> 100000000437046100 -> 100000008686313100,23567.0,1477883.0
6,100000004070318100 -> 100000006866783100 -> 100000008304139100 -> 100000008477350100 -> 100000008086440100 -> 100000000437046100 -> 100000004070318100,23567.0,499800.0
6,100000008686313100 -> 100000006866783100 -> 100000008304139100 -> 100000005782781100 -> 100000004847758100 -> 100000008603629100 -> 100000008686313100,23567.0,251077.0
2,100000008304139100 -> 100000006866783100 -> 100000008304139100,23567.0,167567.0
5,100000008603629100 -> 100000001660397100 -> 100000006866783100 -> 100000008304139100 -> 100000001857829100 -> 100000008603629100,23567.0,154867.0
6,100000008603629100 -> 100000001660397100 -> 100000006866783100 -> 100000008304139100 -> 100000001857829100 -> 100000003880331100 -> 100000008603629100,23567.0,826867.0
4,100000008603629100 -> 100000001660397100 -> 100000006866783100 -> 100000008304139100 -> 100000008603629100,23567.0,235867.0
6,100000008603629100 -> 100000001660397100 -> 100000006866783100 -> 100000008304139100 -> 100000008477350100 -> 100000003968044100 -> 100000008603629100,23567.0,272867.0
3,100000008587459100 -> 100000006866783100 -> 100000008304139100 -> 100000008587459100,23567.0,168067.0
6,100000008603629100 -> 100000001660397100 -> 100000006866783100 -> 100000008304139100 -> 100000000437046100 -> 100000007639767100 -> 100000008603629100,23567.0,232985.0
5,100000008686313100 -> 100000006866783100 -> 100000008304139100 -> 100000001857829100 -> 100000008603629100 -> 100000008686313100,23567.0,225360.0
6,100000008686313100 -> 100000006866783100 -> 100000008304139100 -> 100000008477350100 -> 100000008086440100 -> 100000008603629100 -> 100000008686313100,23567.0,470993.0
4,100000004070318100 -> 100000006866783100 -> 100000008304139100 -> 100000000437046100 -> 100000004070318100,23567.0,228567.0
6,100000004070318100 -> 100000008346837100 -> 100000005910114100 -> 100000006866783100 -> 100000008304139100 -> 100000000437046100 -> 100000004070318100,23567.0,537347.0
6,100000008686313100 -> 100000006866783100 -> 100000008304139100 -> 100000001857829100 -> 100000003880331100 -> 100000008603629100 -> 100000008686313100,23567.0,897360.0
6,100000008686313100 -> 100000006866783100 -> 100000008304139100 -> 100000001857829100 -> 100000003880331100 -> 100000000331309100 -> 100000008686313100,23567.0,916709.0
6,100000008686313100 -> 100000006866783100 -> 100000008304139100 -> 100000008603629100 -> 100000007639767100 -> 100000000437046100 -> 100000008686313100,23567.0,1409372.0
4,100000008686313100 -> 100000006866783100 -> 100000008304139100 -> 100000008603629100 -> 100000008686313100,23567.0,306360.0
6,100000008686313100 -> 100000008603629100 -> 100000001660397100 -> 100000006866783100 -> 100000008304139100 -> 100000000437046100 -> 100000008686313100,23567.0,1267350.0
6,100000008603629100 -> 100000001660397100 -> 100000006866783100 -> 100000008304139100 -> 100000008477350100 -> 100000005910114100 -> 100000008603629100,23567.0,510458.0
6,100000004070318100 -> 100000008603629100 -> 100000001660397100 -> 100000006866783100 -> 100000004351795100 -> 100000000437046100 -> 100000004070318100,23126.0,774830.0
4,100000004070318100 -> 100000008603629100 -> 100000001660397100 -> 100000006866783100 -> 100000004070318100,23126.0,141151.0
6,100000004070318100 -> 100000008603629100 -> 100000002723538100 -> 100000003242289100 -> 100000008304139100 -> 100000006866783100 -> 100000004070318100,23126.0,429068.0
6,100000004070318100 -> 100000008603629100 -> 100000008686313100 -> 100000008477350100 -> 100000005910114100 -> 100000006866783100 -> 100000004070318100,23126.0,572023.0
6,100000004070318100 -> 100000008603629100 -> 100000008686313100 -> 100000008477350100 -> 100000008086440100 -> 100000000437046100 -> 100000004070318100,23126.0,455852.0
6,100000004070318100 -> 100000008603629100 -> 100000002723538100 -> 100000003242289100 -> 100000008304139100 -> 100000000437046100 -> 100000004070318100,23126.0,340343.0
6,100000004070318100 -> 100000008603629100 -> 100000008686313100 -> 100000006866783100 -> 100000004390333100 -> 100000000437046100 -> 100000004070318100,23126.0,382670.0
6,100000004070318100 -> 100000008603629100 -> 100000008686313100 -> 100000006866783100 -> 100000004351795100 -> 100000000437046100 -> 100000004070318100,23126.0,845323.0
4,100000004070318100 -> 100000008603629100 -> 100000008686313100 -> 100000006866783100 -> 100000004070318100,23126.0,211644.0
6,100000004070318100 -> 100000008603629100 -> 100000008686313100 -> 100000006866783100 -> 100000008304139100 -> 100000000437046100 -> 100000004070318100,23126.0,290486.0
6,100000004070318100 -> 100000008603629100 -> 100000001660397100 -> 100000006866783100 -> 100000004390333100 -> 100000000437046100 -> 100000004070318100,23126.0,312177.0
6,100000004070318100 -> 100000008603629100 -> 100000001660397100 -> 100000006866783100 -> 100000008686313100 -> 100000000437046100 -> 100000004070318100,23126.0,420807.0
6,100000004070318100 -> 100000008603629100 -> 100000001660397100 -> 100000006866783100 -> 100000008304139100 -> 100000000437046100 -> 100000004070318100,23126.0,219993.0
4,100000004070318100 -> 100000008603629100 -> 100000007639767100 -> 100000000437046100 -> 100000004070318100,23126.0,186848.0
6,100000004070318100 -> 100000008603629100 -> 100000007639767100 -> 100000000437046100 -> 100000008686313100 -> 100000006866783100 -> 100000004070318100,23126.0,1314656.0
4,100000004070318100 -> 100000008603629100 -> 100000008686313100 -> 100000000437046100 -> 100000004070318100,23126.0,218019.0
6,100000008686313100 -> 100000006866783100 -> 100000007639767100 -> 100000000437046100 -> 100000001279272100 -> 100000000331309100 -> 100000008686313100,23018.0,874160.0
4,100000008686313100 -> 100000006866783100 -> 100000007639767100 -> 100000000437046100 -> 100000008686313100,23018.0,1226101.0
4,100000008686313100 -> 100000006866783100 -> 100000007639767100 -> 100000008603629100 -> 100000008686313100,23018.0,245061.0
6,100000004070318100 -> 100000006866783100 -> 100000007639767100 -> 100000008603629100 -> 100000008686313100 -> 100000000437046100 -> 100000004070318100,23018.0,401161.0
6,100000008686313100 -> 100000008603629100 -> 100000001660397100 -> 100000006866783100 -> 100000007639767100 -> 100000000437046100 -> 100000008686313100,23018.0,1286801.0
6,100000008686313100 -> 100000008477350100 -> 100000005910114100 -> 100000006866783100 -> 100000007639767100 -> 100000000437046100 -> 100000008686313100,23018.0,1586480.0
6,100000008686313100 -> 100000008477350100 -> 100000005910114100 -> 100000006866783100 -> 100000007639767100 -> 100000008603629100 -> 100000008686313100,23018.0,605440.0
6,100000008603629100 -> 100000002723538100 -> 100000003242289100 -> 100000008304139100 -> 100000006866783100 -> 100000007639767100 -> 100000008603629100,23018.0,462485.0
4,100000008603629100 -> 100000001660397100 -> 100000006866783100 -> 100000007639767100 -> 100000008603629100,23018.0,174568.0
4,100000004070318100 -> 100000006866783100 -> 100000007639767100 -> 100000000437046100 -> 100000004070318100,23018.0,248018.0
6,100000004070318100 -> 100000008477350100 -> 100000005910114100 -> 100000006866783100 -> 100000007639767100 -> 100000000437046100 -> 100000004070318100,23018.0,570697.0
6,100000004070318100 -> 100000008346837100 -> 100000005910114100 -> 100000006866783100 -> 100000007639767100 -> 100000000437046100 -> 100000004070318100,23018.0,556798.0
6,100000004070318100 -> 100000008603629100 -> 100000001660397100 -> 100000006866783100 -> 100000007639767100 -> 100000000437046100 -> 100000004070318100,23018.0,239444.0
6,100000004070318100 -> 100000008603629100 -> 100000008686313100 -> 100000006866783100 -> 100000007639767100 -> 100000000437046100 -> 100000004070318100,23018.0,309937.0
6,100000004070318100 -> 100000006866783100 -> 100000004351795100 -> 100000003242289100 -> 100000004140487100 -> 100000004400305100 -> 100000004070318100,23000.0,277914.0
2,100000006518161100 -> 100000005660203100 -> 100000006518161100,23000.0,595899.0
6,100000004070318100 -> 100000008603629100 -> 100000002723538100 -> 100000003242289100 -> 100000004140487100 -> 100000004400305100 -> 100000004070318100,23000.0,204283.0
6,100000004070318100 -> 100000008346837100 -> 100000004351795100 -> 100000003242289100 -> 100000004140487100 -> 100000004400305100 -> 100000004070318100,23000.0,216080.0
6,100000008686313100 -> 100000006866783100 -> 100000007639767100 -> 100000008603629100 -> 100000004351795100 -> 100000000437046100 -> 100000008686313100,22418.0,1838769.0
6,100000004070318100 -> 100000008603629100 -> 100000004351795100 -> 100000000437046100 -> 100000008686313100 -> 100000006866783100 -> 100000004070318100,22418.0,1805352.0
2,100000004351795100 -> 100000008603629100 -> 100000004351795100,22418.0,99418.0
6,100000004070318100 -> 100000006866783100 -> 100000008686313100 -> 100000008603629100 -> 100000004351795100 -> 100000000437046100 -> 100000004070318100,22418.0,1020099.0
6,100000008686313100 -> 100000008477350100 -> 100000003968044100 -> 100000008603629100 -> 100000004351795100 -> 100000000437046100 -> 100000008686313100,22418.0,1831201.0
6,100000004070318100 -> 100000006866783100 -> 100000007639767100 -> 100000008603629100 -> 100000004351795100 -> 100000000437046100 -> 100000004070318100,22418.0,860686.0
6,100000008686313100 -> 100000008477350100 -> 100000005910114100 -> 100000008603629100 -> 100000004351795100 -> 100000000437046100 -> 100000008686313100,22418.0,2068792.0
4,100000004351795100 -> 100000000437046100 -> 100000007639767100 -> 100000008603629100 -> 100000004351795100,22418.0,690536.0
6,100000004070318100 -> 100000006866783100 -> 100000004390333100 -> 100000008603629100 -> 100000004351795100 -> 100000000437046100 -> 100000004070318100,22418.0,845169.0
6,100000008686313100 -> 100000008477350100 -> 100000008086440100 -> 100000008603629100 -> 100000004351795100 -> 100000000437046100 -> 100000008686313100,22418.0,1958834.0
6,100000004070318100 -> 100000008477350100 -> 100000005910114100 -> 100000008603629100 -> 100000004351795100 -> 100000000437046100 -> 100000004070318100,22418.0,1053009.0
4,100000004070318100 -> 100000008603629100 -> 100000004351795100 -> 100000000437046100 -> 100000004070318100,22418.0,677544.0
6,100000004070318100 -> 100000008603629100 -> 100000004351795100 -> 100000003242289100 -> 100000004140487100 -> 100000004400305100 -> 100000004070318100,22418.0,172054.0
6,100000004070318100 -> 100000008603629100 -> 100000004351795100 -> 100000003242289100 -> 100000008304139100 -> 100000006866783100 -> 100000004070318100,22418.0,396839.0
6,100000004070318100 -> 100000008346837100 -> 100000005910114100 -> 100000008603629100 -> 100000004351795100 -> 100000000437046100 -> 100000004070318100,22418.0,1039110.0
6,100000008686313100 -> 100000006866783100 -> 100000008304139100 -> 100000008603629100 -> 100000004351795100 -> 100000000437046100 -> 100000008686313100,22418.0,1900068.0
6,100000008686313100 -> 100000006866783100 -> 100000004390333100 -> 100000008603629100 -> 100000004351795100 -> 100000000437046100 -> 100000008686313100,22418.0,1823252.0
6,100000004070318100 -> 100000008477350100 -> 100000008086440100 -> 100000008603629100 -> 100000004351795100 -> 100000000437046100 -> 100000004070318100,22418.0,943051.0
6,100000004070318100 -> 100000008603629100 -> 100000004351795100 -> 100000003242289100 -> 100000008304139100 -> 100000000437046100 -> 100000004070318100,22418.0,308114.0
6,100000004070318100 -> 100000008477350100 -> 100000003968044100 -> 100000008603629100 -> 100000004351795100 -> 100000000437046100 -> 100000004070318100,22418.0,815418.0
6,100000004070318100 -> 100000006866783100 -> 100000008304139100 -> 100000008603629100 -> 100000004351795100 -> 100000000437046100 -> 100000004070318100,22418.0,921985.0
4,100000004351795100 -> 100000003242289100 -> 100000008304139100 -> 100000008603629100 -> 100000004351795100,22418.0,323988.0
5,100000004351795100 -> 100000008512552100 -> 100000003178549100 -> 100000001857829100 -> 100000008603629100 -> 100000004351795100,22418.0,563518.0
6,100000004351795100 -> 100000008512552100 -> 100000003178549100 -> 100000001857829100 -> 100000003880331100 -> 100000008603629100 -> 100000004351795100,22418.0,1235518.0
6,100000004351795100 -> 100000008512552100 -> 100000003242289100 -> 100000008304139100 -> 100000001857829100 -> 100000008603629100 -> 100000004351795100,22418.0,908879.0
5,100000004351795100 -> 100000008512552100 -> 100000003242289100 -> 100000008304139100 -> 100000008603629100 -> 100000004351795100,22418.0,989879.0
6,100000004847758100 -> 100000008603629100 -> 100000004351795100 -> 100000003242289100 -> 100000008304139100 -> 100000005782781100 -> 100000004847758100,22418.0,268705.0
6,100000004847758100 -> 100000008603629100 -> 100000004351795100 -> 100000003242289100 -> 100000004140487100 -> 100000004400305100 -> 100000004847758100,22418.0,214995.0
6,100000004351795100 -> 100000003242289100 -> 100000004140487100 -> 100000004400305100 -> 100000005910114100 -> 100000008603629100 -> 100000004351795100,22418.0,451720.0
6,100000004351795100 -> 100000003242289100 -> 100000004140487100 -> 100000004400305100 -> 100000008304139100 -> 100000008603629100 -> 100000004351795100,22418.0,331029.0
5,100000004351795100 -> 100000003242289100 -> 100000008304139100 -> 100000001857829100 -> 100000008603629100 -> 100000004351795100,22418.0,242988.0
6,100000004351795100 -> 100000003242289100 -> 100000008304139100 -> 100000001857829100 -> 100000003880331100 -> 100000008603629100 -> 100000004351795100,22418.0,914988.0
6,100000004351795100 -> 100000003242289100 -> 100000008304139100 -> 100000006866783100 -> 100000007639767100 -> 100000008603629100 -> 100000004351795100,22418.0,430256.0
6,100000004351795100 -> 100000003242289100 -> 100000008304139100 -> 100000000437046100 -> 100000007639767100 -> 100000008603629100 -> 100000004351795100,22418.0,321106.0
6,100000004351795100 -> 100000003242289100 -> 100000008304139100 -> 100000006866783100 -> 100000004390333100 -> 100000008603629100 -> 100000004351795100,22418.0,414739.0
6,100000004351795100 -> 100000003242289100 -> 100000008304139100 -> 100000008477350100 -> 100000008086440100 -> 100000008603629100 -> 100000004351795100,22418.0,488621.0
6,100000008686313100 -> 100000008603629100 -> 100000004351795100 -> 100000003242289100 -> 100000008304139100 -> 100000000437046100 -> 100000008686313100,22418.0,1355471.0
6,100000008686313100 -> 100000008603629100 -> 100000004351795100 -> 100000003242289100 -> 100000008304139100 -> 100000006866783100 -> 100000008686313100,22418.0,589669.0
6,100000008686313100 -> 100000008603629100 -> 100000004351795100 -> 100000003242289100 -> 100000004140487100 -> 100000004400305100 -> 100000008686313100,22418.0,263845.0
6,100000008686313100 -> 100000008603629100 -> 100000004351795100 -> 100000000437046100 -> 100000001279272100 -> 100000000331309100 -> 100000008686313100,22418.0,1372960.0
6,100000004351795100 -> 100000003242289100 -> 100000008304139100 -> 100000008477350100 -> 100000005910114100 -> 100000008603629100 -> 100000004351795100,22418.0,598579.0
4,100000008686313100 -> 100000008603629100 -> 100000004351795100 -> 100000000437046100 -> 100000008686313100,22418.0,1724901.0
6,100000004351795100 -> 100000003242289100 -> 100000008304139100 -> 100000008477350100 -> 100000003968044100 -> 100000008603629100 -> 100000004351795100,22418.0,360988.0
6,100000004351795100 -> 100000003242289100 -> 100000008512552100 -> 100000003178549100 -> 100000001857829100 -> 100000008603629100 -> 100000004351795100,22418.0,415418.0
2,100000002293421100 -> 100000004180097100 -> 100000002293421100,22000.0,58000.0
2,100000002156381100 -> 100000002696152100 -> 100000002156381100,21800.0,72800.0
6,100000008603629100 -> 100000002723538100 -> 100000003242289100 -> 100000008304139100 -> 100000006866783100 -> 100000002306369100 -> 100000008603629100,20900.0,435283.0
4,100000008603629100 -> 100000001660397100 -> 100000006866783100 -> 100000002306369100 -> 100000008603629100,20900.0,147366.0
6,100000004070318100 -> 100000006866783100 -> 100000002306369100 -> 100000008603629100 -> 100000008686313100 -> 100000000437046100 -> 100000004070318100,20900.0,373959.0
6,100000004070318100 -> 100000006866783100 -> 100000002306369100 -> 100000008603629100 -> 100000007639767100 -> 100000000437046100 -> 100000004070318100,20900.0,342788.0
6,100000004351795100 -> 100000003242289100 -> 100000008304139100 -> 100000006866783100 -> 100000002306369100 -> 100000008603629100 -> 100000004351795100,20900.0,403054.0
6,100000008686313100 -> 100000006866783100 -> 100000002306369100 -> 100000008603629100 -> 100000004351795100 -> 100000000437046100 -> 100000008686313100,20900.0,1811567.0
4,100000008686313100 -> 100000006866783100 -> 100000002306369100 -> 100000008603629100 -> 100000008686313100,20900.0,217859.0
6,100000008686313100 -> 100000006866783100 -> 100000002306369100 -> 100000008603629100 -> 100000007639767100 -> 100000000437046100 -> 100000008686313100,20900.0,1320871.0
6,100000008686313100 -> 100000008477350100 -> 100000005910114100 -> 100000006866783100 -> 100000002306369100 -> 100000008603629100 -> 100000008686313100,20900.0,578238.0
6,100000004070318100 -> 100000006866783100 -> 100000002306369100 -> 100000008603629100 -> 100000004351795100 -> 100000000437046100 -> 100000004070318100,20900.0,833484.0
3,100000008417359100 -> 100000008512552100 -> 100000003242289100 -> 100000008417359100,20760.0,530361.0
6,100000008686313100 -> 100000006866783100 -> 100000004351795100 -> 100000003242289100 -> 100000004140487100 -> 100000008603629100 -> 100000008686313100,20000.0,283707.0
2,100000001526235100 -> 100000005505655100 -> 100000001526235100,20000.0,40000.0
4,100000004351795100 -> 100000003242289100 -> 100000004140487100 -> 100000008603629100 -> 100000004351795100,20000.0,115928.0
6,100000004351795100 -> 100000003242289100 -> 100000004140487100 -> 100000008603629100 -> 100000001660397100 -> 100000006866783100 -> 100000004351795100,20000.0,213214.0
2,100000008389800100 -> 100000008430691100 -> 100000008389800100,20000.0,40000.0
6,100000008587459100 -> 100000006866783100 -> 100000002306369100 -> 100000002723538100 -> 100000003242289100 -> 100000008304139100 -> 100000008587459100,20000.0,364236.0
2,100000000607941100 -> 100000003406094100 -> 100000000607941100,20000.0,90000.0
5,100000004351795100 -> 100000008512552100 -> 100000003242289100 -> 100000004140487100 -> 100000008603629100 -> 100000004351795100,20000.0,781819.0
5,100000008686313100 -> 100000006866783100 -> 100000002306369100 -> 100000002723538100 -> 100000008603629100 -> 100000008686313100,20000.0,301959.0
5,100000002723538100 -> 100000003242289100 -> 100000008304139100 -> 100000006866783100 -> 100000002306369100 -> 100000002723538100,20000.0,363736.0
5,100000008603629100 -> 100000001660397100 -> 100000006866783100 -> 100000002306369100 -> 100000002723538100 -> 100000008603629100,20000.0,231466.0
2,100000007898453100 -> 100000003946524100 -> 100000007898453100,20000.0,44750.0
2,100000004076740100 -> 100000005519998100 -> 100000004076740100,20000.0,60000.0
3,100000008547844100 -> 100000008465789100 -> 100000008547948100 -> 100000008547844100,20000.0,150099.0
4,100000008603629100 -> 100000002723538100 -> 100000003242289100 -> 100000004140487100 -> 100000008603629100,20000.0,148157.0
3,100000004076740100 -> 100000004336312100 -> 100000005519998100 -> 100000004076740100,20000.0,80000.0
2,100000002132479100 -> 100000004159526100 -> 100000002132479100,20000.0,50000.0
4,100000005933757100 -> 100000008104567100 -> 100000005704413100 -> 100000004569484100 -> 100000005933757100,20000.0,145255.0
2,100000002175422100 -> 100000003557488100 -> 100000002175422100,20000.0,684992.0
3,100000005519998100 -> 100000004017410100 -> 100000004336312100 -> 100000005519998100,20000.0,219915.0
4,100000004076740100 -> 100000004336312100 -> 100000004017410100 -> 100000005519998100 -> 100000004076740100,20000.0,254650.0
6,100000004070318100 -> 100000004400305100 -> 100000005910114100 -> 100000008603629100 -> 100000007639767100 -> 100000000437046100 -> 100000004070318100,19800.0,509314.0
6,100000004070318100 -> 100000004400305100 -> 100000008304139100 -> 100000008477350100 -> 100000008086440100 -> 100000000437046100 -> 100000004070318100,19800.0,457134.0
6,100000004070318100 -> 100000004400305100 -> 100000005910114100 -> 100000006866783100 -> 100000007639767100 -> 100000000437046100 -> 100000004070318100,19800.0,517698.0
6,100000004070318100 -> 100000004400305100 -> 100000008304139100 -> 100000008603629100 -> 100000007639767100 -> 100000000437046100 -> 100000004070318100,19800.0,388623.0
6,100000004070318100 -> 100000004400305100 -> 100000005910114100 -> 100000006866783100 -> 100000008686313100 -> 100000000437046100 -> 100000004070318100,19800.0,699061.0
6,100000004070318100 -> 100000004400305100 -> 100000008587459100 -> 100000006866783100 -> 100000008686313100 -> 100000000437046100 -> 100000004070318100,19800.0,592188.0
6,100000004070318100 -> 100000004400305100 -> 100000008304139100 -> 100000008477350100 -> 100000005910114100 -> 100000006866783100 -> 100000004070318100,19800.0,573305.0
6,100000004070318100 -> 100000004400305100 -> 100000005910114100 -> 100000006866783100 -> 100000008304139100 -> 100000000437046100 -> 100000004070318100,19800.0,498247.0
6,100000004070318100 -> 100000004400305100 -> 100000008587459100 -> 100000006866783100 -> 100000007639767100 -> 100000000437046100 -> 100000004070318100,19800.0,410825.0
6,100000004070318100 -> 100000004400305100 -> 100000005910114100 -> 100000008603629100 -> 100000001660397100 -> 100000006866783100 -> 100000004070318100,19800.0,463617.0
6,100000004070318100 -> 100000004400305100 -> 100000004847758100 -> 100000008603629100 -> 100000007639767100 -> 100000000437046100 -> 100000004070318100,19800.0,272589.0
6,100000004070318100 -> 100000004400305100 -> 100000008587459100 -> 100000006866783100 -> 100000004390333100 -> 100000000437046100 -> 100000004070318100,19800.0,483558.0
4,100000004070318100 -> 100000004400305100 -> 100000008587459100 -> 100000006866783100 -> 100000004070318100,19800.0,312532.0
6,100000004070318100 -> 100000004400305100 -> 100000005910114100 -> 100000008603629100 -> 100000008686313100 -> 100000006866783100 -> 100000004070318100,19800.0,534110.0
6,100000004070318100 -> 100000004400305100 -> 100000008587459100 -> 100000006866783100 -> 100000004351795100 -> 100000000437046100 -> 100000004070318100,19800.0,946211.0
6,100000004070318100 -> 100000004400305100 -> 100000005910114100 -> 100000008603629100 -> 100000008686313100 -> 100000000437046100 -> 100000004070318100,19800.0,540485.0
6,100000004070318100 -> 100000004400305100 -> 100000008587459100 -> 100000006866783100 -> 100000008304139100 -> 100000000437046100 -> 100000004070318100,19800.0,391374.0
6,100000004070318100 -> 100000004400305100 -> 100000004847758100 -> 100000008603629100 -> 100000004351795100 -> 100000000437046100 -> 100000004070318100,19800.0,763285.0
6,100000004070318100 -> 100000004400305100 -> 100000004847758100 -> 100000008603629100 -> 100000008686313100 -> 100000000437046100 -> 100000004070318100,19800.0,303760.0
6,100000004070318100 -> 100000004400305100 -> 100000004847758100 -> 100000008603629100 -> 100000008686313100 -> 100000006866783100 -> 100000004070318100,19800.0,297385.0
6,100000004070318100 -> 100000004400305100 -> 100000004847758100 -> 100000008603629100 -> 100000001660397100 -> 100000006866783100 -> 100000004070318100,19800.0,226892.0
4,100000004070318100 -> 100000004400305100 -> 100000005910114100 -> 100000006866783100 -> 100000004070318100,19800.0,419405.0
6,100000004070318100 -> 100000004400305100 -> 100000005910114100 -> 100000008603629100 -> 100000004351795100 -> 100000000437046100 -> 100000004070318100,19800.0,1000010.0
6,100000004070318100 -> 100000004400305100 -> 100000008304139100 -> 100000000437046100 -> 100000008686313100 -> 100000006866783100 -> 100000004070318100,19800.0,1313709.0
4,100000004070318100 -> 100000004400305100 -> 100000008304139100 -> 100000000437046100 -> 100000004070318100,19800.0,185901.0
6,100000004070318100 -> 100000004400305100 -> 100000005910114100 -> 100000006866783100 -> 100000004390333100 -> 100000000437046100 -> 100000004070318100,19800.0,590431.0
6,100000004070318100 -> 100000004400305100 -> 100000005910114100 -> 100000008111003100 -> 100000003796063100 -> 100000006866783100 -> 100000004070318100,19800.0,336209.0
6,100000004070318100 -> 100000004400305100 -> 100000005910114100 -> 100000006866783100 -> 100000004351795100 -> 100000000437046100 -> 100000004070318100,19800.0,1053084.0
6,100000004070318100 -> 100000004400305100 -> 100000008304139100 -> 100000006866783100 -> 100000004390333100 -> 100000000437046100 -> 100000004070318100,19800.0,445652.0
6,100000004070318100 -> 100000004400305100 -> 100000008304139100 -> 100000008603629100 -> 100000008686313100 -> 100000000437046100 -> 100000004070318100,19800.0,419794.0
6,100000004070318100 -> 100000004400305100 -> 100000008686313100 -> 100000008603629100 -> 100000004351795100 -> 100000000437046100 -> 100000004070318100,19800.0,812135.0
6,100000004070318100 -> 100000004400305100 -> 100000008686313100 -> 100000006866783100 -> 100000008304139100 -> 100000000437046100 -> 100000004070318100,19800.0,293884.0
6,100000004070318100 -> 100000004400305100 -> 100000008686313100 -> 100000006866783100 -> 100000004351795100 -> 100000000437046100 -> 100000004070318100,19800.0,848721.0
6,100000004070318100 -> 100000004400305100 -> 100000008304139100 -> 100000008603629100 -> 100000008686313100 -> 100000006866783100 -> 100000004070318100,19800.0,413419.0
6,100000004070318100 -> 100000004400305100 -> 100000008686313100 -> 100000006866783100 -> 100000007639767100 -> 100000000437046100 -> 100000004070318100,19800.0,313335.0
6,100000004070318100 -> 100000004400305100 -> 100000008686313100 -> 100000006866783100 -> 100000004390333100 -> 100000000437046100 -> 100000004070318100,19800.0,386068.0
2,100000004070318100 -> 100000004400305100 -> 100000004070318100,19800.0,42800.0
6,100000004070318100 -> 100000004400305100 -> 100000008686313100 -> 100000008477350100 -> 100000008086440100 -> 100000000437046100 -> 100000004070318100,19800.0,459250.0
6,100000004070318100 -> 100000004400305100 -> 100000008686313100 -> 100000008477350100 -> 100000005910114100 -> 100000006866783100 -> 100000004070318100,19800.0,575421.0
5,100000004070318100 -> 100000004400305100 -> 100000008304139100 -> 100000008587459100 -> 100000006866783100 -> 100000004070318100,19800.0,275126.0
4,100000004070318100 -> 100000004400305100 -> 100000008686313100 -> 100000000437046100 -> 100000004070318100,19800.0,221417.0
6,100000004070318100 -> 100000004400305100 -> 100000008304139100 -> 100000008603629100 -> 100000004351795100 -> 100000000437046100 -> 100000004070318100,19800.0,879319.0
4,100000004070318100 -> 100000004400305100 -> 100000008304139100 -> 100000006866783100 -> 100000004070318100,19800.0,274626.0
6,100000004070318100 -> 100000004400305100 -> 100000008686313100 -> 100000008603629100 -> 100000007639767100 -> 100000000437046100 -> 100000004070318100,19800.0,321439.0
6,100000004070318100 -> 100000004400305100 -> 100000008686313100 -> 100000008603629100 -> 100000001660397100 -> 100000006866783100 -> 100000004070318100,19800.0,275742.0
4,100000004070318100 -> 100000004400305100 -> 100000008686313100 -> 100000006866783100 -> 100000004070318100,19800.0,215042.0
6,100000004070318100 -> 100000004400305100 -> 100000008304139100 -> 100000006866783100 -> 100000004351795100 -> 100000000437046100 -> 100000004070318100,19800.0,908305.0
6,100000004070318100 -> 100000004400305100 -> 100000008304139100 -> 100000006866783100 -> 100000007639767100 -> 100000000437046100 -> 100000004070318100,19800.0,372919.0
6,100000004070318100 -> 100000004400305100 -> 100000008304139100 -> 100000006866783100 -> 100000008686313100 -> 100000000437046100 -> 100000004070318100,19800.0,554282.0
6,100000004070318100 -> 100000004400305100 -> 100000008304139100 -> 100000008603629100 -> 100000001660397100 -> 100000006866783100 -> 100000004070318100,19800.0,342926.0
2,100000002957787100 -> 100000005268319100 -> 100000002957787100,19712.8,43712.8
2,100000001660397100 -> 100000006866783100 -> 100000001660397100,19300.0,43300.0
3,100000000785800100 -> 100000008601794100 -> 100000001872484100 -> 100000000785800100,19000.0,909400.0
2,100000004330371100 -> 100000003016635100 -> 100000004330371100,18981.0,115652.0
2,100000008086440100 -> 100000008477350100 -> 100000008086440100,18900.0,218633.0
4,100000004070318100 -> 100000004400305100 -> 100000004390333100 -> 100000006866783100 -> 100000004070318100,18807.0,163332.0
6,100000004070318100 -> 100000004400305100 -> 100000004390333100 -> 100000006866783100 -> 100000004351795100 -> 100000000437046100 -> 100000004070318100,18807.0,797011.0
6,100000004070318100 -> 100000004400305100 -> 100000004390333100 -> 100000008477350100 -> 100000005910114100 -> 100000006866783100 -> 100000004070318100,18807.0,526011.0
6,100000004070318100 -> 100000004400305100 -> 100000004390333100 -> 100000006866783100 -> 100000008304139100 -> 100000000437046100 -> 100000004070318100,18807.0,242174.0
6,100000008603629100 -> 100000002723538100 -> 100000003242289100 -> 100000004140487100 -> 100000004400305100 -> 100000004390333100 -> 100000008603629100,18807.0,236964.0
6,100000004070318100 -> 100000004400305100 -> 100000004390333100 -> 100000008603629100 -> 100000004351795100 -> 100000000437046100 -> 100000004070318100,18807.0,753025.0
6,100000004070318100 -> 100000004400305100 -> 100000004390333100 -> 100000006866783100 -> 100000008686313100 -> 100000000437046100 -> 100000004070318100,18807.0,442988.0
6,100000004070318100 -> 100000004400305100 -> 100000004390333100 -> 100000006866783100 -> 100000007639767100 -> 100000000437046100 -> 100000004070318100,18807.0,261625.0
6,100000004070318100 -> 100000004400305100 -> 100000004390333100 -> 100000000437046100 -> 100000008686313100 -> 100000006866783100 -> 100000004070318100,18807.0,1356415.0
6,100000004070318100 -> 100000004400305100 -> 100000004390333100 -> 100000008603629100 -> 100000008686313100 -> 100000000437046100 -> 100000004070318100,18807.0,293500.0
6,100000004070318100 -> 100000004400305100 -> 100000004390333100 -> 100000008603629100 -> 100000008686313100 -> 100000006866783100 -> 100000004070318100,18807.0,287125.0
6,100000004070318100 -> 100000004400305100 -> 100000004390333100 -> 100000008477350100 -> 100000008086440100 -> 100000000437046100 -> 100000004070318100,18807.0,409840.0
6,100000004351795100 -> 100000003242289100 -> 100000004140487100 -> 100000004400305100 -> 100000004390333100 -> 100000006866783100 -> 100000004351795100,18807.0,248721.0
6,100000004070318100 -> 100000004400305100 -> 100000004390333100 -> 100000008603629100 -> 100000001660397100 -> 100000006866783100 -> 100000004070318100,18807.0,216632.0
6,100000004351795100 -> 100000003242289100 -> 100000004140487100 -> 100000004400305100 -> 100000004390333100 -> 100000008603629100 -> 100000004351795100,18807.0,204735.0
6,100000004070318100 -> 100000004400305100 -> 100000004390333100 -> 100000008603629100 -> 100000007639767100 -> 100000000437046100 -> 100000004070318100,18807.0,262329.0
4,100000004070318100 -> 100000004400305100 -> 100000004390333100 -> 100000000437046100 -> 100000004070318100,18807.0,228607.0
4,100000008686313100 -> 100000006866783100 -> 100000004847758100 -> 100000008603629100 -> 100000008686313100,18775.0,184568.0
6,100000004070318100 -> 100000006866783100 -> 100000004847758100 -> 100000008603629100 -> 100000008686313100 -> 100000000437046100 -> 100000004070318100,18775.0,340668.0
4,100000004847758100 -> 100000008603629100 -> 100000001660397100 -> 100000006866783100 -> 100000004847758100,18775.0,114075.0
6,100000008686313100 -> 100000006866783100 -> 100000004847758100 -> 100000008603629100 -> 100000004351795100 -> 100000000437046100 -> 100000008686313100,18775.0,1778276.0
6,100000008686313100 -> 100000008477350100 -> 100000005910114100 -> 100000006866783100 -> 100000004847758100 -> 100000008603629100 -> 100000008686313100,18775.0,544947.0
6,100000008686313100 -> 100000006866783100 -> 100000004847758100 -> 100000008603629100 -> 100000007639767100 -> 100000000437046100 -> 100000008686313100,18775.0,1287580.0
6,100000004847758100 -> 100000008603629100 -> 100000002723538100 -> 100000003242289100 -> 100000008304139100 -> 100000006866783100 -> 100000004847758100,18775.0,401992.0
6,100000004847758100 -> 100000008603629100 -> 100000004351795100 -> 100000003242289100 -> 100000008304139100 -> 100000006866783100 -> 100000004847758100,18775.0,369763.0
6,100000004070318100 -> 100000006866783100 -> 100000004847758100 -> 100000008603629100 -> 100000007639767100 -> 100000000437046100 -> 100000004070318100,18775.0,309497.0
6,100000004070318100 -> 100000006866783100 -> 100000004847758100 -> 100000008603629100 -> 100000004351795100 -> 100000000437046100 -> 100000004070318100,18775.0,800193.0
6,100000008710843100 -> 100000008547844100 -> 100000008465789100 -> 100000008466579100 -> 100000008547948100 -> 100000008489922100 -> 100000008710843100,18200.0,269299.0
5,100000008710843100 -> 100000008547844100 -> 100000008465789100 -> 100000008547948100 -> 100000008489922100 -> 100000008710843100,18200.0,224299.0
4,100000008710843100 -> 100000008547844100 -> 100000008547948100 -> 100000008489922100 -> 100000008710843100,18200.0,235200.0
5,100000008710843100 -> 100000008547844100 -> 100000008465789100 -> 100000008466579100 -> 100000008489922100 -> 100000008710843100,18200.0,270299.0
2,100000001893287100 -> 100000004698193100 -> 100000001893287100,18000.0,170700.0
2,100000004188160100 -> 100000003016635100 -> 100000004188160100,18000.0,97262.0
2,100000004544958100 -> 100000004677680100 -> 100000004544958100,18000.0,186000.0
2,100000006707582100 -> 100000000850297100 -> 100000006707582100,17520.0,35040.0
2,100000008169544100 -> 100000003016635100 -> 100000008169544100,17300.0,154404.0
6,100000008443341100 -> 100000008477350100 -> 100000005910114100 -> 100000008603629100 -> 100000001660397100 -> 100000006866783100 -> 100000008443341100,17000.0,468391.0
6,100000008443341100 -> 100000008477350100 -> 100000005910114100 -> 100000008111003100 -> 100000003796063100 -> 100000006866783100 -> 100000008443341100,17000.0,340983.0
6,100000008086440100 -> 100000008603629100 -> 100000001660397100 -> 100000006866783100 -> 100000008443341100 -> 100000008477350100 -> 100000008086440100,17000.0,358433.0
6,100000008686313100 -> 100000006866783100 -> 100000008443341100 -> 100000008477350100 -> 100000005910114100 -> 100000008603629100 -> 100000008686313100,17000.0,538884.0
6,100000008686313100 -> 100000006866783100 -> 100000008443341100 -> 100000008477350100 -> 100000008086440100 -> 100000008603629100 -> 100000008686313100,17000.0,428926.0
6,100000004070318100 -> 100000006866783100 -> 100000008443341100 -> 100000008477350100 -> 100000008086440100 -> 100000000437046100 -> 100000004070318100,17000.0,457733.0
6,100000008686313100 -> 100000006866783100 -> 100000008443341100 -> 100000008477350100 -> 100000003968044100 -> 100000008603629100 -> 100000008686313100,17000.0,301293.0
4,100000008443341100 -> 100000008477350100 -> 100000005910114100 -> 100000006866783100 -> 100000008443341100,17000.0,424179.0
6,100000008686313100 -> 100000006866783100 -> 100000008443341100 -> 100000008477350100 -> 100000008086440100 -> 100000000437046100 -> 100000008686313100,17000.0,1435816.0
6,100000008443341100 -> 100000008477350100 -> 100000003968044100 -> 100000008603629100 -> 100000001660397100 -> 100000006866783100 -> 100000008443341100,17000.0,230800.0
5,100000005287097100 -> 100000004150593100 -> 100000008188026100 -> 100000004527381100 -> 100000004156082100 -> 100000005287097100,16450.0,489759.27999999997
5,100000005287097100 -> 100000003016635100 -> 100000008188026100 -> 100000004527381100 -> 100000004156082100 -> 100000005287097100,16450.0,865507.28
2,100000005287097100 -> 100000004156082100 -> 100000005287097100,16450.0,66950.0
6,100000004070318100 -> 100000006866783100 -> 100000008686313100 -> 100000008477350100 -> 100000007639767100 -> 100000000437046100 -> 100000004070318100,16305.0,492286.0
6,100000004070318100 -> 100000006866783100 -> 100000002306369100 -> 100000008477350100 -> 100000007639767100 -> 100000000437046100 -> 100000004070318100,16305.0,349471.0
6,100000004070318100 -> 100000008477350100 -> 100000007639767100 -> 100000000437046100 -> 100000008686313100 -> 100000006866783100 -> 100000004070318100,16305.0,1309113.0
4,100000004070318100 -> 100000008477350100 -> 100000007639767100 -> 100000000437046100 -> 100000004070318100,16305.0,181305.0
6,100000004070318100 -> 100000006866783100 -> 100000008304139100 -> 100000008477350100 -> 100000007639767100 -> 100000000437046100 -> 100000004070318100,16305.0,324872.0
6,100000008603629100 -> 100000001660397100 -> 100000006866783100 -> 100000008304139100 -> 100000008477350100 -> 100000007639767100 -> 100000008603629100,16305.0,251422.0
6,100000008686313100 -> 100000008477350100 -> 100000007639767100 -> 100000008603629100 -> 100000004351795100 -> 100000000437046100 -> 100000008686313100,16305.0,1809756.0
6,100000004070318100 -> 100000008603629100 -> 100000008686313100 -> 100000008477350100 -> 100000007639767100 -> 100000000437046100 -> 100000004070318100,16305.0,280924.0
6,100000008686313100 -> 100000006866783100 -> 100000002306369100 -> 100000008477350100 -> 100000007639767100 -> 100000008603629100 -> 100000008686313100,16305.0,346514.0
6,100000008686313100 -> 100000006866783100 -> 100000008443341100 -> 100000008477350100 -> 100000007639767100 -> 100000008603629100 -> 100000008686313100,16305.0,279848.0
4,100000008686313100 -> 100000008477350100 -> 100000007639767100 -> 100000000437046100 -> 100000008686313100,16305.0,1197088.0
6,100000004070318100 -> 100000004400305100 -> 100000008304139100 -> 100000008477350100 -> 100000007639767100 -> 100000000437046100 -> 100000004070318100,16305.0,282206.0
6,100000008686313100 -> 100000006866783100 -> 100000004390333100 -> 100000008477350100 -> 100000007639767100 -> 100000000437046100 -> 100000008686313100,16305.0,1305139.0
6,100000008686313100 -> 100000006866783100 -> 100000008443341100 -> 100000008477350100 -> 100000007639767100 -> 100000000437046100 -> 100000008686313100,16305.0,1260888.0
6,100000008686313100 -> 100000006866783100 -> 100000004390333100 -> 100000008477350100 -> 100000007639767100 -> 100000008603629100 -> 100000008686313100,16305.0,324099.0
6,100000008686313100 -> 100000006866783100 -> 100000002306369100 -> 100000008477350100 -> 100000007639767100 -> 100000000437046100 -> 100000008686313100,16305.0,1327554.0
6,100000008686313100 -> 100000006866783100 -> 100000008304139100 -> 100000008477350100 -> 100000007639767100 -> 100000000437046100 -> 100000008686313100,16305.0,1302955.0
6,100000004070318100 -> 100000004400305100 -> 100000008686313100 -> 100000008477350100 -> 100000007639767100 -> 100000000437046100 -> 100000004070318100,16305.0,284322.0
6,100000004070318100 -> 100000006866783100 -> 100000008443341100 -> 100000008477350100 -> 100000007639767100 -> 100000000437046100 -> 100000004070318100,16305.0,282805.0
6,100000008603629100 -> 100000002723538100 -> 100000003242289100 -> 100000008304139100 -> 100000008477350100 -> 100000007639767100 -> 100000008603629100,16305.0,371772.0
6,100000008443341100 -> 100000008477350100 -> 100000007639767100 -> 100000008603629100 -> 100000001660397100 -> 100000006866783100 -> 100000008443341100,16305.0,209355.0
4,100000008686313100 -> 100000008477350100 -> 100000007639767100 -> 100000008603629100 -> 100000008686313100,16305.0,216048.0
6,100000008686313100 -> 100000008477350100 -> 100000007639767100 -> 100000000437046100 -> 100000001279272100 -> 100000000331309100 -> 100000008686313100,16305.0,845147.0
6,100000008686313100 -> 100000008477350100 -> 100000007639767100 -> 100000008603629100 -> 100000001660397100 -> 100000006866783100 -> 100000008686313100,16305.0,418836.0
6,100000008603629100 -> 100000001660397100 -> 100000006866783100 -> 100000004390333100 -> 100000008477350100 -> 100000007639767100 -> 100000008603629100,16305.0,253606.0
6,100000004070318100 -> 100000004400305100 -> 100000004390333100 -> 100000008477350100 -> 100000007639767100 -> 100000000437046100 -> 100000004070318100,16305.0,234912.0
6,100000004070318100 -> 100000008477350100 -> 100000007639767100 -> 100000008603629100 -> 100000004351795100 -> 100000000437046100 -> 100000004070318100,16305.0,793973.0
6,100000004070318100 -> 100000006866783100 -> 100000004390333100 -> 100000008477350100 -> 100000007639767100 -> 100000000437046100 -> 100000004070318100,16305.0,327056.0
6,100000004070318100 -> 100000008477350100 -> 100000007639767100 -> 100000008603629100 -> 100000008686313100 -> 100000000437046100 -> 100000004070318100,16305.0,334448.0
6,100000004070318100 -> 100000008477350100 -> 100000007639767100 -> 100000008603629100 -> 100000008686313100 -> 100000006866783100 -> 100000004070318100,16305.0,328073.0
6,100000004070318100 -> 100000008477350100 -> 100000007639767100 -> 100000008603629100 -> 100000001660397100 -> 100000006866783100 -> 100000004070318100,16305.0,257580.0
6,100000008603629100 -> 100000001660397100 -> 100000006866783100 -> 100000002306369100 -> 100000008477350100 -> 100000007639767100 -> 100000008603629100,16305.0,276021.0
6,100000008686313100 -> 100000006866783100 -> 100000008304139100 -> 100000008477350100 -> 100000007639767100 -> 100000008603629100 -> 100000008686313100,16305.0,321915.0
6,100000004351795100 -> 100000003242289100 -> 100000008304139100 -> 100000008477350100 -> 100000007639767100 -> 100000008603629100 -> 100000004351795100,16305.0,339543.0
6,100000004847758100 -> 100000008603629100 -> 100000001660397100 -> 100000006866783100 -> 100000004679953100 -> 100000005782781100 -> 100000004847758100,16000.0,175020.0
6,100000008686313100 -> 100000006866783100 -> 100000004679953100 -> 100000005782781100 -> 100000004847758100 -> 100000008603629100 -> 100000008686313100,16000.0,245513.0
4,100000004847758100 -> 100000008603629100 -> 100000004679953100 -> 100000005782781100 -> 100000004847758100,16000.0,245484.0
2,100000005168487100 -> 100000002941114100 -> 100000005168487100,15000.0,118510.0
6,100000004351795100 -> 100000003242289100 -> 100000004140487100 -> 100000004400305100 -> 100000002723538100 -> 100000008603629100 -> 100000004351795100,15000.0,225928.0
6,100000004070318100 -> 100000004400305100 -> 100000002723538100 -> 100000003242289100 -> 100000008304139100 -> 100000006866783100 -> 100000004070318100,15000.0,370095.0
6,100000004070318100 -> 100000004400305100 -> 100000002723538100 -> 100000003242289100 -> 100000008304139100 -> 100000000437046100 -> 100000004070318100,15000.0,281370.0
4,100000004007116100 -> 100000003616818100 -> 100000004160650100 -> 100000002731501100 -> 100000004007116100,15000.0,802430.0
4,100000004007116100 -> 100000003616818100 -> 100000004160650100 -> 100000004005964100 -> 100000004007116100,15000.0,125000.0
6,100000004070318100 -> 100000004400305100 -> 100000002723538100 -> 100000008603629100 -> 100000008686313100 -> 100000006866783100 -> 100000004070318100,15000.0,308318.0
4,100000002723538100 -> 100000003242289100 -> 100000004140487100 -> 100000004400305100 -> 100000002723538100,15000.0,102510.0
6,100000004070318100 -> 100000004400305100 -> 100000002723538100 -> 100000008603629100 -> 100000004351795100 -> 100000000437046100 -> 100000004070318100,15000.0,774218.0
6,100000004070318100 -> 100000004400305100 -> 100000002723538100 -> 100000008603629100 -> 100000001660397100 -> 100000006866783100 -> 100000004070318100,15000.0,237825.0
2,100000000011452100 -> 100000005140601100 -> 100000000011452100,15000.0,31685.0
2,100000008293431100 -> 100000000437046100 -> 100000008293431100,15000.0,230000.0
6,100000004070318100 -> 100000004400305100 -> 100000002723538100 -> 100000008603629100 -> 100000007639767100 -> 100000000437046100 -> 100000004070318100,15000.0,283522.0
3,100000004007116100 -> 100000003616818100 -> 100000004005964100 -> 100000004007116100,15000.0,82000.0
3,100000005339662100 -> 100000004820260100 -> 100000005175148100 -> 100000005339662100,15000.0,323200.0
3,100000004007116100 -> 100000003616818100 -> 100000004160650100 -> 100000004007116100,15000.0,585844.0
6,100000004070318100 -> 100000004400305100 -> 100000002723538100 -> 100000008603629100 -> 100000008686313100 -> 100000000437046100 -> 100000004070318100,15000.0,314693.0
2,100000005507142100 -> 100000002612809100 -> 100000005507142100,15000.0,45000.0
2,100000004692798100 -> 100000000831684100 -> 100000004692798100,15000.0,65000.0
2,100000005037490100 -> 100000008733194100 -> 100000005037490100,14000.0,29000.0
4,100000004070318100 -> 100000004400305100 -> 100000002645993100 -> 100000008413748100 -> 100000004070318100,13480.0,98451.55
6,100000004070318100 -> 100000004400305100 -> 100000002645993100 -> 100000008413748100 -> 100000008304139100 -> 100000006866783100 -> 100000004070318100,13480.0,303746.75
6,100000004070318100 -> 100000004400305100 -> 100000002645993100 -> 100000008413748100 -> 100000008304139100 -> 100000000437046100 -> 100000004070318100,13480.0,215021.75
6,100000004070318100 -> 100000004400305100 -> 100000005910114100 -> 100000002957787100 -> 100000002645993100 -> 100000008413748100 -> 100000004070318100,13480.0,215825.55
6,100000004070318100 -> 100000008477350100 -> 100000005910114100 -> 100000002957787100 -> 100000002645993100 -> 100000008413748100 -> 100000004070318100,13480.0,268824.55
6,100000008413748100 -> 100000008304139100 -> 100000008477350100 -> 100000005910114100 -> 100000002957787100 -> 100000002645993100 -> 100000008413748100,13480.0,300394.75
6,100000004070318100 -> 100000008346837100 -> 100000005910114100 -> 100000002957787100 -> 100000002645993100 -> 100000008413748100 -> 100000004070318100,13480.0,254925.55
6,100000004070318100 -> 100000008346837100 -> 100000005910114100 -> 100000008603629100 -> 100000001660397100 -> 100000008413748100 -> 100000004070318100,13000.0,456513.55
2,100000004475818100 -> 100000005665181100 -> 100000004475818100,13000.0,31498.0
6,100000004070318100 -> 100000008346837100 -> 100000004351795100 -> 100000008603629100 -> 100000001660397100 -> 100000008413748100 -> 100000004070318100,13000.0,238391.55
6,100000004070318100 -> 100000004400305100 -> 100000004847758100 -> 100000008603629100 -> 100000001660397100 -> 100000008413748100 -> 100000004070318100,13000.0,180688.55
6,100000004070318100 -> 100000008346837100 -> 100000005910114100 -> 100000006866783100 -> 100000001660397100 -> 100000008413748100 -> 100000004070318100,13000.0,455601.55
6,100000004070318100 -> 100000008603629100 -> 100000001660397100 -> 100000008413748100 -> 100000008304139100 -> 100000006866783100 -> 100000004070318100,13000.0,300242.75
6,100000004070318100 -> 100000004400305100 -> 100000008587459100 -> 100000006866783100 -> 100000001660397100 -> 100000008413748100 -> 100000004070318100,13000.0,309628.55
6,100000004070318100 -> 100000008477350100 -> 100000007639767100 -> 100000008603629100 -> 100000001660397100 -> 100000008413748100 -> 100000004070318100,13000.0,211376.55
6,100000004070318100 -> 100000008603629100 -> 100000001660397100 -> 100000008413748100 -> 100000008304139100 -> 100000000437046100 -> 100000004070318100,13000.0,211517.75
6,100000004070318100 -> 100000004400305100 -> 100000008304139100 -> 100000006866783100 -> 100000001660397100 -> 100000008413748100 -> 100000004070318100,13000.0,271722.55
4,100000004070318100 -> 100000008603629100 -> 100000001660397100 -> 100000008413748100 -> 100000004070318100,13000.0,94947.55
6,100000004070318100 -> 100000008477350100 -> 100000003968044100 -> 100000008603629100 -> 100000001660397100 -> 100000008413748100 -> 100000004070318100,13000.0,232821.55
6,100000004070318100 -> 100000008477350100 -> 100000005910114100 -> 100000008603629100 -> 100000001660397100 -> 100000008413748100 -> 100000004070318100,13000.0,470412.55
6,100000004070318100 -> 100000008603629100 -> 100000008686313100 -> 100000006866783100 -> 100000001660397100 -> 100000008413748100 -> 100000004070318100,13000.0,208740.55
6,100000004070318100 -> 100000008477350100 -> 100000005910114100 -> 100000006866783100 -> 100000001660397100 -> 100000008413748100 -> 100000004070318100,13000.0,469500.55
2,100000005264874100 -> 100000005507142100 -> 100000005264874100,13000.0,43000.0
6,100000004070318100 -> 100000008477350100 -> 100000008086440100 -> 100000008603629100 -> 100000001660397100 -> 100000008413748100 -> 100000004070318100,13000.0,360454.55
6,100000004070318100 -> 100000004400305100 -> 100000004390333100 -> 100000008603629100 -> 100000001660397100 -> 100000008413748100 -> 100000004070318100,13000.0,170428.55
6,100000004070318100 -> 100000004400305100 -> 100000008304139100 -> 100000008603629100 -> 100000001660397100 -> 100000008413748100 -> 100000004070318100,13000.0,296722.55
6,100000008413748100 -> 100000008304139100 -> 100000006866783100 -> 100000004390333100 -> 100000008603629100 -> 100000001660397100 -> 100000008413748100,13000.0,318142.75
4,100000008413748100 -> 100000008304139100 -> 100000006866783100 -> 100000001660397100 -> 100000008413748100,13000.0,202391.75
6,100000008413748100 -> 100000008304139100 -> 100000006866783100 -> 100000004351795100 -> 100000008603629100 -> 100000001660397100 -> 100000008413748100,13000.0,355795.75
6,100000004070318100 -> 100000004400305100 -> 100000008686313100 -> 100000008603629100 -> 100000001660397100 -> 100000008413748100 -> 100000004070318100,13000.0,229538.55
6,100000008413748100 -> 100000008304139100 -> 100000000437046100 -> 100000008686313100 -> 100000006866783100 -> 100000001660397100 -> 100000008413748100,13000.0,1241474.75
6,100000004070318100 -> 100000006866783100 -> 100000004847758100 -> 100000008603629100 -> 100000001660397100 -> 100000008413748100 -> 100000004070318100,13000.0,217596.55
6,100000004070318100 -> 100000004400305100 -> 100000005910114100 -> 100000008603629100 -> 100000001660397100 -> 100000008413748100 -> 100000004070318100,13000.0,417413.55
6,100000004070318100 -> 100000006866783100 -> 100000008304139100 -> 100000008603629100 -> 100000001660397100 -> 100000008413748100 -> 100000004070318100,13000.0,339388.55
6,100000004070318100 -> 100000006866783100 -> 100000004351795100 -> 100000008603629100 -> 100000001660397100 -> 100000008413748100 -> 100000004070318100,13000.0,300225.55
6,100000008413748100 -> 100000008304139100 -> 100000008477350100 -> 100000007639767100 -> 100000008603629100 -> 100000001660397100 -> 100000008413748100,13000.0,242946.75
6,100000008413748100 -> 100000008304139100 -> 100000000437046100 -> 100000008686313100 -> 100000008603629100 -> 100000001660397100 -> 100000008413748100,13000.0,1258874.75
6,100000004070318100 -> 100000004400305100 -> 100000005910114100 -> 100000006866783100 -> 100000001660397100 -> 100000008413748100 -> 100000004070318100,13000.0,416501.55
6,100000004070318100 -> 100000006866783100 -> 100000001660397100 -> 100000008413748100 -> 100000008304139100 -> 100000000437046100 -> 100000004070318100,13000.0,263391.75
6,100000008413748100 -> 100000008304139100 -> 100000008477350100 -> 100000003968044100 -> 100000008603629100 -> 100000001660397100 -> 100000008413748100,13000.0,264391.75
6,100000008413748100 -> 100000008304139100 -> 100000008477350100 -> 100000005910114100 -> 100000008603629100 -> 100000001660397100 -> 100000008413748100,13000.0,501982.75
6,100000008413748100 -> 100000008304139100 -> 100000008477350100 -> 100000005910114100 -> 100000006866783100 -> 100000001660397100 -> 100000008413748100,13000.0,501070.75
6,100000008413748100 -> 100000008304139100 -> 100000008477350100 -> 100000008086440100 -> 100000008603629100 -> 100000001660397100 -> 100000008413748100,13000.0,392024.75
6,100000008413748100 -> 100000008304139100 -> 100000001857829100 -> 100000003880331100 -> 100000008603629100 -> 100000001660397100 -> 100000008413748100,13000.0,818391.75
6,100000004070318100 -> 100000006866783100 -> 100000002306369100 -> 100000008603629100 -> 100000001660397100 -> 100000008413748100 -> 100000004070318100,13000.0,250887.55
6,100000008413748100 -> 100000008304139100 -> 100000005782781100 -> 100000004847758100 -> 100000008603629100 -> 100000001660397100 -> 100000008413748100,13000.0,172108.75
5,100000008413748100 -> 100000008304139100 -> 100000001857829100 -> 100000008603629100 -> 100000001660397100 -> 100000008413748100,13000.0,146391.75
6,100000004070318100 -> 100000006866783100 -> 100000008686313100 -> 100000008603629100 -> 100000001660397100 -> 100000008413748100 -> 100000004070318100,13000.0,437502.55
6,100000004070318100 -> 100000006866783100 -> 100000007639767100 -> 100000008603629100 -> 100000001660397100 -> 100000008413748100 -> 100000004070318100,13000.0,278089.55
6,100000004070318100 -> 100000006866783100 -> 100000004390333100 -> 100000008603629100 -> 100000001660397100 -> 100000008413748100 -> 100000004070318100,13000.0,262572.55
6,100000008413748100 -> 100000008304139100 -> 100000006866783100 -> 100000008686313100 -> 100000008603629100 -> 100000001660397100 -> 100000008413748100,13000.0,493072.75
4,100000008413748100 -> 100000008304139100 -> 100000008603629100 -> 100000001660397100 -> 100000008413748100,13000.0,227391.75
6,100000004070318100 -> 100000004400305100 -> 100000004390333100 -> 100000006866783100 -> 100000001660397100 -> 100000008413748100 -> 100000004070318100,13000.0,160428.55
6,100000008413748100 -> 100000008304139100 -> 100000008603629100 -> 100000008686313100 -> 100000006866783100 -> 100000001660397100 -> 100000008413748100,13000.0,341184.75
5,100000008587459100 -> 100000006866783100 -> 100000001660397100 -> 100000008413748100 -> 100000008304139100 -> 100000008587459100,13000.0,202891.75
6,100000004070318100 -> 100000004400305100 -> 100000008686313100 -> 100000006866783100 -> 100000001660397100 -> 100000008413748100 -> 100000004070318100,13000.0,212138.55
4,100000004070318100 -> 100000006866783100 -> 100000001660397100 -> 100000008413748100 -> 100000004070318100,13000.0,146821.55
6,100000008413748100 -> 100000008304139100 -> 100000006866783100 -> 100000004847758100 -> 100000008603629100 -> 100000001660397100 -> 100000008413748100,13000.0,273166.75
6,100000004070318100 -> 100000004400305100 -> 100000002723538100 -> 100000008603629100 -> 100000001660397100 -> 100000008413748100 -> 100000004070318100,13000.0,191621.55
6,100000008413748100 -> 100000008304139100 -> 100000006866783100 -> 100000002306369100 -> 100000008603629100 -> 100000001660397100 -> 100000008413748100,13000.0,306457.75
6,100000008413748100 -> 100000008304139100 -> 100000006866783100 -> 100000007639767100 -> 100000008603629100 -> 100000001660397100 -> 100000008413748100,13000.0,333659.75
6,100000008413748100 -> 100000008304139100 -> 100000000437046100 -> 100000007639767100 -> 100000008603629100 -> 100000001660397100 -> 100000008413748100,13000.0,224509.75
3,100000008636603100 -> 100000003016635100 -> 100000000667713100 -> 100000008636603100,12750.0,162695.0
2,100000008636603100 -> 100000000667713100 -> 100000008636603100,12750.0,25500.0
6,100000005910114100 -> 100000002957787100 -> 100000008636603100 -> 100000003016635100 -> 100000008003034100 -> 100000008346837100 -> 100000005910114100,12201.0,244476.0
2,100000003888271100 -> 100000000580561100 -> 100000003888271100,12177.0,30857.0
6,100000008686313100 -> 100000006866783100 -> 100000001660397100 -> 100000008477350100 -> 100000003968044100 -> 100000008603629100 -> 100000008686313100,12000.0,291093.0
6,100000008686313100 -> 100000006866783100 -> 100000001660397100 -> 100000008477350100 -> 100000005910114100 -> 100000008603629100 -> 100000008686313100,12000.0,528684.0
6,100000004847758100 -> 100000008603629100 -> 100000001660397100 -> 100000008477350100 -> 100000005910114100 -> 100000005782781100 -> 100000004847758100,12000.0,293672.0
6,100000008686313100 -> 100000006866783100 -> 100000001660397100 -> 100000008477350100 -> 100000007639767100 -> 100000008603629100 -> 100000008686313100,12000.0,269648.0
4,100000008603629100 -> 100000001660397100 -> 100000008477350100 -> 100000005910114100 -> 100000008603629100,12000.0,414891.0
6,100000008686313100 -> 100000006866783100 -> 100000001660397100 -> 100000008477350100 -> 100000007639767100 -> 100000000437046100 -> 100000008686313100,12000.0,1250688.0
6,100000004070318100 -> 100000008603629100 -> 100000001660397100 -> 100000008477350100 -> 100000007639767100 -> 100000000437046100 -> 100000004070318100,12000.0,220731.0
5,100000008603629100 -> 100000001660397100 -> 100000008477350100 -> 100000005910114100 -> 100000001857829100 -> 100000008603629100,12000.0,257302.0
6,100000008686313100 -> 100000006866783100 -> 100000001660397100 -> 100000008477350100 -> 100000008086440100 -> 100000008603629100 -> 100000008686313100,12000.0,418726.0
6,100000008603629100 -> 100000001660397100 -> 100000008477350100 -> 100000005910114100 -> 100000006866783100 -> 100000004390333100 -> 100000008603629100,12000.0,529730.0
6,100000004351795100 -> 100000008603629100 -> 100000001660397100 -> 100000008477350100 -> 100000005910114100 -> 100000006866783100 -> 100000004351795100,12000.0,567383.0
6,100000008603629100 -> 100000001660397100 -> 100000008477350100 -> 100000005910114100 -> 100000006866783100 -> 100000002306369100 -> 100000008603629100,12000.0,518045.0
6,100000008686313100 -> 100000006866783100 -> 100000001660397100 -> 100000008477350100 -> 100000008086440100 -> 100000000437046100 -> 100000008686313100,12000.0,1425616.0
4,100000008086440100 -> 100000008603629100 -> 100000001660397100 -> 100000008477350100 -> 100000008086440100,12000.0,304933.0
6,100000008603629100 -> 100000001660397100 -> 100000008477350100 -> 100000005910114100 -> 100000001857829100 -> 100000003880331100 -> 100000008603629100,12000.0,929302.0
4,100000001660397100 -> 100000008477350100 -> 100000005910114100 -> 100000006866783100 -> 100000001660397100,12000.0,413979.0
6,100000004070318100 -> 100000008603629100 -> 100000001660397100 -> 100000008477350100 -> 100000005910114100 -> 100000006866783100 -> 100000004070318100,12000.0,511830.0
6,100000008086440100 -> 100000000437046100 -> 100000007639767100 -> 100000008603629100 -> 100000001660397100 -> 100000008477350100 -> 100000008086440100,12000.0,408651.0
6,100000004070318100 -> 100000008603629100 -> 100000001660397100 -> 100000008477350100 -> 100000008086440100 -> 100000000437046100 -> 100000004070318100,12000.0,395659.0
6,100000008686313100 -> 100000008603629100 -> 100000001660397100 -> 100000008477350100 -> 100000007639767100 -> 100000000437046100 -> 100000008686313100,12000.0,1268088.0
6,100000008686313100 -> 100000008603629100 -> 100000001660397100 -> 100000008477350100 -> 100000005910114100 -> 100000006866783100 -> 100000008686313100,12000.0,704660.0
4,100000008603629100 -> 100000001660397100 -> 100000008477350100 -> 100000007639767100 -> 100000008603629100,12000.0,155855.0
6,100000008686313100 -> 100000008603629100 -> 100000001660397100 -> 100000008477350100 -> 100000008086440100 -> 100000000437046100 -> 100000008686313100,12000.0,1443016.0
6,100000001660397100 -> 100000008477350100 -> 100000005910114100 -> 100000008111003100 -> 100000003796063100 -> 100000006866783100 -> 100000001660397100,12000.0,330783.0
6,100000004847758100 -> 100000008603629100 -> 100000001660397100 -> 100000008477350100 -> 100000005910114100 -> 100000006866783100 -> 100000004847758100,12000.0,484754.0
6,100000008603629100 -> 100000001660397100 -> 100000008477350100 -> 100000005910114100 -> 100000006866783100 -> 100000007639767100 -> 100000008603629100,12000.0,545247.0
6,100000004070318100 -> 100000006866783100 -> 100000001660397100 -> 100000008477350100 -> 100000007639767100 -> 100000000437046100 -> 100000004070318100,12000.0,272605.0
6,100000004070318100 -> 100000006866783100 -> 100000001660397100 -> 100000008477350100 -> 100000008086440100 -> 100000000437046100 -> 100000004070318100,12000.0,447533.0
4,100000008603629100 -> 100000001660397100 -> 100000008477350100 -> 100000003968044100 -> 100000008603629100,12000.0,177300.0
6,100000008603629100 -> 100000001660397100 -> 100000008477350100 -> 100000005910114100 -> 100000006866783100 -> 100000008304139100 -> 100000008603629100,12000.0,606546.0
6,100000004070318100 -> 100000008603629100 -> 100000001609499100 -> 100000006866783100 -> 100000007639767100 -> 100000000437046100 -> 100000004070318100,11000.0,252800.0
4,100000004351795100 -> 100000008603629100 -> 100000001609499100 -> 100000006866783100 -> 100000004351795100,11000.0,210060.0
6,100000004070318100 -> 100000008603629100 -> 100000001609499100 -> 100000006866783100 -> 100000004390333100 -> 100000000437046100 -> 100000004070318100,11000.0,325533.0
6,100000008603629100 -> 100000001609499100 -> 100000006866783100 -> 100000004390333100 -> 100000000437046100 -> 100000007639767100 -> 100000008603629100,11000.0,338525.0
6,100000008603629100 -> 100000001609499100 -> 100000006866783100 -> 100000004390333100 -> 100000008477350100 -> 100000007639767100 -> 100000008603629100,11000.0,266962.0
6,100000004070318100 -> 100000008603629100 -> 100000001609499100 -> 100000006866783100 -> 100000001660397100 -> 100000008413748100 -> 100000004070318100,11000.0,151603.55
2,100000001600934100 -> 100000005140601100 -> 100000001600934100,11000.0,191300.0
6,100000008603629100 -> 100000001609499100 -> 100000006866783100 -> 100000004390333100 -> 100000008477350100 -> 100000005910114100 -> 100000008603629100,11000.0,525998.0
6,100000004070318100 -> 100000008603629100 -> 100000001609499100 -> 100000006866783100 -> 100000008686313100 -> 100000000437046100 -> 100000004070318100,11000.0,434163.0
4,100000008603629100 -> 100000001609499100 -> 100000006866783100 -> 100000004390333100 -> 100000008603629100,11000.0,172407.0
6,100000008686313100 -> 100000008477350100 -> 100000003968044100 -> 100000008603629100 -> 100000001609499100 -> 100000006866783100 -> 100000008686313100,11000.0,453637.0
6,100000008603629100 -> 100000001609499100 -> 100000006866783100 -> 100000004390333100 -> 100000008477350100 -> 100000003968044100 -> 100000008603629100,11000.0,288407.0
6,100000008686313100 -> 100000008477350100 -> 100000005910114100 -> 100000008603629100 -> 100000001609499100 -> 100000006866783100 -> 100000008686313100,11000.0,691228.0
6,100000004070318100 -> 100000004400305100 -> 100000005910114100 -> 100000008603629100 -> 100000001609499100 -> 100000006866783100 -> 100000004070318100,11000.0,476973.0
6,100000004070318100 -> 100000008603629100 -> 100000001609499100 -> 100000006866783100 -> 100000004351795100 -> 100000000437046100 -> 100000004070318100,11000.0,788186.0
4,100000004070318100 -> 100000008603629100 -> 100000001609499100 -> 100000006866783100 -> 100000004070318100,11000.0,154507.0
6,100000008443341100 -> 100000008477350100 -> 100000007639767100 -> 100000008603629100 -> 100000001609499100 -> 100000006866783100 -> 100000008443341100,11000.0,222711.0
6,100000008686313100 -> 100000008603629100 -> 100000001609499100 -> 100000006866783100 -> 100000004390333100 -> 100000000437046100 -> 100000008686313100,11000.0,1372890.0
6,100000008686313100 -> 100000008603629100 -> 100000001609499100 -> 100000006866783100 -> 100000007639767100 -> 100000000437046100 -> 100000008686313100,11000.0,1300157.0
6,100000008443341100 -> 100000008477350100 -> 100000003968044100 -> 100000008603629100 -> 100000001609499100 -> 100000006866783100 -> 100000008443341100,11000.0,244156.0
6,100000008086440100 -> 100000008603629100 -> 100000001609499100 -> 100000006866783100 -> 100000008443341100 -> 100000008477350100 -> 100000008086440100,11000.0,371789.0
4,100000008686313100 -> 100000008603629100 -> 100000001609499100 -> 100000006866783100 -> 100000008686313100,11000.0,347337.0
6,100000008686313100 -> 100000008603629100 -> 100000001609499100 -> 100000006866783100 -> 100000004403675100 -> 100000000331309100 -> 100000008686313100,11000.0,601820.0
6,100000008443341100 -> 100000008477350100 -> 100000005910114100 -> 100000008603629100 -> 100000001609499100 -> 100000006866783100 -> 100000008443341100,11000.0,481747.0
6,100000008086440100 -> 100000008603629100 -> 100000001609499100 -> 100000006866783100 -> 100000002306369100 -> 100000008477350100 -> 100000008086440100,11000.0,438455.0
5,100000008686313100 -> 100000008603629100 -> 100000001609499100 -> 100000006866783100 -> 100000008137435100 -> 100000008686313100,11000.0,217462.0
6,100000008686313100 -> 100000008603629100 -> 100000001609499100 -> 100000006866783100 -> 100000004351795100 -> 100000000437046100 -> 100000008686313100,11000.0,1835543.0
6,100000004070318100 -> 100000008603629100 -> 100000001609499100 -> 100000006866783100 -> 100000008304139100 -> 100000000437046100 -> 100000004070318100,11000.0,233349.0
6,100000008686313100 -> 100000008603629100 -> 100000001609499100 -> 100000006866783100 -> 100000008304139100 -> 100000000437046100 -> 100000008686313100,11000.0,1280706.0
6,100000008086440100 -> 100000008603629100 -> 100000001609499100 -> 100000006866783100 -> 100000004390333100 -> 100000008477350100 -> 100000008086440100,11000.0,416040.0
6,100000008686313100 -> 100000000437046100 -> 100000007639767100 -> 100000008603629100 -> 100000001609499100 -> 100000006866783100 -> 100000008686313100,11000.0,447155.0
6,100000004070318100 -> 100000004400305100 -> 100000002723538100 -> 100000008603629100 -> 100000001609499100 -> 100000006866783100 -> 100000004070318100,11000.0,251181.0
6,100000008086440100 -> 100000008603629100 -> 100000001609499100 -> 100000006866783100 -> 100000001660397100 -> 100000008477350100 -> 100000008086440100,11000.0,361589.0
6,100000008086440100 -> 100000008603629100 -> 100000001609499100 -> 100000006866783100 -> 100000008304139100 -> 100000008477350100 -> 100000008086440100,11000.0,413856.0
4,100000008603629100 -> 100000001609499100 -> 100000006866783100 -> 100000007639767100 -> 100000008603629100,11000.0,187924.0
6,100000008686313100 -> 100000008477350100 -> 100000007639767100 -> 100000008603629100 -> 100000001609499100 -> 100000006866783100 -> 100000008686313100,11000.0,432192.0
6,100000008603629100 -> 100000001609499100 -> 100000006866783100 -> 100000001660397100 -> 100000008477350100 -> 100000007639767100 -> 100000008603629100,11000.0,212511.0
6,100000008603629100 -> 100000001609499100 -> 100000006866783100 -> 100000001660397100 -> 100000008477350100 -> 100000003968044100 -> 100000008603629100,11000.0,233956.0
6,100000008603629100 -> 100000001609499100 -> 100000006866783100 -> 100000001660397100 -> 100000008477350100 -> 100000005910114100 -> 100000008603629100,11000.0,471547.0
4,100000008603629100 -> 100000001609499100 -> 100000006866783100 -> 100000002306369100 -> 100000008603629100,11000.0,160722.0
6,100000008603629100 -> 100000001609499100 -> 100000006866783100 -> 100000002306369100 -> 100000008477350100 -> 100000007639767100 -> 100000008603629100,11000.0,289377.0
6,100000008603629100 -> 100000001609499100 -> 100000006866783100 -> 100000002306369100 -> 100000008477350100 -> 100000003968044100 -> 100000008603629100,11000.0,310822.0
6,100000008603629100 -> 100000001609499100 -> 100000006866783100 -> 100000002306369100 -> 100000008477350100 -> 100000005910114100 -> 100000008603629100,11000.0,548413.0
6,100000008603629100 -> 100000001609499100 -> 100000006866783100 -> 100000008304139100 -> 100000000437046100 -> 100000007639767100 -> 100000008603629100,11000.0,246341.0
6,100000004070318100 -> 100000008346837100 -> 100000004351795100 -> 100000008603629100 -> 100000001609499100 -> 100000006866783100 -> 100000004070318100,11000.0,297951.0
6,100000008603629100 -> 100000001609499100 -> 100000006866783100 -> 100000008304139100 -> 100000008477350100 -> 100000007639767100 -> 100000008603629100,11000.0,264778.0
6,100000008603629100 -> 100000001609499100 -> 100000006866783100 -> 100000008304139100 -> 100000008477350100 -> 100000003968044100 -> 100000008603629100,11000.0,286223.0
6,100000008603629100 -> 100000001609499100 -> 100000006866783100 -> 100000008304139100 -> 100000008477350100 -> 100000005910114100 -> 100000008603629100,11000.0,523814.0
4,100000008603629100 -> 100000001609499100 -> 100000006866783100 -> 100000008304139100 -> 100000008603629100,11000.0,249223.0
6,100000008603629100 -> 100000001609499100 -> 100000006866783100 -> 100000008304139100 -> 100000001857829100 -> 100000003880331100 -> 100000008603629100,11000.0,840223.0
5,100000008603629100 -> 100000001609499100 -> 100000006866783100 -> 100000008304139100 -> 100000001857829100 -> 100000008603629100,11000.0,168223.0
6,100000004070318100 -> 100000004400305100 -> 100000004847758100 -> 100000008603629100 -> 100000001609499100 -> 100000006866783100 -> 100000004070318100,11000.0,240248.0
6,100000004070318100 -> 100000008346837100 -> 100000005910114100 -> 100000008603629100 -> 100000001609499100 -> 100000006866783100 -> 100000004070318100,11000.0,516073.0
5,100000008603629100 -> 100000001609499100 -> 100000006866783100 -> 100000002306369100 -> 100000002723538100 -> 100000008603629100,11000.0,244822.0
6,100000004070318100 -> 100000004400305100 -> 100000001609499100 -> 100000006866783100 -> 100000004390333100 -> 100000000437046100 -> 100000004070318100,11000.0,380071.0
6,100000004351795100 -> 100000003242289100 -> 100000004140487100 -> 100000004400305100 -> 100000001609499100 -> 100000006866783100 -> 100000004351795100,11000.0,294434.0
4,100000004847758100 -> 100000008603629100 -> 100000001609499100 -> 100000006866783100 -> 100000004847758100,11000.0,127431.0
6,100000004351795100 -> 100000003242289100 -> 100000008304139100 -> 100000008603629100 -> 100000001609499100 -> 100000006866783100 -> 100000004351795100,11000.0,434630.0
6,100000004847758100 -> 100000008603629100 -> 100000001609499100 -> 100000006866783100 -> 100000004679953100 -> 100000005782781100 -> 100000004847758100,11000.0,188376.0
6,100000004070318100 -> 100000008477350100 -> 100000005910114100 -> 100000008603629100 -> 100000001609499100 -> 100000006866783100 -> 100000004070318100,11000.0,529972.0
6,100000004070318100 -> 100000004400305100 -> 100000001609499100 -> 100000006866783100 -> 100000008304139100 -> 100000000437046100 -> 100000004070318100,11000.0,287887.0
6,100000004070318100 -> 100000008477350100 -> 100000008086440100 -> 100000008603629100 -> 100000001609499100 -> 100000006866783100 -> 100000004070318100,11000.0,420014.0
6,100000004070318100 -> 100000004400305100 -> 100000001609499100 -> 100000006866783100 -> 100000007639767100 -> 100000000437046100 -> 100000004070318100,11000.0,307338.0
6,100000008686313100 -> 100000008477350100 -> 100000008086440100 -> 100000008603629100 -> 100000001609499100 -> 100000006866783100 -> 100000008686313100,11000.0,581270.0
6,100000004070318100 -> 100000004400305100 -> 100000001609499100 -> 100000006866783100 -> 100000008686313100 -> 100000000437046100 -> 100000004070318100,11000.0,488701.0
4,100000004070318100 -> 100000004400305100 -> 100000001609499100 -> 100000006866783100 -> 100000004070318100,11000.0,209045.0
6,100000004070318100 -> 100000004400305100 -> 100000001609499100 -> 100000006866783100 -> 100000004351795100 -> 100000000437046100 -> 100000004070318100,11000.0,842724.0
6,100000008413748100 -> 100000008304139100 -> 100000008603629100 -> 100000001609499100 -> 100000006866783100 -> 100000001660397100 -> 100000008413748100,11000.0,284047.75
6,100000004070318100 -> 100000004400305100 -> 100000001609499100 -> 100000006866783100 -> 100000001660397100 -> 100000008413748100 -> 100000004070318100,11000.0,206141.55
6,100000004070318100 -> 100000008477350100 -> 100000007639767100 -> 100000008603629100 -> 100000001609499100 -> 100000006866783100 -> 100000004070318100,11000.0,270936.0
6,100000004070318100 -> 100000004400305100 -> 100000008686313100 -> 100000008603629100 -> 100000001609499100 -> 100000006866783100 -> 100000004070318100,11000.0,289098.0
6,100000004847758100 -> 100000008603629100 -> 100000001609499100 -> 100000006866783100 -> 100000008304139100 -> 100000005782781100 -> 100000004847758100,11000.0,193940.0
2,100000006866783100 -> 100000001609499100 -> 100000006866783100,11000.0,104937.0
6,100000004070318100 -> 100000008477350100 -> 100000003968044100 -> 100000008603629100 -> 100000001609499100 -> 100000006866783100 -> 100000004070318100,11000.0,292381.0
6,100000004351795100 -> 100000000437046100 -> 100000007639767100 -> 100000008603629100 -> 100000001609499100 -> 100000006866783100 -> 100000004351795100,11000.0,801178.0
6,100000004070318100 -> 100000004400305100 -> 100000004390333100 -> 100000008603629100 -> 100000001609499100 -> 100000006866783100 -> 100000004070318100,11000.0,229988.0
6,100000004351795100 -> 100000003242289100 -> 100000004140487100 -> 100000008603629100 -> 100000001609499100 -> 100000006866783100 -> 100000004351795100,11000.0,226570.0
6,100000004070318100 -> 100000004400305100 -> 100000008304139100 -> 100000008603629100 -> 100000001609499100 -> 100000006866783100 -> 100000004070318100,11000.0,356282.0
4,100000005287097100 -> 100000004150593100 -> 100000008595687100 -> 100000003016635100 -> 100000005287097100,10400.0,242518.0
2,100000008254069100 -> 100000003809101100 -> 100000008254069100,10200.0,30200.0
6,100000004070318100 -> 100000004400305100 -> 100000005048668100 -> 100000008603629100 -> 100000007639767100 -> 100000000437046100 -> 100000004070318100,10168.0,258690.0
6,100000004070318100 -> 100000004400305100 -> 100000005048668100 -> 100000008603629100 -> 100000004351795100 -> 100000000437046100 -> 100000004070318100,10168.0,749386.0
6,100000004351795100 -> 100000003242289100 -> 100000004140487100 -> 100000004400305100 -> 100000005048668100 -> 100000008603629100 -> 100000004351795100,10168.0,201096.0
6,100000004070318100 -> 100000004400305100 -> 100000005048668100 -> 100000008603629100 -> 100000001660397100 -> 100000006866783100 -> 100000004070318100,10168.0,212993.0
6,100000008603629100 -> 100000002723538100 -> 100000003242289100 -> 100000004140487100 -> 100000004400305100 -> 100000005048668100 -> 100000008603629100,10168.0,233325.0
6,100000004070318100 -> 100000004400305100 -> 100000005048668100 -> 100000008603629100 -> 100000001660397100 -> 100000008413748100 -> 100000004070318100,10168.0,166789.55
6,100000004070318100 -> 100000004400305100 -> 100000005048668100 -> 100000008603629100 -> 100000008686313100 -> 100000000437046100 -> 100000004070318100,10168.0,289861.0
6,100000004070318100 -> 100000004400305100 -> 100000005048668100 -> 100000008603629100 -> 100000001609499100 -> 100000006866783100 -> 100000004070318100,10168.0,226349.0
6,100000004070318100 -> 100000004400305100 -> 100000005048668100 -> 100000008603629100 -> 100000008686313100 -> 100000006866783100 -> 100000004070318100,10168.0,283486.0
6,100000005910114100 -> 100000006866783100 -> 100000008304139100 -> 100000008477350100 -> 100000007639767100 -> 100000004400305100 -> 100000005910114100,10000.0,444752.0
6,100000004390333100 -> 100000000437046100 -> 100000007639767100 -> 100000004400305100 -> 100000005910114100 -> 100000006866783100 -> 100000004390333100,10000.0,518499.0
6,100000004390333100 -> 100000008477350100 -> 100000007639767100 -> 100000004400305100 -> 100000008304139100 -> 100000006866783100 -> 100000004390333100,10000.0,302157.0
6,100000004390333100 -> 100000008477350100 -> 100000007639767100 -> 100000004400305100 -> 100000001609499100 -> 100000006866783100 -> 100000004390333100,10000.0,236576.0
4,100000004390333100 -> 100000008477350100 -> 100000007639767100 -> 100000004400305100 -> 100000004390333100,10000.0,85112.0
6,100000004390333100 -> 100000008477350100 -> 100000007593823100 -> 100000008111003100 -> 100000003796063100 -> 100000006866783100 -> 100000004390333100,10000.0,215251.0
6,100000004351795100 -> 100000000437046100 -> 100000007639767100 -> 100000004400305100 -> 100000001609499100 -> 100000006866783100 -> 100000004351795100,10000.0,770792.0
6,100000004351795100 -> 100000000437046100 -> 100000007639767100 -> 100000004400305100 -> 100000004390333100 -> 100000006866783100 -> 100000004351795100,10000.0,725079.0
6,100000008086440100 -> 100000008603629100 -> 100000007639767100 -> 100000006866783100 -> 100000008304139100 -> 100000008477350100 -> 100000008086440100,10000.0,380922.0
6,100000004351795100 -> 100000000437046100 -> 100000007639767100 -> 100000004400305100 -> 100000003213473100 -> 100000006866783100 -> 100000004351795100,10000.0,713772.0
6,100000008086440100 -> 100000008603629100 -> 100000003582677100 -> 100000008111003100 -> 100000003796063100 -> 100000008477350100 -> 100000008086440100,10000.0,456285.0
6,100000008086440100 -> 100000008603629100 -> 100000007639767100 -> 100000004400305100 -> 100000004390333100 -> 100000008477350100 -> 100000008086440100,10000.0,356162.0
6,100000008086440100 -> 100000008603629100 -> 100000007639767100 -> 100000004400305100 -> 100000008304139100 -> 100000008477350100 -> 100000008086440100,10000.0,403456.0
6,100000008086440100 -> 100000008603629100 -> 100000007639767100 -> 100000006866783100 -> 100000004390333100 -> 100000008477350100 -> 100000008086440100,10000.0,383106.0
6,100000008086440100 -> 100000008603629100 -> 100000007639767100 -> 100000006866783100 -> 100000008443341100 -> 100000008477350100 -> 100000008086440100,10000.0,338855.0
6,100000008086440100 -> 100000008603629100 -> 100000007639767100 -> 100000006866783100 -> 100000001660397100 -> 100000008477350100 -> 100000008086440100,10000.0,328655.0
6,100000008086440100 -> 100000008603629100 -> 100000007639767100 -> 100000006866783100 -> 100000002306369100 -> 100000008477350100 -> 100000008086440100,10000.0,405521.0
6,100000004351795100 -> 100000000437046100 -> 100000007639767100 -> 100000004400305100 -> 100000005910114100 -> 100000006866783100 -> 100000004351795100,10000.0,981152.0
6,100000004351795100 -> 100000000437046100 -> 100000007639767100 -> 100000004400305100 -> 100000004390333100 -> 100000008603629100 -> 100000004351795100,10000.0,681093.0
6,100000004351795100 -> 100000000437046100 -> 100000007639767100 -> 100000004400305100 -> 100000005910114100 -> 100000008603629100 -> 100000004351795100,10000.0,928078.0
6,100000004351795100 -> 100000000437046100 -> 100000007639767100 -> 100000004400305100 -> 100000002723538100 -> 100000008603629100 -> 100000004351795100,10000.0,702286.0
2,100000000089154100 -> 100000006866783100 -> 100000000089154100,10000.0,32000.0
6,100000000089154100 -> 100000000437046100 -> 100000007639767100 -> 100000004400305100 -> 100000008304139100 -> 100000006866783100 -> 100000000089154100,10000.0,269969.0
6,100000005910114100 -> 100000006866783100 -> 100000008304139100 -> 100000000437046100 -> 100000007639767100 -> 100000004400305100 -> 100000005910114100,10000.0,426315.0
6,100000004351795100 -> 100000000437046100 -> 100000007639767100 -> 100000004400305100 -> 100000008304139100 -> 100000008603629100 -> 100000004351795100,10000.0,807387.0
6,100000004351795100 -> 100000000437046100 -> 100000007639767100 -> 100000004400305100 -> 100000008304139100 -> 100000006866783100 -> 100000004351795100,10000.0,836373.0
6,100000004351795100 -> 100000000437046100 -> 100000007639767100 -> 100000004400305100 -> 100000005048668100 -> 100000008603629100 -> 100000004351795100,10000.0,677454.0
6,100000004351795100 -> 100000003242289100 -> 100000004140487100 -> 100000008603629100 -> 100000007639767100 -> 100000006866783100 -> 100000004351795100,10000.0,193636.0
6,100000004390333100 -> 100000006866783100 -> 100000008304139100 -> 100000008477350100 -> 100000007639767100 -> 100000004400305100 -> 100000004390333100,10000.0,188679.0
6,100000004390333100 -> 100000008477350100 -> 100000007639767100 -> 100000004400305100 -> 100000005910114100 -> 100000006866783100 -> 100000004390333100,10000.0,446936.0
6,100000004390333100 -> 100000006866783100 -> 100000008304139100 -> 100000000437046100 -> 100000007639767100 -> 100000004400305100 -> 100000004390333100,10000.0,170242.0
6,100000000089154100 -> 100000000437046100 -> 100000007639767100 -> 100000004400305100 -> 100000005910114100 -> 100000006866783100 -> 100000000089154100,10000.0,414748.0
4,100000004351795100 -> 100000008603629100 -> 100000007639767100 -> 100000006866783100 -> 100000004351795100,10000.0,177126.0
6,100000000089154100 -> 100000008111003100 -> 100000003796063100 -> 100000008346837100 -> 100000005910114100 -> 100000006866783100 -> 100000000089154100,10000.0,544421.0
6,100000004390333100 -> 100000000437046100 -> 100000007639767100 -> 100000004400305100 -> 100000001609499100 -> 100000006866783100 -> 100000004390333100,10000.0,308139.0
4,100000004390333100 -> 100000006866783100 -> 100000007639767100 -> 100000004400305100 -> 100000004390333100,10000.0,111825.0
6,100000004390333100 -> 100000006866783100 -> 100000002306369100 -> 100000008477350100 -> 100000007639767100 -> 100000004400305100 -> 100000004390333100,10000.0,213278.0
6,100000004390333100 -> 100000000437046100 -> 100000007639767100 -> 100000004400305100 -> 100000003213473100 -> 100000006866783100 -> 100000004390333100,10000.0,251119.0
6,100000004390333100 -> 100000006866783100 -> 100000000089154100 -> 100000000437046100 -> 100000007639767100 -> 100000004400305100 -> 100000004390333100,10000.0,158675.0
6,100000004351795100 -> 100000003242289100 -> 100000008304139100 -> 100000000437046100 -> 100000007639767100 -> 100000006866783100 -> 100000004351795100,10000.0,276842.0
6,100000004390333100 -> 100000000437046100 -> 100000007639767100 -> 100000004400305100 -> 100000008304139100 -> 100000006866783100 -> 100000004390333100,10000.0,373720.0
4,100000000089154100 -> 100000000437046100 -> 100000007639767100 -> 100000006866783100 -> 100000000089154100,10000.0,79868.0
2,100000005882013100 -> 100000005074393100 -> 100000005882013100,10000.0,130000.0
4,100000004390333100 -> 100000000437046100 -> 100000007639767100 -> 100000004400305100 -> 100000004390333100,10000.0,156675.0
6,100000004351795100 -> 100000003242289100 -> 100000008304139100 -> 100000008477350100 -> 100000007639767100 -> 100000006866783100 -> 100000004351795100,10000.0,295279.0
6,100000004351795100 -> 100000008603629100 -> 100000007639767100 -> 100000004400305100 -> 100000003213473100 -> 100000006866783100 -> 100000004351795100,10000.0,244626.0
6,100000004351795100 -> 100000008603629100 -> 100000007639767100 -> 100000004400305100 -> 100000005910114100 -> 100000006866783100 -> 100000004351795100,10000.0,512006.0
6,100000000089154100 -> 100000008111003100 -> 100000003796063100 -> 100000008477350100 -> 100000007639767100 -> 100000006866783100 -> 100000000089154100,10000.0,251005.0
4,100000004390333100 -> 100000008477350100 -> 100000007639767100 -> 100000006866783100 -> 100000004390333100,10000.0,112056.0
6,100000004390333100 -> 100000008477350100 -> 100000007639767100 -> 100000004400305100 -> 100000003213473100 -> 100000006866783100 -> 100000004390333100,10000.0,179556.0
3,100000003390036100 -> 100000005873152100 -> 100000003360542100 -> 100000003390036100,10000.0,41300.0
6,100000005910114100 -> 100000006866783100 -> 100000002306369100 -> 100000008477350100 -> 100000007639767100 -> 100000004400305100 -> 100000005910114100,10000.0,469351.0
6,100000004351795100 -> 100000003242289100 -> 100000004140487100 -> 100000004400305100 -> 100000003213473100 -> 100000006866783100 -> 100000004351795100,10000.0,237414.0
4,100000003390036100 -> 100000005873152100 -> 100000003360542100 -> 100000003115284100 -> 100000003390036100,10000.0,260500.0
6,100000004351795100 -> 100000008603629100 -> 100000001660397100 -> 100000008477350100 -> 100000007639767100 -> 100000006866783100 -> 100000004351795100,10000.0,211009.0
6,100000004390333100 -> 100000008477350100 -> 100000005910114100 -> 100000006866783100 -> 100000007639767100 -> 100000004400305100 -> 100000004390333100,10000.0,474504.0
6,100000004351795100 -> 100000008603629100 -> 100000007639767100 -> 100000004400305100 -> 100000001609499100 -> 100000006866783100 -> 100000004351795100,10000.0,301646.0
6,100000000089154100 -> 100000000437046100 -> 100000007639767100 -> 100000004400305100 -> 100000001609499100 -> 100000006866783100 -> 100000000089154100,10000.0,204388.0
6,100000004351795100 -> 100000003242289100 -> 100000008304139100 -> 100000008603629100 -> 100000007639767100 -> 100000006866783100 -> 100000004351795100,10000.0,401696.0
6,100000004351795100 -> 100000008603629100 -> 100000003582677100 -> 100000008111003100 -> 100000003796063100 -> 100000008346837100 -> 100000004351795100,10000.0,285163.0
6,100000004351795100 -> 100000008603629100 -> 100000003582677100 -> 100000008111003100 -> 100000003796063100 -> 100000006866783100 -> 100000004351795100,10000.0,277556.0
6,100000004351795100 -> 100000008603629100 -> 100000007639767100 -> 100000004400305100 -> 100000004390333100 -> 100000006866783100 -> 100000004351795100,10000.0,255933.0
6,100000004351795100 -> 100000008603629100 -> 100000007639767100 -> 100000004400305100 -> 100000008304139100 -> 100000006866783100 -> 100000004351795100,10000.0,367227.0
6,100000000089154100 -> 100000000437046100 -> 100000007639767100 -> 100000004400305100 -> 100000003213473100 -> 100000006866783100 -> 100000000089154100,10000.0,147368.0
6,100000008603629100 -> 100000007639767100 -> 100000004400305100 -> 100000004390333100 -> 100000008477350100 -> 100000005910114100 -> 100000008603629100,10000.0,466120.0
4,100000004390333100 -> 100000000437046100 -> 100000007639767100 -> 100000006866783100 -> 100000004390333100,10000.0,183619.0
2,100000006866783100 -> 100000007639767100 -> 100000006866783100,10000.0,33018.0
4,100000006866783100 -> 100000007639767100 -> 100000004400305100 -> 100000001609499100 -> 100000006866783100,10000.0,157538.0
5,100000008603629100 -> 100000007639767100 -> 100000004400305100 -> 100000008304139100 -> 100000001857829100 -> 100000008603629100,10000.0,157823.0
6,100000006866783100 -> 100000007639767100 -> 100000004400305100 -> 100000007593823100 -> 100000008111003100 -> 100000003796063100 -> 100000006866783100,10000.0,162518.0
6,100000008603629100 -> 100000007639767100 -> 100000004400305100 -> 100000001609499100 -> 100000006866783100 -> 100000004390333100 -> 100000008603629100,10000.0,263993.0
6,100000007593823100 -> 100000008111003100 -> 100000003796063100 -> 100000008477350100 -> 100000007639767100 -> 100000004400305100 -> 100000007593823100,10000.0,214305.0
6,100000008603629100 -> 100000007639767100 -> 100000004400305100 -> 100000001609499100 -> 100000006866783100 -> 100000002306369100 -> 100000008603629100,10000.0,252308.0
6,100000008603629100 -> 100000007639767100 -> 100000004400305100 -> 100000001609499100 -> 100000006866783100 -> 100000008304139100 -> 100000008603629100,10000.0,340809.0
6,100000008603629100 -> 100000007639767100 -> 100000004400305100 -> 100000002723538100 -> 100000003242289100 -> 100000008304139100 -> 100000008603629100,10000.0,334292.0
4,100000008603629100 -> 100000007639767100 -> 100000004400305100 -> 100000002723538100 -> 100000008603629100,10000.0,133722.0
6,100000008603629100 -> 100000007639767100 -> 100000004400305100 -> 100000005910114100 -> 100000001857829100 -> 100000003880331100 -> 100000008603629100,10000.0,873925.0
5,100000008603629100 -> 100000007639767100 -> 100000004400305100 -> 100000005910114100 -> 100000001857829100 -> 100000008603629100,10000.0,201925.0
4,100000008603629100 -> 100000007639767100 -> 100000004400305100 -> 100000005910114100 -> 100000008603629100,10000.0,359514.0
6,100000008603629100 -> 100000007639767100 -> 100000004400305100 -> 100000005910114100 -> 100000006866783100 -> 100000004390333100 -> 100000008603629100,10000.0,474353.0
4,100000000089154100 -> 100000008111003100 -> 100000003796063100 -> 100000006866783100 -> 100000000089154100,10000.0,166200.0
6,100000008603629100 -> 100000007639767100 -> 100000004400305100 -> 100000005910114100 -> 100000006866783100 -> 100000002306369100 -> 100000008603629100,10000.0,462668.0
4,100000007593823100 -> 100000008111003100 -> 100000003796063100 -> 100000008477350100 -> 100000007593823100,10000.0,188000.0
6,100000008603629100 -> 100000007639767100 -> 100000004400305100 -> 100000005910114100 -> 100000006866783100 -> 100000008304139100 -> 100000008603629100,10000.0,551169.0
6,100000008603629100 -> 100000007639767100 -> 100000004400305100 -> 100000003213473100 -> 100000006866783100 -> 100000004390333100 -> 100000008603629100,10000.0,206973.0
6,100000008603629100 -> 100000007639767100 -> 100000004400305100 -> 100000003213473100 -> 100000006866783100 -> 100000002306369100 -> 100000008603629100,10000.0,195288.0
6,100000008603629100 -> 100000007639767100 -> 100000004400305100 -> 100000003213473100 -> 100000006866783100 -> 100000008304139100 -> 100000008603629100,10000.0,283789.0
6,100000008603629100 -> 100000001660397100 -> 100000008477350100 -> 100000007639767100 -> 100000006866783100 -> 100000008304139100 -> 100000008603629100,10000.0,250172.0
6,100000008603629100 -> 100000001660397100 -> 100000008477350100 -> 100000007639767100 -> 100000006866783100 -> 100000002306369100 -> 100000008603629100,10000.0,161671.0
6,100000008603629100 -> 100000001660397100 -> 100000008477350100 -> 100000007639767100 -> 100000006866783100 -> 100000004390333100 -> 100000008603629100,10000.0,173356.0
6,100000008603629100 -> 100000007639767100 -> 100000006866783100 -> 100000004390333100 -> 100000008477350100 -> 100000003968044100 -> 100000008603629100,10000.0,255473.0
6,100000008603629100 -> 100000007639767100 -> 100000006866783100 -> 100000004390333100 -> 100000008477350100 -> 100000005910114100 -> 100000008603629100,10000.0,493064.0
4,100000008603629100 -> 100000007639767100 -> 100000006866783100 -> 100000004390333100 -> 100000008603629100,10000.0,139473.0
6,100000008603629100 -> 100000007639767100 -> 100000006866783100 -> 100000001660397100 -> 100000008477350100 -> 100000003968044100 -> 100000008603629100,10000.0,201022.0
6,100000008603629100 -> 100000007639767100 -> 100000006866783100 -> 100000001660397100 -> 100000008477350100 -> 100000005910114100 -> 100000008603629100,10000.0,438613.0
4,100000008603629100 -> 100000007639767100 -> 100000006866783100 -> 100000002306369100 -> 100000008603629100,10000.0,127788.0
4,100000006866783100 -> 100000007639767100 -> 100000004400305100 -> 100000003213473100 -> 100000006866783100,10000.0,100518.0
6,100000008603629100 -> 100000007639767100 -> 100000004400305100 -> 100000008304139100 -> 100000001857829100 -> 100000003880331100 -> 100000008603629100,10000.0,829823.0
4,100000005910114100 -> 100000006866783100 -> 100000007639767100 -> 100000004400305100 -> 100000005910114100,10000.0,367898.0
4,100000008603629100 -> 100000007639767100 -> 100000004400305100 -> 100000008304139100 -> 100000008603629100,10000.0,238823.0
6,100000008304139100 -> 100000008477350100 -> 100000007639767100 -> 100000004400305100 -> 100000003213473100 -> 100000006866783100 -> 100000008304139100,10000.0,177372.0
6,100000008603629100 -> 100000007639767100 -> 100000004400305100 -> 100000004390333100 -> 100000008477350100 -> 100000003968044100 -> 100000008603629100,10000.0,228529.0
6,100000008603629100 -> 100000003582677100 -> 100000008111003100 -> 100000003796063100 -> 100000006866783100 -> 100000008304139100 -> 100000008603629100,10000.0,316719.0
6,100000008304139100 -> 100000008477350100 -> 100000007639767100 -> 100000004400305100 -> 100000001609499100 -> 100000006866783100 -> 100000008304139100,10000.0,234392.0
4,100000008304139100 -> 100000008477350100 -> 100000007639767100 -> 100000004400305100 -> 100000008304139100,10000.0,132406.0
6,100000008304139100 -> 100000008477350100 -> 100000007593823100 -> 100000008111003100 -> 100000003796063100 -> 100000006866783100 -> 100000008304139100,10000.0,213067.0
4,100000008304139100 -> 100000000437046100 -> 100000007639767100 -> 100000006866783100 -> 100000008304139100,10000.0,91435.0
6,100000008603629100 -> 100000007639767100 -> 100000004400305100 -> 100000004390333100 -> 100000006866783100 -> 100000008304139100 -> 100000008603629100,10000.0,295096.0
6,100000008304139100 -> 100000000437046100 -> 100000007639767100 -> 100000004400305100 -> 100000003213473100 -> 100000006866783100 -> 100000008304139100,10000.0,158935.0
6,100000008304139100 -> 100000000437046100 -> 100000007639767100 -> 100000004400305100 -> 100000001609499100 -> 100000006866783100 -> 100000008304139100,10000.0,215955.0
6,100000008603629100 -> 100000003582677100 -> 100000008111003100 -> 100000003796063100 -> 100000006866783100 -> 100000002306369100 -> 100000008603629100,10000.0,228218.0
6,100000008603629100 -> 100000003582677100 -> 100000008111003100 -> 100000003796063100 -> 100000006866783100 -> 100000007639767100 -> 100000008603629100,10000.0,255420.0
6,100000008603629100 -> 100000003582677100 -> 100000008111003100 -> 100000003796063100 -> 100000006866783100 -> 100000004390333100 -> 100000008603629100,10000.0,239903.0
6,100000008603629100 -> 100000003582677100 -> 100000008111003100 -> 100000003796063100 -> 100000008477350100 -> 100000005910114100 -> 100000008603629100,10000.0,566243.0
4,100000008603629100 -> 100000007639767100 -> 100000004400305100 -> 100000004390333100 -> 100000008603629100,10000.0,112529.0
6,100000008603629100 -> 100000003582677100 -> 100000008111003100 -> 100000003796063100 -> 100000008477350100 -> 100000003968044100 -> 100000008603629100,10000.0,328652.0
4,100000008603629100 -> 100000007639767100 -> 100000004400305100 -> 100000005048668100 -> 100000008603629100,10000.0,108890.0
6,100000008603629100 -> 100000007639767100 -> 100000004400305100 -> 100000008304139100 -> 100000008477350100 -> 100000003968044100 -> 100000008603629100,10000.0,275823.0
4,100000008304139100 -> 100000000437046100 -> 100000007639767100 -> 100000004400305100 -> 100000008304139100,10000.0,113969.0
6,100000006866783100 -> 100000002306369100 -> 100000008111003100 -> 100000003796063100 -> 100000008477350100 -> 100000007639767100 -> 100000006866783100,10000.0,311471.0
6,100000008603629100 -> 100000007639767100 -> 100000004400305100 -> 100000008304139100 -> 100000008477350100 -> 100000005910114100 -> 100000008603629100,10000.0,513414.0
4,100000006866783100 -> 100000002306369100 -> 100000008477350100 -> 100000007639767100 -> 100000006866783100,10000.0,134471.0
6,100000006866783100 -> 100000002306369100 -> 100000008477350100 -> 100000007639767100 -> 100000004400305100 -> 100000003213473100 -> 100000006866783100,10000.0,201971.0
6,100000006866783100 -> 100000002306369100 -> 100000008477350100 -> 100000007639767100 -> 100000004400305100 -> 100000001609499100 -> 100000006866783100,10000.0,258991.0
6,100000006866783100 -> 100000002306369100 -> 100000008477350100 -> 100000007593823100 -> 100000008111003100 -> 100000003796063100 -> 100000006866783100,10000.0,237666.0
6,100000008603629100 -> 100000003582677100 -> 100000008111003100 -> 100000003796063100 -> 100000008477350100 -> 100000007639767100 -> 100000008603629100,10000.0,307207.0
6,100000008603629100 -> 100000007639767100 -> 100000004400305100 -> 100000008304139100 -> 100000006866783100 -> 100000004390333100 -> 100000008603629100,10000.0,329574.0
6,100000008603629100 -> 100000007639767100 -> 100000004400305100 -> 100000008304139100 -> 100000006866783100 -> 100000002306369100 -> 100000008603629100,10000.0,317889.0
6,100000008603629100 -> 100000003582677100 -> 100000008111003100 -> 100000003796063100 -> 100000008346837100 -> 100000005910114100 -> 100000008603629100,10000.0,503285.0
6,100000008603629100 -> 100000007639767100 -> 100000006866783100 -> 100000002306369100 -> 100000008477350100 -> 100000003968044100 -> 100000008603629100,10000.0,277888.0
6,100000008603629100 -> 100000007639767100 -> 100000006866783100 -> 100000002306369100 -> 100000008477350100 -> 100000005910114100 -> 100000008603629100,10000.0,515479.0
5,100000008603629100 -> 100000007639767100 -> 100000006866783100 -> 100000002306369100 -> 100000002723538100 -> 100000008603629100,10000.0,211888.0
6,100000008603629100 -> 100000007639767100 -> 100000006866783100 -> 100000008304139100 -> 100000008477350100 -> 100000003968044100 -> 100000008603629100,10000.0,253289.0
6,100000008603629100 -> 100000001609499100 -> 100000006866783100 -> 100000007639767100 -> 100000004400305100 -> 100000002723538100 -> 100000008603629100,10000.0,199674.0
6,100000008603629100 -> 100000001609499100 -> 100000006866783100 -> 100000007639767100 -> 100000004400305100 -> 100000005910114100 -> 100000008603629100,10000.0,425466.0
6,100000008603629100 -> 100000001660397100 -> 100000006866783100 -> 100000000089154100 -> 100000000437046100 -> 100000007639767100 -> 100000008603629100,10000.0,221418.0
6,100000008603629100 -> 100000007639767100 -> 100000004400305100 -> 100000004390333100 -> 100000006866783100 -> 100000002306369100 -> 100000008603629100,10000.0,206595.0
6,100000008443341100 -> 100000008477350100 -> 100000007593823100 -> 100000008111003100 -> 100000003796063100 -> 100000006866783100 -> 100000008443341100,10000.0,171000.0
6,100000008443341100 -> 100000008477350100 -> 100000007639767100 -> 100000004400305100 -> 100000004390333100 -> 100000006866783100 -> 100000008443341100,10000.0,146612.0
6,100000008443341100 -> 100000008477350100 -> 100000007639767100 -> 100000004400305100 -> 100000008304139100 -> 100000006866783100 -> 100000008443341100,10000.0,257906.0
6,100000008443341100 -> 100000008477350100 -> 100000007639767100 -> 100000004400305100 -> 100000001609499100 -> 100000006866783100 -> 100000008443341100,10000.0,192325.0
6,100000008443341100 -> 100000008477350100 -> 100000007639767100 -> 100000004400305100 -> 100000005910114100 -> 100000006866783100 -> 100000008443341100,10000.0,402685.0
6,100000008443341100 -> 100000008477350100 -> 100000007639767100 -> 100000004400305100 -> 100000003213473100 -> 100000006866783100 -> 100000008443341100,10000.0,135305.0
6,100000005910114100 -> 100000006866783100 -> 100000007639767100 -> 100000004400305100 -> 100000008304139100 -> 100000008477350100 -> 100000005910114100,10000.0,521798.0
4,100000008443341100 -> 100000008477350100 -> 100000007639767100 -> 100000006866783100 -> 100000008443341100,10000.0,67805.0
6,100000008443341100 -> 100000008477350100 -> 100000003968044100 -> 100000008603629100 -> 100000007639767100 -> 100000006866783100 -> 100000008443341100,10000.0,211222.0
4,100000001660397100 -> 100000008477350100 -> 100000007639767100 -> 100000006866783100 -> 100000001660397100,10000.0,57605.0
6,100000001660397100 -> 100000008477350100 -> 100000007639767100 -> 100000004400305100 -> 100000003213473100 -> 100000006866783100 -> 100000001660397100,10000.0,125105.0
6,100000008443341100 -> 100000008477350100 -> 100000005910114100 -> 100000008603629100 -> 100000007639767100 -> 100000006866783100 -> 100000008443341100,10000.0,448813.0
6,100000001660397100 -> 100000008477350100 -> 100000007639767100 -> 100000004400305100 -> 100000005910114100 -> 100000006866783100 -> 100000001660397100,10000.0,392485.0
6,100000001660397100 -> 100000008477350100 -> 100000007639767100 -> 100000004400305100 -> 100000001609499100 -> 100000006866783100 -> 100000001660397100,10000.0,182125.0
6,100000001660397100 -> 100000008477350100 -> 100000007639767100 -> 100000004400305100 -> 100000008304139100 -> 100000006866783100 -> 100000001660397100,10000.0,247706.0
6,100000008086440100 -> 100000000437046100 -> 100000007639767100 -> 100000004400305100 -> 100000004390333100 -> 100000008477350100 -> 100000008086440100,10000.0,337908.0
6,100000008086440100 -> 100000000437046100 -> 100000007639767100 -> 100000004400305100 -> 100000008304139100 -> 100000008477350100 -> 100000008086440100,10000.0,385202.0
6,100000001660397100 -> 100000008477350100 -> 100000007639767100 -> 100000004400305100 -> 100000004390333100 -> 100000006866783100 -> 100000001660397100,10000.0,136412.0
2,100000005142492100 -> 100000002870463100 -> 100000005142492100,10000.0,67000.0
6,100000008086440100 -> 100000000437046100 -> 100000007639767100 -> 100000006866783100 -> 100000004390333100 -> 100000008477350100 -> 100000008086440100,10000.0,364852.0
6,100000008086440100 -> 100000000437046100 -> 100000007639767100 -> 100000006866783100 -> 100000008443341100 -> 100000008477350100 -> 100000008086440100,10000.0,320601.0
6,100000008086440100 -> 100000000437046100 -> 100000007639767100 -> 100000006866783100 -> 100000001660397100 -> 100000008477350100 -> 100000008086440100,10000.0,310401.0
6,100000008086440100 -> 100000000437046100 -> 100000007639767100 -> 100000006866783100 -> 100000002306369100 -> 100000008477350100 -> 100000008086440100,10000.0,387267.0
6,100000008086440100 -> 100000000437046100 -> 100000007639767100 -> 100000006866783100 -> 100000008304139100 -> 100000008477350100 -> 100000008086440100,10000.0,362668.0
6,100000001660397100 -> 100000008477350100 -> 100000007593823100 -> 100000008111003100 -> 100000003796063100 -> 100000006866783100 -> 100000001660397100,10000.0,160800.0
6,100000008603629100 -> 100000001609499100 -> 100000006866783100 -> 100000007639767100 -> 100000004400305100 -> 100000008304139100 -> 100000008603629100,10000.0,304775.0
6,100000000089154100 -> 100000008111003100 -> 100000003796063100 -> 100000008477350100 -> 100000005910114100 -> 100000006866783100 -> 100000000089154100,10000.0,607379.0
6,100000008603629100 -> 100000001609499100 -> 100000006866783100 -> 100000007639767100 -> 100000004400305100 -> 100000005048668100 -> 100000008603629100,10000.0,174842.0
6,100000008603629100 -> 100000001660397100 -> 100000008477350100 -> 100000007639767100 -> 100000004400305100 -> 100000004390333100 -> 100000008603629100,10000.0,146412.0
6,100000008603629100 -> 100000001660397100 -> 100000008477350100 -> 100000007639767100 -> 100000004400305100 -> 100000005910114100 -> 100000008603629100,10000.0,393397.0
2,100000003917461100 -> 100000004386258100 -> 100000003917461100,10000.0,20000.0
6,100000008603629100 -> 100000001660397100 -> 100000008477350100 -> 100000007639767100 -> 100000004400305100 -> 100000002723538100 -> 100000008603629100,10000.0,167605.0
6,100000008603629100 -> 100000001660397100 -> 100000008477350100 -> 100000007639767100 -> 100000004400305100 -> 100000008304139100 -> 100000008603629100,10000.0,272706.0
6,100000008603629100 -> 100000007639767100 -> 100000006866783100 -> 100000008304139100 -> 100000008477350100 -> 100000005910114100 -> 100000008603629100,10000.0,490880.0
4,100000008603629100 -> 100000007639767100 -> 100000006866783100 -> 100000008304139100 -> 100000008603629100,10000.0,216289.0
6,100000008603629100 -> 100000007639767100 -> 100000006866783100 -> 100000008304139100 -> 100000001857829100 -> 100000003880331100 -> 100000008603629100,10000.0,807289.0
6,100000008603629100 -> 100000001660397100 -> 100000008477350100 -> 100000007639767100 -> 100000004400305100 -> 100000005048668100 -> 100000008603629100,10000.0,142773.0
4,100000008304139100 -> 100000008477350100 -> 100000007639767100 -> 100000006866783100 -> 100000008304139100,10000.0,109872.0
5,100000008603629100 -> 100000007639767100 -> 100000006866783100 -> 100000008304139100 -> 100000001857829100 -> 100000008603629100,10000.0,135289.0
4,100000008304139100 -> 100000006866783100 -> 100000007639767100 -> 100000004400305100 -> 100000008304139100,10000.0,223119.0
6,100000008603629100 -> 100000001609499100 -> 100000006866783100 -> 100000000089154100 -> 100000000437046100 -> 100000007639767100 -> 100000008603629100,10000.0,234774.0
6,100000008304139100 -> 100000006866783100 -> 100000002306369100 -> 100000008477350100 -> 100000007639767100 -> 100000004400305100 -> 100000008304139100,10000.0,324572.0
6,100000002723538100 -> 100000003242289100 -> 100000008304139100 -> 100000000437046100 -> 100000007639767100 -> 100000004400305100 -> 100000002723538100,10000.0,209438.0
6,100000008603629100 -> 100000001609499100 -> 100000006866783100 -> 100000007639767100 -> 100000004400305100 -> 100000004390333100 -> 100000008603629100,10000.0,178481.0
6,100000002723538100 -> 100000003242289100 -> 100000008304139100 -> 100000008477350100 -> 100000007639767100 -> 100000004400305100 -> 100000002723538100,10000.0,227875.0
6,100000002723538100 -> 100000003242289100 -> 100000008304139100 -> 100000006866783100 -> 100000007639767100 -> 100000004400305100 -> 100000002723538100,10000.0,318588.0
6,100000008603629100 -> 100000001660397100 -> 100000006866783100 -> 100000007639767100 -> 100000004400305100 -> 100000005910114100 -> 100000008603629100,10000.0,412110.0
6,100000008603629100 -> 100000001660397100 -> 100000006866783100 -> 100000007639767100 -> 100000004400305100 -> 100000002723538100 -> 100000008603629100,10000.0,186318.0
4,100000005519998100 -> 100000004017410100 -> 100000003934614100 -> 100000004336312100 -> 100000005519998100,10000.0,182500.0
3,100000004017410100 -> 100000003934614100 -> 100000004336312100 -> 100000004017410100,10000.0,74150.0
6,100000008603629100 -> 100000001660397100 -> 100000006866783100 -> 100000007639767100 -> 100000004400305100 -> 100000008304139100 -> 100000008603629100,10000.0,291419.0
6,100000008603629100 -> 100000001660397100 -> 100000006866783100 -> 100000007639767100 -> 100000004400305100 -> 100000005048668100 -> 100000008603629100,10000.0,161486.0
6,100000008603629100 -> 100000001660397100 -> 100000006866783100 -> 100000007639767100 -> 100000004400305100 -> 100000004390333100 -> 100000008603629100,10000.0,165125.0
6,100000005910114100 -> 100000008111003100 -> 100000003796063100 -> 100000008477350100 -> 100000007639767100 -> 100000004400305100 -> 100000005910114100,10000.0,336489.0
2,100000003636627100 -> 100000002692750100 -> 100000003636627100,10000.0,87000.0
6,100000005910114100 -> 100000008111003100 -> 100000003796063100 -> 100000006866783100 -> 100000007639767100 -> 100000004400305100 -> 100000005910114100,10000.0,284702.0
2,100000002741024100 -> 100000001439416100 -> 100000002741024100,10000.0,20000.0
6,100000008603629100 -> 100000007639767100 -> 100000004400305100 -> 100000002723538100 -> 100000003242289100 -> 100000004140487100 -> 100000008603629100,10000.0,126232.0
6,100000008686313100 -> 100000008477350100 -> 100000007639767100 -> 100000006866783100 -> 100000002306369100 -> 100000008603629100 -> 100000008686313100,10000.0,221864.0
6,100000004351795100 -> 100000000437046100 -> 100000007639767100 -> 100000006866783100 -> 100000004390333100 -> 100000008603629100 -> 100000004351795100,10000.0,708037.0
6,100000008587459100 -> 100000006866783100 -> 100000008686313100 -> 100000000437046100 -> 100000007639767100 -> 100000004400305100 -> 100000008587459100,10000.0,520256.0
5,100000008587459100 -> 100000006866783100 -> 100000007639767100 -> 100000004400305100 -> 100000008304139100 -> 100000008587459100,10000.0,223619.0
4,100000008587459100 -> 100000006866783100 -> 100000007639767100 -> 100000004400305100 -> 100000008587459100,10000.0,261025.0
6,100000008587459100 -> 100000006866783100 -> 100000008443341100 -> 100000008477350100 -> 100000007639767100 -> 100000004400305100 -> 100000008587459100,10000.0,295812.0
6,100000008587459100 -> 100000006866783100 -> 100000004390333100 -> 100000000437046100 -> 100000007639767100 -> 100000004400305100 -> 100000008587459100,10000.0,411626.0
6,100000008587459100 -> 100000006866783100 -> 100000004390333100 -> 100000008603629100 -> 100000007639767100 -> 100000004400305100 -> 100000008587459100,10000.0,367480.0
6,100000008587459100 -> 100000006866783100 -> 100000004390333100 -> 100000008477350100 -> 100000007639767100 -> 100000004400305100 -> 100000008587459100,10000.0,340063.0
6,100000008587459100 -> 100000006866783100 -> 100000000089154100 -> 100000000437046100 -> 100000007639767100 -> 100000004400305100 -> 100000008587459100,10000.0,307875.0
6,100000008413748100 -> 100000008304139100 -> 100000008603629100 -> 100000007639767100 -> 100000006866783100 -> 100000001660397100 -> 100000008413748100,10000.0,251113.75
6,100000008413748100 -> 100000008304139100 -> 100000008603629100 -> 100000007639767100 -> 100000004400305100 -> 100000002645993100 -> 100000008413748100,10000.0,267943.75
6,100000008413748100 -> 100000008304139100 -> 100000006866783100 -> 100000007639767100 -> 100000004400305100 -> 100000002645993100 -> 100000008413748100,10000.0,252239.75
6,100000008413748100 -> 100000008304139100 -> 100000008477350100 -> 100000007639767100 -> 100000006866783100 -> 100000001660397100 -> 100000008413748100,10000.0,144696.75
6,100000008413748100 -> 100000008304139100 -> 100000008477350100 -> 100000007639767100 -> 100000004400305100 -> 100000002645993100 -> 100000008413748100,10000.0,161526.75
6,100000008413748100 -> 100000008304139100 -> 100000000437046100 -> 100000007639767100 -> 100000006866783100 -> 100000001660397100 -> 100000008413748100,10000.0,126259.75
6,100000008413748100 -> 100000008304139100 -> 100000000437046100 -> 100000007639767100 -> 100000004400305100 -> 100000002645993100 -> 100000008413748100,10000.0,143089.75
6,100000004070318100 -> 100000008603629100 -> 100000007639767100 -> 100000004400305100 -> 100000008686313100 -> 100000000437046100 -> 100000004070318100,10000.0,258465.0
6,100000004070318100 -> 100000008603629100 -> 100000007639767100 -> 100000004400305100 -> 100000008686313100 -> 100000006866783100 -> 100000004070318100,10000.0,252090.0
4,100000004070318100 -> 100000008603629100 -> 100000007639767100 -> 100000004400305100 -> 100000004070318100,10000.0,79848.0
6,100000008587459100 -> 100000006866783100 -> 100000008686313100 -> 100000008603629100 -> 100000007639767100 -> 100000004400305100 -> 100000008587459100,10000.0,542410.0
6,100000008587459100 -> 100000006866783100 -> 100000008686313100 -> 100000008477350100 -> 100000007639767100 -> 100000004400305100 -> 100000008587459100,10000.0,505293.0
6,100000008686313100 -> 100000006866783100 -> 100000004847758100 -> 100000008603629100 -> 100000007639767100 -> 100000004400305100 -> 100000008686313100,10000.0,225014.0
6,100000008587459100 -> 100000006866783100 -> 100000001660397100 -> 100000008477350100 -> 100000007639767100 -> 100000004400305100 -> 100000008587459100,10000.0,285612.0
6,100000004070318100 -> 100000008603629100 -> 100000008686313100 -> 100000008477350100 -> 100000007639767100 -> 100000004400305100 -> 100000004070318100,10000.0,173924.0
6,100000004070318100 -> 100000008603629100 -> 100000008686313100 -> 100000008477350100 -> 100000007639767100 -> 100000006866783100 -> 100000004070318100,10000.0,215649.0
6,100000004070318100 -> 100000008603629100 -> 100000008686313100 -> 100000006866783100 -> 100000000089154100 -> 100000000437046100 -> 100000004070318100,10000.0,278919.0
6,100000004070318100 -> 100000008603629100 -> 100000008686313100 -> 100000006866783100 -> 100000007639767100 -> 100000004400305100 -> 100000004070318100,10000.0,202937.0
6,100000004070318100 -> 100000008603629100 -> 100000001660397100 -> 100000006866783100 -> 100000000089154100 -> 100000000437046100 -> 100000004070318100,10000.0,208426.0
6,100000004070318100 -> 100000008603629100 -> 100000001660397100 -> 100000006866783100 -> 100000007639767100 -> 100000004400305100 -> 100000004070318100,10000.0,132444.0
6,100000004070318100 -> 100000008603629100 -> 100000001660397100 -> 100000008477350100 -> 100000007639767100 -> 100000004400305100 -> 100000004070318100,10000.0,113731.0
6,100000004070318100 -> 100000008603629100 -> 100000001660397100 -> 100000008477350100 -> 100000007639767100 -> 100000006866783100 -> 100000004070318100,10000.0,155456.0
6,100000008587459100 -> 100000006866783100 -> 100000004847758100 -> 100000008603629100 -> 100000007639767100 -> 100000004400305100 -> 100000008587459100,10000.0,322504.0
6,100000008587459100 -> 100000006866783100 -> 100000008304139100 -> 100000008603629100 -> 100000007639767100 -> 100000004400305100 -> 100000008587459100,10000.0,444296.0
6,100000008587459100 -> 100000006866783100 -> 100000008304139100 -> 100000008477350100 -> 100000007639767100 -> 100000004400305100 -> 100000008587459100,10000.0,337879.0
6,100000008587459100 -> 100000006866783100 -> 100000008304139100 -> 100000000437046100 -> 100000007639767100 -> 100000004400305100 -> 100000008587459100,10000.0,319442.0
6,100000008587459100 -> 100000006866783100 -> 100000002306369100 -> 100000008477350100 -> 100000007639767100 -> 100000004400305100 -> 100000008587459100,10000.0,362478.0
6,100000008587459100 -> 100000006866783100 -> 100000002306369100 -> 100000008603629100 -> 100000007639767100 -> 100000004400305100 -> 100000008587459100,10000.0,355795.0
6,100000004070318100 -> 100000008603629100 -> 100000003582677100 -> 100000008111003100 -> 100000003796063100 -> 100000006866783100 -> 100000004070318100,10000.0,222003.0
6,100000008587459100 -> 100000006866783100 -> 100000004351795100 -> 100000000437046100 -> 100000007639767100 -> 100000004400305100 -> 100000008587459100,10000.0,874279.0
6,100000008587459100 -> 100000006866783100 -> 100000004351795100 -> 100000008603629100 -> 100000007639767100 -> 100000004400305100 -> 100000008587459100,10000.0,405133.0
6,100000004070318100 -> 100000008603629100 -> 100000007639767100 -> 100000004400305100 -> 100000004390333100 -> 100000006866783100 -> 100000004070318100,10000.0,200380.0
6,100000008686313100 -> 100000006866783100 -> 100000008304139100 -> 100000008603629100 -> 100000007639767100 -> 100000004400305100 -> 100000008686313100,10000.0,346806.0
6,100000004070318100 -> 100000008603629100 -> 100000008686313100 -> 100000000437046100 -> 100000007639767100 -> 100000004400305100 -> 100000004070318100,10000.0,188887.0
6,100000008686313100 -> 100000006866783100 -> 100000007639767100 -> 100000004400305100 -> 100000004390333100 -> 100000008603629100 -> 100000008686313100,10000.0,235618.0
6,100000004070318100 -> 100000008603629100 -> 100000007639767100 -> 100000004400305100 -> 100000005910114100 -> 100000006866783100 -> 100000004070318100,10000.0,456453.0
6,100000008686313100 -> 100000006866783100 -> 100000008443341100 -> 100000008477350100 -> 100000007639767100 -> 100000004400305100 -> 100000008686313100,10000.0,198322.0
6,100000004070318100 -> 100000008603629100 -> 100000007639767100 -> 100000004400305100 -> 100000003213473100 -> 100000006866783100 -> 100000004070318100,10000.0,189073.0
6,100000008686313100 -> 100000006866783100 -> 100000004390333100 -> 100000000437046100 -> 100000007639767100 -> 100000004400305100 -> 100000008686313100,10000.0,314136.0
6,100000004070318100 -> 100000008603629100 -> 100000007639767100 -> 100000006866783100 -> 100000000089154100 -> 100000000437046100 -> 100000004070318100,10000.0,188848.0
6,100000008686313100 -> 100000006866783100 -> 100000004390333100 -> 100000008603629100 -> 100000007639767100 -> 100000004400305100 -> 100000008686313100,10000.0,269990.0
6,100000008686313100 -> 100000006866783100 -> 100000004390333100 -> 100000008477350100 -> 100000007639767100 -> 100000004400305100 -> 100000008686313100,10000.0,242573.0
6,100000004070318100 -> 100000008603629100 -> 100000007639767100 -> 100000006866783100 -> 100000004390333100 -> 100000000437046100 -> 100000004070318100,10000.0,292599.0
6,100000008686313100 -> 100000006866783100 -> 100000000089154100 -> 100000008111003100 -> 100000003796063100 -> 100000000331309100 -> 100000008686313100,10000.0,753042.0
6,100000008686313100 -> 100000006866783100 -> 100000000089154100 -> 100000005782781100 -> 100000004847758100 -> 100000008603629100 -> 100000008686313100,10000.0,229210.0
6,100000004070318100 -> 100000008603629100 -> 100000007639767100 -> 100000006866783100 -> 100000008686313100 -> 100000000437046100 -> 100000004070318100,10000.0,401229.0
4,100000008686313100 -> 100000006866783100 -> 100000000089154100 -> 100000000437046100 -> 100000008686313100,10000.0,1195083.0
6,100000008686313100 -> 100000006866783100 -> 100000000089154100 -> 100000000437046100 -> 100000007639767100 -> 100000008603629100 -> 100000008686313100,10000.0,291911.0
6,100000008686313100 -> 100000006866783100 -> 100000000089154100 -> 100000000437046100 -> 100000007639767100 -> 100000004400305100 -> 100000008686313100,10000.0,210385.0
6,100000004070318100 -> 100000008603629100 -> 100000007639767100 -> 100000006866783100 -> 100000001660397100 -> 100000008413748100 -> 100000004070318100,10000.0,118669.55
6,100000008686313100 -> 100000006866783100 -> 100000000089154100 -> 100000000437046100 -> 100000001279272100 -> 100000000331309100 -> 100000008686313100,10000.0,843142.0
6,100000008686313100 -> 100000008477350100 -> 100000008086440100 -> 100000008603629100 -> 100000007639767100 -> 100000006866783100 -> 100000008686313100,10000.0,548336.0
4,100000008686313100 -> 100000006866783100 -> 100000007639767100 -> 100000004400305100 -> 100000008686313100,10000.0,163535.0
6,100000008686313100 -> 100000006866783100 -> 100000007639767100 -> 100000004400305100 -> 100000004390333100 -> 100000000437046100 -> 100000008686313100,10000.0,1304908.0
6,100000008686313100 -> 100000006866783100 -> 100000008304139100 -> 100000008477350100 -> 100000007639767100 -> 100000004400305100 -> 100000008686313100,10000.0,240389.0
6,100000008686313100 -> 100000006866783100 -> 100000007639767100 -> 100000004400305100 -> 100000004847758100 -> 100000008603629100 -> 100000008686313100,10000.0,245878.0
6,100000004070318100 -> 100000008603629100 -> 100000007639767100 -> 100000004400305100 -> 100000004390333100 -> 100000000437046100 -> 100000004070318100,10000.0,265655.0
6,100000008686313100 -> 100000006866783100 -> 100000008304139100 -> 100000000437046100 -> 100000007639767100 -> 100000004400305100 -> 100000008686313100,10000.0,221952.0
6,100000004070318100 -> 100000008603629100 -> 100000007639767100 -> 100000004400305100 -> 100000002645993100 -> 100000008413748100 -> 100000004070318100,10000.0,135499.55
6,100000004070318100 -> 100000008603629100 -> 100000007639767100 -> 100000004400305100 -> 100000008587459100 -> 100000006866783100 -> 100000004070318100,10000.0,349580.0
6,100000008686313100 -> 100000006866783100 -> 100000002306369100 -> 100000008477350100 -> 100000007639767100 -> 100000004400305100 -> 100000008686313100,10000.0,264988.0
6,100000008686313100 -> 100000006866783100 -> 100000002306369100 -> 100000008603629100 -> 100000007639767100 -> 100000004400305100 -> 100000008686313100,10000.0,258305.0
6,100000008686313100 -> 100000006866783100 -> 100000004351795100 -> 100000000437046100 -> 100000007639767100 -> 100000004400305100 -> 100000008686313100,10000.0,776789.0
6,100000004070318100 -> 100000004400305100 -> 100000003213473100 -> 100000006866783100 -> 100000004351795100 -> 100000000437046100 -> 100000004070318100,10000.0,785704.0
6,100000008686313100 -> 100000006866783100 -> 100000004351795100 -> 100000008603629100 -> 100000007639767100 -> 100000004400305100 -> 100000008686313100,10000.0,307643.0
6,100000004070318100 -> 100000008603629100 -> 100000007639767100 -> 100000004400305100 -> 100000008304139100 -> 100000006866783100 -> 100000004070318100,10000.0,311674.0
6,100000004070318100 -> 100000008603629100 -> 100000007639767100 -> 100000004400305100 -> 100000001609499100 -> 100000006866783100 -> 100000004070318100,10000.0,246093.0
6,100000008686313100 -> 100000006866783100 -> 100000001660397100 -> 100000008477350100 -> 100000007639767100 -> 100000004400305100 -> 100000008686313100,10000.0,188122.0
6,100000008686313100 -> 100000006866783100 -> 100000007639767100 -> 100000004400305100 -> 100000005910114100 -> 100000008603629100 -> 100000008686313100,10000.0,482603.0
6,100000008686313100 -> 100000006866783100 -> 100000007639767100 -> 100000004400305100 -> 100000002723538100 -> 100000008603629100 -> 100000008686313100,10000.0,256811.0
6,100000008686313100 -> 100000006866783100 -> 100000007639767100 -> 100000004400305100 -> 100000008304139100 -> 100000008603629100 -> 100000008686313100,10000.0,361912.0
6,100000008686313100 -> 100000006866783100 -> 100000007639767100 -> 100000004400305100 -> 100000008304139100 -> 100000000437046100 -> 100000008686313100,10000.0,1262202.0
6,100000008686313100 -> 100000006866783100 -> 100000007639767100 -> 100000004400305100 -> 100000005048668100 -> 100000008603629100 -> 100000008686313100,10000.0,231979.0
6,100000004070318100 -> 100000008603629100 -> 100000008686313100 -> 100000000437046100 -> 100000007639767100 -> 100000006866783100 -> 100000004070318100,10000.0,230612.0
6,100000004070318100 -> 100000008603629100 -> 100000004351795100 -> 100000000437046100 -> 100000007639767100 -> 100000006866783100 -> 100000004070318100,10000.0,690137.0
6,100000008686313100 -> 100000008477350100 -> 100000008086440100 -> 100000000437046100 -> 100000007639767100 -> 100000006866783100 -> 100000008686313100,10000.0,530082.0
6,100000004070318100 -> 100000008477350100 -> 100000007639767100 -> 100000004400305100 -> 100000008304139100 -> 100000006866783100 -> 100000004070318100,10000.0,306131.0
6,100000004070318100 -> 100000008477350100 -> 100000007639767100 -> 100000004400305100 -> 100000001609499100 -> 100000006866783100 -> 100000004070318100,10000.0,240550.0
6,100000004070318100 -> 100000004400305100 -> 100000008304139100 -> 100000008603629100 -> 100000007639767100 -> 100000006866783100 -> 100000004070318100,10000.0,323348.0
6,100000004070318100 -> 100000004400305100 -> 100000008304139100 -> 100000006866783100 -> 100000000089154100 -> 100000000437046100 -> 100000004070318100,10000.0,341901.0
6,100000004070318100 -> 100000004400305100 -> 100000008304139100 -> 100000008477350100 -> 100000007639767100 -> 100000006866783100 -> 100000004070318100,10000.0,216931.0
6,100000004070318100 -> 100000004400305100 -> 100000008304139100 -> 100000000437046100 -> 100000007639767100 -> 100000006866783100 -> 100000004070318100,10000.0,198494.0
6,100000004070318100 -> 100000004400305100 -> 100000005048668100 -> 100000008603629100 -> 100000007639767100 -> 100000006866783100 -> 100000004070318100,10000.0,193415.0
6,100000004070318100 -> 100000004400305100 -> 100000004847758100 -> 100000008603629100 -> 100000007639767100 -> 100000006866783100 -> 100000004070318100,10000.0,207314.0
6,100000004070318100 -> 100000004400305100 -> 100000008587459100 -> 100000006866783100 -> 100000000089154100 -> 100000000437046100 -> 100000004070318100,10000.0,379807.0
6,100000004070318100 -> 100000004400305100 -> 100000004390333100 -> 100000000437046100 -> 100000007639767100 -> 100000006866783100 -> 100000004070318100,10000.0,241200.0
6,100000004070318100 -> 100000004400305100 -> 100000004390333100 -> 100000008603629100 -> 100000007639767100 -> 100000006866783100 -> 100000004070318100,10000.0,197054.0
6,100000004070318100 -> 100000004400305100 -> 100000004390333100 -> 100000006866783100 -> 100000000089154100 -> 100000000437046100 -> 100000004070318100,10000.0,230607.0
6,100000004070318100 -> 100000004400305100 -> 100000004390333100 -> 100000008477350100 -> 100000007639767100 -> 100000006866783100 -> 100000004070318100,10000.0,169637.0
6,100000004070318100 -> 100000004400305100 -> 100000008686313100 -> 100000006866783100 -> 100000000089154100 -> 100000000437046100 -> 100000004070318100,10000.0,282317.0
6,100000004070318100 -> 100000004400305100 -> 100000008686313100 -> 100000008477350100 -> 100000007639767100 -> 100000006866783100 -> 100000004070318100,10000.0,219047.0
6,100000004070318100 -> 100000004400305100 -> 100000008686313100 -> 100000000437046100 -> 100000007639767100 -> 100000006866783100 -> 100000004070318100,10000.0,234010.0
6,100000004070318100 -> 100000008477350100 -> 100000007639767100 -> 100000004400305100 -> 100000005910114100 -> 100000006866783100 -> 100000004070318100,10000.0,450910.0
6,100000004070318100 -> 100000004400305100 -> 100000008686313100 -> 100000008603629100 -> 100000007639767100 -> 100000006866783100 -> 100000004070318100,10000.0,256164.0
6,100000004070318100 -> 100000004400305100 -> 100000007593823100 -> 100000008111003100 -> 100000003796063100 -> 100000006866783100 -> 100000004070318100,10000.0,214025.0
6,100000004070318100 -> 100000008477350100 -> 100000007639767100 -> 100000004400305100 -> 100000008304139100 -> 100000000437046100 -> 100000004070318100,10000.0,217406.0
6,100000004070318100 -> 100000006866783100 -> 100000008304139100 -> 100000008603629100 -> 100000007639767100 -> 100000004400305100 -> 100000004070318100,10000.0,324289.0
6,100000004070318100 -> 100000008477350100 -> 100000007639767100 -> 100000004400305100 -> 100000008587459100 -> 100000006866783100 -> 100000004070318100,10000.0,344037.0
6,100000004070318100 -> 100000004400305100 -> 100000003213473100 -> 100000006866783100 -> 100000008686313100 -> 100000000437046100 -> 100000004070318100,10000.0,431681.0
6,100000004070318100 -> 100000004400305100 -> 100000003213473100 -> 100000006866783100 -> 100000007639767100 -> 100000000437046100 -> 100000004070318100,10000.0,250318.0
6,100000004070318100 -> 100000004400305100 -> 100000003213473100 -> 100000006866783100 -> 100000004390333100 -> 100000000437046100 -> 100000004070318100,10000.0,323051.0
6,100000004070318100 -> 100000004400305100 -> 100000003213473100 -> 100000006866783100 -> 100000000089154100 -> 100000000437046100 -> 100000004070318100,10000.0,219300.0
4,100000004070318100 -> 100000004400305100 -> 100000003213473100 -> 100000006866783100 -> 100000004070318100,10000.0,152025.0
6,100000004070318100 -> 100000004400305100 -> 100000003213473100 -> 100000006866783100 -> 100000008304139100 -> 100000000437046100 -> 100000004070318100,10000.0,230867.0
6,100000004070318100 -> 100000004400305100 -> 100000005910114100 -> 100000006866783100 -> 100000000089154100 -> 100000000437046100 -> 100000004070318100,10000.0,486680.0
6,100000004070318100 -> 100000004400305100 -> 100000005910114100 -> 100000008603629100 -> 100000007639767100 -> 100000006866783100 -> 100000004070318100,10000.0,444039.0
6,100000004070318100 -> 100000004400305100 -> 100000002723538100 -> 100000008603629100 -> 100000007639767100 -> 100000006866783100 -> 100000004070318100,10000.0,218247.0
6,100000004070318100 -> 100000008477350100 -> 100000007593823100 -> 100000008111003100 -> 100000003796063100 -> 100000006866783100 -> 100000004070318100,10000.0,219225.0
6,100000004070318100 -> 100000004400305100 -> 100000001609499100 -> 100000006866783100 -> 100000000089154100 -> 100000000437046100 -> 100000004070318100,10000.0,276320.0
6,100000004070318100 -> 100000008477350100 -> 100000007639767100 -> 100000004400305100 -> 100000008686313100 -> 100000000437046100 -> 100000004070318100,10000.0,252922.0
6,100000004070318100 -> 100000008477350100 -> 100000007639767100 -> 100000004400305100 -> 100000008686313100 -> 100000006866783100 -> 100000004070318100,10000.0,246547.0
4,100000004070318100 -> 100000008477350100 -> 100000007639767100 -> 100000004400305100 -> 100000004070318100,10000.0,74305.0
6,100000004070318100 -> 100000008477350100 -> 100000007639767100 -> 100000004400305100 -> 100000004390333100 -> 100000006866783100 -> 100000004070318100,10000.0,194837.0
6,100000004070318100 -> 100000008477350100 -> 100000007639767100 -> 100000004400305100 -> 100000004390333100 -> 100000000437046100 -> 100000004070318100,10000.0,260112.0
6,100000004070318100 -> 100000008477350100 -> 100000007639767100 -> 100000004400305100 -> 100000002645993100 -> 100000008413748100 -> 100000004070318100,10000.0,129956.55
6,100000004070318100 -> 100000006866783100 -> 100000004847758100 -> 100000008603629100 -> 100000007639767100 -> 100000004400305100 -> 100000004070318100,10000.0,202497.0
6,100000004070318100 -> 100000006866783100 -> 100000008304139100 -> 100000008477350100 -> 100000007639767100 -> 100000004400305100 -> 100000004070318100,10000.0,217872.0
6,100000004070318100 -> 100000008603629100 -> 100000004351795100 -> 100000000437046100 -> 100000007639767100 -> 100000004400305100 -> 100000004070318100,10000.0,648412.0
6,100000004070318100 -> 100000006866783100 -> 100000004390333100 -> 100000008603629100 -> 100000007639767100 -> 100000004400305100 -> 100000004070318100,10000.0,247473.0
6,100000004070318100 -> 100000006866783100 -> 100000000089154100 -> 100000000437046100 -> 100000007639767100 -> 100000004400305100 -> 100000004070318100,10000.0,187868.0
4,100000004070318100 -> 100000006866783100 -> 100000000089154100 -> 100000000437046100 -> 100000004070318100,10000.0,217000.0
6,100000004070318100 -> 100000008477350100 -> 100000007639767100 -> 100000006866783100 -> 100000001660397100 -> 100000008413748100 -> 100000004070318100,10000.0,113126.55
6,100000004070318100 -> 100000008477350100 -> 100000007639767100 -> 100000006866783100 -> 100000004351795100 -> 100000000437046100 -> 100000004070318100,10000.0,749709.0
4,100000004070318100 -> 100000008477350100 -> 100000007639767100 -> 100000006866783100 -> 100000004070318100,10000.0,116030.0
6,100000004070318100 -> 100000008477350100 -> 100000007639767100 -> 100000006866783100 -> 100000008304139100 -> 100000000437046100 -> 100000004070318100,10000.0,194872.0
6,100000004070318100 -> 100000008477350100 -> 100000003968044100 -> 100000008603629100 -> 100000007639767100 -> 100000004400305100 -> 100000004070318100,10000.0,217722.0
6,100000004070318100 -> 100000008477350100 -> 100000003968044100 -> 100000008603629100 -> 100000007639767100 -> 100000006866783100 -> 100000004070318100,10000.0,259447.0
6,100000004070318100 -> 100000008477350100 -> 100000005910114100 -> 100000008603629100 -> 100000007639767100 -> 100000004400305100 -> 100000004070318100,10000.0,455313.0
6,100000004070318100 -> 100000008477350100 -> 100000005910114100 -> 100000008603629100 -> 100000007639767100 -> 100000006866783100 -> 100000004070318100,10000.0,497038.0
6,100000004070318100 -> 100000008477350100 -> 100000005910114100 -> 100000006866783100 -> 100000000089154100 -> 100000000437046100 -> 100000004070318100,10000.0,539679.0
4,100000004351795100 -> 100000000437046100 -> 100000007639767100 -> 100000006866783100 -> 100000004351795100,10000.0,646272.0
6,100000004070318100 -> 100000008477350100 -> 100000005910114100 -> 100000006866783100 -> 100000007639767100 -> 100000004400305100 -> 100000004070318100,10000.0,463697.0
6,100000004070318100 -> 100000008477350100 -> 100000008086440100 -> 100000000437046100 -> 100000007639767100 -> 100000004400305100 -> 100000004070318100,10000.0,327101.0
6,100000004070318100 -> 100000008477350100 -> 100000008086440100 -> 100000000437046100 -> 100000007639767100 -> 100000006866783100 -> 100000004070318100,10000.0,368826.0
6,100000004070318100 -> 100000008477350100 -> 100000008086440100 -> 100000008603629100 -> 100000007639767100 -> 100000004400305100 -> 100000004070318100,10000.0,345355.0
6,100000004070318100 -> 100000008477350100 -> 100000008086440100 -> 100000008603629100 -> 100000007639767100 -> 100000006866783100 -> 100000004070318100,10000.0,387080.0
6,100000004070318100 -> 100000006866783100 -> 100000004390333100 -> 100000008477350100 -> 100000007639767100 -> 100000004400305100 -> 100000004070318100,10000.0,220056.0
6,100000004070318100 -> 100000008477350100 -> 100000007639767100 -> 100000006866783100 -> 100000008686313100 -> 100000000437046100 -> 100000004070318100,10000.0,395686.0
6,100000004070318100 -> 100000006866783100 -> 100000008304139100 -> 100000000437046100 -> 100000007639767100 -> 100000004400305100 -> 100000004070318100,10000.0,199435.0
6,100000004070318100 -> 100000008477350100 -> 100000007639767100 -> 100000006866783100 -> 100000004390333100 -> 100000000437046100 -> 100000004070318100,10000.0,287056.0
6,100000004070318100 -> 100000006866783100 -> 100000002306369100 -> 100000008477350100 -> 100000007639767100 -> 100000004400305100 -> 100000004070318100,10000.0,242471.0
6,100000004070318100 -> 100000006866783100 -> 100000002306369100 -> 100000008603629100 -> 100000007639767100 -> 100000004400305100 -> 100000004070318100,10000.0,235788.0
6,100000004070318100 -> 100000006866783100 -> 100000004351795100 -> 100000000437046100 -> 100000007639767100 -> 100000004400305100 -> 100000004070318100,10000.0,754272.0
6,100000004070318100 -> 100000008477350100 -> 100000007639767100 -> 100000004400305100 -> 100000003213473100 -> 100000006866783100 -> 100000004070318100,10000.0,183530.0
6,100000004070318100 -> 100000008477350100 -> 100000007639767100 -> 100000006866783100 -> 100000000089154100 -> 100000000437046100 -> 100000004070318100,10000.0,183305.0
6,100000004070318100 -> 100000006866783100 -> 100000004351795100 -> 100000008603629100 -> 100000007639767100 -> 100000004400305100 -> 100000004070318100,10000.0,285126.0
6,100000004070318100 -> 100000006866783100 -> 100000001660397100 -> 100000008477350100 -> 100000007639767100 -> 100000004400305100 -> 100000004070318100,10000.0,165605.0
6,100000004070318100 -> 100000006866783100 -> 100000008686313100 -> 100000008477350100 -> 100000007639767100 -> 100000004400305100 -> 100000004070318100,10000.0,385286.0
6,100000004070318100 -> 100000006866783100 -> 100000008686313100 -> 100000000437046100 -> 100000007639767100 -> 100000004400305100 -> 100000004070318100,10000.0,400249.0
6,100000004070318100 -> 100000006866783100 -> 100000008686313100 -> 100000008603629100 -> 100000007639767100 -> 100000004400305100 -> 100000004070318100,10000.0,422403.0
6,100000004070318100 -> 100000006866783100 -> 100000007639767100 -> 100000004400305100 -> 100000008304139100 -> 100000000437046100 -> 100000004070318100,10000.0,284119.0
6,100000004070318100 -> 100000006866783100 -> 100000007639767100 -> 100000004400305100 -> 100000002645993100 -> 100000008413748100 -> 100000004070318100,10000.0,196669.55
6,100000004070318100 -> 100000006866783100 -> 100000007639767100 -> 100000004400305100 -> 100000004390333100 -> 100000000437046100 -> 100000004070318100,10000.0,326825.0
4,100000004070318100 -> 100000006866783100 -> 100000007639767100 -> 100000004400305100 -> 100000004070318100,10000.0,141018.0
6,100000004070318100 -> 100000006866783100 -> 100000007639767100 -> 100000004400305100 -> 100000008686313100 -> 100000000437046100 -> 100000004070318100,10000.0,319635.0
6,100000004070318100 -> 100000006866783100 -> 100000008443341100 -> 100000008477350100 -> 100000007639767100 -> 100000004400305100 -> 100000004070318100,10000.0,175805.0
6,100000004070318100 -> 100000006866783100 -> 100000004390333100 -> 100000000437046100 -> 100000007639767100 -> 100000004400305100 -> 100000004070318100,10000.0,291619.0
6,100000008686313100 -> 100000008477350100 -> 100000008086440100 -> 100000008603629100 -> 100000007639767100 -> 100000004400305100 -> 100000008686313100,10000.0,405572.0
6,100000004070318100 -> 100000008603629100 -> 100000007639767100 -> 100000004400305100 -> 100000008304139100 -> 100000000437046100 -> 100000004070318100,10000.0,222949.0
6,100000008686313100 -> 100000008477350100 -> 100000008086440100 -> 100000000437046100 -> 100000007639767100 -> 100000004400305100 -> 100000008686313100,10000.0,387318.0
4,100000008686313100 -> 100000008603629100 -> 100000007639767100 -> 100000006866783100 -> 100000008686313100,10000.0,314403.0
6,100000008686313100 -> 100000008603629100 -> 100000007639767100 -> 100000006866783100 -> 100000004390333100 -> 100000000437046100 -> 100000008686313100,10000.0,1339956.0
6,100000008686313100 -> 100000008603629100 -> 100000007639767100 -> 100000006866783100 -> 100000000089154100 -> 100000000437046100 -> 100000008686313100,10000.0,1236205.0
6,100000008686313100 -> 100000008603629100 -> 100000007639767100 -> 100000004400305100 -> 100000003213473100 -> 100000006866783100 -> 100000008686313100,10000.0,381903.0
6,100000008686313100 -> 100000008603629100 -> 100000007639767100 -> 100000004400305100 -> 100000005910114100 -> 100000006866783100 -> 100000008686313100,10000.0,649283.0
6,100000008686313100 -> 100000008603629100 -> 100000007639767100 -> 100000004400305100 -> 100000001609499100 -> 100000006866783100 -> 100000008686313100,10000.0,438923.0
6,100000008686313100 -> 100000008603629100 -> 100000007639767100 -> 100000004400305100 -> 100000008304139100 -> 100000006866783100 -> 100000008686313100,10000.0,504504.0
3,100000004160650100 -> 100000004005964100 -> 100000002731501100 -> 100000004160650100,10000.0,97900.0
6,100000008686313100 -> 100000008603629100 -> 100000007639767100 -> 100000004400305100 -> 100000008304139100 -> 100000000437046100 -> 100000008686313100,10000.0,1270306.0
6,100000008686313100 -> 100000008603629100 -> 100000007639767100 -> 100000004400305100 -> 100000004390333100 -> 100000000437046100 -> 100000008686313100,10000.0,1313012.0
6,100000008686313100 -> 100000008603629100 -> 100000007639767100 -> 100000004400305100 -> 100000004390333100 -> 100000006866783100 -> 100000008686313100,10000.0,393210.0
4,100000008686313100 -> 100000008603629100 -> 100000007639767100 -> 100000004400305100 -> 100000008686313100,10000.0,171639.0
6,100000008686313100 -> 100000008603629100 -> 100000003582677100 -> 100000008111003100 -> 100000003796063100 -> 100000006866783100 -> 100000008686313100,10000.0,414833.0
6,100000008686313100 -> 100000008603629100 -> 100000003582677100 -> 100000008111003100 -> 100000003796063100 -> 100000000331309100 -> 100000008686313100,10000.0,728394.0
4,100000004160650100 -> 100000003616818100 -> 100000004005964100 -> 100000002731501100 -> 100000004160650100,10000.0,118000.0
6,100000008686313100 -> 100000008603629100 -> 100000001660397100 -> 100000008477350100 -> 100000007639767100 -> 100000006866783100 -> 100000008686313100,10000.0,348286.0
5,100000004007116100 -> 100000003616818100 -> 100000004005964100 -> 100000002731501100 -> 100000004160650100 -> 100000004007116100,10000.0,640744.0
6,100000008686313100 -> 100000008603629100 -> 100000001660397100 -> 100000008477350100 -> 100000007639767100 -> 100000004400305100 -> 100000008686313100,10000.0,205522.0
2,100000008474308100 -> 100000008443341100 -> 100000008474308100,10000.0,24000.0
6,100000008686313100 -> 100000008603629100 -> 100000007639767100 -> 100000006866783100 -> 100000004403675100 -> 100000000331309100 -> 100000008686313100,10000.0,568886.0
6,100000008686313100 -> 100000008603629100 -> 100000001660397100 -> 100000006866783100 -> 100000000089154100 -> 100000000437046100 -> 100000008686313100,10000.0,1255783.0
5,100000008686313100 -> 100000008603629100 -> 100000007639767100 -> 100000006866783100 -> 100000008137435100 -> 100000008686313100,10000.0,184528.0
6,100000008686313100 -> 100000000437046100 -> 100000007639767100 -> 100000004400305100 -> 100000001609499100 -> 100000006866783100 -> 100000008686313100,10000.0,416769.0
6,100000008686313100 -> 100000000437046100 -> 100000007639767100 -> 100000004400305100 -> 100000008304139100 -> 100000008603629100 -> 100000008686313100,10000.0,347862.0
6,100000008686313100 -> 100000000437046100 -> 100000007639767100 -> 100000004400305100 -> 100000008304139100 -> 100000006866783100 -> 100000008686313100,10000.0,482350.0
6,100000008686313100 -> 100000000437046100 -> 100000007639767100 -> 100000004400305100 -> 100000005048668100 -> 100000008603629100 -> 100000008686313100,10000.0,217929.0
6,100000008686313100 -> 100000000437046100 -> 100000007639767100 -> 100000004400305100 -> 100000004847758100 -> 100000008603629100 -> 100000008686313100,10000.0,231828.0
6,100000008686313100 -> 100000000437046100 -> 100000007639767100 -> 100000004400305100 -> 100000004390333100 -> 100000008603629100 -> 100000008686313100,10000.0,221568.0
6,100000008686313100 -> 100000000437046100 -> 100000007639767100 -> 100000004400305100 -> 100000004390333100 -> 100000006866783100 -> 100000008686313100,10000.0,371056.0
4,100000008686313100 -> 100000000437046100 -> 100000007639767100 -> 100000004400305100 -> 100000008686313100,10000.0,149485.0
6,100000004070318100 -> 100000008346837100 -> 100000005910114100 -> 100000008603629100 -> 100000007639767100 -> 100000004400305100 -> 100000004070318100,10000.0,441414.0
6,100000004070318100 -> 100000008346837100 -> 100000005910114100 -> 100000008603629100 -> 100000007639767100 -> 100000006866783100 -> 100000004070318100,10000.0,483139.0
6,100000004070318100 -> 100000008346837100 -> 100000005910114100 -> 100000006866783100 -> 100000000089154100 -> 100000000437046100 -> 100000004070318100,10000.0,525780.0
6,100000004070318100 -> 100000008346837100 -> 100000005910114100 -> 100000006866783100 -> 100000007639767100 -> 100000004400305100 -> 100000004070318100,10000.0,449798.0
6,100000008686313100 -> 100000008603629100 -> 100000001609499100 -> 100000006866783100 -> 100000007639767100 -> 100000004400305100 -> 100000008686313100,10000.0,237591.0
6,100000008686313100 -> 100000008603629100 -> 100000001609499100 -> 100000006866783100 -> 100000000089154100 -> 100000000437046100 -> 100000008686313100,10000.0,1269139.0
6,100000008686313100 -> 100000008603629100 -> 100000007639767100 -> 100000006866783100 -> 100000008304139100 -> 100000000437046100 -> 100000008686313100,10000.0,1247772.0
6,100000004070318100 -> 100000008603629100 -> 100000007639767100 -> 100000006866783100 -> 100000004351795100 -> 100000000437046100 -> 100000004070318100,10000.0,755252.0
6,100000008686313100 -> 100000008603629100 -> 100000007639767100 -> 100000006866783100 -> 100000004351795100 -> 100000000437046100 -> 100000008686313100,10000.0,1802609.0
6,100000008686313100 -> 100000008603629100 -> 100000001660397100 -> 100000006866783100 -> 100000007639767100 -> 100000004400305100 -> 100000008686313100,10000.0,224235.0
6,100000008686313100 -> 100000008603629100 -> 100000004351795100 -> 100000000437046100 -> 100000007639767100 -> 100000006866783100 -> 100000008686313100,10000.0,882967.0
6,100000008686313100 -> 100000000437046100 -> 100000007639767100 -> 100000004400305100 -> 100000005910114100 -> 100000008603629100 -> 100000008686313100,10000.0,468553.0
6,100000004847758100 -> 100000008603629100 -> 100000001660397100 -> 100000008477350100 -> 100000007639767100 -> 100000006866783100 -> 100000004847758100,10000.0,128380.0
6,100000004847758100 -> 100000008603629100 -> 100000001660397100 -> 100000006866783100 -> 100000007639767100 -> 100000004400305100 -> 100000004847758100,10000.0,175385.0
6,100000004847758100 -> 100000008603629100 -> 100000001660397100 -> 100000006866783100 -> 100000000089154100 -> 100000005782781100 -> 100000004847758100,10000.0,158717.0
6,100000004847758100 -> 100000008603629100 -> 100000004351795100 -> 100000000437046100 -> 100000007639767100 -> 100000006866783100 -> 100000004847758100,10000.0,663061.0
6,100000004847758100 -> 100000008603629100 -> 100000004351795100 -> 100000000437046100 -> 100000007639767100 -> 100000004400305100 -> 100000004847758100,10000.0,691353.0
5,100000004007116100 -> 100000003616818100 -> 100000004160650100 -> 100000004005964100 -> 100000002731501100 -> 100000004007116100,10000.0,309960.0
4,100000004007116100 -> 100000002731501100 -> 100000004160650100 -> 100000004005964100 -> 100000004007116100,10000.0,124900.0
3,100000004007116100 -> 100000002731501100 -> 100000004160650100 -> 100000004007116100,10000.0,585744.0
5,100000004007116100 -> 100000002731501100 -> 100000004160650100 -> 100000003616818100 -> 100000004005964100 -> 100000004007116100,10000.0,145000.0
2,100000004007116100 -> 100000002731501100 -> 100000004007116100,10000.0,211960.0
4,100000004007116100 -> 100000004005964100 -> 100000003616818100 -> 100000004160650100 -> 100000004007116100,10000.0,615844.0
5,100000004007116100 -> 100000004005964100 -> 100000003616818100 -> 100000004160650100 -> 100000002731501100 -> 100000004007116100,10000.0,832430.0
2,100000004007116100 -> 100000004005964100 -> 100000004007116100,10000.0,37000.0
4,100000004007116100 -> 100000004005964100 -> 100000002731501100 -> 100000004160650100 -> 100000004007116100,10000.0,595744.0
3,100000004007116100 -> 100000004005964100 -> 100000002731501100 -> 100000004007116100,10000.0,221960.0
2,100000003509750100 -> 100000004697956100 -> 100000003509750100,10000.0,20000.0
6,100000004351795100 -> 100000000437046100 -> 100000007639767100 -> 100000006866783100 -> 100000008304139100 -> 100000008603629100 -> 100000004351795100,10000.0,784853.0
6,100000004351795100 -> 100000000437046100 -> 100000007639767100 -> 100000006866783100 -> 100000002306369100 -> 100000008603629100 -> 100000004351795100,10000.0,696352.0
6,100000004847758100 -> 100000008603629100 -> 100000001660397100 -> 100000008477350100 -> 100000007639767100 -> 100000004400305100 -> 100000004847758100,10000.0,156672.0
6,100000004847758100 -> 100000008603629100 -> 100000003582677100 -> 100000008111003100 -> 100000003796063100 -> 100000005782781100 -> 100000004847758100,10000.0,150869.0
6,100000008686313100 -> 100000008603629100 -> 100000004351795100 -> 100000000437046100 -> 100000007639767100 -> 100000004400305100 -> 100000008686313100,10000.0,740203.0
6,100000004847758100 -> 100000008603629100 -> 100000003582677100 -> 100000008111003100 -> 100000003796063100 -> 100000006866783100 -> 100000004847758100,10000.0,194927.0
6,100000004847758100 -> 100000008603629100 -> 100000001609499100 -> 100000006866783100 -> 100000007639767100 -> 100000004400305100 -> 100000004847758100,10000.0,188741.0
6,100000004847758100 -> 100000008603629100 -> 100000001609499100 -> 100000006866783100 -> 100000000089154100 -> 100000005782781100 -> 100000004847758100,10000.0,172073.0
4,100000004847758100 -> 100000008603629100 -> 100000007639767100 -> 100000006866783100 -> 100000004847758100,10000.0,94497.0
6,100000004847758100 -> 100000008603629100 -> 100000007639767100 -> 100000006866783100 -> 100000008304139100 -> 100000005782781100 -> 100000004847758100,10000.0,161006.0
6,100000004847758100 -> 100000008603629100 -> 100000007639767100 -> 100000006866783100 -> 100000004679953100 -> 100000005782781100 -> 100000004847758100,10000.0,155442.0
6,100000004847758100 -> 100000008603629100 -> 100000007639767100 -> 100000006866783100 -> 100000000089154100 -> 100000005782781100 -> 100000004847758100,10000.0,139139.0
6,100000004847758100 -> 100000008603629100 -> 100000007639767100 -> 100000004400305100 -> 100000003213473100 -> 100000005782781100 -> 100000004847758100,10000.0,180939.0
6,100000004847758100 -> 100000008603629100 -> 100000007639767100 -> 100000004400305100 -> 100000003213473100 -> 100000006866783100 -> 100000004847758100,10000.0,161997.0
6,100000004847758100 -> 100000008603629100 -> 100000007639767100 -> 100000004400305100 -> 100000005910114100 -> 100000005782781100 -> 100000004847758100,10000.0,238295.0
6,100000004847758100 -> 100000008603629100 -> 100000007639767100 -> 100000004400305100 -> 100000005910114100 -> 100000006866783100 -> 100000004847758100,10000.0,429377.0
6,100000004847758100 -> 100000008603629100 -> 100000007639767100 -> 100000004400305100 -> 100000001609499100 -> 100000006866783100 -> 100000004847758100,10000.0,219017.0
6,100000004847758100 -> 100000008603629100 -> 100000007639767100 -> 100000004400305100 -> 100000008304139100 -> 100000005782781100 -> 100000004847758100,10000.0,183540.0
6,100000004847758100 -> 100000008603629100 -> 100000007639767100 -> 100000004400305100 -> 100000008304139100 -> 100000006866783100 -> 100000004847758100,10000.0,284598.0
4,100000004847758100 -> 100000008603629100 -> 100000007639767100 -> 100000004400305100 -> 100000004847758100,10000.0,122789.0
6,100000004847758100 -> 100000008603629100 -> 100000007639767100 -> 100000004400305100 -> 100000004390333100 -> 100000006866783100 -> 100000004847758100,10000.0,173304.0
6,100000004847758100 -> 100000008603629100 -> 100000007639767100 -> 100000004400305100 -> 100000004679953100 -> 100000005782781100 -> 100000004847758100,10000.0,255207.0
4,100000004007116100 -> 100000003616818100 -> 100000004005964100 -> 100000002731501100 -> 100000004007116100,10000.0,266960.0
6,100000008686313100 -> 100000000437046100 -> 100000007639767100 -> 100000004400305100 -> 100000002723538100 -> 100000008603629100 -> 100000008686313100,10000.0,242761.0
6,100000004070318100 -> 100000004400305100 -> 100000003213473100 -> 100000006866783100 -> 100000001660397100 -> 100000008413748100 -> 100000004070318100,10000.0,149121.55
6,100000008686313100 -> 100000008477350100 -> 100000007639767100 -> 100000004400305100 -> 100000008304139100 -> 100000006866783100 -> 100000008686313100,10000.0,467387.0
6,100000004070318100 -> 100000008603629100 -> 100000001609499100 -> 100000006866783100 -> 100000007639767100 -> 100000004400305100 -> 100000004070318100,10000.0,145800.0
6,100000008686313100 -> 100000008477350100 -> 100000005910114100 -> 100000006866783100 -> 100000007639767100 -> 100000004400305100 -> 100000008686313100,10000.0,523914.0
6,100000008686313100 -> 100000008477350100 -> 100000005910114100 -> 100000006866783100 -> 100000000089154100 -> 100000000437046100 -> 100000008686313100,10000.0,1555462.0
6,100000008686313100 -> 100000008477350100 -> 100000005910114100 -> 100000008603629100 -> 100000007639767100 -> 100000006866783100 -> 100000008686313100,10000.0,658294.0
6,100000008686313100 -> 100000008477350100 -> 100000007639767100 -> 100000004400305100 -> 100000004847758100 -> 100000008603629100 -> 100000008686313100,10000.0,216865.0
6,100000008686313100 -> 100000008477350100 -> 100000005910114100 -> 100000008603629100 -> 100000007639767100 -> 100000004400305100 -> 100000008686313100,10000.0,515530.0
6,100000008686313100 -> 100000008477350100 -> 100000007639767100 -> 100000004400305100 -> 100000004390333100 -> 100000000437046100 -> 100000008686313100,10000.0,1275895.0
6,100000008686313100 -> 100000008477350100 -> 100000007639767100 -> 100000004400305100 -> 100000008304139100 -> 100000008603629100 -> 100000008686313100,10000.0,332899.0
6,100000008686313100 -> 100000008477350100 -> 100000003968044100 -> 100000008603629100 -> 100000007639767100 -> 100000006866783100 -> 100000008686313100,10000.0,420703.0
6,100000008686313100 -> 100000008477350100 -> 100000003968044100 -> 100000008603629100 -> 100000007639767100 -> 100000004400305100 -> 100000008686313100,10000.0,277939.0
6,100000008686313100 -> 100000008477350100 -> 100000007639767100 -> 100000006866783100 -> 100000004847758100 -> 100000008603629100 -> 100000008686313100,10000.0,188573.0
6,100000008686313100 -> 100000008477350100 -> 100000007593823100 -> 100000008111003100 -> 100000003796063100 -> 100000000331309100 -> 100000008686313100,10000.0,694042.0
6,100000008686313100 -> 100000008477350100 -> 100000007593823100 -> 100000008111003100 -> 100000003796063100 -> 100000006866783100 -> 100000008686313100,10000.0,380481.0
6,100000004070318100 -> 100000008346837100 -> 100000004351795100 -> 100000008603629100 -> 100000007639767100 -> 100000004400305100 -> 100000004070318100,10000.0,223292.0
6,100000008686313100 -> 100000008477350100 -> 100000007639767100 -> 100000006866783100 -> 100000008304139100 -> 100000008603629100 -> 100000008686313100,10000.0,310365.0
6,100000008686313100 -> 100000008477350100 -> 100000007639767100 -> 100000006866783100 -> 100000008304139100 -> 100000000437046100 -> 100000008686313100,10000.0,1210655.0
6,100000008686313100 -> 100000008477350100 -> 100000007639767100 -> 100000004400305100 -> 100000004390333100 -> 100000008603629100 -> 100000008686313100,10000.0,206605.0
6,100000008686313100 -> 100000008477350100 -> 100000007639767100 -> 100000004400305100 -> 100000004390333100 -> 100000006866783100 -> 100000008686313100,10000.0,356093.0
4,100000008686313100 -> 100000008477350100 -> 100000007639767100 -> 100000004400305100 -> 100000008686313100,10000.0,134522.0
6,100000008686313100 -> 100000008477350100 -> 100000007639767100 -> 100000004400305100 -> 100000005910114100 -> 100000006866783100 -> 100000008686313100,10000.0,612166.0
6,100000008686313100 -> 100000008477350100 -> 100000007639767100 -> 100000006866783100 -> 100000004351795100 -> 100000000437046100 -> 100000008686313100,10000.0,1765492.0
6,100000008686313100 -> 100000008477350100 -> 100000007639767100 -> 100000006866783100 -> 100000004351795100 -> 100000008603629100 -> 100000008686313100,10000.0,271202.0
5,100000008686313100 -> 100000008477350100 -> 100000007639767100 -> 100000006866783100 -> 100000008137435100 -> 100000008686313100,10000.0,147411.0
6,100000008686313100 -> 100000008477350100 -> 100000007639767100 -> 100000006866783100 -> 100000004403675100 -> 100000000331309100 -> 100000008686313100,10000.0,531769.0
4,100000008686313100 -> 100000008477350100 -> 100000007639767100 -> 100000006866783100 -> 100000008686313100,10000.0,277286.0
6,100000008686313100 -> 100000008477350100 -> 100000007639767100 -> 100000006866783100 -> 100000004390333100 -> 100000000437046100 -> 100000008686313100,10000.0,1302839.0
6,100000008686313100 -> 100000008477350100 -> 100000007639767100 -> 100000006866783100 -> 100000004390333100 -> 100000008603629100 -> 100000008686313100,10000.0,233549.0
6,100000008686313100 -> 100000008477350100 -> 100000007639767100 -> 100000006866783100 -> 100000000089154100 -> 100000000437046100 -> 100000008686313100,10000.0,1199088.0
6,100000008686313100 -> 100000008477350100 -> 100000007639767100 -> 100000004400305100 -> 100000005910114100 -> 100000008603629100 -> 100000008686313100,10000.0,453590.0
6,100000008686313100 -> 100000008477350100 -> 100000007639767100 -> 100000004400305100 -> 100000003213473100 -> 100000006866783100 -> 100000008686313100,10000.0,344786.0
6,100000008686313100 -> 100000000437046100 -> 100000007639767100 -> 100000006866783100 -> 100000002306369100 -> 100000008603629100 -> 100000008686313100,10000.0,236827.0
5,100000008686313100 -> 100000000437046100 -> 100000007639767100 -> 100000006866783100 -> 100000008137435100 -> 100000008686313100,10000.0,162374.0
6,100000008686313100 -> 100000000437046100 -> 100000007639767100 -> 100000006866783100 -> 100000004351795100 -> 100000008603629100 -> 100000008686313100,10000.0,286165.0
6,100000008686313100 -> 100000008477350100 -> 100000007639767100 -> 100000004400305100 -> 100000001609499100 -> 100000006866783100 -> 100000008686313100,10000.0,401806.0
6,100000004070318100 -> 100000008346837100 -> 100000004351795100 -> 100000000437046100 -> 100000007639767100 -> 100000006866783100 -> 100000004070318100,10000.0,734163.0
6,100000004070318100 -> 100000008346837100 -> 100000004351795100 -> 100000000437046100 -> 100000007639767100 -> 100000004400305100 -> 100000004070318100,10000.0,692438.0
6,100000008686313100 -> 100000000437046100 -> 100000007639767100 -> 100000006866783100 -> 100000004403675100 -> 100000000331309100 -> 100000008686313100,10000.0,546732.0
6,100000004070318100 -> 100000008603629100 -> 100000007639767100 -> 100000006866783100 -> 100000008304139100 -> 100000000437046100 -> 100000004070318100,10000.0,200415.0
4,100000008686313100 -> 100000000437046100 -> 100000007639767100 -> 100000006866783100 -> 100000008686313100,10000.0,292249.0
6,100000008686313100 -> 100000008477350100 -> 100000007639767100 -> 100000004400305100 -> 100000005048668100 -> 100000008603629100 -> 100000008686313100,10000.0,202966.0
6,100000004070318100 -> 100000008346837100 -> 100000004351795100 -> 100000008603629100 -> 100000007639767100 -> 100000006866783100 -> 100000004070318100,10000.0,265017.0
4,100000004070318100 -> 100000008603629100 -> 100000007639767100 -> 100000006866783100 -> 100000004070318100,10000.0,121573.0
6,100000008686313100 -> 100000000437046100 -> 100000007639767100 -> 100000004400305100 -> 100000005910114100 -> 100000006866783100 -> 100000008686313100,10000.0,627129.0
6,100000004070318100 -> 100000008603629100 -> 100000001609499100 -> 100000006866783100 -> 100000000089154100 -> 100000000437046100 -> 100000004070318100,10000.0,221782.0
6,100000008686313100 -> 100000000437046100 -> 100000007639767100 -> 100000006866783100 -> 100000004390333100 -> 100000008603629100 -> 100000008686313100,10000.0,248512.0
6,100000008686313100 -> 100000008477350100 -> 100000007639767100 -> 100000004400305100 -> 100000002723538100 -> 100000008603629100 -> 100000008686313100,10000.0,227798.0
6,100000008686313100 -> 100000000437046100 -> 100000007639767100 -> 100000004400305100 -> 100000003213473100 -> 100000006866783100 -> 100000008686313100,10000.0,359749.0
6,100000008686313100 -> 100000000437046100 -> 100000007639767100 -> 100000006866783100 -> 100000008304139100 -> 100000008603629100 -> 100000008686313100,10000.0,325328.0
6,100000008686313100 -> 100000008477350100 -> 100000007639767100 -> 100000004400305100 -> 100000008304139100 -> 100000000437046100 -> 100000008686313100,10000.0,1233189.0
6,100000008686313100 -> 100000000437046100 -> 100000007639767100 -> 100000006866783100 -> 100000004847758100 -> 100000008603629100 -> 100000008686313100,10000.0,203536.0
6,100000008603629100 -> 100000007639767100 -> 100000004400305100 -> 100000005052998100 -> 100000008477350100 -> 100000003968044100 -> 100000008603629100,9500.0,207622.0
6,100000008086440100 -> 100000000437046100 -> 100000007639767100 -> 100000004400305100 -> 100000005052998100 -> 100000008477350100 -> 100000008086440100,9500.0,317001.0
6,100000004070318100 -> 100000004400305100 -> 100000005052998100 -> 100000008477350100 -> 100000007639767100 -> 100000000437046100 -> 100000004070318100,9500.0,214005.0
6,100000008603629100 -> 100000007639767100 -> 100000004400305100 -> 100000005052998100 -> 100000008477350100 -> 100000005910114100 -> 100000008603629100,9500.0,445213.0
6,100000008086440100 -> 100000008603629100 -> 100000007639767100 -> 100000004400305100 -> 100000005052998100 -> 100000008477350100 -> 100000008086440100,9500.0,335255.0
6,100000005910114100 -> 100000006866783100 -> 100000007639767100 -> 100000004400305100 -> 100000005052998100 -> 100000008477350100 -> 100000005910114100,9500.0,453597.0
6,100000004070318100 -> 100000004400305100 -> 100000005052998100 -> 100000008477350100 -> 100000008086440100 -> 100000000437046100 -> 100000004070318100,9500.0,388933.0
6,100000004070318100 -> 100000004400305100 -> 100000005052998100 -> 100000008477350100 -> 100000005910114100 -> 100000006866783100 -> 100000004070318100,9500.0,505104.0
6,100000004070318100 -> 100000004400305100 -> 100000005052998100 -> 100000008477350100 -> 100000007639767100 -> 100000006866783100 -> 100000004070318100,9500.0,148730.0
4,100000004400305100 -> 100000005052998100 -> 100000008477350100 -> 100000007639767100 -> 100000004400305100,9500.0,64205.0
2,100000000580561100 -> 100000007939160100 -> 100000000580561100,9300.0,804300.0
6,100000004070318100 -> 100000006866783100 -> 100000002306369100 -> 100000008111003100 -> 100000003796063100 -> 100000004400305100 -> 100000004070318100,9000.0,276166.0
6,100000004390333100 -> 100000008477350100 -> 100000005910114100 -> 100000008111003100 -> 100000003796063100 -> 100000004400305100 -> 100000004390333100,9000.0,299790.0
6,100000004390333100 -> 100000006866783100 -> 100000000089154100 -> 100000008111003100 -> 100000003796063100 -> 100000004400305100 -> 100000004390333100,9000.0,186507.0
6,100000004390333100 -> 100000008477350100 -> 100000007593823100 -> 100000008111003100 -> 100000003796063100 -> 100000004400305100 -> 100000004390333100,9000.0,129807.0
6,100000004847758100 -> 100000008603629100 -> 100000003582677100 -> 100000008111003100 -> 100000003796063100 -> 100000004400305100 -> 100000004847758100,9000.0,164719.0
6,100000000089154100 -> 100000008111003100 -> 100000003796063100 -> 100000004400305100 -> 100000003213473100 -> 100000006866783100 -> 100000000089154100,9000.0,175200.0
6,100000000089154100 -> 100000008111003100 -> 100000003796063100 -> 100000004400305100 -> 100000005910114100 -> 100000006866783100 -> 100000000089154100,9000.0,442580.0
6,100000000089154100 -> 100000008111003100 -> 100000003796063100 -> 100000004400305100 -> 100000001609499100 -> 100000006866783100 -> 100000000089154100,9000.0,232220.0
6,100000000089154100 -> 100000008111003100 -> 100000003796063100 -> 100000004400305100 -> 100000008304139100 -> 100000006866783100 -> 100000000089154100,9000.0,297801.0
6,100000008304139100 -> 100000008477350100 -> 100000007593823100 -> 100000008111003100 -> 100000003796063100 -> 100000004400305100 -> 100000008304139100,9000.0,177101.0
2,100000002527114100 -> 100000006656003100 -> 100000002527114100,9000.0,29000.0
6,100000008686313100 -> 100000006866783100 -> 100000000089154100 -> 100000008111003100 -> 100000003796063100 -> 100000004400305100 -> 100000008686313100,9000.0,238217.0
6,100000008304139100 -> 100000006866783100 -> 100000002306369100 -> 100000008111003100 -> 100000003796063100 -> 100000004400305100 -> 100000008304139100,9000.0,358267.0
6,100000005910114100 -> 100000006866783100 -> 100000002306369100 -> 100000008111003100 -> 100000003796063100 -> 100000004400305100 -> 100000005910114100,9000.0,503046.0
6,100000004070318100 -> 100000008477350100 -> 100000007593823100 -> 100000008111003100 -> 100000003796063100 -> 100000004400305100 -> 100000004070318100,9000.0,119000.0
4,100000005910114100 -> 100000008111003100 -> 100000003796063100 -> 100000004400305100 -> 100000005910114100,9000.0,193184.0
6,100000005910114100 -> 100000008111003100 -> 100000003796063100 -> 100000004400305100 -> 100000005052998100 -> 100000008477350100 -> 100000005910114100,9000.0,278883.0
6,100000005910114100 -> 100000008111003100 -> 100000003796063100 -> 100000004400305100 -> 100000008304139100 -> 100000008477350100 -> 100000005910114100,9000.0,347084.0
6,100000008686313100 -> 100000008477350100 -> 100000005910114100 -> 100000008111003100 -> 100000003796063100 -> 100000004400305100 -> 100000008686313100,9000.0,349200.0
6,100000007593823100 -> 100000008111003100 -> 100000003796063100 -> 100000004400305100 -> 100000005052998100 -> 100000008477350100 -> 100000007593823100,9000.0,108900.0
6,100000008686313100 -> 100000006866783100 -> 100000002306369100 -> 100000008111003100 -> 100000003796063100 -> 100000004400305100 -> 100000008686313100,9000.0,298683.0
6,100000006866783100 -> 100000002306369100 -> 100000008111003100 -> 100000003796063100 -> 100000004400305100 -> 100000001609499100 -> 100000006866783100,9000.0,292686.0
6,100000004070318100 -> 100000008603629100 -> 100000003582677100 -> 100000008111003100 -> 100000003796063100 -> 100000004400305100 -> 100000004070318100,9000.0,121778.0
6,100000008587459100 -> 100000006866783100 -> 100000002306369100 -> 100000008111003100 -> 100000003796063100 -> 100000004400305100 -> 100000008587459100,9000.0,396173.0
6,100000004070318100 -> 100000008346837100 -> 100000005910114100 -> 100000008111003100 -> 100000003796063100 -> 100000004400305100 -> 100000004070318100,9000.0,275084.0
6,100000008587459100 -> 100000006866783100 -> 100000000089154100 -> 100000008111003100 -> 100000003796063100 -> 100000004400305100 -> 100000008587459100,9000.0,335707.0
6,100000008686313100 -> 100000008477350100 -> 100000007593823100 -> 100000008111003100 -> 100000003796063100 -> 100000004400305100 -> 100000008686313100,9000.0,179217.0
2,100000004400305100 -> 100000003213473100 -> 100000004400305100,9000.0,66500.0
4,100000007593823100 -> 100000008111003100 -> 100000003796063100 -> 100000004400305100 -> 100000007593823100,9000.0,71000.0
6,100000008603629100 -> 100000003582677100 -> 100000008111003100 -> 100000003796063100 -> 100000004400305100 -> 100000004390333100 -> 100000008603629100,9000.0,154459.0
6,100000008603629100 -> 100000003582677100 -> 100000008111003100 -> 100000003796063100 -> 100000004400305100 -> 100000005048668100 -> 100000008603629100,9000.0,150820.0
6,100000008603629100 -> 100000003582677100 -> 100000008111003100 -> 100000003796063100 -> 100000004400305100 -> 100000002723538100 -> 100000008603629100,9000.0,175652.0
6,100000008603629100 -> 100000003582677100 -> 100000008111003100 -> 100000003796063100 -> 100000004400305100 -> 100000005910114100 -> 100000008603629100,9000.0,401444.0
6,100000004070318100 -> 100000008477350100 -> 100000005910114100 -> 100000008111003100 -> 100000003796063100 -> 100000004400305100 -> 100000004070318100,9000.0,288983.0
6,100000008603629100 -> 100000003582677100 -> 100000008111003100 -> 100000003796063100 -> 100000004400305100 -> 100000008304139100 -> 100000008603629100,9000.0,280753.0
6,100000006866783100 -> 100000002306369100 -> 100000008111003100 -> 100000003796063100 -> 100000004400305100 -> 100000003213473100 -> 100000006866783100,9000.0,235666.0
6,100000008686313100 -> 100000008603629100 -> 100000003582677100 -> 100000008111003100 -> 100000003796063100 -> 100000004400305100 -> 100000008686313100,9000.0,213569.0
6,100000004070318100 -> 100000006866783100 -> 100000000089154100 -> 100000008111003100 -> 100000003796063100 -> 100000004400305100 -> 100000004070318100,9000.0,215700.0
6,100000004390333100 -> 100000006866783100 -> 100000002306369100 -> 100000008111003100 -> 100000003796063100 -> 100000004400305100 -> 100000004390333100,9000.0,246973.0
5,100000004188160100 -> 100000003016635100 -> 100000008188026100 -> 100000004527381100 -> 100000004156082100 -> 100000004188160100,8600.0,483157.27999999997
4,100000005287097100 -> 100000004156082100 -> 100000004188160100 -> 100000003016635100 -> 100000005287097100,8600.0,187823.0
2,100000002175422100 -> 100000002975437100 -> 100000002175422100,8500.0,538500.0
6,100000005910114100 -> 100000002957787100 -> 100000003582677100 -> 100000008111003100 -> 100000003796063100 -> 100000004400305100 -> 100000005910114100,8104.99,201128.99
6,100000005910114100 -> 100000002957787100 -> 100000003582677100 -> 100000008111003100 -> 100000003796063100 -> 100000008346837100 -> 100000005910114100,8104.99,302969.99
6,100000005910114100 -> 100000002957787100 -> 100000003582677100 -> 100000008111003100 -> 100000003796063100 -> 100000008477350100 -> 100000005910114100,8104.99,365927.99
2,100000001899164100 -> 100000002193259100 -> 100000001899164100,8000.0,17500.0
2,100000001788284100 -> 100000001526235100 -> 100000001788284100,8000.0,64000.0
2,100000005546031100 -> 100000005547096100 -> 100000005546031100,8000.0,24300.0
2,100000003886323100 -> 100000007749092100 -> 100000003886323100,7650.0,78025.0
6,100000004070318100 -> 100000002957787100 -> 100000003582677100 -> 100000008111003100 -> 100000003796063100 -> 100000004400305100 -> 100000004070318100,7600.0,92704.98999999999
5,100000004070318100 -> 100000002957787100 -> 100000008137435100 -> 100000008686313100 -> 100000000437046100 -> 100000004070318100,7600.0,228200.0
5,100000004070318100 -> 100000002957787100 -> 100000008137435100 -> 100000008686313100 -> 100000006866783100 -> 100000004070318100,7600.0,221825.0
4,100000004070318100 -> 100000002957787100 -> 100000002645993100 -> 100000008413748100 -> 100000004070318100,7600.0,64601.55
6,100000004070318100 -> 100000002957787100 -> 100000002645993100 -> 100000008413748100 -> 100000008304139100 -> 100000000437046100 -> 100000004070318100,7600.0,181171.75
6,100000004070318100 -> 100000002957787100 -> 100000002645993100 -> 100000008413748100 -> 100000008304139100 -> 100000006866783100 -> 100000004070318100,7600.0,269896.75
6,100000004070318100 -> 100000002957787100 -> 100000003582677100 -> 100000008111003100 -> 100000003796063100 -> 100000006866783100 -> 100000004070318100,7600.0,192929.99
6,100000000331309100 -> 100000004746397100 -> 100000002957787100 -> 100000003582677100 -> 100000008111003100 -> 100000003796063100 -> 100000000331309100,7500.0,513324.99
2,100000005077484100 -> 100000001380054100 -> 100000005077484100,7050.0,157050.0
2,100000002838861100 -> 100000002812641100 -> 100000002838861100,7023.95,17023.95
6,100000004351795100 -> 100000008603629100 -> 100000007639767100 -> 100000004400305100 -> 100000005048668100 -> 100000008346837100 -> 100000004351795100,7000.0,157401.0
6,100000004070318100 -> 100000004400305100 -> 100000005048668100 -> 100000008346837100 -> 100000004351795100 -> 100000000437046100 -> 100000004070318100,7000.0,698479.0
6,100000005910114100 -> 100000006866783100 -> 100000007639767100 -> 100000004400305100 -> 100000005048668100 -> 100000008346837100 -> 100000005910114100,7000.0,383907.0
6,100000004351795100 -> 100000000437046100 -> 100000007639767100 -> 100000004400305100 -> 100000005048668100 -> 100000008346837100 -> 100000004351795100,7000.0,626547.0
2,100000004076740100 -> 100000004467157100 -> 100000004076740100,7000.0,27000.0
6,100000004070318100 -> 100000004400305100 -> 100000005048668100 -> 100000008346837100 -> 100000005910114100 -> 100000006866783100 -> 100000004070318100,7000.0,435414.0
6,100000008603629100 -> 100000007639767100 -> 100000004400305100 -> 100000005048668100 -> 100000008346837100 -> 100000005910114100 -> 100000008603629100,7000.0,375523.0
2,100000005911352100 -> 100000004508696100 -> 100000005911352100,7000.0,14000.0
3,100000005519998100 -> 100000003934614100 -> 100000004336312100 -> 100000005519998100,7000.0,38500.0
6,100000005910114100 -> 100000008111003100 -> 100000003796063100 -> 100000004400305100 -> 100000005048668100 -> 100000008346837100 -> 100000005910114100,7000.0,209193.0
6,100000004351795100 -> 100000003242289100 -> 100000004140487100 -> 100000004400305100 -> 100000005048668100 -> 100000008346837100 -> 100000004351795100,7000.0,150189.0
4,100000005519998100 -> 100000003934614100 -> 100000004336312100 -> 100000004017410100 -> 100000005519998100,7000.0,213150.0
2,100000005048668100 -> 100000008346837100 -> 100000005048668100,6500.0,13500.0
6,100000004070318100 -> 100000008346837100 -> 100000005048668100 -> 100000008603629100 -> 100000008686313100 -> 100000000437046100 -> 100000004070318100,6500.0,326452.0
6,100000004070318100 -> 100000008346837100 -> 100000005048668100 -> 100000008603629100 -> 100000001609499100 -> 100000006866783100 -> 100000004070318100,6500.0,262940.0
6,100000004070318100 -> 100000008346837100 -> 100000005048668100 -> 100000008603629100 -> 100000007639767100 -> 100000004400305100 -> 100000004070318100,6500.0,188281.0
6,100000004070318100 -> 100000008346837100 -> 100000005048668100 -> 100000008603629100 -> 100000004351795100 -> 100000000437046100 -> 100000004070318100,6500.0,785977.0
6,100000004070318100 -> 100000008346837100 -> 100000005048668100 -> 100000008603629100 -> 100000007639767100 -> 100000006866783100 -> 100000004070318100,6500.0,230006.0
6,100000004070318100 -> 100000008346837100 -> 100000005048668100 -> 100000008603629100 -> 100000007639767100 -> 100000000437046100 -> 100000004070318100,6500.0,295281.0
6,100000008603629100 -> 100000003582677100 -> 100000008111003100 -> 100000003796063100 -> 100000008346837100 -> 100000005048668100 -> 100000008603629100,6500.0,250152.0
6,100000004070318100 -> 100000008346837100 -> 100000005048668100 -> 100000008603629100 -> 100000001660397100 -> 100000008413748100 -> 100000004070318100,6500.0,203380.55
6,100000004070318100 -> 100000008346837100 -> 100000005048668100 -> 100000008603629100 -> 100000001660397100 -> 100000006866783100 -> 100000004070318100,6500.0,249584.0
6,100000004070318100 -> 100000008346837100 -> 100000005048668100 -> 100000008603629100 -> 100000008686313100 -> 100000006866783100 -> 100000004070318100,6500.0,320077.0
2,100000006912294100 -> 100000006443391100 -> 100000006912294100,6335.09,31335.09
3,100000004321983100 -> 100000005171642100 -> 100000004221668100 -> 100000004321983100,6200.0,700640.0
4,100000001049200100 -> 100000004156082100 -> 100000004188160100 -> 100000003016635100 -> 100000001049200100,6014.0,53614.0
6,100000005287097100 -> 100000004150593100 -> 100000008595687100 -> 100000003016635100 -> 100000001049200100 -> 100000004156082100 -> 100000005287097100,6014.0,175259.0
4,100000005287097100 -> 100000003016635100 -> 100000001049200100 -> 100000004156082100 -> 100000005287097100,6014.0,435964.0
2,100000004071070100 -> 100000004071080100 -> 100000004071070100,6000.0,42000.0
6,100000004070318100 -> 100000008346837100 -> 100000005910114100 -> 100000002957787100 -> 100000008632060100 -> 100000000437046100 -> 100000004070318100,6000.0,361424.0
6,100000004070318100 -> 100000008346837100 -> 100000005910114100 -> 100000002957787100 -> 100000008632060100 -> 100000006866783100 -> 100000004070318100,6000.0,288649.0
6,100000004070318100 -> 100000008346837100 -> 100000005910114100 -> 100000002957787100 -> 100000008632060100 -> 100000004400305100 -> 100000004070318100,6000.0,266924.0
2,100000001526235100 -> 100000000926766100 -> 100000001526235100,6000.0,24750.0
6,100000004070318100 -> 100000008477350100 -> 100000005910114100 -> 100000002957787100 -> 100000008632060100 -> 100000004400305100 -> 100000004070318100,6000.0,280823.0
6,100000004070318100 -> 100000008477350100 -> 100000005910114100 -> 100000002957787100 -> 100000008632060100 -> 100000000437046100 -> 100000004070318100,6000.0,375323.0
6,100000004070318100 -> 100000008477350100 -> 100000005910114100 -> 100000002957787100 -> 100000008632060100 -> 100000006866783100 -> 100000004070318100,6000.0,302548.0
4,100000004070318100 -> 100000002957787100 -> 100000008632060100 -> 100000004400305100 -> 100000004070318100,6000.0,76600.0
6,100000004070318100 -> 100000002957787100 -> 100000008632060100 -> 100000008603629100 -> 100000001660397100 -> 100000008413748100 -> 100000004070318100,6000.0,135421.55
6,100000004070318100 -> 100000002957787100 -> 100000008632060100 -> 100000006866783100 -> 100000001660397100 -> 100000008413748100 -> 100000004070318100,6000.0,95421.55
6,100000004070318100 -> 100000002957787100 -> 100000008632060100 -> 100000008603629100 -> 100000001609499100 -> 100000006866783100 -> 100000004070318100,6000.0,194981.0
6,100000004070318100 -> 100000002957787100 -> 100000008632060100 -> 100000006866783100 -> 100000000089154100 -> 100000000437046100 -> 100000004070318100,6000.0,165600.0
6,100000004070318100 -> 100000002957787100 -> 100000008632060100 -> 100000006866783100 -> 100000004390333100 -> 100000000437046100 -> 100000004070318100,6000.0,269351.0
6,100000004070318100 -> 100000002957787100 -> 100000008632060100 -> 100000006866783100 -> 100000007639767100 -> 100000000437046100 -> 100000004070318100,6000.0,196618.0
6,100000004070318100 -> 100000002957787100 -> 100000008632060100 -> 100000006866783100 -> 100000007639767100 -> 100000004400305100 -> 100000004070318100,6000.0,89618.0
6,100000004070318100 -> 100000002957787100 -> 100000008632060100 -> 100000006866783100 -> 100000008686313100 -> 100000000437046100 -> 100000004070318100,6000.0,377981.0
6,100000004070318100 -> 100000002957787100 -> 100000008632060100 -> 100000006866783100 -> 100000004351795100 -> 100000000437046100 -> 100000004070318100,6000.0,732004.0
6,100000004070318100 -> 100000002957787100 -> 100000008632060100 -> 100000008603629100 -> 100000007639767100 -> 100000004400305100 -> 100000004070318100,6000.0,120322.0
4,100000004070318100 -> 100000002957787100 -> 100000008632060100 -> 100000006866783100 -> 100000004070318100,6000.0,98325.0
6,100000004070318100 -> 100000002957787100 -> 100000008632060100 -> 100000006866783100 -> 100000008304139100 -> 100000000437046100 -> 100000004070318100,6000.0,177167.0
6,100000004070318100 -> 100000002957787100 -> 100000008632060100 -> 100000004400305100 -> 100000008686313100 -> 100000000437046100 -> 100000004070318100,6000.0,255217.0
6,100000004070318100 -> 100000002957787100 -> 100000008632060100 -> 100000004400305100 -> 100000008686313100 -> 100000006866783100 -> 100000004070318100,6000.0,248842.0
6,100000004070318100 -> 100000002957787100 -> 100000008632060100 -> 100000004400305100 -> 100000004390333100 -> 100000006866783100 -> 100000004070318100,6000.0,197132.0
6,100000004070318100 -> 100000002957787100 -> 100000008632060100 -> 100000004400305100 -> 100000004390333100 -> 100000000437046100 -> 100000004070318100,6000.0,262407.0
6,100000004070318100 -> 100000002957787100 -> 100000008632060100 -> 100000008603629100 -> 100000007639767100 -> 100000006866783100 -> 100000004070318100,6000.0,162047.0
6,100000004070318100 -> 100000002957787100 -> 100000008632060100 -> 100000008603629100 -> 100000007639767100 -> 100000000437046100 -> 100000004070318100,6000.0,227322.0
6,100000004070318100 -> 100000002957787100 -> 100000008632060100 -> 100000004400305100 -> 100000008587459100 -> 100000006866783100 -> 100000004070318100,6000.0,346332.0
4,100000004070318100 -> 100000002957787100 -> 100000008632060100 -> 100000000437046100 -> 100000004070318100,6000.0,171100.0
6,100000008686313100 -> 100000008477350100 -> 100000005910114100 -> 100000002957787100 -> 100000008632060100 -> 100000006866783100 -> 100000008686313100,6000.0,463804.0
6,100000008686313100 -> 100000008477350100 -> 100000005910114100 -> 100000002957787100 -> 100000008632060100 -> 100000004400305100 -> 100000008686313100,6000.0,341040.0
6,100000008686313100 -> 100000008477350100 -> 100000005910114100 -> 100000002957787100 -> 100000008632060100 -> 100000000437046100 -> 100000008686313100,6000.0,1391106.0
6,100000008603629100 -> 100000007639767100 -> 100000004400305100 -> 100000005910114100 -> 100000002957787100 -> 100000008632060100 -> 100000008603629100,6000.0,228746.0
6,100000008603629100 -> 100000001660397100 -> 100000008477350100 -> 100000005910114100 -> 100000002957787100 -> 100000008632060100 -> 100000008603629100,6000.0,284123.0
6,100000008443341100 -> 100000008477350100 -> 100000005910114100 -> 100000002957787100 -> 100000008632060100 -> 100000006866783100 -> 100000008443341100,6000.0,254323.0
6,100000004070318100 -> 100000002957787100 -> 100000008632060100 -> 100000000437046100 -> 100000007639767100 -> 100000004400305100 -> 100000004070318100,6000.0,141968.0
6,100000001279272100 -> 100000000331309100 -> 100000004746397100 -> 100000002957787100 -> 100000008632060100 -> 100000000437046100 -> 100000001279272100,6000.0,680520.0
6,100000004070318100 -> 100000002957787100 -> 100000008632060100 -> 100000000437046100 -> 100000007639767100 -> 100000006866783100 -> 100000004070318100,6000.0,183693.0
6,100000004070318100 -> 100000002957787100 -> 100000008632060100 -> 100000000437046100 -> 100000008686313100 -> 100000006866783100 -> 100000004070318100,6000.0,1298908.0
6,100000004070318100 -> 100000002957787100 -> 100000008632060100 -> 100000008603629100 -> 100000004351795100 -> 100000000437046100 -> 100000004070318100,6000.0,718018.0
6,100000004070318100 -> 100000002957787100 -> 100000008632060100 -> 100000008603629100 -> 100000008686313100 -> 100000000437046100 -> 100000004070318100,6000.0,258493.0
6,100000004070318100 -> 100000002957787100 -> 100000008632060100 -> 100000008603629100 -> 100000008686313100 -> 100000006866783100 -> 100000004070318100,6000.0,252118.0
6,100000004070318100 -> 100000002957787100 -> 100000008632060100 -> 100000008603629100 -> 100000001660397100 -> 100000006866783100 -> 100000004070318100,6000.0,181625.0
6,100000004070318100 -> 100000002957787100 -> 100000008632060100 -> 100000004400305100 -> 100000002645993100 -> 100000008413748100 -> 100000004070318100,6000.0,132251.55
6,100000008686313100 -> 100000008477350100 -> 100000005910114100 -> 100000002957787100 -> 100000008632060100 -> 100000008603629100 -> 100000008686313100,6000.0,344316.0
6,100000004070318100 -> 100000002957787100 -> 100000008632060100 -> 100000004400305100 -> 100000008304139100 -> 100000000437046100 -> 100000004070318100,6000.0,219701.0
6,100000004390333100 -> 100000008477350100 -> 100000005910114100 -> 100000002957787100 -> 100000008632060100 -> 100000004400305100 -> 100000004390333100,6000.0,291630.0
6,100000005910114100 -> 100000002957787100 -> 100000008632060100 -> 100000006866783100 -> 100000008304139100 -> 100000008477350100 -> 100000005910114100,6000.0,296390.0
6,100000005910114100 -> 100000002957787100 -> 100000008632060100 -> 100000004400305100 -> 100000005048668100 -> 100000008346837100 -> 100000005910114100,6000.0,201033.0
6,100000005910114100 -> 100000002957787100 -> 100000008632060100 -> 100000000437046100 -> 100000007639767100 -> 100000004400305100 -> 100000005910114100,6000.0,250392.0
6,100000005910114100 -> 100000002957787100 -> 100000008632060100 -> 100000004400305100 -> 100000008304139100 -> 100000008477350100 -> 100000005910114100,6000.0,338924.0
6,100000004070318100 -> 100000002957787100 -> 100000008632060100 -> 100000004400305100 -> 100000008304139100 -> 100000006866783100 -> 100000004070318100,6000.0,308426.0
6,100000005910114100 -> 100000002957787100 -> 100000008632060100 -> 100000004400305100 -> 100000005052998100 -> 100000008477350100 -> 100000005910114100,6000.0,270723.0
4,100000005910114100 -> 100000002957787100 -> 100000008632060100 -> 100000004400305100 -> 100000005910114100,6000.0,185024.0
6,100000005910114100 -> 100000002957787100 -> 100000008636603100 -> 100000003016635100 -> 100000004188160100 -> 100000008346837100 -> 100000005910114100,6000.0,289037.0
6,100000004070318100 -> 100000004400305100 -> 100000005910114100 -> 100000002957787100 -> 100000008632060100 -> 100000000437046100 -> 100000004070318100,6000.0,322324.0
6,100000005910114100 -> 100000002957787100 -> 100000008632060100 -> 100000006866783100 -> 100000007639767100 -> 100000004400305100 -> 100000005910114100,6000.0,198042.0
6,100000004390333100 -> 100000008477350100 -> 100000005910114100 -> 100000002957787100 -> 100000008632060100 -> 100000006866783100 -> 100000004390333100,6000.0,298574.0
6,100000000331309100 -> 100000004746397100 -> 100000002957787100 -> 100000008632060100 -> 100000001857829100 -> 100000003880331100 -> 100000000331309100,6000.0,673520.0
6,100000000331309100 -> 100000004746397100 -> 100000002957787100 -> 100000008632060100 -> 100000006866783100 -> 100000004403675100 -> 100000000331309100,6000.0,359642.0
6,100000001660397100 -> 100000008477350100 -> 100000005910114100 -> 100000002957787100 -> 100000008632060100 -> 100000006866783100 -> 100000001660397100,6000.0,244123.0
6,100000004070318100 -> 100000002957787100 -> 100000008632060100 -> 100000004400305100 -> 100000003213473100 -> 100000006866783100 -> 100000004070318100,6000.0,185825.0
6,100000004070318100 -> 100000004400305100 -> 100000005910114100 -> 100000002957787100 -> 100000008632060100 -> 100000006866783100 -> 100000004070318100,6000.0,249549.0
6,100000004070318100 -> 100000002957787100 -> 100000008632060100 -> 100000004400305100 -> 100000005910114100 -> 100000006866783100 -> 100000004070318100,6000.0,453205.0
6,100000004070318100 -> 100000002957787100 -> 100000008632060100 -> 100000004400305100 -> 100000001609499100 -> 100000006866783100 -> 100000004070318100,6000.0,242845.0
6,100000005910114100 -> 100000002957787100 -> 100000008632060100 -> 100000006866783100 -> 100000002306369100 -> 100000008477350100 -> 100000005910114100,6000.0,320989.0
2,100000002741024100 -> 100000008680912100 -> 100000002741024100,5990.85,51102.85
6,100000008686313100 -> 100000008477350100 -> 100000007593823100 -> 100000008346837100 -> 100000005910114100 -> 100000008603629100 -> 100000008686313100,5800.0,441926.0
6,100000008686313100 -> 100000008477350100 -> 100000007593823100 -> 100000008346837100 -> 100000005910114100 -> 100000006866783100 -> 100000008686313100,5800.0,600502.0
6,100000008443341100 -> 100000008477350100 -> 100000007593823100 -> 100000008346837100 -> 100000005910114100 -> 100000006866783100 -> 100000008443341100,5800.0,391021.0
6,100000008686313100 -> 100000008477350100 -> 100000007593823100 -> 100000008346837100 -> 100000004351795100 -> 100000000437046100 -> 100000008686313100,5800.0,1718094.0
6,100000005910114100 -> 100000008111003100 -> 100000003796063100 -> 100000004400305100 -> 100000007593823100 -> 100000008346837100 -> 100000005910114100,5800.0,207825.0
6,100000008686313100 -> 100000008477350100 -> 100000007593823100 -> 100000008346837100 -> 100000004351795100 -> 100000008603629100 -> 100000008686313100,5800.0,223804.0
6,100000004351795100 -> 100000008603629100 -> 100000007639767100 -> 100000004400305100 -> 100000007593823100 -> 100000008346837100 -> 100000004351795100,5800.0,156033.0
6,100000008603629100 -> 100000007639767100 -> 100000004400305100 -> 100000007593823100 -> 100000008346837100 -> 100000005048668100 -> 100000008603629100,5800.0,121022.0
6,100000008603629100 -> 100000007639767100 -> 100000004400305100 -> 100000007593823100 -> 100000008346837100 -> 100000005910114100 -> 100000008603629100,5800.0,374155.0
6,100000004351795100 -> 100000008603629100 -> 100000001660397100 -> 100000008477350100 -> 100000007593823100 -> 100000008346837100 -> 100000004351795100,5800.0,163611.0
6,100000005910114100 -> 100000006866783100 -> 100000007639767100 -> 100000004400305100 -> 100000007593823100 -> 100000008346837100 -> 100000005910114100,5800.0,382539.0
6,100000005910114100 -> 100000006866783100 -> 100000002306369100 -> 100000008477350100 -> 100000007593823100 -> 100000008346837100 -> 100000005910114100,5800.0,457687.0
6,100000004351795100 -> 100000003242289100 -> 100000004140487100 -> 100000004400305100 -> 100000007593823100 -> 100000008346837100 -> 100000004351795100,5800.0,148821.0
6,100000004351795100 -> 100000003242289100 -> 100000008304139100 -> 100000008477350100 -> 100000007593823100 -> 100000008346837100 -> 100000004351795100,5800.0,247881.0
6,100000005910114100 -> 100000008111003100 -> 100000003796063100 -> 100000008477350100 -> 100000007593823100 -> 100000008346837100 -> 100000005910114100,5800.0,324825.0
6,100000008686313100 -> 100000008477350100 -> 100000007593823100 -> 100000008346837100 -> 100000005048668100 -> 100000008603629100 -> 100000008686313100,5800.0,188793.0
6,100000004070318100 -> 100000004400305100 -> 100000007593823100 -> 100000008346837100 -> 100000005910114100 -> 100000006866783100 -> 100000004070318100,5800.0,434046.0
6,100000004070318100 -> 100000008477350100 -> 100000007593823100 -> 100000008346837100 -> 100000004351795100 -> 100000000437046100 -> 100000004070318100,5800.0,702311.0
6,100000004390333100 -> 100000008477350100 -> 100000007593823100 -> 100000008346837100 -> 100000005910114100 -> 100000006866783100 -> 100000004390333100,5800.0,435272.0
6,100000008603629100 -> 100000001660397100 -> 100000008477350100 -> 100000007593823100 -> 100000008346837100 -> 100000005048668100 -> 100000008603629100,5800.0,128600.0
6,100000004070318100 -> 100000008477350100 -> 100000007593823100 -> 100000008346837100 -> 100000005910114100 -> 100000006866783100 -> 100000004070318100,5800.0,439246.0
6,100000005910114100 -> 100000006866783100 -> 100000008304139100 -> 100000008477350100 -> 100000007593823100 -> 100000008346837100 -> 100000005910114100,5800.0,433088.0
6,100000004070318100 -> 100000004400305100 -> 100000007593823100 -> 100000008346837100 -> 100000004351795100 -> 100000000437046100 -> 100000004070318100,5800.0,697111.0
6,100000001660397100 -> 100000008477350100 -> 100000007593823100 -> 100000008346837100 -> 100000005910114100 -> 100000006866783100 -> 100000001660397100,5800.0,380821.0
6,100000008603629100 -> 100000001660397100 -> 100000008477350100 -> 100000007593823100 -> 100000008346837100 -> 100000005910114100 -> 100000008603629100,5800.0,381733.0
6,100000005910114100 -> 100000002957787100 -> 100000008632060100 -> 100000004400305100 -> 100000007593823100 -> 100000008346837100 -> 100000005910114100,5800.0,199665.0
6,100000004351795100 -> 100000000437046100 -> 100000007639767100 -> 100000004400305100 -> 100000007593823100 -> 100000008346837100 -> 100000004351795100,5800.0,625179.0
2,100000003148220100 -> 100000004971871100 -> 100000003148220100,5650.0,31050.0
2,100000000706545100 -> 100000006901046100 -> 100000000706545100,5500.0,81300.0
5,100000008686313100 -> 100000000437046100 -> 100000008603629100 -> 100000007639767100 -> 100000006866783100 -> 100000008686313100,5000.0,293103.0
2,100000006274203100 -> 100000007594394100 -> 100000006274203100,5000.0,3381312.0
2,100000000076451100 -> 100000004629688100 -> 100000000076451100,5000.0,20000.0
5,100000004351795100 -> 100000003242289100 -> 100000008304139100 -> 100000000437046100 -> 100000008603629100 -> 100000004351795100,5000.0,199988.0
6,100000008686313100 -> 100000000437046100 -> 100000008603629100 -> 100000001660397100 -> 100000006866783100 -> 100000008137435100 -> 100000008686313100,5000.0,182806.0
2,100000002578405100 -> 100000005041905100 -> 100000002578405100,5000.0,1085351.0
5,100000008686313100 -> 100000000437046100 -> 100000008603629100 -> 100000007639767100 -> 100000004400305100 -> 100000008686313100,5000.0,150339.0
5,100000008686313100 -> 100000000437046100 -> 100000008603629100 -> 100000001660397100 -> 100000006866783100 -> 100000008686313100,5000.0,312681.0
6,100000008686313100 -> 100000000437046100 -> 100000008603629100 -> 100000001857829100 -> 100000003880331100 -> 100000000331309100 -> 100000008686313100,5000.0,1235242.0
3,100000008686313100 -> 100000000437046100 -> 100000008603629100 -> 100000008686313100,5000.0,109893.0
2,100000003741418100 -> 100000006111439100 -> 100000003741418100,5000.0,10720.0
2,100000005339662100 -> 100000005175148100 -> 100000005339662100,5000.0,20000.0
2,100000001049200100 -> 100000003016635100 -> 100000001049200100,5000.0,11014.0
6,100000004351795100 -> 100000008512552100 -> 100000003242289100 -> 100000008304139100 -> 100000000437046100 -> 100000008603629100 -> 100000004351795100,5000.0,865879.0
6,100000008121806100 -> 100000008346837100 -> 100000004351795100 -> 100000008603629100 -> 100000003178549100 -> 100000001857829100 -> 100000008121806100,5000.0,277511.0
2,100000005602999100 -> 100000003635170100 -> 100000005602999100,5000.0,16000.0
4,100000008736940100 -> 100000008193577100 -> 100000005456919100 -> 100000008659445100 -> 100000008736940100,5000.0,540800.0
5,100000008736940100 -> 100000008193577100 -> 100000005456919100 -> 100000008659445100 -> 100000008751429100 -> 100000008736940100,5000.0,632600.0
3,100000008193577100 -> 100000005456919100 -> 100000008659445100 -> 100000008193577100,5000.0,308000.0
2,100000008659445100 -> 100000005456919100 -> 100000008659445100,5000.0,268950.0
5,100000008121806100 -> 100000008346837100 -> 100000005048668100 -> 100000008603629100 -> 100000001857829100 -> 100000008121806100,5000.0,551500.0
6,100000008121806100 -> 100000008346837100 -> 100000005048668100 -> 100000008603629100 -> 100000003178549100 -> 100000001857829100 -> 100000008121806100,5000.0,242500.0
5,100000008121806100 -> 100000008346837100 -> 100000004351795100 -> 100000008603629100 -> 100000001857829100 -> 100000008121806100,5000.0,586511.0
5,100000008686313100 -> 100000000437046100 -> 100000008603629100 -> 100000001609499100 -> 100000006866783100 -> 100000008686313100,5000.0,326037.0
2,100000001740277100 -> 100000001677929100 -> 100000001740277100,5000.0,13700.0
6,100000008121806100 -> 100000008346837100 -> 100000004351795100 -> 100000003242289100 -> 100000008304139100 -> 100000001857829100 -> 100000008121806100,5000.0,296081.0
6,100000008121806100 -> 100000008346837100 -> 100000005910114100 -> 100000002957787100 -> 100000008632060100 -> 100000001857829100 -> 100000008121806100,5000.0,236365.0
6,100000008121806100 -> 100000008346837100 -> 100000004351795100 -> 100000008512552100 -> 100000003178549100 -> 100000001857829100 -> 100000008121806100,5000.0,616611.0
5,100000004351795100 -> 100000000437046100 -> 100000008603629100 -> 100000001609499100 -> 100000006866783100 -> 100000004351795100,5000.0,680060.0
5,100000004351795100 -> 100000000437046100 -> 100000008603629100 -> 100000007639767100 -> 100000006866783100 -> 100000004351795100,5000.0,647126.0
5,100000004351795100 -> 100000000437046100 -> 100000008603629100 -> 100000001660397100 -> 100000006866783100 -> 100000004351795100,5000.0,666704.0
3,100000004351795100 -> 100000000437046100 -> 100000008603629100 -> 100000004351795100,5000.0,569418.0
6,100000008121806100 -> 100000008346837100 -> 100000004351795100 -> 100000000437046100 -> 100000008603629100 -> 100000001857829100 -> 100000008121806100,5000.0,1056511.0
4,100000008121806100 -> 100000008346837100 -> 100000005910114100 -> 100000001857829100 -> 100000008121806100,5000.0,213044.0
5,100000008121806100 -> 100000008346837100 -> 100000005910114100 -> 100000008603629100 -> 100000001857829100 -> 100000008121806100,5000.0,804633.0
6,100000008121806100 -> 100000008346837100 -> 100000005910114100 -> 100000008603629100 -> 100000003178549100 -> 100000001857829100 -> 100000008121806100,5000.0,495633.0
6,100000008121806100 -> 100000008346837100 -> 100000005910114100 -> 100000006866783100 -> 100000008304139100 -> 100000001857829100 -> 100000008121806100,5000.0,481288.0
6,100000008686313100 -> 100000000437046100 -> 100000008603629100 -> 100000007639767100 -> 100000006866783100 -> 100000008137435100 -> 100000008686313100,5000.0,163228.0
2,100000004765639100 -> 100000004180097100 -> 100000004765639100,5000.0,11000.0
6,100000008686313100 -> 100000000437046100 -> 100000008603629100 -> 100000001609499100 -> 100000006866783100 -> 100000008137435100 -> 100000008686313100,5000.0,196162.0
3,100000001232297100 -> 100000005882013100 -> 100000005074393100 -> 100000001232297100,5000.0,30000.0
5,100000008686313100 -> 100000006866783100 -> 100000004351795100 -> 100000000437046100 -> 100000008603629100 -> 100000008686313100,5000.0,737197.0
5,100000008686313100 -> 100000006866783100 -> 100000008304139100 -> 100000000437046100 -> 100000008603629100 -> 100000008686313100,5000.0,182360.0
5,100000008603629100 -> 100000007639767100 -> 100000004400305100 -> 100000008304139100 -> 100000000437046100 -> 100000008603629100,5000.0,114823.0
5,100000008603629100 -> 100000007639767100 -> 100000004400305100 -> 100000004390333100 -> 100000000437046100 -> 100000008603629100,5000.0,157529.0
4,100000005287097100 -> 100000003016635100 -> 100000008169544100 -> 100000004156082100 -> 100000005287097100,5000.0,551054.0
3,100000008603629100 -> 100000007639767100 -> 100000000437046100 -> 100000008603629100,5000.0,78722.0
6,100000005287097100 -> 100000004150593100 -> 100000008595687100 -> 100000003016635100 -> 100000008169544100 -> 100000004156082100 -> 100000005287097100,5000.0,290349.0
5,100000008413748100 -> 100000008304139100 -> 100000000437046100 -> 100000008603629100 -> 100000001660397100 -> 100000008413748100,5000.0,103391.75
5,100000008603629100 -> 100000001660397100 -> 100000008477350100 -> 100000007639767100 -> 100000000437046100 -> 100000008603629100,5000.0,112605.0
5,100000008603629100 -> 100000001660397100 -> 100000006866783100 -> 100000008304139100 -> 100000000437046100 -> 100000008603629100,5000.0,111867.0
2,100000004386331100 -> 100000004386258100 -> 100000004386331100,5000.0,25000.0
5,100000008603629100 -> 100000001660397100 -> 100000006866783100 -> 100000007639767100 -> 100000000437046100 -> 100000008603629100,5000.0,131318.0
5,100000008603629100 -> 100000001660397100 -> 100000006866783100 -> 100000004390333100 -> 100000000437046100 -> 100000008603629100,5000.0,204051.0
2,100000004715209100 -> 100000008603331100 -> 100000004715209100,5000.0,16500.0
5,100000008603629100 -> 100000001660397100 -> 100000006866783100 -> 100000000089154100 -> 100000000437046100 -> 100000008603629100,5000.0,100300.0
4,100000007593823100 -> 100000008111003100 -> 100000003796063100 -> 100000008346837100 -> 100000007593823100,5000.0,169000.0
2,100000007593823100 -> 100000008346837100 -> 100000007593823100,5000.0,10800.0
5,100000008603629100 -> 100000002723538100 -> 100000003242289100 -> 100000008304139100 -> 100000000437046100 -> 100000008603629100,5000.0,232217.0
6,100000005048668100 -> 100000008346837100 -> 100000007593823100 -> 100000008111003100 -> 100000003796063100 -> 100000004400305100 -> 100000005048668100,5000.0,83168.0
3,100000004765639100 -> 100000002293421100 -> 100000004180097100 -> 100000004765639100,5000.0,32000.0
5,100000008686313100 -> 100000006866783100 -> 100000007639767100 -> 100000000437046100 -> 100000008603629100 -> 100000008686313100,5000.0,201811.0
5,100000008686313100 -> 100000006866783100 -> 100000004390333100 -> 100000000437046100 -> 100000008603629100 -> 100000008686313100,5000.0,274544.0
5,100000008686313100 -> 100000008477350100 -> 100000007639767100 -> 100000000437046100 -> 100000008603629100 -> 100000008686313100,5000.0,172798.0
2,100000001232297100 -> 100000005074393100 -> 100000001232297100,5000.0,35000.0
5,100000008086440100 -> 100000000437046100 -> 100000008603629100 -> 100000001660397100 -> 100000008477350100 -> 100000008086440100,5000.0,287533.0
2,100000008546855100 -> 100000007689942100 -> 100000008546855100,5000.0,10000.0
2,100000008582730100 -> 100000008546855100 -> 100000008582730100,5000.0,10000.0
2,100000005367445100 -> 100000005413948100 -> 100000005367445100,5000.0,10000.0
6,100000004070318100 -> 100000008346837100 -> 100000007593823100 -> 100000008111003100 -> 100000003796063100 -> 100000006866783100 -> 100000004070318100,5000.0,249284.0
6,100000004070318100 -> 100000008346837100 -> 100000007593823100 -> 100000008111003100 -> 100000003796063100 -> 100000004400305100 -> 100000004070318100,5000.0,149059.0
4,100000008169544100 -> 100000004156082100 -> 100000004188160100 -> 100000003016635100 -> 100000008169544100,5000.0,168704.0
5,100000008603629100 -> 100000001609499100 -> 100000006866783100 -> 100000008304139100 -> 100000000437046100 -> 100000008603629100,5000.0,125223.0
5,100000008603629100 -> 100000007639767100 -> 100000006866783100 -> 100000000089154100 -> 100000000437046100 -> 100000008603629100,5000.0,80722.0
5,100000008603629100 -> 100000001609499100 -> 100000006866783100 -> 100000007639767100 -> 100000000437046100 -> 100000008603629100,5000.0,144674.0
2,100000007322059100 -> 100000004552204100 -> 100000007322059100,5000.0,27500.0
5,100000008603629100 -> 100000001609499100 -> 100000006866783100 -> 100000004390333100 -> 100000000437046100 -> 100000008603629100,5000.0,217407.0
5,100000008603629100 -> 100000001609499100 -> 100000006866783100 -> 100000000089154100 -> 100000000437046100 -> 100000008603629100,5000.0,113656.0
5,100000008686313100 -> 100000008477350100 -> 100000008086440100 -> 100000000437046100 -> 100000008603629100 -> 100000008686313100,5000.0,347726.0
5,100000008603629100 -> 100000007639767100 -> 100000006866783100 -> 100000008304139100 -> 100000000437046100 -> 100000008603629100,5000.0,92289.0
5,100000008686313100 -> 100000006866783100 -> 100000000089154100 -> 100000000437046100 -> 100000008603629100 -> 100000008686313100,5000.0,170793.0
5,100000008603629100 -> 100000007639767100 -> 100000006866783100 -> 100000004390333100 -> 100000000437046100 -> 100000008603629100,5000.0,184473.0
2,100000008686247100 -> 100000005664922100 -> 100000008686247100,5000.0,27000.0
