formation_id,kind,n_members,n_seeds,min_hop_from_seed,kzt_through,kzt_retained_share,breaking_point_gid,breaking_point_method,breaking_point_effect,score,rank,hypothesis,evidence
FUN-001,funnel,4,1,0,12684846.0,0.0387,100000003684369100,articulation,3.0,0.6944,1,"The figures suggest 3 accounts sending a dominant share of their outflow into 100000003684369100, 12,684,846 KZT touching the set with 4% of it staying inside, which is worth checking as one collection point rather than 3 unrelated payers.","funnel: n=4, seeds=1, hop=0, through=12,684,846 KZT, retained=0.04; break 100000003684369100 by articulation cuts 3 of 3 members; fragility=1.00, score=0.6944"
FUN-004,funnel,5,0,1,18313240.0,0.5991,100000002224132100,articulation,4.0,0.676,2,"The figures suggest 4 accounts sending a dominant share of their outflow into 100000002224132100, 18,313,240 KZT touching the set with 60% of it staying inside, which is worth checking as one collection point rather than 4 unrelated payers.","funnel: n=5, seeds=0, hop=1, through=18,313,240 KZT, retained=0.60; break 100000002224132100 by articulation cuts 4 of 4 members; fragility=1.00, score=0.6760"
FUN-008,funnel,5,4,0,587266.0,0.2419,100000005382566100,articulation,4.0,0.6463,3,"The figures suggest 4 accounts sending a dominant share of their outflow into 100000005382566100, 587,266 KZT touching the set with 24% of it staying inside, which is worth checking as one collection point rather than 4 unrelated payers.","funnel: n=5, seeds=4, hop=0, through=587,266 KZT, retained=0.24; break 100000005382566100 by articulation cuts 4 of 4 members; fragility=1.00, score=0.6463"
FAN-011,fan_out,108,1,0,3440249.0,0.9308,100000002527114100,articulation,107.0,0.6446,4,"One account spreads 3,440,249 KZT across 107 receivers, every one of them observed to the end with no onward transfer in the window, 93% of the money staying inside the set, which is worth checking as a dispersal point before the receivers are treated separately.","fan_out: n=108, seeds=1, hop=0, through=3,440,249 KZT, retained=0.93; receivers=107 observed/0 at crawl boundary; break 100000002527114100 by articulation cuts 107 of 107 members; fragility=1.00, score=0.6446"
FAN-001,fan_out,44,1,0,15050614.0,0.4085,100000003684369100,articulation,43.0,0.6359,5,"One account spreads 15,050,614 KZT across 43 receivers, every one of them observed to the end with no onward transfer in the window, 41% of the money staying inside the set, which is worth checking as a dispersal point before the receivers are treated separately.","fan_out: n=44, seeds=1, hop=0, through=15,050,614 KZT, retained=0.41; receivers=43 observed/0 at crawl boundary; break 100000003684369100 by articulation cuts 43 of 43 members; fragility=1.00, score=0.6359"
FUN-005,funnel,4,3,0,279997.0,0.6893,100000004019124100,articulation,3.0,0.6343,6,"The figures suggest 3 accounts sending a dominant share of their outflow into 100000004019124100, 279,997 KZT touching the set with 69% of it staying inside, which is worth checking as one collection point rather than 3 unrelated payers.","funnel: n=4, seeds=3, hop=0, through=279,997 KZT, retained=0.69; break 100000004019124100 by articulation cuts 3 of 3 members; fragility=1.00, score=0.6343"
LOOP-126,reciprocal_loop,3,3,0,4190461.0,0.8052,100000001732159100,flow,3082066.0,0.6254,7,"These 3 accounts return funds to each other, 4,190,461 KZT touching the set with 81% of it never leaving, which is worth checking against what each leg was said to be for.","reciprocal_loop: n=3, seeds=3, hop=0, through=4,190,461 KZT, retained=0.81; break 100000001732159100 by flow stops 3,082,066 of 3,374,066 KZT internal; fragility=0.91, score=0.6254"
FAN-005,fan_out,37,1,0,11077604.68,0.4268,100000003016635100,articulation,36.0,0.6233,8,"One account spreads 11,077,605 KZT across 36 receivers, every one of them observed to the end with no onward transfer in the window, 43% of the money staying inside the set, which is worth checking as a dispersal point before the receivers are treated separately.","fan_out: n=37, seeds=1, hop=0, through=11,077,605 KZT, retained=0.43; receivers=36 observed/0 at crawl boundary; break 100000003016635100 by articulation cuts 36 of 36 members; fragility=1.00, score=0.6233"
FUN-002,funnel,4,1,0,1216626.0,0.2627,100000004015047100,articulation,3.0,0.6153,9,"The figures suggest 3 accounts sending a dominant share of their outflow into 100000004015047100, 1,216,626 KZT touching the set with 26% of it staying inside, which is worth checking as one collection point rather than 3 unrelated payers.","funnel: n=4, seeds=1, hop=0, through=1,216,626 KZT, retained=0.26; break 100000004015047100 by articulation cuts 3 of 3 members; fragility=1.00, score=0.6153"
BRG-006,bridge,83,3,0,17070959.75,0.5602,100000003684369100,articulation,82.0,0.61,10,"These 82 accounts reach the rest of their community only through 100000003684369100, whose removal would detach 82 of them from 17,070,960 KZT of observed flow, which is worth checking as a shared route rather than a coincidence of the crawl.","bridge: n=83, seeds=3, hop=0, through=17,070,960 KZT, retained=0.56; break 100000003684369100 by articulation cuts 82 of 82 members; fragility=1.00, score=0.6100"
LOOP-127,reciprocal_loop,2,2,0,4190461.0,0.636,100000001732159100,flow,2664990.0,0.6061,11,"These 2 accounts return funds to each other, 4,190,461 KZT touching the set with 64% of it never leaving, which is worth checking against what each leg was said to be for.","reciprocal_loop: n=2, seeds=2, hop=0, through=4,190,461 KZT, retained=0.64; break 100000001732159100 by flow stops 2,664,990 of 2,664,990 KZT internal; fragility=1.00, score=0.6061"
FUN-007,funnel,4,2,0,284000.0,0.5458,100000008516839100,articulation,3.0,0.6006,12,"The figures suggest 3 accounts sending a dominant share of their outflow into 100000008516839100, 284,000 KZT touching the set with 55% of it staying inside, which is worth checking as one collection point rather than 3 unrelated payers.","funnel: n=4, seeds=2, hop=0, through=284,000 KZT, retained=0.55; break 100000008516839100 by articulation cuts 3 of 3 members; fragility=1.00, score=0.6006"
FAN-004,fan_out,23,1,0,6574458.0,0.4113,100000000343175100,articulation,22.0,0.5946,13,"One account spreads 6,574,458 KZT across 22 receivers, every one of them observed to the end with no onward transfer in the window, 41% of the money staying inside the set, which is worth checking as a dispersal point before the receivers are treated separately.","fan_out: n=23, seeds=1, hop=0, through=6,574,458 KZT, retained=0.41; receivers=22 observed/0 at crawl boundary; break 100000000343175100 by articulation cuts 22 of 22 members; fragility=1.00, score=0.5946"
CHN-005,chain,5,1,0,10144062.0,0.0081,100000000507799100,dominator,3.0,0.5926,14,"Funds appear to move through 5 accounts in sequence starting 0 hop(s) from a known client, 10,144,062 KZT touching the run and 1% of it staying inside, which is consistent with a transit route and worth checking step by step.","chain: n=5, seeds=1, hop=0, through=10,144,062 KZT, retained=0.01; break 100000000507799100 by dominator cuts 3 of 4 members; fragility=0.75, score=0.5926"
FAN-042,fan_out,18,1,0,6072519.4,0.4685,100000007747786100,articulation,17.0,0.5916,15,"One account spreads 6,072,519 KZT across 17 receivers, every one of them observed to the end with no onward transfer in the window, 47% of the money staying inside the set, which is worth checking as a dispersal point before the receivers are treated separately.","fan_out: n=18, seeds=1, hop=0, through=6,072,519 KZT, retained=0.47; receivers=17 observed/0 at crawl boundary; break 100000007747786100 by articulation cuts 17 of 17 members; fragility=1.00, score=0.5916"
LOOP-007,reciprocal_loop,4,1,0,14710825.0,0.1,100000008686313100,flow,1407464.0,0.5916,16,"These 4 accounts return funds to each other, 14,710,825 KZT touching the set with 10% of it never leaving, which is worth checking against what each leg was said to be for.","reciprocal_loop: n=4, seeds=1, hop=0, through=14,710,825 KZT, retained=0.10; break 100000008686313100 by flow stops 1,407,464 of 1,471,464 KZT internal; fragility=0.96, score=0.5916"
LOOP-015,reciprocal_loop,4,1,0,30714109.0,0.0245,100000008686313100,flow,646323.0,0.5915,17,"These 4 accounts return funds to each other, 30,714,109 KZT touching the set with 2% of it never leaving, which is worth checking against what each leg was said to be for.","reciprocal_loop: n=4, seeds=1, hop=0, through=30,714,109 KZT, retained=0.02; break 100000008686313100 by flow stops 646,323 of 752,945 KZT internal; fragility=0.86, score=0.5915"
CHN-027,chain,4,1,0,8039540.0,0.3426,100000003835149100,dominator,2.0,0.5906,18,"Funds appear to move through 4 accounts in sequence starting 0 hop(s) from a known client, 8,039,540 KZT touching the run and 34% of it staying inside, which is consistent with a transit route and worth checking step by step.","chain: n=4, seeds=1, hop=0, through=8,039,540 KZT, retained=0.34; break 100000003835149100 by dominator cuts 2 of 3 members; fragility=0.67, score=0.5906"
BRG-043,bridge,150,1,0,5712394.0,0.9661,100000001697501100,articulation,149.0,0.5877,19,"These 149 accounts reach the rest of their community only through 100000001697501100, whose removal would detach 149 of them from 5,712,394 KZT of observed flow, which is worth checking as a shared route rather than a coincidence of the crawl.","bridge: n=150, seeds=1, hop=0, through=5,712,394 KZT, retained=0.97; break 100000001697501100 by articulation cuts 149 of 149 members; fragility=1.00, score=0.5877"
LOOP-042,reciprocal_loop,4,1,0,15141596.0,0.1003,100000008686313100,flow,1407464.0,0.5865,20,"These 4 accounts return funds to each other, 15,141,596 KZT touching the set with 10% of it never leaving, which is worth checking against what each leg was said to be for.","reciprocal_loop: n=4, seeds=1, hop=0, through=15,141,596 KZT, retained=0.10; break 100000008686313100 by flow stops 1,407,464 of 1,518,350 KZT internal; fragility=0.93, score=0.5865"
FAN-007,fan_out,28,1,0,7141431.94,0.2133,100000006866783100,articulation,27.0,0.5855,21,"One account spreads 7,141,432 KZT across 27 receivers, every one of them observed to the end with no onward transfer in the window, 21% of the money staying inside the set, which is worth checking as a dispersal point before the receivers are treated separately.","fan_out: n=28, seeds=1, hop=0, through=7,141,432 KZT, retained=0.21; receivers=27 observed/0 at crawl boundary; break 100000006866783100 by articulation cuts 27 of 27 members; fragility=1.00, score=0.5855"
BRG-056,bridge,35,3,0,5343423.28,0.8853,100000004156082100,articulation,34.0,0.5824,22,"These 34 accounts reach the rest of their community only through 100000004156082100, whose removal would detach 34 of them from 5,343,423 KZT of observed flow, which is worth checking as a shared route rather than a coincidence of the crawl.","bridge: n=35, seeds=3, hop=0, through=5,343,423 KZT, retained=0.89; break 100000004156082100 by articulation cuts 34 of 34 members; fragility=1.00, score=0.5824"
FAN-003,fan_out,57,0,1,26454600.75,0.3772,100000000331309100,articulation,56.0,0.5821,23,"One account spreads 26,454,601 KZT across 56 receivers, every one of them observed to the end with no onward transfer in the window, 38% of the money staying inside the set, which is worth checking as a dispersal point before the receivers are treated separately.","fan_out: n=57, seeds=0, hop=1, through=26,454,601 KZT, retained=0.38; receivers=56 observed/0 at crawl boundary; break 100000000331309100 by articulation cuts 56 of 56 members; fragility=1.00, score=0.5821"
LOOP-066,reciprocal_loop,3,1,0,1404980.0,0.9856,100000001872484100,flow,1365800.0,0.582,24,"These 3 accounts return funds to each other, 1,404,980 KZT touching the set with 99% of it never leaving, which is worth checking against what each leg was said to be for.","reciprocal_loop: n=3, seeds=1, hop=0, through=1,404,980 KZT, retained=0.99; break 100000001872484100 by flow stops 1,365,800 of 1,384,800 KZT internal; fragility=0.99, score=0.5820"
CHN-010,chain,4,1,0,1404980.0,1.0,100000008601794100,dominator,2.0,0.5813,25,"Funds appear to move through 4 accounts in sequence starting 0 hop(s) from a known client, 1,404,980 KZT touching the run and 100% of it staying inside, which is consistent with a transit route and worth checking step by step.","chain: n=4, seeds=1, hop=0, through=1,404,980 KZT, retained=1.00; break 100000008601794100 by dominator cuts 2 of 3 members; fragility=0.67, score=0.5813"
CHN-039,chain,4,1,0,12901841.0,0.0355,100000003946524100,dominator,2.0,0.5809,26,"Funds appear to move through 4 accounts in sequence starting 0 hop(s) from a known client, 12,901,841 KZT touching the run and 4% of it staying inside, which is consistent with a transit route and worth checking step by step.","chain: n=4, seeds=1, hop=0, through=12,901,841 KZT, retained=0.04; break 100000003946524100 by dominator cuts 2 of 3 members; fragility=0.67, score=0.5809"
LOOP-075,reciprocal_loop,4,1,0,13032894.11,0.0462,100000005287097100,flow,570173.0,0.5806,27,"These 4 accounts return funds to each other, 13,032,894 KZT touching the set with 5% of it never leaving, which is worth checking against what each leg was said to be for.","reciprocal_loop: n=4, seeds=1, hop=0, through=13,032,894 KZT, retained=0.05; break 100000005287097100 by flow stops 570,173 of 602,187 KZT internal; fragility=0.95, score=0.5806"
CHN-033,chain,4,1,0,2809200.0,0.6796,100000004135268100,dominator,2.0,0.5794,28,"Funds appear to move through 4 accounts in sequence starting 0 hop(s) from a known client, 2,809,200 KZT touching the run and 68% of it staying inside, which is consistent with a transit route and worth checking step by step.","chain: n=4, seeds=1, hop=0, through=2,809,200 KZT, retained=0.68; break 100000004135268100 by dominator cuts 2 of 3 members; fragility=0.67, score=0.5794"
LOOP-195,reciprocal_loop,4,1,0,12834330.11,0.0207,100000003016635100,flow,251666.0,0.5782,29,"These 4 accounts return funds to each other, 12,834,330 KZT touching the set with 2% of it never leaving, which is worth checking against what each leg was said to be for.","reciprocal_loop: n=4, seeds=1, hop=0, through=12,834,330 KZT, retained=0.02; break 100000003016635100 by flow stops 251,666 of 265,266 KZT internal; fragility=0.95, score=0.5782"
LOOP-043,reciprocal_loop,4,1,0,16024084.75,0.1002,100000008686313100,flow,1407464.0,0.5779,30,"These 4 accounts return funds to each other, 16,024,085 KZT touching the set with 10% of it never leaving, which is worth checking against what each leg was said to be for.","reciprocal_loop: n=4, seeds=1, hop=0, through=16,024,085 KZT, retained=0.10; break 100000008686313100 by flow stops 1,407,464 of 1,605,031 KZT internal; fragility=0.88, score=0.5779"
LOOP-214,reciprocal_loop,2,1,0,12437091.0,0.0322,100000003299365100,flow,400000.0,0.5779,31,"These 2 accounts return funds to each other, 12,437,091 KZT touching the set with 3% of it never leaving, which is worth checking against what each leg was said to be for.","reciprocal_loop: n=2, seeds=1, hop=0, through=12,437,091 KZT, retained=0.03; break 100000003299365100 by flow stops 400,000 of 400,000 KZT internal; fragility=1.00, score=0.5779"
LOOP-135,reciprocal_loop,2,1,0,1404980.0,0.9586,100000001872484100,flow,1346800.0,0.5763,32,"These 2 accounts return funds to each other, 1,404,980 KZT touching the set with 96% of it never leaving, which is worth checking against what each leg was said to be for.","reciprocal_loop: n=2, seeds=1, hop=0, through=1,404,980 KZT, retained=0.96; break 100000001872484100 by flow stops 1,346,800 of 1,346,800 KZT internal; fragility=1.00, score=0.5763"
LOOP-038,reciprocal_loop,4,1,0,14704632.0,0.1097,100000008686313100,flow,1407464.0,0.5746,33,"These 4 accounts return funds to each other, 14,704,632 KZT touching the set with 11% of it never leaving, which is worth checking against what each leg was said to be for.","reciprocal_loop: n=4, seeds=1, hop=0, through=14,704,632 KZT, retained=0.11; break 100000008686313100 by flow stops 1,407,464 of 1,613,215 KZT internal; fragility=0.87, score=0.5746"
BRG-004,bridge,45,1,0,10830644.42,0.7984,100000007747786100,articulation,44.0,0.5741,34,"These 44 accounts reach the rest of their community only through 100000007747786100, whose removal would detach 44 of them from 10,830,644 KZT of observed flow, which is worth checking as a shared route rather than a coincidence of the crawl.","bridge: n=45, seeds=1, hop=0, through=10,830,644 KZT, retained=0.80; break 100000007747786100 by articulation cuts 44 of 44 members; fragility=1.00, score=0.5741"
LOOP-200,reciprocal_loop,2,1,0,11738262.0,0.0106,100000003016635100,flow,124530.0,0.5739,35,"These 2 accounts return funds to each other, 11,738,262 KZT touching the set with 1% of it never leaving, which is worth checking against what each leg was said to be for.","reciprocal_loop: n=2, seeds=1, hop=0, through=11,738,262 KZT, retained=0.01; break 100000003016635100 by flow stops 124,530 of 124,530 KZT internal; fragility=1.00, score=0.5739"
LOOP-199,reciprocal_loop,2,1,0,10322312.0,0.0488,100000003016635100,flow,503223.0,0.5724,36,"These 2 accounts return funds to each other, 10,322,312 KZT touching the set with 5% of it never leaving, which is worth checking against what each leg was said to be for.","reciprocal_loop: n=2, seeds=1, hop=0, through=10,322,312 KZT, retained=0.05; break 100000003016635100 by flow stops 503,223 of 503,223 KZT internal; fragility=1.00, score=0.5724"
LOOP-196,reciprocal_loop,4,1,0,12972784.11,0.0562,100000003016635100,flow,657627.0,0.5716,37,"These 4 accounts return funds to each other, 12,972,784 KZT touching the set with 6% of it never leaving, which is worth checking against what each leg was said to be for.","reciprocal_loop: n=4, seeds=1, hop=0, through=12,972,784 KZT, retained=0.06; break 100000003016635100 by flow stops 657,627 of 729,577 KZT internal; fragility=0.90, score=0.5716"
LOOP-026,reciprocal_loop,4,1,0,14858706.55,0.1109,100000008686313100,flow,1407464.0,0.5713,38,"These 4 accounts return funds to each other, 14,858,707 KZT touching the set with 11% of it never leaving, which is worth checking against what each leg was said to be for.","reciprocal_loop: n=4, seeds=1, hop=0, through=14,858,707 KZT, retained=0.11; break 100000008686313100 by flow stops 1,407,464 of 1,647,189 KZT internal; fragility=0.85, score=0.5713"
LOOP-269,reciprocal_loop,3,1,0,2809200.0,0.7525,100000004135268100,flow,1914000.0,0.5705,39,"These 3 accounts return funds to each other, 2,809,200 KZT touching the set with 75% of it never leaving, which is worth checking against what each leg was said to be for.","reciprocal_loop: n=3, seeds=1, hop=0, through=2,809,200 KZT, retained=0.75; break 100000004135268100 by flow stops 1,914,000 of 2,114,000 KZT internal; fragility=0.91, score=0.5705"
LOOP-032,reciprocal_loop,4,1,0,15564415.0,0.1295,100000000437046100,flow,1676183.0,0.5697,40,"These 4 accounts return funds to each other, 15,564,415 KZT touching the set with 13% of it never leaving, which is worth checking against what each leg was said to be for.","reciprocal_loop: n=4, seeds=1, hop=0, through=15,564,415 KZT, retained=0.13; break 100000000437046100 by flow stops 1,676,183 of 2,015,868 KZT internal; fragility=0.83, score=0.5697"
CHN-031,chain,4,1,0,10184333.68,0.0163,100000005539201100,dominator,2.0,0.5693,41,"Funds appear to move through 4 accounts in sequence starting 0 hop(s) from a known client, 10,184,334 KZT touching the run and 2% of it staying inside, which is consistent with a transit route and worth checking step by step.","chain: n=4, seeds=1, hop=0, through=10,184,334 KZT, retained=0.02; break 100000005539201100 by dominator cuts 2 of 3 members; fragility=0.67, score=0.5693"
LOOP-296,reciprocal_loop,4,1,0,13600787.0,0.0293,100000008686313100,flow,355698.0,0.5691,42,"These 4 accounts return funds to each other, 13,600,787 KZT touching the set with 3% of it never leaving, which is worth checking against what each leg was said to be for.","reciprocal_loop: n=4, seeds=1, hop=0, through=13,600,787 KZT, retained=0.03; break 100000008686313100 by flow stops 355,698 of 398,716 KZT internal; fragility=0.89, score=0.5691"
LOOP-031,reciprocal_loop,4,1,0,15527634.0,0.0463,100000000437046100,flow,619868.0,0.5689,43,"These 4 accounts return funds to each other, 15,527,634 KZT touching the set with 5% of it never leaving, which is worth checking against what each leg was said to be for.","reciprocal_loop: n=4, seeds=1, hop=0, through=15,527,634 KZT, retained=0.05; break 100000000437046100 by flow stops 619,868 of 719,290 KZT internal; fragility=0.86, score=0.5689"
LOOP-198,reciprocal_loop,2,1,0,10240262.0,0.0113,100000003016635100,flow,115652.0,0.5689,44,"These 2 accounts return funds to each other, 10,240,262 KZT touching the set with 1% of it never leaving, which is worth checking against what each leg was said to be for.","reciprocal_loop: n=2, seeds=1, hop=0, through=10,240,262 KZT, retained=0.01; break 100000003016635100 by flow stops 115,652 of 115,652 KZT internal; fragility=1.00, score=0.5689"
LOOP-194,reciprocal_loop,4,1,0,13068130.11,0.0517,100000003016635100,flow,600485.0,0.5687,45,"These 4 accounts return funds to each other, 13,068,130 KZT touching the set with 5% of it never leaving, which is worth checking against what each leg was said to be for.","reciprocal_loop: n=4, seeds=1, hop=0, through=13,068,130 KZT, retained=0.05; break 100000003016635100 by flow stops 600,485 of 676,035 KZT internal; fragility=0.89, score=0.5687"
LOOP-201,reciprocal_loop,2,1,0,10026562.0,0.0154,100000003016635100,flow,154404.0,0.5685,46,"These 2 accounts return funds to each other, 10,026,562 KZT touching the set with 2% of it never leaving, which is worth checking against what each leg was said to be for.","reciprocal_loop: n=2, seeds=1, hop=0, through=10,026,562 KZT, retained=0.02; break 100000003016635100 by flow stops 154,404 of 154,404 KZT internal; fragility=1.00, score=0.5685"
LOOP-197,reciprocal_loop,2,1,0,10125508.0,0.0096,100000003016635100,flow,97262.0,0.5684,47,"These 2 accounts return funds to each other, 10,125,508 KZT touching the set with 1% of it never leaving, which is worth checking against what each leg was said to be for.","reciprocal_loop: n=2, seeds=1, hop=0, through=10,125,508 KZT, retained=0.01; break 100000003016635100 by flow stops 97,262 of 97,262 KZT internal; fragility=1.00, score=0.5684"
CHN-003,chain,4,1,0,10094612.0,0.0043,100000002609774100,dominator,2.0,0.5678,48,"Funds appear to move through 4 accounts in sequence starting 0 hop(s) from a known client, 10,094,612 KZT touching the run and 0% of it staying inside, which is consistent with a transit route and worth checking step by step.","chain: n=4, seeds=1, hop=0, through=10,094,612 KZT, retained=0.00; break 100000002609774100 by dominator cuts 2 of 3 members; fragility=0.67, score=0.5678"
LOOP-073,reciprocal_loop,2,1,0,10102672.0,0.0011,100000001049200100,flow,11014.0,0.5676,49,"These 2 accounts return funds to each other, 10,102,672 KZT touching the set with 0% of it never leaving, which is worth checking against what each leg was said to be for.","reciprocal_loop: n=2, seeds=1, hop=0, through=10,102,672 KZT, retained=0.00; break 100000001049200100 by flow stops 11,014 of 11,014 KZT internal; fragility=1.00, score=0.5676"
CHN-018,chain,4,3,0,4190461.0,0.8072,100000008637537100,dominator,1.0,0.5668,50,"Funds appear to move through 4 accounts in sequence starting 0 hop(s) from a known client, 4,190,461 KZT touching the run and 81% of it staying inside, which is consistent with a transit route and worth checking step by step.","chain: n=4, seeds=3, hop=0, through=4,190,461 KZT, retained=0.81; break 100000008637537100 by dominator cuts 1 of 3 members; fragility=0.33, score=0.5668"
LOOP-292,reciprocal_loop,4,1,0,13171226.0,0.0287,100000005910114100,flow,334880.0,0.5666,51,"These 4 accounts return funds to each other, 13,171,226 KZT touching the set with 3% of it never leaving, which is worth checking against what each leg was said to be for.","reciprocal_loop: n=4, seeds=1, hop=0, through=13,171,226 KZT, retained=0.03; break 100000005910114100 by flow stops 334,880 of 377,898 KZT internal; fragility=0.89, score=0.5666"
BRG-050,bridge,111,1,0,3428249.0,0.9573,100000002527114100,articulation,110.0,0.5662,52,"These 110 accounts reach the rest of their community only through 100000002527114100, whose removal would detach 110 of them from 3,428,249 KZT of observed flow, which is worth checking as a shared route rather than a coincidence of the crawl.","bridge: n=111, seeds=1, hop=0, through=3,428,249 KZT, retained=0.96; break 100000002527114100 by articulation cuts 110 of 110 members; fragility=1.00, score=0.5662"
BRG-024,bridge,57,1,0,12180173.68,0.5382,100000003016635100,articulation,56.0,0.5636,53,"These 56 accounts reach the rest of their community only through 100000003016635100, whose removal would detach 56 of them from 12,180,174 KZT of observed flow, which is worth checking as a shared route rather than a coincidence of the crawl.","bridge: n=57, seeds=1, hop=0, through=12,180,174 KZT, retained=0.54; break 100000003016635100 by articulation cuts 56 of 56 members; fragility=1.00, score=0.5636"
LOOP-193,reciprocal_loop,4,1,0,11193477.0,0.0567,100000005287097100,flow,560223.0,0.5621,54,"These 4 accounts return funds to each other, 11,193,477 KZT touching the set with 6% of it never leaving, which is worth checking against what each leg was said to be for.","reciprocal_loop: n=4, seeds=1, hop=0, through=11,193,477 KZT, retained=0.06; break 100000005287097100 by flow stops 560,223 of 635,018 KZT internal; fragility=0.88, score=0.5621"
LOOP-333,reciprocal_loop,4,1,0,10228273.0,0.0415,100000005910114100,flow,382679.0,0.5617,55,"These 4 accounts return funds to each other, 10,228,273 KZT touching the set with 4% of it never leaving, which is worth checking against what each leg was said to be for.","reciprocal_loop: n=4, seeds=1, hop=0, through=10,228,273 KZT, retained=0.04; break 100000005910114100 by flow stops 382,679 of 424,179 KZT internal; fragility=0.90, score=0.5617"
LOOP-344,reciprocal_loop,4,1,0,11583084.0,0.0301,100000006866783100,flow,306299.0,0.5605,56,"These 4 accounts return funds to each other, 11,583,084 KZT touching the set with 3% of it never leaving, which is worth checking against what each leg was said to be for.","reciprocal_loop: n=4, seeds=1, hop=0, through=11,583,084 KZT, retained=0.03; break 100000006866783100 by flow stops 306,299 of 348,404 KZT internal; fragility=0.88, score=0.5605"
LOOP-125,reciprocal_loop,2,2,0,4176066.0,0.0999,100000001732159100,flow,417076.0,0.5604,57,"These 2 accounts return funds to each other, 4,176,066 KZT touching the set with 10% of it never leaving, which is worth checking against what each leg was said to be for.","reciprocal_loop: n=2, seeds=2, hop=0, through=4,176,066 KZT, retained=0.10; break 100000001732159100 by flow stops 417,076 of 417,076 KZT internal; fragility=1.00, score=0.5604"
LOOP-116,reciprocal_loop,4,1,0,13457347.0,0.0355,100000008686313100,flow,404474.0,0.5598,58,"These 4 accounts return funds to each other, 13,457,347 KZT touching the set with 4% of it never leaving, which is worth checking against what each leg was said to be for.","reciprocal_loop: n=4, seeds=1, hop=0, through=13,457,347 KZT, retained=0.04; break 100000008686313100 by flow stops 404,474 of 477,074 KZT internal; fragility=0.85, score=0.5598"
FAN-019,fan_out,20,0,1,10921401.0,0.7372,100000005242320100,articulation,19.0,0.5595,59,"One account spreads 10,921,401 KZT across 19 receivers, every one of them observed to the end with no onward transfer in the window, 74% of the money staying inside the set, which is worth checking as a dispersal point before the receivers are treated separately.","fan_out: n=20, seeds=0, hop=1, through=10,921,401 KZT, retained=0.74; receivers=19 observed/0 at crawl boundary; break 100000005242320100 by articulation cuts 19 of 19 members; fragility=1.00, score=0.5595"
BRG-028,bridge,40,3,0,3849150.0,0.6614,100000008346837100,articulation,39.0,0.5591,60,"These 39 accounts reach the rest of their community only through 100000008346837100, whose removal would detach 39 of them from 3,849,150 KZT of observed flow, which is worth checking as a shared route rather than a coincidence of the crawl.","bridge: n=40, seeds=3, hop=0, through=3,849,150 KZT, retained=0.66; break 100000008346837100 by articulation cuts 39 of 39 members; fragility=1.00, score=0.5591"
BRG-114,bridge,8,3,0,5020679.0,0.9156,100000008223661100,articulation,7.0,0.5579,61,"These 7 accounts reach the rest of their community only through 100000008223661100, whose removal would detach 7 of them from 5,020,679 KZT of observed flow, which is worth checking as a shared route rather than a coincidence of the crawl.","bridge: n=8, seeds=3, hop=0, through=5,020,679 KZT, retained=0.92; break 100000008223661100 by articulation cuts 7 of 7 members; fragility=1.00, score=0.5579"
LOOP-270,reciprocal_loop,2,1,0,2809200.0,0.4322,100000004135268100,flow,1214000.0,0.5571,62,"These 2 accounts return funds to each other, 2,809,200 KZT touching the set with 43% of it never leaving, which is worth checking against what each leg was said to be for.","reciprocal_loop: n=2, seeds=1, hop=0, through=2,809,200 KZT, retained=0.43; break 100000004135268100 by flow stops 1,214,000 of 1,214,000 KZT internal; fragility=1.00, score=0.5571"
FAN-021,fan_out,11,1,0,2730394.0,0.4921,100000005498992100,articulation,10.0,0.5564,63,"One account spreads 2,730,394 KZT across 10 receivers, every one of them observed to the end with no onward transfer in the window, 49% of the money staying inside the set, which is worth checking as a dispersal point before the receivers are treated separately.","fan_out: n=11, seeds=1, hop=0, through=2,730,394 KZT, retained=0.49; receivers=10 observed/0 at crawl boundary; break 100000005498992100 by articulation cuts 10 of 10 members; fragility=1.00, score=0.5564"
LOOP-350,reciprocal_loop,2,1,0,6760084.0,0.0404,100000006866783100,flow,273281.0,0.5561,64,"These 2 accounts return funds to each other, 6,760,084 KZT touching the set with 4% of it never leaving, which is worth checking against what each leg was said to be for.","reciprocal_loop: n=2, seeds=1, hop=0, through=6,760,084 KZT, retained=0.04; break 100000006866783100 by flow stops 273,281 of 273,281 KZT internal; fragility=1.00, score=0.5561"
LOOP-317,reciprocal_loop,4,1,0,13949931.0,0.0352,100000008686313100,flow,404474.0,0.556,65,"These 4 accounts return funds to each other, 13,949,931 KZT touching the set with 4% of it never leaving, which is worth checking against what each leg was said to be for.","reciprocal_loop: n=4, seeds=1, hop=0, through=13,949,931 KZT, retained=0.04; break 100000008686313100 by flow stops 404,474 of 490,861 KZT internal; fragility=0.82, score=0.5560"
LOOP-109,reciprocal_loop,4,1,0,10227573.0,0.0428,100000005910114100,flow,382679.0,0.5558,66,"These 4 accounts return funds to each other, 10,227,573 KZT touching the set with 4% of it never leaving, which is worth checking against what each leg was said to be for.","reciprocal_loop: n=4, seeds=1, hop=0, through=10,227,573 KZT, retained=0.04; break 100000005910114100 by flow stops 382,679 of 437,979 KZT internal; fragility=0.87, score=0.5558"
BRG-115,bridge,7,3,0,4710799.0,0.943,100000003404627100,articulation,6.0,0.5557,67,"These 6 accounts reach the rest of their community only through 100000003404627100, whose removal would detach 6 of them from 4,710,799 KZT of observed flow, which is worth checking as a shared route rather than a coincidence of the crawl.","bridge: n=7, seeds=3, hop=0, through=4,710,799 KZT, retained=0.94; break 100000003404627100 by articulation cuts 6 of 6 members; fragility=1.00, score=0.5557"
LOOP-294,reciprocal_loop,4,1,0,13378627.75,0.0192,100000008304139100,flow,213668.0,0.5549,68,"These 4 accounts return funds to each other, 13,378,628 KZT touching the set with 2% of it never leaving, which is worth checking against what each leg was said to be for.","reciprocal_loop: n=4, seeds=1, hop=0, through=13,378,628 KZT, retained=0.02; break 100000008304139100 by flow stops 213,668 of 256,686 KZT internal; fragility=0.83, score=0.5549"
LOOP-295,reciprocal_loop,4,1,0,12349969.0,0.0219,100000008587459100,flow,228007.0,0.5541,69,"These 4 accounts return funds to each other, 12,349,969 KZT touching the set with 2% of it never leaving, which is worth checking against what each leg was said to be for.","reciprocal_loop: n=4, seeds=1, hop=0, through=12,349,969 KZT, retained=0.02; break 100000008587459100 by flow stops 228,007 of 271,025 KZT internal; fragility=0.84, score=0.5541"
FAN-020,fan_out,20,1,0,1782304.0,0.4996,100000008680731100,articulation,19.0,0.5537,70,"One account spreads 1,782,304 KZT across 19 receivers, every one of them observed to the end with no onward transfer in the window, 50% of the money staying inside the set, which is worth checking as a dispersal point before the receivers are treated separately.","fan_out: n=20, seeds=1, hop=0, through=1,782,304 KZT, retained=0.50; receivers=19 observed/0 at crawl boundary; break 100000008680731100 by articulation cuts 19 of 19 members; fragility=1.00, score=0.5537"
LOOP-347,reciprocal_loop,2,1,0,6501608.75,0.0258,100000006866783100,flow,167567.0,0.5534,71,"These 2 accounts return funds to each other, 6,501,609 KZT touching the set with 3% of it never leaving, which is worth checking against what each leg was said to be for.","reciprocal_loop: n=2, seeds=1, hop=0, through=6,501,609 KZT, retained=0.03; break 100000006866783100 by flow stops 167,567 of 167,567 KZT internal; fragility=1.00, score=0.5534"
BRG-078,bridge,23,1,0,6575982.0,0.8829,100000003854444100,articulation,22.0,0.5533,72,"These 22 accounts reach the rest of their community only through 100000003854444100, whose removal would detach 22 of them from 6,575,982 KZT of observed flow, which is worth checking as a shared route rather than a coincidence of the crawl.","bridge: n=23, seeds=1, hop=0, through=6,575,982 KZT, retained=0.88; break 100000003854444100 by articulation cuts 22 of 22 members; fragility=1.00, score=0.5533"
BRG-015,bridge,42,1,0,7962078.0,0.6456,100000000343175100,articulation,41.0,0.5529,73,"These 41 accounts reach the rest of their community only through 100000000343175100, whose removal would detach 41 of them from 7,962,078 KZT of observed flow, which is worth checking as a shared route rather than a coincidence of the crawl.","bridge: n=42, seeds=1, hop=0, through=7,962,078 KZT, retained=0.65; break 100000000343175100 by articulation cuts 41 of 41 members; fragility=1.00, score=0.5529"
LOOP-156,reciprocal_loop,4,1,0,13672347.0,0.0365,100000008686313100,flow,404474.0,0.5527,74,"These 4 accounts return funds to each other, 13,672,347 KZT touching the set with 4% of it never leaving, which is worth checking against what each leg was said to be for.","reciprocal_loop: n=4, seeds=1, hop=0, through=13,672,347 KZT, retained=0.04; break 100000008686313100 by flow stops 404,474 of 498,540 KZT internal; fragility=0.81, score=0.5527"
LOOP-115,reciprocal_loop,4,1,0,13171064.75,0.0303,100000008304139100,flow,326567.0,0.5522,75,"These 4 accounts return funds to each other, 13,171,065 KZT touching the set with 3% of it never leaving, which is worth checking against what each leg was said to be for.","reciprocal_loop: n=4, seeds=1, hop=0, through=13,171,065 KZT, retained=0.03; break 100000008304139100 by flow stops 326,567 of 399,167 KZT internal; fragility=0.82, score=0.5522"
LOOP-188,reciprocal_loop,4,1,0,7068940.51,0.0259,100000006866783100,flow,169725.0,0.5519,76,"These 4 accounts return funds to each other, 7,068,941 KZT touching the set with 3% of it never leaving, which is worth checking against what each leg was said to be for.","reciprocal_loop: n=4, seeds=1, hop=0, through=7,068,941 KZT, retained=0.03; break 100000006866783100 by flow stops 169,725 of 183,325 KZT internal; fragility=0.93, score=0.5519"
BRG-014,bridge,115,0,1,33862123.08,0.7001,100000000331309100,articulation,114.0,0.5518,77,"These 114 accounts reach the rest of their community only through 100000000331309100, whose removal would detach 114 of them from 33,862,123 KZT of observed flow, which is worth checking as a shared route rather than a coincidence of the crawl.","bridge: n=115, seeds=0, hop=1, through=33,862,123 KZT, retained=0.70; break 100000000331309100 by articulation cuts 114 of 114 members; fragility=1.00, score=0.5518"
CHN-015,chain,4,1,0,1259750.0,0.7352,100000001380054100,dominator,2.0,0.5516,78,"Funds appear to move through 4 accounts in sequence starting 0 hop(s) from a known client, 1,259,750 KZT touching the run and 74% of it staying inside, which is consistent with a transit route and worth checking step by step.","chain: n=4, seeds=1, hop=0, through=1,259,750 KZT, retained=0.74; break 100000001380054100 by dominator cuts 2 of 3 members; fragility=0.67, score=0.5516"
LOOP-364,reciprocal_loop,2,2,0,3388461.0,0.0862,100000008314203100,flow,292000.0,0.5516,79,"These 2 accounts return funds to each other, 3,388,461 KZT touching the set with 9% of it never leaving, which is worth checking against what each leg was said to be for.","reciprocal_loop: n=2, seeds=2, hop=0, through=3,388,461 KZT, retained=0.09; break 100000008314203100 by flow stops 292,000 of 292,000 KZT internal; fragility=1.00, score=0.5516"
LOOP-093,reciprocal_loop,4,1,0,11775625.0,0.0222,100000001609499100,flow,218457.0,0.5511,80,"These 4 accounts return funds to each other, 11,775,625 KZT touching the set with 2% of it never leaving, which is worth checking against what each leg was said to be for.","reciprocal_loop: n=4, seeds=1, hop=0, through=11,775,625 KZT, retained=0.02; break 100000001609499100 by flow stops 218,457 of 261,475 KZT internal; fragility=0.84, score=0.5511"
LOOP-281,reciprocal_loop,4,1,0,12156469.0,0.0138,100000006866783100,flow,138769.0,0.55,81,"These 4 accounts return funds to each other, 12,156,469 KZT touching the set with 1% of it never leaving, which is worth checking against what each leg was said to be for.","reciprocal_loop: n=4, seeds=1, hop=0, through=12,156,469 KZT, retained=0.01; break 100000006866783100 by flow stops 138,769 of 167,576 KZT internal; fragility=0.83, score=0.5500"
LOOP-005,reciprocal_loop,4,1,0,14391154.55,0.0211,100000004070318100,flow,239725.0,0.5486,82,"These 4 accounts return funds to each other, 14,391,155 KZT touching the set with 2% of it never leaving, which is worth checking against what each leg was said to be for.","reciprocal_loop: n=4, seeds=1, hop=0, through=14,391,155 KZT, retained=0.02; break 100000004070318100 by flow stops 239,725 of 303,725 KZT internal; fragility=0.79, score=0.5486"
LOOP-253,reciprocal_loop,4,1,0,12276550.55,0.0192,100000004070318100,flow,192525.0,0.5486,83,"These 4 accounts return funds to each other, 12,276,551 KZT touching the set with 2% of it never leaving, which is worth checking against what each leg was said to be for.","reciprocal_loop: n=4, seeds=1, hop=0, through=12,276,551 KZT, retained=0.02; break 100000004070318100 by flow stops 192,525 of 235,543 KZT internal; fragility=0.82, score=0.5486"
LOOP-341,reciprocal_loop,4,1,0,11290408.75,0.0245,100000008304139100,flow,227567.0,0.5469,84,"These 4 accounts return funds to each other, 11,290,409 KZT touching the set with 2% of it never leaving, which is worth checking against what each leg was said to be for.","reciprocal_loop: n=4, seeds=1, hop=0, through=11,290,409 KZT, retained=0.02; break 100000008304139100 by flow stops 227,567 of 276,890 KZT internal; fragility=0.82, score=0.5469"
LOOP-261,reciprocal_loop,2,1,0,5396230.55,0.0277,100000004070318100,flow,149725.0,0.5467,85,"These 2 accounts return funds to each other, 5,396,231 KZT touching the set with 3% of it never leaving, which is worth checking against what each leg was said to be for.","reciprocal_loop: n=2, seeds=1, hop=0, through=5,396,231 KZT, retained=0.03; break 100000004070318100 by flow stops 149,725 of 149,725 KZT internal; fragility=1.00, score=0.5467"
LOOP-340,reciprocal_loop,2,1,0,5666988.0,0.0058,100000006866783100,flow,33018.0,0.5467,86,"These 2 accounts return funds to each other, 5,666,988 KZT touching the set with 1% of it never leaving, which is worth checking against what each leg was said to be for.","reciprocal_loop: n=2, seeds=1, hop=0, through=5,666,988 KZT, retained=0.01; break 100000006866783100 by flow stops 33,018 of 33,018 KZT internal; fragility=1.00, score=0.5467"
LOOP-250,reciprocal_loop,4,1,0,11852911.55,0.0268,100000006866783100,flow,255476.0,0.5454,87,"These 4 accounts return funds to each other, 11,852,912 KZT touching the set with 3% of it never leaving, which is worth checking against what each leg was said to be for.","reciprocal_loop: n=4, seeds=1, hop=0, through=11,852,912 KZT, retained=0.03; break 100000006866783100 by flow stops 255,476 of 317,083 KZT internal; fragility=0.81, score=0.5454"
LOOP-285,reciprocal_loop,2,1,0,5252156.0,0.0201,100000004390333100,flow,105751.0,0.5451,88,"These 2 accounts return funds to each other, 5,252,156 KZT touching the set with 2% of it never leaving, which is worth checking against what each leg was said to be for.","reciprocal_loop: n=2, seeds=1, hop=0, through=5,252,156 KZT, retained=0.02; break 100000004390333100 by flow stops 105,751 of 105,751 KZT internal; fragility=1.00, score=0.5451"
LOOP-061,reciprocal_loop,3,1,0,10219183.0,0.0172,100000003016635100,flow,149945.0,0.5447,89,"These 3 accounts return funds to each other, 10,219,183 KZT touching the set with 2% of it never leaving, which is worth checking against what each leg was said to be for.","reciprocal_loop: n=3, seeds=1, hop=0, through=10,219,183 KZT, retained=0.02; break 100000003016635100 by flow stops 149,945 of 175,445 KZT internal; fragility=0.85, score=0.5447"
LOOP-346,reciprocal_loop,3,1,0,8178384.0,0.0451,100000008686313100,flow,324681.0,0.5445,90,"These 3 accounts return funds to each other, 8,178,384 KZT touching the set with 5% of it never leaving, which is worth checking against what each leg was said to be for.","reciprocal_loop: n=3, seeds=1, hop=0, through=8,178,384 KZT, retained=0.05; break 100000008686313100 by flow stops 324,681 of 368,587 KZT internal; fragility=0.88, score=0.5445"
LOOP-017,reciprocal_loop,4,1,0,15244744.55,0.0556,100000000437046100,flow,632000.0,0.5443,91,"These 4 accounts return funds to each other, 15,244,745 KZT touching the set with 6% of it never leaving, which is worth checking against what each leg was said to be for.","reciprocal_loop: n=4, seeds=1, hop=0, through=15,244,745 KZT, retained=0.06; break 100000000437046100 by flow stops 632,000 of 848,129 KZT internal; fragility=0.75, score=0.5443"
LOOP-058,reciprocal_loop,4,0,2,16316020.0,0.6342,100000002224132100,flow,10155300.0,0.5442,92,"These 4 accounts return funds to each other, 16,316,020 KZT touching the set with 63% of it never leaving, which is worth checking against what each leg was said to be for.","reciprocal_loop: n=4, seeds=0, hop=2, through=16,316,020 KZT, retained=0.63; break 100000002224132100 by flow stops 10,155,300 of 10,347,800 KZT internal; fragility=0.98, score=0.5442"
LOOP-254,reciprocal_loop,4,1,0,13075070.3,0.0311,100000006866783100,flow,317292.0,0.5442,93,"These 4 accounts return funds to each other, 13,075,070 KZT touching the set with 3% of it never leaving, which is worth checking against what each leg was said to be for.","reciprocal_loop: n=4, seeds=1, hop=0, through=13,075,070 KZT, retained=0.03; break 100000006866783100 by flow stops 317,292 of 406,193 KZT internal; fragility=0.78, score=0.5442"
CHN-032,chain,4,1,0,2456074.0,0.1421,100000004007116100,flow,263960.0,0.5441,94,"Funds appear to move through 4 accounts in sequence starting 0 hop(s) from a known client, 2,456,074 KZT touching the run and 14% of it staying inside, which is consistent with a transit route and worth checking step by step.","chain: n=4, seeds=1, hop=0, through=2,456,074 KZT, retained=0.14; break 100000004007116100 by flow stops 263,960 of 348,960 KZT internal; fragility=0.76, score=0.5441"
LOOP-053,reciprocal_loop,4,0,2,16316020.0,0.6201,100000002224132100,flow,9960300.0,0.5436,95,"These 4 accounts return funds to each other, 16,316,020 KZT touching the set with 62% of it never leaving, which is worth checking against what each leg was said to be for.","reciprocal_loop: n=4, seeds=0, hop=2, through=16,316,020 KZT, retained=0.62; break 100000002224132100 by flow stops 9,960,300 of 10,117,800 KZT internal; fragility=0.98, score=0.5436"
LOOP-256,reciprocal_loop,4,1,0,13297229.55,0.0412,100000006866783100,flow,423006.0,0.5436,96,"These 4 accounts return funds to each other, 13,297,230 KZT touching the set with 4% of it never leaving, which is worth checking against what each leg was said to be for.","reciprocal_loop: n=4, seeds=1, hop=0, through=13,297,230 KZT, retained=0.04; break 100000006866783100 by flow stops 423,006 of 548,223 KZT internal; fragility=0.77, score=0.5436"
LOOP-009,reciprocal_loop,2,1,0,5190349.0,0.0062,100000000089154100,flow,32000.0,0.5435,97,"These 2 accounts return funds to each other, 5,190,349 KZT touching the set with 1% of it never leaving, which is worth checking against what each leg was said to be for.","reciprocal_loop: n=2, seeds=1, hop=0, through=5,190,349 KZT, retained=0.01; break 100000000089154100 by flow stops 32,000 of 32,000 KZT internal; fragility=1.00, score=0.5435"
LOOP-316,reciprocal_loop,4,1,0,12866056.0,0.0188,100000008603629100,flow,189584.0,0.5435,98,"These 4 accounts return funds to each other, 12,866,056 KZT touching the set with 2% of it never leaving, which is worth checking against what each leg was said to be for.","reciprocal_loop: n=4, seeds=1, hop=0, through=12,866,056 KZT, retained=0.02; break 100000008603629100 by flow stops 189,584 of 241,377 KZT internal; fragility=0.79, score=0.5435"
LOOP-095,reciprocal_loop,2,1,0,4966025.0,0.0211,100000001609499100,flow,104937.0,0.5431,99,"These 2 accounts return funds to each other, 4,966,025 KZT touching the set with 2% of it never leaving, which is worth checking against what each leg was said to be for.","reciprocal_loop: n=2, seeds=1, hop=0, through=4,966,025 KZT, retained=0.02; break 100000001609499100 by flow stops 104,937 of 104,937 KZT internal; fragility=1.00, score=0.5431"
LOOP-122,reciprocal_loop,2,1,0,4909555.0,0.0234,100000001697501100,flow,115000.0,0.5429,100,"These 2 accounts return funds to each other, 4,909,555 KZT touching the set with 2% of it never leaving, which is worth checking against what each leg was said to be for.","reciprocal_loop: n=2, seeds=1, hop=0, through=4,909,555 KZT, retained=0.02; break 100000001697501100 by flow stops 115,000 of 115,000 KZT internal; fragility=1.00, score=0.5429"
LOOP-074,reciprocal_loop,4,1,0,12894440.11,0.0107,100000003016635100,flow,108276.0,0.5428,101,"These 4 accounts return funds to each other, 12,894,440 KZT touching the set with 1% of it never leaving, which is worth checking against what each leg was said to be for.","reciprocal_loop: n=4, seeds=1, hop=0, through=12,894,440 KZT, retained=0.01; break 100000003016635100 by flow stops 108,276 of 137,876 KZT internal; fragility=0.79, score=0.5428"
LOOP-055,reciprocal_loop,2,1,0,1521057.0,0.5288,100000000580561100,flow,804300.0,0.5427,102,"These 2 accounts return funds to each other, 1,521,057 KZT touching the set with 53% of it never leaving, which is worth checking against what each leg was said to be for.","reciprocal_loop: n=2, seeds=1, hop=0, through=1,521,057 KZT, retained=0.53; break 100000000580561100 by flow stops 804,300 of 804,300 KZT internal; fragility=1.00, score=0.5427"
CHN-007,chain,4,1,0,1527967.0,0.5511,100000000580561100,dominator,2.0,0.5421,103,"Funds appear to move through 4 accounts in sequence starting 0 hop(s) from a known client, 1,527,967 KZT touching the run and 55% of it staying inside, which is consistent with a transit route and worth checking step by step.","chain: n=4, seeds=1, hop=0, through=1,527,967 KZT, retained=0.55; break 100000000580561100 by dominator cuts 2 of 3 members; fragility=0.67, score=0.5421"
LOOP-104,reciprocal_loop,4,1,0,12201560.55,0.0201,100000006866783100,flow,193025.0,0.5418,104,"These 4 accounts return funds to each other, 12,201,561 KZT touching the set with 2% of it never leaving, which is worth checking against what each leg was said to be for.","reciprocal_loop: n=4, seeds=1, hop=0, through=12,201,561 KZT, retained=0.02; break 100000006866783100 by flow stops 193,025 of 245,451 KZT internal; fragility=0.79, score=0.5418"
LOOP-262,reciprocal_loop,4,1,0,10220030.55,0.0219,100000006866783100,flow,182743.0,0.5417,105,"These 4 accounts return funds to each other, 10,220,031 KZT touching the set with 2% of it never leaving, which is worth checking against what each leg was said to be for.","reciprocal_loop: n=4, seeds=1, hop=0, through=10,220,031 KZT, retained=0.02; break 100000006866783100 by flow stops 182,743 of 224,048 KZT internal; fragility=0.82, score=0.5417"
CHN-045,chain,4,2,0,3210488.11,0.0245,100000005481280100,dominator,2.0,0.5416,106,"Funds appear to move through 4 accounts in sequence starting 0 hop(s) from a known client, 3,210,488 KZT touching the run and 2% of it staying inside, which is consistent with a transit route and worth checking step by step.","chain: n=4, seeds=2, hop=0, through=3,210,488 KZT, retained=0.02; break 100000005481280100 by dominator cuts 2 of 3 members; fragility=0.67, score=0.5416"
CHN-004,chain,4,1,0,5039053.0,0.0247,100000007648946100,dominator,2.0,0.5412,107,"Funds appear to move through 4 accounts in sequence starting 0 hop(s) from a known client, 5,039,053 KZT touching the run and 2% of it staying inside, which is consistent with a transit route and worth checking step by step.","chain: n=4, seeds=1, hop=0, through=5,039,053 KZT, retained=0.02; break 100000007648946100 by dominator cuts 2 of 3 members; fragility=0.67, score=0.5412"
LOOP-111,reciprocal_loop,2,1,0,4841149.0,0.0089,100000001660397100,flow,43300.0,0.5412,108,"These 2 accounts return funds to each other, 4,841,149 KZT touching the set with 1% of it never leaving, which is worth checking against what each leg was said to be for.","reciprocal_loop: n=2, seeds=1, hop=0, through=4,841,149 KZT, retained=0.01; break 100000001660397100 by flow stops 43,300 of 43,300 KZT internal; fragility=1.00, score=0.5412"
LOOP-172,reciprocal_loop,4,1,0,2783887.0,0.5087,100000004160650100,flow,1189214.0,0.5403,109,"These 4 accounts return funds to each other, 2,783,887 KZT touching the set with 51% of it never leaving, which is worth checking against what each leg was said to be for.","reciprocal_loop: n=4, seeds=1, hop=0, through=2,783,887 KZT, retained=0.51; break 100000004160650100 by flow stops 1,189,214 of 1,416,174 KZT internal; fragility=0.84, score=0.5403"
LOOP-114,reciprocal_loop,4,1,0,7920617.22,0.0316,100000006866783100,flow,210867.0,0.539,110,"These 4 accounts return funds to each other, 7,920,617 KZT touching the set with 3% of it never leaving, which is worth checking against what each leg was said to be for.","reciprocal_loop: n=4, seeds=1, hop=0, through=7,920,617 KZT, retained=0.03; break 100000006866783100 by flow stops 210,867 of 249,959 KZT internal; fragility=0.84, score=0.5390"
CHN-017,chain,4,1,0,4660884.4,0.034,100000007536804100,dominator,2.0,0.5389,111,"Funds appear to move through 4 accounts in sequence starting 0 hop(s) from a known client, 4,660,884 KZT touching the run and 3% of it staying inside, which is consistent with a transit route and worth checking step by step.","chain: n=4, seeds=1, hop=0, through=4,660,884 KZT, retained=0.03; break 100000007536804100 by dominator cuts 2 of 3 members; fragility=0.67, score=0.5389"
LOOP-025,reciprocal_loop,4,1,0,15704414.3,0.0278,100000006866783100,flow,317292.0,0.5388,112,"These 4 accounts return funds to each other, 15,704,414 KZT touching the set with 3% of it never leaving, which is worth checking against what each leg was said to be for.","reciprocal_loop: n=4, seeds=1, hop=0, through=15,704,414 KZT, retained=0.03; break 100000006866783100 by flow stops 317,292 of 437,292 KZT internal; fragility=0.73, score=0.5388"
LOOP-063,reciprocal_loop,3,0,1,7243649.0,0.731,100000008258083100,flow,5180150.0,0.5382,113,"These 3 accounts return funds to each other, 7,243,649 KZT touching the set with 73% of it never leaving, which is worth checking against what each leg was said to be for.","reciprocal_loop: n=3, seeds=0, hop=1, through=7,243,649 KZT, retained=0.73; break 100000008258083100 by flow stops 5,180,150 of 5,295,150 KZT internal; fragility=0.98, score=0.5382"
LOOP-334,reciprocal_loop,4,1,0,12132708.0,0.0562,100000006866783100,flow,514993.0,0.5381,114,"These 4 accounts return funds to each other, 12,132,708 KZT touching the set with 6% of it never leaving, which is worth checking against what each leg was said to be for.","reciprocal_loop: n=4, seeds=1, hop=0, through=12,132,708 KZT, retained=0.06; break 100000006866783100 by flow stops 514,993 of 681,760 KZT internal; fragility=0.76, score=0.5381"
LOOP-090,reciprocal_loop,4,1,0,12300080.55,0.0271,100000006866783100,flow,254662.0,0.5379,115,"These 4 accounts return funds to each other, 12,300,081 KZT touching the set with 3% of it never leaving, which is worth checking against what each leg was said to be for.","reciprocal_loop: n=4, seeds=1, hop=0, through=12,300,081 KZT, retained=0.03; break 100000006866783100 by flow stops 254,662 of 333,444 KZT internal; fragility=0.76, score=0.5379"
FAN-031,fan_out,21,0,1,13834211.0,0.351,100000008710791100,articulation,20.0,0.5377,116,"One account spreads 13,834,211 KZT across 20 receivers, every one of them observed to the end with no onward transfer in the window, 35% of the money staying inside the set, which is worth checking as a dispersal point before the receivers are treated separately.","fan_out: n=21, seeds=0, hop=1, through=13,834,211 KZT, retained=0.35; receivers=20 observed/0 at crawl boundary; break 100000008710791100 by articulation cuts 20 of 20 members; fragility=1.00, score=0.5377"
FAN-010,fan_out,111,0,2,4308703.0,0.6882,100000002578405100,articulation,110.0,0.5375,117,"One account spreads 4,308,703 KZT across 110 receivers, every one of them observed to the end with no onward transfer in the window, 69% of the money staying inside the set, which is worth checking as a dispersal point before the receivers are treated separately.","fan_out: n=111, seeds=0, hop=2, through=4,308,703 KZT, retained=0.69; receivers=110 observed/0 at crawl boundary; break 100000002578405100 by articulation cuts 110 of 110 members; fragility=1.00, score=0.5375"
LOOP-264,reciprocal_loop,4,1,0,14018602.55,0.0412,100000006866783100,flow,423006.0,0.5373,118,"These 4 accounts return funds to each other, 14,018,603 KZT touching the set with 4% of it never leaving, which is worth checking against what each leg was said to be for.","reciprocal_loop: n=4, seeds=1, hop=0, through=14,018,603 KZT, retained=0.04; break 100000006866783100 by flow stops 423,006 of 577,325 KZT internal; fragility=0.73, score=0.5373"
LOOP-174,reciprocal_loop,4,1,0,2618887.0,0.5472,100000004160650100,flow,1174014.0,0.537,119,"These 4 accounts return funds to each other, 2,618,887 KZT touching the set with 55% of it never leaving, which is worth checking against what each leg was said to be for.","reciprocal_loop: n=4, seeds=1, hop=0, through=2,618,887 KZT, retained=0.55; break 100000004160650100 by flow stops 1,174,014 of 1,432,974 KZT internal; fragility=0.82, score=0.5370"
LOOP-153,reciprocal_loop,4,1,0,10411173.0,0.0471,100000005910114100,flow,382679.0,0.5368,120,"These 4 accounts return funds to each other, 10,411,173 KZT touching the set with 5% of it never leaving, which is worth checking against what each leg was said to be for.","reciprocal_loop: n=4, seeds=1, hop=0, through=10,411,173 KZT, retained=0.05; break 100000005910114100 by flow stops 382,679 of 490,845 KZT internal; fragility=0.78, score=0.5368"
FUN-003,funnel,4,0,1,522875.0,0.7896,100000001677929100,articulation,3.0,0.5364,121,"The figures suggest 3 accounts sending a dominant share of their outflow into 100000001677929100, 522,875 KZT touching the set with 79% of it staying inside, which is worth checking as one collection point rather than 3 unrelated payers.","funnel: n=4, seeds=0, hop=1, through=522,875 KZT, retained=0.79; break 100000001677929100 by articulation cuts 3 of 3 members; fragility=1.00, score=0.5364"
CHN-035,chain,5,1,0,1868954.4,0.1484,100000003265158100,dominator,3.0,0.5363,122,"Funds appear to move through 5 accounts in sequence starting 0 hop(s) from a known client, 1,868,954 KZT touching the run and 15% of it staying inside, which is consistent with a transit route and worth checking step by step.","chain: n=5, seeds=1, hop=0, through=1,868,954 KZT, retained=0.15; break 100000003265158100 by dominator cuts 3 of 4 members; fragility=0.75, score=0.5363"
LOOP-252,reciprocal_loop,4,1,0,12867668.55,0.041,100000006866783100,flow,391437.0,0.5362,123,"These 4 accounts return funds to each other, 12,867,669 KZT touching the set with 4% of it never leaving, which is worth checking against what each leg was said to be for.","reciprocal_loop: n=4, seeds=1, hop=0, through=12,867,669 KZT, retained=0.04; break 100000006866783100 by flow stops 391,437 of 527,405 KZT internal; fragility=0.74, score=0.5362"
LOOP-221,reciprocal_loop,3,1,0,2181887.0,0.2813,100000004160650100,flow,598844.0,0.536,124,"These 3 accounts return funds to each other, 2,181,887 KZT touching the set with 28% of it never leaving, which is worth checking against what each leg was said to be for.","reciprocal_loop: n=3, seeds=1, hop=0, through=2,181,887 KZT, retained=0.28; break 100000004160650100 by flow stops 598,844 of 613,844 KZT internal; fragility=0.98, score=0.5360"
LOOP-345,reciprocal_loop,4,1,0,14190514.0,0.0394,100000008686313100,flow,404474.0,0.5355,125,"These 4 accounts return funds to each other, 14,190,514 KZT touching the set with 4% of it never leaving, which is worth checking against what each leg was said to be for.","reciprocal_loop: n=4, seeds=1, hop=0, through=14,190,514 KZT, retained=0.04; break 100000008686313100 by flow stops 404,474 of 559,464 KZT internal; fragility=0.72, score=0.5355"
LOOP-278,reciprocal_loop,4,1,0,15100019.0,0.0378,100000008686313100,flow,404474.0,0.5348,126,"These 4 accounts return funds to each other, 15,100,019 KZT touching the set with 4% of it never leaving, which is worth checking against what each leg was said to be for.","reciprocal_loop: n=4, seeds=1, hop=0, through=15,100,019 KZT, retained=0.04; break 100000008686313100 by flow stops 404,474 of 570,296 KZT internal; fragility=0.71, score=0.5348"
BRG-116,bridge,4,3,0,4190461.0,0.8072,100000001732159100,articulation,3.0,0.5343,127,"These 3 accounts reach the rest of their community only through 100000001732159100, whose removal would detach 3 of them from 4,190,461 KZT of observed flow, which is worth checking as a shared route rather than a coincidence of the crawl.","bridge: n=4, seeds=3, hop=0, through=4,190,461 KZT, retained=0.81; break 100000001732159100 by articulation cuts 3 of 3 members; fragility=1.00, score=0.5343"
LOOP-177,reciprocal_loop,3,1,0,2543887.0,0.526,100000004160650100,flow,1126114.0,0.534,128,"These 3 accounts return funds to each other, 2,543,887 KZT touching the set with 53% of it never leaving, which is worth checking against what each leg was said to be for.","reciprocal_loop: n=3, seeds=1, hop=0, through=2,543,887 KZT, retained=0.53; break 100000004160650100 by flow stops 1,126,114 of 1,338,074 KZT internal; fragility=0.84, score=0.5340"
CHN-037,chain,5,1,0,1838954.4,0.1291,100000003265158100,dominator,3.0,0.5338,129,"Funds appear to move through 5 accounts in sequence starting 0 hop(s) from a known client, 1,838,954 KZT touching the run and 13% of it staying inside, which is consistent with a transit route and worth checking step by step.","chain: n=5, seeds=1, hop=0, through=1,838,954 KZT, retained=0.13; break 100000003265158100 by dominator cuts 3 of 4 members; fragility=0.75, score=0.5338"
LOOP-098,reciprocal_loop,4,1,0,13555867.0,0.0417,100000008686313100,flow,404474.0,0.5325,130,"These 4 accounts return funds to each other, 13,555,867 KZT touching the set with 4% of it never leaving, which is worth checking against what each leg was said to be for.","reciprocal_loop: n=4, seeds=1, hop=0, through=13,555,867 KZT, retained=0.04; break 100000008686313100 by flow stops 404,474 of 565,067 KZT internal; fragility=0.72, score=0.5325"
FUN-006,funnel,4,0,1,1632218.0,0.2528,100000003404627100,articulation,3.0,0.532,131,"The figures suggest 3 accounts sending a dominant share of their outflow into 100000003404627100, 1,632,218 KZT touching the set with 25% of it staying inside, which is worth checking as one collection point rather than 3 unrelated payers.","funnel: n=4, seeds=0, hop=1, through=1,632,218 KZT, retained=0.25; break 100000003404627100 by articulation cuts 3 of 3 members; fragility=1.00, score=0.5320"
LOOP-288,reciprocal_loop,4,1,0,13837654.0,0.0412,100000008686313100,flow,404474.0,0.5319,132,"These 4 accounts return funds to each other, 13,837,654 KZT touching the set with 4% of it never leaving, which is worth checking against what each leg was said to be for.","reciprocal_loop: n=4, seeds=1, hop=0, through=13,837,654 KZT, retained=0.04; break 100000008686313100 by flow stops 404,474 of 570,225 KZT internal; fragility=0.71, score=0.5319"
LOOP-348,reciprocal_loop,3,1,0,7225115.75,0.0432,100000006866783100,flow,263067.0,0.5317,133,"These 3 accounts return funds to each other, 7,225,116 KZT touching the set with 4% of it never leaving, which is worth checking against what each leg was said to be for.","reciprocal_loop: n=3, seeds=1, hop=0, through=7,225,116 KZT, retained=0.04; break 100000006866783100 by flow stops 263,067 of 312,067 KZT internal; fragility=0.84, score=0.5317"
FAN-040,fan_out,19,0,1,11165985.0,0.3824,100000008547948100,articulation,18.0,0.5309,134,"One account spreads 11,165,985 KZT across 18 receivers, every one of them observed to the end with no onward transfer in the window, 38% of the money staying inside the set, which is worth checking as a dispersal point before the receivers are treated separately.","fan_out: n=19, seeds=0, hop=1, through=11,165,985 KZT, retained=0.38; receivers=18 observed/0 at crawl boundary; break 100000008547948100 by articulation cuts 18 of 18 members; fragility=1.00, score=0.5309"
BRG-060,bridge,39,1,0,2453909.4,0.8477,100000008680731100,articulation,38.0,0.53,135,"These 38 accounts reach the rest of their community only through 100000008680731100, whose removal would detach 38 of them from 2,453,909 KZT of observed flow, which is worth checking as a shared route rather than a coincidence of the crawl.","bridge: n=39, seeds=1, hop=0, through=2,453,909 KZT, retained=0.85; break 100000008680731100 by articulation cuts 38 of 38 members; fragility=1.00, score=0.5300"
BRG-158,bridge,5,5,0,1180566.0,0.8429,100000005382566100,articulation,4.0,0.5296,136,"These 4 accounts reach the rest of their community only through 100000005382566100, whose removal would detach 4 of them from 1,180,566 KZT of observed flow, which is worth checking as a shared route rather than a coincidence of the crawl.","bridge: n=5, seeds=5, hop=0, through=1,180,566 KZT, retained=0.84; break 100000005382566100 by articulation cuts 4 of 4 members; fragility=1.00, score=0.5296"
FAN-036,fan_out,29,0,1,8428688.0,0.384,100000008489922100,articulation,28.0,0.5295,137,"One account spreads 8,428,688 KZT across 28 receivers, of which 18 sit at the four-hop crawl boundary and were never followed, leaving only 10 actually observed to retain what they were sent, so most of this shape is unobserved rather than measured, 38% of the money staying inside the set, which is worth checking as a dispersal point before the receivers are treated separately.","fan_out: n=29, seeds=0, hop=1, through=8,428,688 KZT, retained=0.38; receivers=10 observed/18 at crawl boundary; break 100000008489922100 by articulation cuts 28 of 28 members; fragility=1.00, score=0.5295"
LOOP-158,reciprocal_loop,2,1,0,3418249.0,0.0176,100000002527114100,flow,60000.0,0.5291,138,"These 2 accounts return funds to each other, 3,418,249 KZT touching the set with 2% of it never leaving, which is worth checking against what each leg was said to be for.","reciprocal_loop: n=2, seeds=1, hop=0, through=3,418,249 KZT, retained=0.02; break 100000002527114100 by flow stops 60,000 of 60,000 KZT internal; fragility=1.00, score=0.5291"
LOOP-103,reciprocal_loop,4,1,0,6811809.22,0.0346,100000006866783100,flow,193025.0,0.5286,139,"These 4 accounts return funds to each other, 6,811,809 KZT touching the set with 3% of it never leaving, which is worth checking against what each leg was said to be for.","reciprocal_loop: n=4, seeds=1, hop=0, through=6,811,809 KZT, retained=0.03; break 100000006866783100 by flow stops 193,025 of 235,547 KZT internal; fragility=0.82, score=0.5286"
CHN-036,chain,5,1,0,1751454.4,0.0942,100000003265158100,dominator,3.0,0.5285,140,"Funds appear to move through 5 accounts in sequence starting 0 hop(s) from a known client, 1,751,454 KZT touching the run and 9% of it staying inside, which is consistent with a transit route and worth checking step by step.","chain: n=5, seeds=1, hop=0, through=1,751,454 KZT, retained=0.09; break 100000003265158100 by dominator cuts 3 of 4 members; fragility=0.75, score=0.5285"
LOOP-159,reciprocal_loop,2,1,0,3418249.0,0.0085,100000002527114100,flow,29000.0,0.5283,141,"These 2 accounts return funds to each other, 3,418,249 KZT touching the set with 1% of it never leaving, which is worth checking against what each leg was said to be for.","reciprocal_loop: n=2, seeds=1, hop=0, through=3,418,249 KZT, retained=0.01; break 100000002527114100 by flow stops 29,000 of 29,000 KZT internal; fragility=1.00, score=0.5283"
BRG-063,bridge,36,1,0,4268799.8,0.6013,100000007982728100,articulation,35.0,0.5282,142,"These 35 accounts reach the rest of their community only through 100000007982728100, whose removal would detach 35 of them from 4,268,800 KZT of observed flow, which is worth checking as a shared route rather than a coincidence of the crawl.","bridge: n=36, seeds=1, hop=0, through=4,268,800 KZT, retained=0.60; break 100000007982728100 by articulation cuts 35 of 35 members; fragility=1.00, score=0.5282"
CHN-040,chain,5,2,0,824809.0,0.211,100000003823811100,dominator,3.0,0.5276,143,"Funds appear to move through 5 accounts in sequence starting 0 hop(s) from a known client, 824,809 KZT touching the run and 21% of it staying inside, which is consistent with a transit route and worth checking step by step.","chain: n=5, seeds=2, hop=0, through=824,809 KZT, retained=0.21; break 100000003823811100 by dominator cuts 3 of 4 members; fragility=0.75, score=0.5276"
LOOP-024,reciprocal_loop,4,1,0,14821925.55,0.0237,100000004070318100,flow,239725.0,0.5275,144,"These 4 accounts return funds to each other, 14,821,926 KZT touching the set with 2% of it never leaving, which is worth checking against what each leg was said to be for.","reciprocal_loop: n=4, seeds=1, hop=0, through=14,821,926 KZT, retained=0.02; break 100000004070318100 by flow stops 239,725 of 350,611 KZT internal; fragility=0.68, score=0.5275"
BRG-066,bridge,9,1,0,8139540.0,0.6436,100000003835149100,articulation,8.0,0.5273,145,"These 8 accounts reach the rest of their community only through 100000003835149100, whose removal would detach 8 of them from 8,139,540 KZT of observed flow, which is worth checking as a shared route rather than a coincidence of the crawl.","bridge: n=9, seeds=1, hop=0, through=8,139,540 KZT, retained=0.64; break 100000003835149100 by articulation cuts 8 of 8 members; fragility=1.00, score=0.5273"
CHN-046,chain,3,0,2,1895940.0,0.7338,100000004221668100,flow,1385040.0,0.527,146,"Funds appear to move through 3 accounts in sequence starting 2 hop(s) from a known client, 1,895,940 KZT touching the run and 73% of it staying inside, which is consistent with a transit route and worth checking step by step.","chain: n=3, seeds=0, hop=2, through=1,895,940 KZT, retained=0.73; break 100000004221668100 by flow stops 1,385,040 of 1,391,240 KZT internal; fragility=1.00, score=0.5270"
LOOP-277,reciprocal_loop,4,1,0,14016144.0,0.0229,100000008603629100,flow,221390.0,0.5267,147,"These 4 accounts return funds to each other, 14,016,144 KZT touching the set with 2% of it never leaving, which is worth checking against what each leg was said to be for.","reciprocal_loop: n=4, seeds=1, hop=0, through=14,016,144 KZT, retained=0.02; break 100000008603629100 by flow stops 221,390 of 320,812 KZT internal; fragility=0.69, score=0.5267"
LOOP-286,reciprocal_loop,4,1,0,10060956.0,0.0194,100000004390333100,flow,145751.0,0.5263,148,"These 4 accounts return funds to each other, 10,060,956 KZT touching the set with 2% of it never leaving, which is worth checking against what each leg was said to be for.","reciprocal_loop: n=4, seeds=1, hop=0, through=10,060,956 KZT, retained=0.02; break 100000004390333100 by flow stops 145,751 of 195,074 KZT internal; fragility=0.75, score=0.5263"
LOOP-284,reciprocal_loop,4,1,0,10610580.0,0.0498,100000005910114100,flow,382679.0,0.526,149,"These 4 accounts return funds to each other, 10,610,580 KZT touching the set with 5% of it never leaving, which is worth checking against what each leg was said to be for.","reciprocal_loop: n=4, seeds=1, hop=0, through=10,610,580 KZT, retained=0.05; break 100000005910114100 by flow stops 382,679 of 528,430 KZT internal; fragility=0.72, score=0.5260"
LOOP-145,reciprocal_loop,3,0,2,16316020.0,0.4634,100000002224132100,flow,7460300.0,0.5259,150,"These 3 accounts return funds to each other, 16,316,020 KZT touching the set with 46% of it never leaving, which is worth checking against what each leg was said to be for.","reciprocal_loop: n=3, seeds=0, hop=2, through=16,316,020 KZT, retained=0.46; break 100000002224132100 by flow stops 7,460,300 of 7,560,300 KZT internal; fragility=0.99, score=0.5259"
LOOP-106,reciprocal_loop,4,1,0,13282977.0,0.0179,100000004351795100,flow,165822.0,0.5254,151,"These 4 accounts return funds to each other, 13,282,977 KZT touching the set with 2% of it never leaving, which is worth checking against what each leg was said to be for.","reciprocal_loop: n=4, seeds=1, hop=0, through=13,282,977 KZT, retained=0.02; break 100000004351795100 by flow stops 165,822 of 238,422 KZT internal; fragility=0.70, score=0.5254"
LOOP-205,reciprocal_loop,4,1,0,11627411.55,0.0231,100000004070318100,flow,192525.0,0.5253,152,"These 4 accounts return funds to each other, 11,627,412 KZT touching the set with 2% of it never leaving, which is worth checking against what each leg was said to be for.","reciprocal_loop: n=4, seeds=1, hop=0, through=11,627,412 KZT, retained=0.02; break 100000004070318100 by flow stops 192,525 of 269,025 KZT internal; fragility=0.72, score=0.5253"
LOOP-342,reciprocal_loop,4,1,0,13904231.75,0.0346,100000008304139100,flow,326567.0,0.5249,153,"These 4 accounts return funds to each other, 13,904,232 KZT touching the set with 3% of it never leaving, which is worth checking against what each leg was said to be for.","reciprocal_loop: n=4, seeds=1, hop=0, through=13,904,232 KZT, retained=0.03; break 100000008304139100 by flow stops 326,567 of 481,557 KZT internal; fragility=0.68, score=0.5249"
CHN-048,chain,4,2,0,2006868.0,0.0396,100000006020215100,dominator,2.0,0.5237,154,"Funds appear to move through 4 accounts in sequence starting 0 hop(s) from a known client, 2,006,868 KZT touching the run and 4% of it staying inside, which is consistent with a transit route and worth checking step by step.","chain: n=4, seeds=2, hop=0, through=2,006,868 KZT, retained=0.04; break 100000006020215100 by dominator cuts 2 of 3 members; fragility=0.67, score=0.5237"
LOOP-041,reciprocal_loop,4,1,0,15987303.75,0.0193,100000006866783100,flow,200585.0,0.5228,155,"These 4 accounts return funds to each other, 15,987,304 KZT touching the set with 2% of it never leaving, which is worth checking against what each leg was said to be for.","reciprocal_loop: n=4, seeds=1, hop=0, through=15,987,304 KZT, retained=0.02; break 100000006866783100 by flow stops 200,585 of 308,453 KZT internal; fragility=0.65, score=0.5228"
LOOP-088,reciprocal_loop,4,1,0,11953825.0,0.0213,100000006866783100,flow,178103.0,0.5227,156,"These 4 accounts return funds to each other, 11,953,825 KZT touching the set with 2% of it never leaving, which is worth checking against what each leg was said to be for.","reciprocal_loop: n=4, seeds=1, hop=0, through=11,953,825 KZT, retained=0.02; break 100000006866783100 by flow stops 178,103 of 254,659 KZT internal; fragility=0.70, score=0.5227"
LOOP-260,reciprocal_loop,4,1,0,10769654.55,0.0518,100000006866783100,flow,391437.0,0.522,157,"These 4 accounts return funds to each other, 10,769,655 KZT touching the set with 5% of it never leaving, which is worth checking against what each leg was said to be for.","reciprocal_loop: n=4, seeds=1, hop=0, through=10,769,655 KZT, retained=0.05; break 100000006866783100 by flow stops 391,437 of 557,404 KZT internal; fragility=0.70, score=0.5220"
LOOP-107,reciprocal_loop,4,1,0,12020612.0,0.0198,100000004390333100,flow,165751.0,0.5219,158,"These 4 accounts return funds to each other, 12,020,612 KZT touching the set with 2% of it never leaving, which is worth checking against what each leg was said to be for.","reciprocal_loop: n=4, seeds=1, hop=0, through=12,020,612 KZT, retained=0.02; break 100000004390333100 by flow stops 165,751 of 238,351 KZT internal; fragility=0.70, score=0.5219"
LOOP-097,reciprocal_loop,4,1,0,13269584.75,0.0367,100000008304139100,flow,326567.0,0.5217,159,"These 4 accounts return funds to each other, 13,269,585 KZT touching the set with 4% of it never leaving, which is worth checking against what each leg was said to be for.","reciprocal_loop: n=4, seeds=1, hop=0, through=13,269,585 KZT, retained=0.04; break 100000008304139100 by flow stops 326,567 of 487,160 KZT internal; fragility=0.67, score=0.5217"
LOOP-101,reciprocal_loop,4,1,0,11855305.0,0.0141,100000006866783100,flow,116466.0,0.5216,160,"These 4 accounts return funds to each other, 11,855,305 KZT touching the set with 1% of it never leaving, which is worth checking against what each leg was said to be for.","reciprocal_loop: n=4, seeds=1, hop=0, through=11,855,305 KZT, retained=0.01; break 100000006866783100 by flow stops 116,466 of 166,666 KZT internal; fragility=0.70, score=0.5216"
CHN-020,chain,5,1,0,1241150.0,0.166,100000002479804100,dominator,3.0,0.5212,161,"Funds appear to move through 5 accounts in sequence starting 0 hop(s) from a known client, 1,241,150 KZT touching the run and 17% of it staying inside, which is consistent with a transit route and worth checking step by step.","chain: n=5, seeds=1, hop=0, through=1,241,150 KZT, retained=0.17; break 100000002479804100 by dominator cuts 3 of 4 members; fragility=0.75, score=0.5212"
CHN-008,chain,5,1,0,1243150.0,0.1633,100000002479804100,dominator,3.0,0.521,162,"Funds appear to move through 5 accounts in sequence starting 0 hop(s) from a known client, 1,243,150 KZT touching the run and 16% of it staying inside, which is consistent with a transit route and worth checking step by step.","chain: n=5, seeds=1, hop=0, through=1,243,150 KZT, retained=0.16; break 100000002479804100 by dominator cuts 3 of 4 members; fragility=0.75, score=0.5210"
LOOP-112,reciprocal_loop,4,1,0,9677949.0,0.0108,100000006866783100,flow,76318.0,0.5204,163,"These 4 accounts return funds to each other, 9,677,949 KZT touching the set with 1% of it never leaving, which is worth checking against what each leg was said to be for.","reciprocal_loop: n=4, seeds=1, hop=0, through=9,677,949 KZT, retained=0.01; break 100000006866783100 by flow stops 76,318 of 104,623 KZT internal; fragility=0.73, score=0.5204"
LOOP-249,reciprocal_loop,2,2,0,1143066.0,0.189,100000004041163100,flow,216000.0,0.5203,164,"These 2 accounts return funds to each other, 1,143,066 KZT touching the set with 19% of it never leaving, which is worth checking against what each leg was said to be for.","reciprocal_loop: n=2, seeds=2, hop=0, through=1,143,066 KZT, retained=0.19; break 100000004041163100 by flow stops 216,000 of 216,000 KZT internal; fragility=1.00, score=0.5203"
LOOP-113,reciprocal_loop,4,1,0,12373472.0,0.0184,100000007639767100,flow,154990.0,0.5198,165,"These 4 accounts return funds to each other, 12,373,472 KZT touching the set with 2% of it never leaving, which is worth checking against what each leg was said to be for.","reciprocal_loop: n=4, seeds=1, hop=0, through=12,373,472 KZT, retained=0.02; break 100000007639767100 by flow stops 154,990 of 227,590 KZT internal; fragility=0.68, score=0.5198"
LOOP-037,reciprocal_loop,4,1,0,14667851.0,0.0216,100000004390333100,flow,205751.0,0.5197,166,"These 4 accounts return funds to each other, 14,667,851 KZT touching the set with 2% of it never leaving, which is worth checking against what each leg was said to be for.","reciprocal_loop: n=4, seeds=1, hop=0, through=14,667,851 KZT, retained=0.02; break 100000004390333100 by flow stops 205,751 of 316,637 KZT internal; fragility=0.65, score=0.5197"
LOOP-173,reciprocal_loop,3,1,0,2227974.0,0.1162,100000004007116100,flow,248960.0,0.5197,167,"These 3 accounts return funds to each other, 2,227,974 KZT touching the set with 12% of it never leaving, which is worth checking against what each leg was said to be for.","reciprocal_loop: n=3, seeds=1, hop=0, through=2,227,974 KZT, retained=0.12; break 100000004007116100 by flow stops 248,960 of 258,960 KZT internal; fragility=0.96, score=0.5197"
LOOP-210,reciprocal_loop,4,1,0,11054660.75,0.0341,100000008304139100,flow,261137.0,0.5196,168,"These 4 accounts return funds to each other, 11,054,661 KZT touching the set with 3% of it never leaving, which is worth checking against what each leg was said to be for.","reciprocal_loop: n=4, seeds=1, hop=0, through=11,054,661 KZT, retained=0.03; break 100000008304139100 by flow stops 261,137 of 376,541 KZT internal; fragility=0.69, score=0.5196"
LOOP-332,reciprocal_loop,4,1,0,11840032.75,0.0515,100000006866783100,flow,409279.0,0.5188,169,"These 4 accounts return funds to each other, 11,840,033 KZT touching the set with 5% of it never leaving, which is worth checking against what each leg was said to be for.","reciprocal_loop: n=4, seeds=1, hop=0, through=11,840,033 KZT, retained=0.05; break 100000006866783100 by flow stops 409,279 of 610,246 KZT internal; fragility=0.67, score=0.5188"
LOOP-176,reciprocal_loop,2,1,0,2105074.0,0.1007,100000002731501100,flow,211960.0,0.5183,170,"These 2 accounts return funds to each other, 2,105,074 KZT touching the set with 10% of it never leaving, which is worth checking against what each leg was said to be for.","reciprocal_loop: n=2, seeds=1, hop=0, through=2,105,074 KZT, retained=0.10; break 100000002731501100 by flow stops 211,960 of 211,960 KZT internal; fragility=1.00, score=0.5183"
CHN-029,chain,5,1,0,1209150.0,0.1464,100000002479804100,dominator,3.0,0.5182,171,"Funds appear to move through 5 accounts in sequence starting 0 hop(s) from a known client, 1,209,150 KZT touching the run and 15% of it staying inside, which is consistent with a transit route and worth checking step by step.","chain: n=5, seeds=1, hop=0, through=1,209,150 KZT, retained=0.15; break 100000002479804100 by dominator cuts 3 of 4 members; fragility=0.75, score=0.5182"
LOOP-237,reciprocal_loop,2,1,0,1482800.0,0.2455,100000003923946100,flow,364000.0,0.5177,172,"These 2 accounts return funds to each other, 1,482,800 KZT touching the set with 25% of it never leaving, which is worth checking against what each leg was said to be for.","reciprocal_loop: n=2, seeds=1, hop=0, through=1,482,800 KZT, retained=0.25; break 100000003923946100 by flow stops 364,000 of 364,000 KZT internal; fragility=1.00, score=0.5177"
LOOP-259,reciprocal_loop,4,1,0,8311589.55,0.0654,100000006866783100,flow,391437.0,0.5175,173,"These 4 accounts return funds to each other, 8,311,590 KZT touching the set with 7% of it never leaving, which is worth checking against what each leg was said to be for.","reciprocal_loop: n=4, seeds=1, hop=0, through=8,311,590 KZT, retained=0.07; break 100000006866783100 by flow stops 391,437 of 543,505 KZT internal; fragility=0.72, score=0.5175"
LOOP-219,reciprocal_loop,4,1,0,2191887.0,0.353,100000004160650100,flow,646744.0,0.5174,174,"These 4 accounts return funds to each other, 2,191,887 KZT touching the set with 35% of it never leaving, which is worth checking against what each leg was said to be for.","reciprocal_loop: n=4, seeds=1, hop=0, through=2,191,887 KZT, retained=0.35; break 100000004160650100 by flow stops 646,744 of 773,744 KZT internal; fragility=0.84, score=0.5174"
LOOP-011,reciprocal_loop,2,0,1,4576704.0,0.6992,100000000274067100,flow,3200000.0,0.517,175,"These 2 accounts return funds to each other, 4,576,704 KZT touching the set with 70% of it never leaving, which is worth checking against what each leg was said to be for.","reciprocal_loop: n=2, seeds=0, hop=1, through=4,576,704 KZT, retained=0.70; break 100000000274067100 by flow stops 3,200,000 of 3,200,000 KZT internal; fragility=1.00, score=0.5170"
LOOP-050,reciprocal_loop,3,0,1,16493020.0,0.077,100000008686313100,flow,1265376.0,0.5167,176,"These 3 accounts return funds to each other, 16,493,020 KZT touching the set with 8% of it never leaving, which is worth checking against what each leg was said to be for.","reciprocal_loop: n=3, seeds=0, hop=1, through=16,493,020 KZT, retained=0.08; break 100000008686313100 by flow stops 1,265,376 of 1,270,376 KZT internal; fragility=1.00, score=0.5167"
LOOP-099,reciprocal_loop,2,1,0,2237521.0,0.0474,100000001616816100,flow,106000.0,0.516,177,"These 2 accounts return funds to each other, 2,237,521 KZT touching the set with 5% of it never leaving, which is worth checking against what each leg was said to be for.","reciprocal_loop: n=2, seeds=1, hop=0, through=2,237,521 KZT, retained=0.05; break 100000001616816100 by flow stops 106,000 of 106,000 KZT internal; fragility=1.00, score=0.5160"
FAN-038,fan_out,29,0,1,6831233.68,0.2998,100000004400305100,articulation,28.0,0.5155,178,"One account spreads 6,831,234 KZT across 28 receivers, every one of them observed to the end with no onward transfer in the window, 30% of the money staying inside the set, which is worth checking as a dispersal point before the receivers are treated separately.","fan_out: n=29, seeds=0, hop=1, through=6,831,234 KZT, retained=0.30; receivers=28 observed/0 at crawl boundary; break 100000004400305100 by articulation cuts 28 of 28 members; fragility=1.00, score=0.5155"
LOOP-006,reciprocal_loop,4,1,0,14674044.0,0.0119,100000007639767100,flow,110886.0,0.5155,179,"These 4 accounts return funds to each other, 14,674,044 KZT touching the set with 1% of it never leaving, which is worth checking against what each leg was said to be for.","reciprocal_loop: n=4, seeds=1, hop=0, through=14,674,044 KZT, retained=0.01; break 100000007639767100 by flow stops 110,886 of 174,886 KZT internal; fragility=0.63, score=0.5155"
LOOP-052,reciprocal_loop,3,0,2,16316020.0,0.3333,100000002224132100,flow,5380000.0,0.5154,180,"These 3 accounts return funds to each other, 16,316,020 KZT touching the set with 33% of it never leaving, which is worth checking against what each leg was said to be for.","reciprocal_loop: n=3, seeds=0, hop=2, through=16,316,020 KZT, retained=0.33; break 100000002224132100 by flow stops 5,380,000 of 5,437,500 KZT internal; fragility=0.99, score=0.5154"
LOOP-057,reciprocal_loop,3,0,2,16316020.0,0.3474,100000002224132100,flow,5575000.0,0.5154,181,"These 3 accounts return funds to each other, 16,316,020 KZT touching the set with 35% of it never leaving, which is worth checking against what each leg was said to be for.","reciprocal_loop: n=3, seeds=0, hop=2, through=16,316,020 KZT, retained=0.35; break 100000002224132100 by flow stops 5,575,000 of 5,667,500 KZT internal; fragility=0.98, score=0.5154"
LOOP-374,reciprocal_loop,2,1,0,1317030.0,0.2504,100000008659445100,flow,329800.0,0.5138,182,"These 2 accounts return funds to each other, 1,317,030 KZT touching the set with 25% of it never leaving, which is worth checking against what each leg was said to be for.","reciprocal_loop: n=2, seeds=1, hop=0, through=1,317,030 KZT, retained=0.25; break 100000008659445100 by flow stops 329,800 of 329,800 KZT internal; fragility=1.00, score=0.5138"
LOOP-034,reciprocal_loop,3,0,1,16703956.0,0.0387,100000004351795100,flow,641418.0,0.5131,183,"These 3 accounts return funds to each other, 16,703,956 KZT touching the set with 4% of it never leaving, which is worth checking against what each leg was said to be for.","reciprocal_loop: n=3, seeds=0, hop=1, through=16,703,956 KZT, retained=0.04; break 100000004351795100 by flow stops 641,418 of 646,418 KZT internal; fragility=0.99, score=0.5131"
LOOP-094,reciprocal_loop,4,1,0,12231409.0,0.0202,100000001609499100,flow,160593.0,0.513,184,"These 4 accounts return funds to each other, 12,231,409 KZT touching the set with 2% of it never leaving, which is worth checking against what each leg was said to be for.","reciprocal_loop: n=4, seeds=1, hop=0, through=12,231,409 KZT, retained=0.02; break 100000001609499100 by flow stops 160,593 of 246,980 KZT internal; fragility=0.65, score=0.5130"
LOOP-349,reciprocal_loop,4,1,0,14988106.75,0.0488,100000006866783100,flow,440848.0,0.5129,185,"These 4 accounts return funds to each other, 14,988,107 KZT touching the set with 5% of it never leaving, which is worth checking against what each leg was said to be for.","reciprocal_loop: n=4, seeds=1, hop=0, through=14,988,107 KZT, retained=0.05; break 100000006866783100 by flow stops 440,848 of 731,041 KZT internal; fragility=0.60, score=0.5129"
LOOP-154,reciprocal_loop,4,1,0,9861549.0,0.016,100000002306369100,flow,108166.0,0.5125,186,"These 4 accounts return funds to each other, 9,861,549 KZT touching the set with 2% of it never leaving, which is worth checking against what each leg was said to be for.","reciprocal_loop: n=4, seeds=1, hop=0, through=9,861,549 KZT, retained=0.02; break 100000002306369100 by flow stops 108,166 of 157,489 KZT internal; fragility=0.69, score=0.5125"
LOOP-092,reciprocal_loop,4,1,0,12119132.0,0.0269,100000006866783100,flow,210688.0,0.5122,187,"These 4 accounts return funds to each other, 12,119,132 KZT touching the set with 3% of it never leaving, which is worth checking against what each leg was said to be for.","reciprocal_loop: n=4, seeds=1, hop=0, through=12,119,132 KZT, retained=0.03; break 100000006866783100 by flow stops 210,688 of 326,344 KZT internal; fragility=0.65, score=0.5122"
LOOP-045,reciprocal_loop,4,0,1,14603907.0,0.0859,100000000437046100,flow,1212051.0,0.5115,188,"These 4 accounts return funds to each other, 14,603,907 KZT touching the set with 9% of it never leaving, which is worth checking against what each leg was said to be for.","reciprocal_loop: n=4, seeds=0, hop=1, through=14,603,907 KZT, retained=0.09; break 100000000437046100 by flow stops 1,212,051 of 1,254,156 KZT internal; fragility=0.97, score=0.5115"
BRG-065,bridge,9,3,0,1361119.0,0.7888,100000008733194100,articulation,8.0,0.5113,189,"These 8 accounts reach the rest of their community only through 100000008733194100, whose removal would detach 8 of them from 1,361,119 KZT of observed flow, which is worth checking as a shared route rather than a coincidence of the crawl.","bridge: n=9, seeds=3, hop=0, through=1,361,119 KZT, retained=0.79; break 100000008733194100 by articulation cuts 8 of 8 members; fragility=1.00, score=0.5113"
LOOP-375,reciprocal_loop,3,1,0,1394030.0,0.5105,100000008659445100,flow,601500.0,0.5113,190,"These 3 accounts return funds to each other, 1,394,030 KZT touching the set with 51% of it never leaving, which is worth checking against what each leg was said to be for.","reciprocal_loop: n=3, seeds=1, hop=0, through=1,394,030 KZT, retained=0.51; break 100000008659445100 by flow stops 601,500 of 711,600 KZT internal; fragility=0.85, score=0.5113"
FAN-013,fan_out,22,0,1,8261831.0,0.2184,100000008603629100,articulation,21.0,0.5102,191,"One account spreads 8,261,831 KZT across 21 receivers, every one of them observed to the end with no onward transfer in the window, 22% of the money staying inside the set, which is worth checking as a dispersal point before the receivers are treated separately.","fan_out: n=22, seeds=0, hop=1, through=8,261,831 KZT, retained=0.22; receivers=21 observed/0 at crawl boundary; break 100000008603629100 by articulation cuts 21 of 21 members; fragility=1.00, score=0.5102"
BRG-069,bridge,10,1,0,6333519.0,0.481,100000008748914100,articulation,9.0,0.5101,192,"These 9 accounts reach the rest of their community only through 100000008748914100, whose removal would detach 9 of them from 6,333,519 KZT of observed flow, which is worth checking as a shared route rather than a coincidence of the crawl.","bridge: n=10, seeds=1, hop=0, through=6,333,519 KZT, retained=0.48; break 100000008748914100 by articulation cuts 9 of 9 members; fragility=1.00, score=0.5101"
BRG-171,bridge,4,1,0,3901957.0,0.8837,100000007594394100,articulation,3.0,0.5095,193,"These 3 accounts reach the rest of their community only through 100000007594394100, whose removal would detach 3 of them from 3,901,957 KZT of observed flow, which is worth checking as a shared route rather than a coincidence of the crawl.","bridge: n=4, seeds=1, hop=0, through=3,901,957 KZT, retained=0.88; break 100000007594394100 by articulation cuts 3 of 3 members; fragility=1.00, score=0.5095"
LOOP-207,reciprocal_loop,4,1,0,11930969.0,0.01,100000003213473100,flow,76500.0,0.509,194,"These 4 accounts return funds to each other, 11,930,969 KZT touching the set with 1% of it never leaving, which is worth checking against what each leg was said to be for.","reciprocal_loop: n=4, seeds=1, hop=0, through=11,930,969 KZT, retained=0.01; break 100000003213473100 by flow stops 76,500 of 119,518 KZT internal; fragility=0.64, score=0.5090"
BRG-035,bridge,36,0,1,10890938.0,0.8707,100000005242320100,articulation,35.0,0.5089,195,"These 35 accounts reach the rest of their community only through 100000005242320100, whose removal would detach 35 of them from 10,890,938 KZT of observed flow, which is worth checking as a shared route rather than a coincidence of the crawl.","bridge: n=36, seeds=0, hop=1, through=10,890,938 KZT, retained=0.87; break 100000005242320100 by articulation cuts 35 of 35 members; fragility=1.00, score=0.5089"
LOOP-040,reciprocal_loop,4,0,1,16621610.0,0.0785,100000008686313100,flow,1216600.0,0.5085,196,"These 4 accounts return funds to each other, 16,621,610 KZT touching the set with 8% of it never leaving, which is worth checking against what each leg was said to be for.","reciprocal_loop: n=4, seeds=0, hop=1, through=16,621,610 KZT, retained=0.08; break 100000008686313100 by flow stops 1,216,600 of 1,304,468 KZT internal; fragility=0.93, score=0.5085"
LOOP-327,reciprocal_loop,2,1,0,1229640.0,0.2187,100000005456919100,flow,268950.0,0.5085,197,"These 2 accounts return funds to each other, 1,229,640 KZT touching the set with 22% of it never leaving, which is worth checking against what each leg was said to be for.","reciprocal_loop: n=2, seeds=1, hop=0, through=1,229,640 KZT, retained=0.22; break 100000005456919100 by flow stops 268,950 of 268,950 KZT internal; fragility=1.00, score=0.5085"
BRG-001,bridge,30,1,0,5181421.0,0.2796,100000006866783100,articulation,29.0,0.5084,198,"These 29 accounts reach the rest of their community only through 100000006866783100, whose removal would detach 29 of them from 5,181,421 KZT of observed flow, which is worth checking as a shared route rather than a coincidence of the crawl.","bridge: n=30, seeds=1, hop=0, through=5,181,421 KZT, retained=0.28; break 100000006866783100 by articulation cuts 29 of 29 members; fragility=1.00, score=0.5084"
LOOP-155,reciprocal_loop,4,1,0,12588472.0,0.0198,100000007639767100,flow,154990.0,0.5081,199,"These 4 accounts return funds to each other, 12,588,472 KZT touching the set with 2% of it never leaving, which is worth checking against what each leg was said to be for.","reciprocal_loop: n=4, seeds=1, hop=0, through=12,588,472 KZT, retained=0.02; break 100000007639767100 by flow stops 154,990 of 249,056 KZT internal; fragility=0.62, score=0.5081"
LOOP-146,reciprocal_loop,2,0,2,16166020.0,0.2833,100000002224132100,flow,4580300.0,0.5069,200,"These 2 accounts return funds to each other, 16,166,020 KZT touching the set with 28% of it never leaving, which is worth checking against what each leg was said to be for.","reciprocal_loop: n=2, seeds=0, hop=2, through=16,166,020 KZT, retained=0.28; break 100000002224132100 by flow stops 4,580,300 of 4,580,300 KZT internal; fragility=1.00, score=0.5069"
LOOP-046,reciprocal_loop,3,0,1,16225197.0,0.0126,100000007639767100,flow,199840.0,0.5063,201,"These 3 accounts return funds to each other, 16,225,197 KZT touching the set with 1% of it never leaving, which is worth checking against what each leg was said to be for.","reciprocal_loop: n=3, seeds=0, hop=1, through=16,225,197 KZT, retained=0.01; break 100000007639767100 by flow stops 199,840 of 204,840 KZT internal; fragility=0.98, score=0.5063"
BRG-141,bridge,8,5,0,434070.0,0.8386,100000005264990100,articulation,7.0,0.5062,202,"These 7 accounts reach the rest of their community only through 100000005264990100, whose removal would detach 7 of them from 434,070 KZT of observed flow, which is worth checking as a shared route rather than a coincidence of the crawl.","bridge: n=8, seeds=5, hop=0, through=434,070 KZT, retained=0.84; break 100000005264990100 by articulation cuts 7 of 7 members; fragility=1.00, score=0.5062"
LOOP-030,reciprocal_loop,4,0,1,17139000.55,0.0807,100000008686313100,flow,1265376.0,0.506,203,"These 4 accounts return funds to each other, 17,139,001 KZT touching the set with 8% of it never leaving, which is worth checking against what each leg was said to be for.","reciprocal_loop: n=4, seeds=0, hop=1, through=17,139,001 KZT, retained=0.08; break 100000008686313100 by flow stops 1,265,376 of 1,383,502 KZT internal; fragility=0.91, score=0.5060"
LOOP-089,reciprocal_loop,4,1,0,11472067.55,0.0358,100000006866783100,flow,254662.0,0.5055,204,"These 4 accounts return funds to each other, 11,472,068 KZT touching the set with 4% of it never leaving, which is worth checking against what each leg was said to be for.","reciprocal_loop: n=4, seeds=1, hop=0, through=11,472,068 KZT, retained=0.04; break 100000006866783100 by flow stops 254,662 of 410,982 KZT internal; fragility=0.62, score=0.5055"
LOOP-359,reciprocal_loop,2,1,0,1504930.0,0.0951,100000008193577100,flow,143190.0,0.5055,205,"These 2 accounts return funds to each other, 1,504,930 KZT touching the set with 10% of it never leaving, which is worth checking against what each leg was said to be for.","reciprocal_loop: n=2, seeds=1, hop=0, through=1,504,930 KZT, retained=0.10; break 100000008193577100 by flow stops 143,190 of 143,190 KZT internal; fragility=1.00, score=0.5055"
LOOP-337,reciprocal_loop,2,0,2,3879897.0,0.8715,100000006274203100,flow,3381312.0,0.5043,206,"These 2 accounts return funds to each other, 3,879,897 KZT touching the set with 87% of it never leaving, which is worth checking against what each leg was said to be for.","reciprocal_loop: n=2, seeds=0, hop=2, through=3,879,897 KZT, retained=0.87; break 100000006274203100 by flow stops 3,381,312 of 3,381,312 KZT internal; fragility=1.00, score=0.5043"
LOOP-014,reciprocal_loop,4,0,1,33445483.0,0.0564,100000008686313100,flow,1507225.0,0.5039,207,"These 4 accounts return funds to each other, 33,445,483 KZT touching the set with 6% of it never leaving, which is worth checking against what each leg was said to be for.","reciprocal_loop: n=4, seeds=0, hop=1, through=33,445,483 KZT, retained=0.06; break 100000008686313100 by flow stops 1,507,225 of 1,887,225 KZT internal; fragility=0.80, score=0.5039"
FAN-025,fan_out,11,0,1,5870398.0,0.451,100000001162560100,articulation,10.0,0.5037,208,"One account spreads 5,870,398 KZT across 10 receivers, every one of them observed to the end with no onward transfer in the window, 45% of the money staying inside the set, which is worth checking as a dispersal point before the receivers are treated separately.","fan_out: n=11, seeds=0, hop=1, through=5,870,398 KZT, retained=0.45; receivers=10 observed/0 at crawl boundary; break 100000001162560100 by articulation cuts 10 of 10 members; fragility=1.00, score=0.5037"
LOOP-021,reciprocal_loop,4,1,0,14384961.55,0.031,100000006866783100,flow,255476.0,0.5036,209,"These 4 accounts return funds to each other, 14,384,962 KZT touching the set with 3% of it never leaving, which is worth checking against what each leg was said to be for.","reciprocal_loop: n=4, seeds=1, hop=0, through=14,384,962 KZT, retained=0.03; break 100000006866783100 by flow stops 255,476 of 445,476 KZT internal; fragility=0.57, score=0.5036"
LOOP-108,reciprocal_loop,4,1,0,12132889.0,0.0131,100000008603629100,flow,96912.0,0.5034,210,"These 4 accounts return funds to each other, 12,132,889 KZT touching the set with 1% of it never leaving, which is worth checking against what each leg was said to be for.","reciprocal_loop: n=4, seeds=1, hop=0, through=12,132,889 KZT, retained=0.01; break 100000008603629100 by flow stops 96,912 of 158,987 KZT internal; fragility=0.61, score=0.5034"
LOOP-081,reciprocal_loop,2,1,0,663550.0,0.422,100000001380054100,flow,280000.0,0.5031,211,"These 2 accounts return funds to each other, 663,550 KZT touching the set with 42% of it never leaving, which is worth checking against what each leg was said to be for.","reciprocal_loop: n=2, seeds=1, hop=0, through=663,550 KZT, retained=0.42; break 100000001380054100 by flow stops 280,000 of 280,000 KZT internal; fragility=1.00, score=0.5031"
LOOP-023,reciprocal_loop,4,0,1,16422627.55,0.0822,100000000437046100,flow,1224183.0,0.503,212,"These 4 accounts return funds to each other, 16,422,628 KZT touching the set with 8% of it never leaving, which is worth checking against what each leg was said to be for.","reciprocal_loop: n=4, seeds=0, hop=1, through=16,422,628 KZT, retained=0.08; break 100000000437046100 by flow stops 1,224,183 of 1,349,400 KZT internal; fragility=0.91, score=0.5030"
LOOP-035,reciprocal_loop,4,0,1,17685096.0,0.1081,100000000437046100,flow,1681183.0,0.502,213,"These 4 accounts return funds to each other, 17,685,096 KZT touching the set with 11% of it never leaving, which is worth checking against what each leg was said to be for.","reciprocal_loop: n=4, seeds=0, hop=1, through=17,685,096 KZT, retained=0.11; break 100000000437046100 by flow stops 1,681,183 of 1,911,794 KZT internal; fragility=0.88, score=0.5020"
BRG-160,bridge,4,2,0,1558179.0,0.9625,100000008418835100,articulation,3.0,0.5012,214,"These 3 accounts reach the rest of their community only through 100000008418835100, whose removal would detach 3 of them from 1,558,179 KZT of observed flow, which is worth checking as a shared route rather than a coincidence of the crawl.","bridge: n=4, seeds=2, hop=0, through=1,558,179 KZT, retained=0.96; break 100000008418835100 by articulation cuts 3 of 3 members; fragility=1.00, score=0.5012"
LOOP-100,reciprocal_loop,2,1,0,1166125.0,0.1541,100000001616816100,flow,179695.0,0.5011,215,"These 2 accounts return funds to each other, 1,166,125 KZT touching the set with 15% of it never leaving, which is worth checking against what each leg was said to be for.","reciprocal_loop: n=2, seeds=1, hop=0, through=1,166,125 KZT, retained=0.15; break 100000001616816100 by flow stops 179,695 of 179,695 KZT internal; fragility=1.00, score=0.5011"
FAN-012,fan_out,17,0,1,2901162.11,0.6161,100000004156082100,articulation,16.0,0.5007,216,"One account spreads 2,901,162 KZT across 16 receivers, every one of them observed to the end with no onward transfer in the window, 62% of the money staying inside the set, which is worth checking as a dispersal point before the receivers are treated separately.","fan_out: n=17, seeds=0, hop=1, through=2,901,162 KZT, retained=0.62; receivers=16 observed/0 at crawl boundary; break 100000004156082100 by articulation cuts 16 of 16 members; fragility=1.00, score=0.5007"
LOOP-343,reciprocal_loop,4,1,0,9678649.0,0.0094,100000006866783100,flow,57518.0,0.4999,217,"These 4 accounts return funds to each other, 9,678,649 KZT touching the set with 1% of it never leaving, which is worth checking against what each leg was said to be for.","reciprocal_loop: n=4, seeds=1, hop=0, through=9,678,649 KZT, retained=0.01; break 100000006866783100 by flow stops 57,518 of 90,823 KZT internal; fragility=0.63, score=0.4999"
LOOP-054,reciprocal_loop,2,1,0,1522967.0,0.0203,100000000580561100,flow,30857.0,0.4995,218,"These 2 accounts return funds to each other, 1,522,967 KZT touching the set with 2% of it never leaving, which is worth checking against what each leg was said to be for.","reciprocal_loop: n=2, seeds=1, hop=0, through=1,522,967 KZT, retained=0.02; break 100000000580561100 by flow stops 30,857 of 30,857 KZT internal; fragility=1.00, score=0.4995"
BRG-081,bridge,16,1,0,2922062.59,0.553,100000005498992100,articulation,15.0,0.4994,219,"These 15 accounts reach the rest of their community only through 100000005498992100, whose removal would detach 15 of them from 2,922,063 KZT of observed flow, which is worth checking as a shared route rather than a coincidence of the crawl.","bridge: n=16, seeds=1, hop=0, through=2,922,063 KZT, retained=0.55; break 100000005498992100 by articulation cuts 15 of 15 members; fragility=1.00, score=0.4994"
LOOP-255,reciprocal_loop,4,1,0,12046411.55,0.0349,100000006866783100,flow,245225.0,0.4994,220,"These 4 accounts return funds to each other, 12,046,412 KZT touching the set with 3% of it never leaving, which is worth checking against what each leg was said to be for.","reciprocal_loop: n=4, seeds=1, hop=0, through=12,046,412 KZT, retained=0.03; break 100000006866783100 by flow stops 245,225 of 420,532 KZT internal; fragility=0.58, score=0.4994"
LOOP-361,reciprocal_loop,4,1,0,1615030.0,0.6966,100000008659445100,flow,744690.0,0.4984,221,"These 4 accounts return funds to each other, 1,615,030 KZT touching the set with 70% of it never leaving, which is worth checking against what each leg was said to be for.","reciprocal_loop: n=4, seeds=1, hop=0, through=1,615,030 KZT, retained=0.70; break 100000008659445100 by flow stops 744,690 of 1,125,080 KZT internal; fragility=0.66, score=0.4984"
LOOP-144,reciprocal_loop,2,0,2,16316020.0,0.1765,100000002224132100,flow,2880000.0,0.4981,222,"These 2 accounts return funds to each other, 16,316,020 KZT touching the set with 18% of it never leaving, which is worth checking against what each leg was said to be for.","reciprocal_loop: n=2, seeds=0, hop=2, through=16,316,020 KZT, retained=0.18; break 100000002224132100 by flow stops 2,880,000 of 2,880,000 KZT internal; fragility=1.00, score=0.4981"
LOOP-287,reciprocal_loop,4,1,0,12753779.0,0.0251,100000008603629100,flow,181972.0,0.4973,223,"These 4 accounts return funds to each other, 12,753,779 KZT touching the set with 3% of it never leaving, which is worth checking against what each leg was said to be for.","reciprocal_loop: n=4, seeds=1, hop=0, through=12,753,779 KZT, retained=0.03; break 100000008603629100 by flow stops 181,972 of 320,741 KZT internal; fragility=0.57, score=0.4973"
LOOP-056,reciprocal_loop,2,0,2,16158520.0,0.1668,100000000594783100,flow,2695000.0,0.4969,224,"These 2 accounts return funds to each other, 16,158,520 KZT touching the set with 17% of it never leaving, which is worth checking against what each leg was said to be for.","reciprocal_loop: n=2, seeds=0, hop=2, through=16,158,520 KZT, retained=0.17; break 100000000594783100 by flow stops 2,695,000 of 2,695,000 KZT internal; fragility=1.00, score=0.4969"
FAN-028,fan_out,24,0,1,5102608.0,0.2383,100000005933757100,articulation,23.0,0.4968,225,"One account spreads 5,102,608 KZT across 23 receivers, every one of them observed to the end with no onward transfer in the window, 24% of the money staying inside the set, which is worth checking as a dispersal point before the receivers are treated separately.","fan_out: n=24, seeds=0, hop=1, through=5,102,608 KZT, retained=0.24; receivers=23 observed/0 at crawl boundary; break 100000005933757100 by articulation cuts 23 of 23 members; fragility=1.00, score=0.4968"
LOOP-326,reciprocal_loop,4,1,0,1615030.0,0.7128,100000008659445100,flow,741940.0,0.4961,226,"These 4 accounts return funds to each other, 1,615,030 KZT touching the set with 71% of it never leaving, which is worth checking against what each leg was said to be for.","reciprocal_loop: n=4, seeds=1, hop=0, through=1,615,030 KZT, retained=0.71; break 100000008659445100 by flow stops 741,940 of 1,151,230 KZT internal; fragility=0.64, score=0.4961"
LOOP-263,reciprocal_loop,4,1,0,12934727.55,0.0253,100000006866783100,flow,182743.0,0.4958,227,"These 4 accounts return funds to each other, 12,934,728 KZT touching the set with 3% of it never leaving, which is worth checking against what each leg was said to be for.","reciprocal_loop: n=4, seeds=1, hop=0, through=12,934,728 KZT, retained=0.03; break 100000006866783100 by flow stops 182,743 of 327,841 KZT internal; fragility=0.56, score=0.4958"
LOOP-096,reciprocal_loop,4,1,0,12471992.0,0.0253,100000008603629100,flow,177628.0,0.4956,228,"These 4 accounts return funds to each other, 12,471,992 KZT touching the set with 3% of it never leaving, which is worth checking against what each leg was said to be for.","reciprocal_loop: n=4, seeds=1, hop=0, through=12,471,992 KZT, retained=0.03; break 100000008603629100 by flow stops 177,628 of 315,583 KZT internal; fragility=0.56, score=0.4956"
LOOP-360,reciprocal_loop,3,1,0,1615030.0,0.4125,100000008736940100,flow,523090.0,0.4956,229,"These 3 accounts return funds to each other, 1,615,030 KZT touching the set with 41% of it never leaving, which is worth checking against what each leg was said to be for.","reciprocal_loop: n=3, seeds=1, hop=0, through=1,615,030 KZT, retained=0.41; break 100000008736940100 by flow stops 523,090 of 666,280 KZT internal; fragility=0.79, score=0.4956"
LOOP-051,reciprocal_loop,2,0,1,9825757.0,0.1154,100000000437046100,flow,1134183.0,0.4955,230,"These 2 accounts return funds to each other, 9,825,757 KZT touching the set with 12% of it never leaving, which is worth checking against what each leg was said to be for.","reciprocal_loop: n=2, seeds=0, hop=1, through=9,825,757 KZT, retained=0.12; break 100000000437046100 by flow stops 1,134,183 of 1,134,183 KZT internal; fragility=1.00, score=0.4955"
LOOP-047,reciprocal_loop,4,0,1,17206337.0,0.0854,100000008686313100,flow,1265376.0,0.4951,231,"These 4 accounts return funds to each other, 17,206,337 KZT touching the set with 9% of it never leaving, which is worth checking against what each leg was said to be for.","reciprocal_loop: n=4, seeds=0, hop=1, through=17,206,337 KZT, retained=0.09; break 100000008686313100 by flow stops 1,265,376 of 1,470,216 KZT internal; fragility=0.86, score=0.4951"
LOOP-168,reciprocal_loop,4,0,1,14133121.0,0.0214,100000008603629100,flow,277619.0,0.4944,232,"These 4 accounts return funds to each other, 14,133,121 KZT touching the set with 2% of it never leaving, which is worth checking against what each leg was said to be for.","reciprocal_loop: n=4, seeds=0, hop=1, through=14,133,121 KZT, retained=0.02; break 100000008603629100 by flow stops 277,619 of 302,619 KZT internal; fragility=0.92, score=0.4944"
FAN-027,fan_out,28,0,1,1938702.67,0.5833,100000005704413100,articulation,27.0,0.4939,233,"One account spreads 1,938,703 KZT across 27 receivers, of which 23 sit at the four-hop crawl boundary and were never followed, leaving only 4 actually observed to retain what they were sent, so most of this shape is unobserved rather than measured, 58% of the money staying inside the set, which is worth checking as a dispersal point before the receivers are treated separately.","fan_out: n=28, seeds=0, hop=1, through=1,938,703 KZT, retained=0.58; receivers=4 observed/23 at crawl boundary; break 100000005704413100 by articulation cuts 27 of 27 members; fragility=1.00, score=0.4939"
FAN-039,fan_out,15,0,1,7180000.0,0.1681,100000008517538100,articulation,14.0,0.4939,234,"One account spreads 7,180,000 KZT across 14 receivers, 7 of them observed to the end with no onward transfer in the window and 7 at the four-hop crawl boundary where nothing downstream was collected, 17% of the money staying inside the set, which is worth checking as a dispersal point before the receivers are treated separately.","fan_out: n=15, seeds=0, hop=1, through=7,180,000 KZT, retained=0.17; receivers=7 observed/7 at crawl boundary; break 100000008517538100 by articulation cuts 14 of 14 members; fragility=1.00, score=0.4939"
BRG-002,bridge,73,0,1,9851562.0,0.5204,100000008603629100,articulation,72.0,0.4938,235,"These 72 accounts reach the rest of their community only through 100000008603629100, whose removal would detach 72 of them from 9,851,562 KZT of observed flow, which is worth checking as a shared route rather than a coincidence of the crawl.","bridge: n=73, seeds=0, hop=1, through=9,851,562 KZT, retained=0.52; break 100000008603629100 by articulation cuts 72 of 72 members; fragility=1.00, score=0.4938"
CHN-051,chain,3,1,0,4846849.0,0.01,100000008443341100,dominator,1.0,0.4932,236,"Funds appear to move through 3 accounts in sequence starting 0 hop(s) from a known client, 4,846,849 KZT touching the run and 1% of it staying inside, which is consistent with a transit route and worth checking step by step.","chain: n=3, seeds=1, hop=0, through=4,846,849 KZT, retained=0.01; break 100000008443341100 by dominator cuts 1 of 2 members; fragility=0.50, score=0.4932"
BRG-034,bridge,120,0,2,4659350.0,0.9584,100000002578405100,articulation,119.0,0.493,237,"These 119 accounts reach the rest of their community only through 100000002578405100, whose removal would detach 119 of them from 4,659,350 KZT of observed flow, which is worth checking as a shared route rather than a coincidence of the crawl.","bridge: n=120, seeds=0, hop=2, through=4,659,350 KZT, retained=0.96; break 100000002578405100 by articulation cuts 119 of 119 members; fragility=1.00, score=0.4930"
LOOP-325,reciprocal_loop,3,1,0,1504930.0,0.4174,100000005456919100,flow,484950.0,0.4907,238,"These 3 accounts return funds to each other, 1,504,930 KZT touching the set with 42% of it never leaving, which is worth checking against what each leg was said to be for.","reciprocal_loop: n=3, seeds=1, hop=0, through=1,504,930 KZT, retained=0.42; break 100000005456919100 by flow stops 484,950 of 628,140 KZT internal; fragility=0.77, score=0.4907"
LOOP-091,reciprocal_loop,4,1,0,13381497.0,0.0244,100000006866783100,flow,171341.0,0.49,239,"These 4 accounts return funds to each other, 13,381,497 KZT touching the set with 2% of it never leaving, which is worth checking against what each leg was said to be for.","reciprocal_loop: n=4, seeds=1, hop=0, through=13,381,497 KZT, retained=0.02; break 100000006866783100 by flow stops 171,341 of 326,415 KZT internal; fragility=0.52, score=0.4900"
LOOP-290,reciprocal_loop,4,0,1,13738522.0,0.0151,100000008603629100,flow,186972.0,0.4897,240,"These 4 accounts return funds to each other, 13,738,522 KZT touching the set with 2% of it never leaving, which is worth checking against what each leg was said to be for.","reciprocal_loop: n=4, seeds=0, hop=1, through=13,738,522 KZT, retained=0.02; break 100000008603629100 by flow stops 186,972 of 207,140 KZT internal; fragility=0.90, score=0.4897"
FAN-034,fan_out,9,0,1,6010249.0,0.3031,100000008512827100,articulation,8.0,0.4889,241,"One account spreads 6,010,249 KZT across 8 receivers, every one of them observed to the end with no onward transfer in the window, 30% of the money staying inside the set, which is worth checking as a dispersal point before the receivers are treated separately.","fan_out: n=9, seeds=0, hop=1, through=6,010,249 KZT, retained=0.30; receivers=8 observed/0 at crawl boundary; break 100000008512827100 by articulation cuts 8 of 8 members; fragility=1.00, score=0.4889"
FAN-002,fan_out,15,0,2,9053624.0,0.2519,100000000437046100,articulation,14.0,0.4886,242,"One account spreads 9,053,624 KZT across 14 receivers, every one of them observed to the end with no onward transfer in the window, 25% of the money staying inside the set, which is worth checking as a dispersal point before the receivers are treated separately.","fan_out: n=15, seeds=0, hop=2, through=9,053,624 KZT, retained=0.25; receivers=14 observed/0 at crawl boundary; break 100000000437046100 by articulation cuts 14 of 14 members; fragility=1.00, score=0.4886"
FAN-033,fan_out,13,0,2,6775470.0,0.4116,100000008742053100,articulation,12.0,0.4886,243,"One account spreads 6,775,470 KZT across 12 receivers, 6 of them observed to the end with no onward transfer in the window and 6 at the four-hop crawl boundary where nothing downstream was collected, 41% of the money staying inside the set, which is worth checking as a dispersal point before the receivers are treated separately.","fan_out: n=13, seeds=0, hop=2, through=6,775,470 KZT, retained=0.41; receivers=6 observed/6 at crawl boundary; break 100000008742053100 by articulation cuts 12 of 12 members; fragility=1.00, score=0.4886"
LOOP-019,reciprocal_loop,4,0,1,17349936.55,0.0438,100000004351795100,flow,641418.0,0.4884,244,"These 4 accounts return funds to each other, 17,349,937 KZT touching the set with 4% of it never leaving, which is worth checking against what each leg was said to be for.","reciprocal_loop: n=4, seeds=0, hop=1, through=17,349,937 KZT, retained=0.04; break 100000004351795100 by flow stops 641,418 of 759,544 KZT internal; fragility=0.84, score=0.4884"
LOOP-244,reciprocal_loop,2,1,0,1045604.0,0.0354,100000004005964100,flow,37000.0,0.487,245,"These 2 accounts return funds to each other, 1,045,604 KZT touching the set with 4% of it never leaving, which is worth checking against what each leg was said to be for.","reciprocal_loop: n=2, seeds=1, hop=0, through=1,045,604 KZT, retained=0.04; break 100000004005964100 by flow stops 37,000 of 37,000 KZT internal; fragility=1.00, score=0.4870"
LOOP-170,reciprocal_loop,4,1,0,2456074.0,0.1421,100000004007116100,flow,263960.0,0.4868,246,"These 4 accounts return funds to each other, 2,456,074 KZT touching the set with 14% of it never leaving, which is worth checking against what each leg was said to be for.","reciprocal_loop: n=4, seeds=1, hop=0, through=2,456,074 KZT, retained=0.14; break 100000004007116100 by flow stops 263,960 of 348,960 KZT internal; fragility=0.76, score=0.4868"
LOOP-110,reciprocal_loop,4,0,1,12267268.0,0.0338,100000005910114100,flow,373591.0,0.4867,247,"These 4 accounts return funds to each other, 12,267,268 KZT touching the set with 3% of it never leaving, which is worth checking against what each leg was said to be for.","reciprocal_loop: n=4, seeds=0, hop=1, through=12,267,268 KZT, retained=0.03; break 100000005910114100 by flow stops 373,591 of 414,891 KZT internal; fragility=0.90, score=0.4867"
LOOP-036,reciprocal_loop,4,0,1,16043945.0,0.0129,100000000437046100,flow,177868.0,0.4863,248,"These 4 accounts return funds to each other, 16,043,945 KZT touching the set with 1% of it never leaving, which is worth checking against what each leg was said to be for.","reciprocal_loop: n=4, seeds=0, hop=1, through=16,043,945 KZT, retained=0.01; break 100000000437046100 by flow stops 177,868 of 206,675 KZT internal; fragility=0.86, score=0.4863"
LOOP-016,reciprocal_loop,4,0,1,11007740.51,0.0155,100000000437046100,flow,157500.0,0.4854,249,"These 4 accounts return funds to each other, 11,007,741 KZT touching the set with 2% of it never leaving, which is worth checking against what each leg was said to be for.","reciprocal_loop: n=4, seeds=0, hop=1, through=11,007,741 KZT, retained=0.02; break 100000000437046100 by flow stops 157,500 of 171,100 KZT internal; fragility=0.92, score=0.4854"
LOOP-044,reciprocal_loop,2,0,1,9548713.0,0.0082,100000000437046100,flow,77868.0,0.4853,250,"These 2 accounts return funds to each other, 9,548,713 KZT touching the set with 1% of it never leaving, which is worth checking against what each leg was said to be for.","reciprocal_loop: n=2, seeds=0, hop=1, through=9,548,713 KZT, retained=0.01; break 100000000437046100 by flow stops 77,868 of 77,868 KZT internal; fragility=1.00, score=0.4853"
FAN-035,fan_out,9,0,1,5456726.0,0.2952,100000008710843100,articulation,8.0,0.485,251,"One account spreads 5,456,726 KZT across 8 receivers, every one of them observed to the end with no onward transfer in the window, 30% of the money staying inside the set, which is worth checking as a dispersal point before the receivers are treated separately.","fan_out: n=9, seeds=0, hop=1, through=5,456,726 KZT, retained=0.30; receivers=8 observed/0 at crawl boundary; break 100000008710843100 by articulation cuts 8 of 8 members; fragility=1.00, score=0.4850"
FAN-022,fan_out,13,0,1,4062706.68,0.3352,100000003242289100,articulation,12.0,0.4848,252,"One account spreads 4,062,707 KZT across 12 receivers, every one of them observed to the end with no onward transfer in the window, 34% of the money staying inside the set, which is worth checking as a dispersal point before the receivers are treated separately.","fan_out: n=13, seeds=0, hop=1, through=4,062,707 KZT, retained=0.34; receivers=12 observed/0 at crawl boundary; break 100000003242289100 by articulation cuts 12 of 12 members; fragility=1.00, score=0.4848"
LOOP-373,reciprocal_loop,2,0,1,8918779.0,0.0147,100000008603629100,flow,131193.0,0.4834,253,"These 2 accounts return funds to each other, 8,918,779 KZT touching the set with 1% of it never leaving, which is worth checking against what each leg was said to be for.","reciprocal_loop: n=2, seeds=0, hop=1, through=8,918,779 KZT, retained=0.01; break 100000008603629100 by flow stops 131,193 of 131,193 KZT internal; fragility=1.00, score=0.4834"
LOOP-018,reciprocal_loop,4,0,1,12097456.55,0.0596,100000000437046100,flow,632000.0,0.4831,254,"These 4 accounts return funds to each other, 12,097,457 KZT touching the set with 6% of it never leaving, which is worth checking against what each leg was said to be for.","reciprocal_loop: n=4, seeds=0, hop=1, through=12,097,457 KZT, retained=0.06; break 100000000437046100 by flow stops 632,000 of 721,570 KZT internal; fragility=0.88, score=0.4831"
FAN-008,fan_out,33,0,1,1637679.0,0.479,100000001697501100,articulation,32.0,0.4829,255,"One account spreads 1,637,679 KZT across 32 receivers, every one of them observed to the end with no onward transfer in the window, 48% of the money staying inside the set, which is worth checking as a dispersal point before the receivers are treated separately.","fan_out: n=33, seeds=0, hop=1, through=1,637,679 KZT, retained=0.48; receivers=32 observed/0 at crawl boundary; break 100000001697501100 by articulation cuts 32 of 32 members; fragility=1.00, score=0.4829"
BRG-142,bridge,7,4,0,364000.0,0.8104,100000004744306100,articulation,6.0,0.4828,256,"These 6 accounts reach the rest of their community only through 100000004744306100, whose removal would detach 6 of them from 364,000 KZT of observed flow, which is worth checking as a shared route rather than a coincidence of the crawl.","bridge: n=7, seeds=4, hop=0, through=364,000 KZT, retained=0.81; break 100000004744306100 by articulation cuts 6 of 6 members; fragility=1.00, score=0.4828"
FAN-014,fan_out,9,0,1,5568699.0,0.255,100000007442518100,articulation,8.0,0.4824,257,"One account spreads 5,568,699 KZT across 8 receivers, every one of them observed to the end with no onward transfer in the window, 25% of the money staying inside the set, which is worth checking as a dispersal point before the receivers are treated separately.","fan_out: n=9, seeds=0, hop=1, through=5,568,699 KZT, retained=0.25; receivers=8 observed/0 at crawl boundary; break 100000007442518100 by articulation cuts 8 of 8 members; fragility=1.00, score=0.4824"
LOOP-283,reciprocal_loop,4,0,1,14129873.0,0.0149,100000008603629100,flow,181972.0,0.4824,258,"These 4 accounts return funds to each other, 14,129,873 KZT touching the set with 1% of it never leaving, which is worth checking against what each leg was said to be for.","reciprocal_loop: n=4, seeds=0, hop=1, through=14,129,873 KZT, retained=0.01; break 100000008603629100 by flow stops 181,972 of 210,779 KZT internal; fragility=0.86, score=0.4824"
LOOP-008,reciprocal_loop,4,1,0,6251015.0,0.0357,100000003796063100,flow,137500.0,0.4823,259,"These 4 accounts return funds to each other, 6,251,015 KZT touching the set with 4% of it never leaving, which is worth checking against what each leg was said to be for.","reciprocal_loop: n=4, seeds=1, hop=0, through=6,251,015 KZT, retained=0.04; break 100000003796063100 by flow stops 137,500 of 223,200 KZT internal; fragility=0.62, score=0.4823"
LOOP-048,reciprocal_loop,4,0,1,13885823.0,0.1023,100000000437046100,flow,1175683.0,0.4816,260,"These 4 accounts return funds to each other, 13,885,823 KZT touching the set with 10% of it never leaving, which is worth checking against what each leg was said to be for.","reciprocal_loop: n=4, seeds=0, hop=1, through=13,885,823 KZT, retained=0.10; break 100000000437046100 by flow stops 1,175,683 of 1,420,116 KZT internal; fragility=0.83, score=0.4816"
FAN-009,fan_out,11,0,1,2636929.0,0.5208,100000001530983100,articulation,10.0,0.4815,261,"One account spreads 2,636,929 KZT across 10 receivers, every one of them observed to the end with no onward transfer in the window, 52% of the money staying inside the set, which is worth checking as a dispersal point before the receivers are treated separately.","fan_out: n=11, seeds=0, hop=1, through=2,636,929 KZT, retained=0.52; receivers=10 observed/0 at crawl boundary; break 100000001530983100 by articulation cuts 10 of 10 members; fragility=1.00, score=0.4815"
LOOP-279,reciprocal_loop,2,0,1,8537532.0,0.0116,100000004351795100,flow,99418.0,0.4815,262,"These 2 accounts return funds to each other, 8,537,532 KZT touching the set with 1% of it never leaving, which is worth checking against what each leg was said to be for.","reciprocal_loop: n=2, seeds=0, hop=1, through=8,537,532 KZT, retained=0.01; break 100000004351795100 by flow stops 99,418 of 99,418 KZT internal; fragility=1.00, score=0.4815"
FAN-029,fan_out,9,0,1,6899934.0,0.1486,100000008466579100,articulation,8.0,0.4813,263,"One account spreads 6,899,934 KZT across 8 receivers, every one of them observed to the end with no onward transfer in the window, 15% of the money staying inside the set, which is worth checking as a dispersal point before the receivers are treated separately.","fan_out: n=9, seeds=0, hop=1, through=6,899,934 KZT, retained=0.15; receivers=8 observed/0 at crawl boundary; break 100000008466579100 by articulation cuts 8 of 8 members; fragility=1.00, score=0.4813"
FAN-006,fan_out,14,0,1,5405964.0,0.1451,100000008477350100,articulation,13.0,0.4809,264,"One account spreads 5,405,964 KZT across 13 receivers, every one of them observed to the end with no onward transfer in the window, 15% of the money staying inside the set, which is worth checking as a dispersal point before the receivers are treated separately.","fan_out: n=14, seeds=0, hop=1, through=5,405,964 KZT, retained=0.15; receivers=13 observed/0 at crawl boundary; break 100000008477350100 by articulation cuts 13 of 13 members; fragility=1.00, score=0.4809"
LOOP-218,reciprocal_loop,3,1,0,1273704.0,0.0997,100000004005964100,flow,112000.0,0.4809,265,"These 3 accounts return funds to each other, 1,273,704 KZT touching the set with 10% of it never leaving, which is worth checking against what each leg was said to be for.","reciprocal_loop: n=3, seeds=1, hop=0, through=1,273,704 KZT, retained=0.10; break 100000004005964100 by flow stops 112,000 of 127,000 KZT internal; fragility=0.88, score=0.4809"
LOOP-354,reciprocal_loop,4,0,1,13652825.0,0.0216,100000008603629100,flow,253165.0,0.4804,266,"These 4 accounts return funds to each other, 13,652,825 KZT touching the set with 2% of it never leaving, which is worth checking against what each leg was said to be for.","reciprocal_loop: n=4, seeds=0, hop=1, through=13,652,825 KZT, retained=0.02; break 100000008603629100 by flow stops 253,165 of 295,270 KZT internal; fragility=0.86, score=0.4804"
LOOP-298,reciprocal_loop,4,0,1,15314847.75,0.022,100000008603629100,flow,280972.0,0.4796,267,"These 4 accounts return funds to each other, 15,314,848 KZT touching the set with 2% of it never leaving, which is worth checking against what each leg was said to be for.","reciprocal_loop: n=4, seeds=0, hop=1, through=15,314,848 KZT, retained=0.02; break 100000008603629100 by flow stops 280,972 of 337,073 KZT internal; fragility=0.83, score=0.4796"
FAN-015,fan_out,15,0,1,1859960.0,0.5648,100000008748408100,articulation,14.0,0.4788,268,"One account spreads 1,859,960 KZT across 14 receivers, every one of them observed to the end with no onward transfer in the window, 56% of the money staying inside the set, which is worth checking as a dispersal point before the receivers are treated separately.","fan_out: n=15, seeds=0, hop=1, through=1,859,960 KZT, retained=0.56; receivers=14 observed/0 at crawl boundary; break 100000008748408100 by articulation cuts 14 of 14 members; fragility=1.00, score=0.4788"
LOOP-355,reciprocal_loop,2,0,1,7594641.0,0.0161,100000007639767100,flow,121972.0,0.4776,269,"These 2 accounts return funds to each other, 7,594,641 KZT touching the set with 2% of it never leaving, which is worth checking against what each leg was said to be for.","reciprocal_loop: n=2, seeds=0, hop=1, through=7,594,641 KZT, retained=0.02; break 100000007639767100 by flow stops 121,972 of 121,972 KZT internal; fragility=1.00, score=0.4776"
FAN-043,fan_out,9,0,2,5058185.0,0.4781,100000006977207100,articulation,8.0,0.477,270,"One account spreads 5,058,185 KZT across 8 receivers, every one of them observed to the end with no onward transfer in the window, 48% of the money staying inside the set, which is worth checking as a dispersal point before the receivers are treated separately.","fan_out: n=9, seeds=0, hop=2, through=5,058,185 KZT, retained=0.48; receivers=8 observed/0 at crawl boundary; break 100000006977207100 by articulation cuts 8 of 8 members; fragility=1.00, score=0.4770"
FAN-018,fan_out,10,0,2,2859278.0,0.6983,100000003854444100,articulation,9.0,0.4768,271,"One account spreads 2,859,278 KZT across 9 receivers, every one of them observed to the end with no onward transfer in the window, 70% of the money staying inside the set, which is worth checking as a dispersal point before the receivers are treated separately.","fan_out: n=10, seeds=0, hop=2, through=2,859,278 KZT, retained=0.70; receivers=9 observed/0 at crawl boundary; break 100000003854444100 by articulation cuts 9 of 9 members; fragility=1.00, score=0.4768"
LOOP-064,reciprocal_loop,2,0,2,5428650.0,0.4016,100000000673868100,flow,2180150.0,0.4767,272,"These 2 accounts return funds to each other, 5,428,650 KZT touching the set with 40% of it never leaving, which is worth checking against what each leg was said to be for.","reciprocal_loop: n=2, seeds=0, hop=2, through=5,428,650 KZT, retained=0.40; break 100000000673868100 by flow stops 2,180,150 of 2,180,150 KZT internal; fragility=1.00, score=0.4767"
FAN-017,fan_out,18,0,1,2499974.96,0.3635,100000002957787100,articulation,17.0,0.4765,273,"One account spreads 2,499,975 KZT across 17 receivers, every one of them observed to the end with no onward transfer in the window, 36% of the money staying inside the set, which is worth checking as a dispersal point before the receivers are treated separately.","fan_out: n=18, seeds=0, hop=1, through=2,499,975 KZT, retained=0.36; receivers=17 observed/0 at crawl boundary; break 100000002957787100 by articulation cuts 17 of 17 members; fragility=1.00, score=0.4765"
LOOP-118,reciprocal_loop,4,0,1,10923222.0,0.0296,100000008086440100,flow,282533.0,0.4761,274,"These 4 accounts return funds to each other, 10,923,222 KZT touching the set with 3% of it never leaving, which is worth checking against what each leg was said to be for.","reciprocal_loop: n=4, seeds=0, hop=1, through=10,923,222 KZT, retained=0.03; break 100000008086440100 by flow stops 282,533 of 323,833 KZT internal; fragility=0.87, score=0.4761"
LOOP-318,reciprocal_loop,2,0,1,7339815.0,0.0092,100000004847758100,flow,67612.0,0.4757,275,"These 2 accounts return funds to each other, 7,339,815 KZT touching the set with 1% of it never leaving, which is worth checking against what each leg was said to be for.","reciprocal_loop: n=2, seeds=0, hop=1, through=7,339,815 KZT, retained=0.01; break 100000004847758100 by flow stops 67,612 of 67,612 KZT internal; fragility=1.00, score=0.4757"
BRG-031,bridge,8,0,2,16365020.0,0.8217,100000002224132100,articulation,7.0,0.4751,276,"These 7 accounts reach the rest of their community only through 100000002224132100, whose removal would detach 7 of them from 16,365,020 KZT of observed flow, which is worth checking as a shared route rather than a coincidence of the crawl.","bridge: n=8, seeds=0, hop=2, through=16,365,020 KZT, retained=0.82; break 100000002224132100 by articulation cuts 7 of 7 members; fragility=1.00, score=0.4751"
LOOP-191,reciprocal_loop,2,0,2,8317628.0,0.1972,100000002963189100,flow,1640000.0,0.4751,277,"These 2 accounts return funds to each other, 8,317,628 KZT touching the set with 20% of it never leaving, which is worth checking against what each leg was said to be for.","reciprocal_loop: n=2, seeds=0, hop=2, through=8,317,628 KZT, retained=0.20; break 100000002963189100 by flow stops 1,640,000 of 1,640,000 KZT internal; fragility=1.00, score=0.4751"
LOOP-138,reciprocal_loop,2,0,2,4841820.0,0.4232,100000001965374100,flow,2049000.0,0.4744,278,"These 2 accounts return funds to each other, 4,841,820 KZT touching the set with 42% of it never leaving, which is worth checking against what each leg was said to be for.","reciprocal_loop: n=2, seeds=0, hop=2, through=4,841,820 KZT, retained=0.42; break 100000001965374100 by flow stops 2,049,000 of 2,049,000 KZT internal; fragility=1.00, score=0.4744"
LOOP-303,reciprocal_loop,2,0,2,2552000.0,0.6975,100000004479404100,flow,1780000.0,0.4741,279,"These 2 accounts return funds to each other, 2,552,000 KZT touching the set with 70% of it never leaving, which is worth checking against what each leg was said to be for.","reciprocal_loop: n=2, seeds=0, hop=2, through=2,552,000 KZT, retained=0.70; break 100000004479404100 by flow stops 1,780,000 of 1,780,000 KZT internal; fragility=1.00, score=0.4741"
FAN-016,fan_out,14,0,1,2899262.0,0.3294,100000008165763100,articulation,13.0,0.474,280,"One account spreads 2,899,262 KZT across 13 receivers, every one of them observed to the end with no onward transfer in the window, 33% of the money staying inside the set, which is worth checking as a dispersal point before the receivers are treated separately.","fan_out: n=14, seeds=0, hop=1, through=2,899,262 KZT, retained=0.33; receivers=13 observed/0 at crawl boundary; break 100000008165763100 by articulation cuts 13 of 13 members; fragility=1.00, score=0.4740"
LOOP-328,reciprocal_loop,2,0,1,2251500.0,0.4841,100000005473151100,flow,1090000.0,0.4726,281,"These 2 accounts return funds to each other, 2,251,500 KZT touching the set with 48% of it never leaving, which is worth checking against what each leg was said to be for.","reciprocal_loop: n=2, seeds=0, hop=1, through=2,251,500 KZT, retained=0.48; break 100000005473151100 by flow stops 1,090,000 of 1,090,000 KZT internal; fragility=1.00, score=0.4726"
LOOP-251,reciprocal_loop,2,0,1,6769287.55,0.0063,100000004070318100,flow,42800.0,0.4725,282,"These 2 accounts return funds to each other, 6,769,288 KZT touching the set with 1% of it never leaving, which is worth checking against what each leg was said to be for.","reciprocal_loop: n=2, seeds=0, hop=1, through=6,769,288 KZT, retained=0.01; break 100000004070318100 by flow stops 42,800 of 42,800 KZT internal; fragility=1.00, score=0.4725"
BRG-070,bridge,11,0,1,7864732.84,0.776,100000002963189100,articulation,10.0,0.4723,283,"These 10 accounts reach the rest of their community only through 100000002963189100, whose removal would detach 10 of them from 7,864,733 KZT of observed flow, which is worth checking as a shared route rather than a coincidence of the crawl.","bridge: n=11, seeds=0, hop=1, through=7,864,733 KZT, retained=0.78; break 100000002963189100 by articulation cuts 10 of 10 members; fragility=1.00, score=0.4723"
FAN-026,fan_out,29,0,1,500470.0,0.8913,100000008460102100,articulation,28.0,0.4723,284,"One account spreads 500,470 KZT across 28 receivers, of which 27 sit at the four-hop crawl boundary and were never followed, leaving only 1 actually observed to retain what they were sent, so most of this shape is unobserved rather than measured, 89% of the money staying inside the set, which is worth checking as a dispersal point before the receivers are treated separately.","fan_out: n=29, seeds=0, hop=1, through=500,470 KZT, retained=0.89; receivers=1 observed/27 at crawl boundary; break 100000008460102100 by articulation cuts 28 of 28 members; fragility=1.00, score=0.4723"
LOOP-148,reciprocal_loop,3,0,1,2444603.0,0.7118,100000002267998100,flow,1500000.0,0.4719,285,"These 3 accounts return funds to each other, 2,444,603 KZT touching the set with 71% of it never leaving, which is worth checking against what each leg was said to be for.","reciprocal_loop: n=3, seeds=0, hop=1, through=2,444,603 KZT, retained=0.71; break 100000002267998100 by flow stops 1,500,000 of 1,740,000 KZT internal; fragility=0.86, score=0.4719"
LOOP-147,reciprocal_loop,2,0,1,2341103.0,0.457,100000002267998100,flow,1070000.0,0.4717,286,"These 2 accounts return funds to each other, 2,341,103 KZT touching the set with 46% of it never leaving, which is worth checking against what each leg was said to be for.","reciprocal_loop: n=2, seeds=0, hop=1, through=2,341,103 KZT, retained=0.46; break 100000002267998100 by flow stops 1,070,000 of 1,070,000 KZT internal; fragility=1.00, score=0.4717"
LOOP-273,reciprocal_loop,3,0,2,1895940.0,0.7338,100000004221668100,flow,1385040.0,0.4716,287,"These 3 accounts return funds to each other, 1,895,940 KZT touching the set with 73% of it never leaving, which is worth checking against what each leg was said to be for.","reciprocal_loop: n=3, seeds=0, hop=2, through=1,895,940 KZT, retained=0.73; break 100000004221668100 by flow stops 1,385,040 of 1,391,240 KZT internal; fragility=1.00, score=0.4716"
LOOP-117,reciprocal_loop,4,0,1,11619602.0,0.0155,100000008603629100,flow,151272.0,0.4708,288,"These 4 accounts return funds to each other, 11,619,602 KZT touching the set with 2% of it never leaving, which is worth checking against what each leg was said to be for.","reciprocal_loop: n=4, seeds=0, hop=1, through=11,619,602 KZT, retained=0.02; break 100000008603629100 by flow stops 151,272 of 179,577 KZT internal; fragility=0.84, score=0.4708"
LOOP-033,reciprocal_loop,4,0,1,17417273.0,0.0486,100000004351795100,flow,641418.0,0.4705,289,"These 4 accounts return funds to each other, 17,417,273 KZT touching the set with 5% of it never leaving, which is worth checking against what each leg was said to be for.","reciprocal_loop: n=4, seeds=0, hop=1, through=17,417,273 KZT, retained=0.05; break 100000004351795100 by flow stops 641,418 of 846,258 KZT internal; fragility=0.76, score=0.4705"
LOOP-027,reciprocal_loop,4,0,1,14161480.55,0.0148,100000000437046100,flow,167868.0,0.4695,290,"These 4 accounts return funds to each other, 14,161,481 KZT touching the set with 1% of it never leaving, which is worth checking against what each leg was said to be for.","reciprocal_loop: n=4, seeds=0, hop=1, through=14,161,481 KZT, retained=0.01; break 100000000437046100 by flow stops 167,868 of 209,173 KZT internal; fragility=0.80, score=0.4695"
LOOP-275,reciprocal_loop,2,0,1,3913999.0,0.2069,100000004299488100,flow,809999.0,0.4694,291,"These 2 accounts return funds to each other, 3,913,999 KZT touching the set with 21% of it never leaving, which is worth checking against what each leg was said to be for.","reciprocal_loop: n=2, seeds=0, hop=1, through=3,913,999 KZT, retained=0.21; break 100000004299488100 by flow stops 809,999 of 809,999 KZT internal; fragility=1.00, score=0.4694"
FAN-024,fan_out,13,0,2,4887299.0,0.3097,100000008547844100,articulation,12.0,0.4692,292,"One account spreads 4,887,299 KZT across 12 receivers, every one of them observed to the end with no onward transfer in the window, 31% of the money staying inside the set, which is worth checking as a dispersal point before the receivers are treated separately.","fan_out: n=13, seeds=0, hop=2, through=4,887,299 KZT, retained=0.31; receivers=12 observed/0 at crawl boundary; break 100000008547844100 by articulation cuts 12 of 12 members; fragility=1.00, score=0.4692"
BRG-088,bridge,29,0,1,3484663.67,0.8423,100000005578559100,articulation,28.0,0.4687,293,"These 28 accounts reach the rest of their community only through 100000005578559100, whose removal would detach 28 of them from 3,484,664 KZT of observed flow, which is worth checking as a shared route rather than a coincidence of the crawl.","bridge: n=29, seeds=0, hop=1, through=3,484,664 KZT, retained=0.84; break 100000005578559100 by articulation cuts 28 of 28 members; fragility=1.00, score=0.4687"
LOOP-123,reciprocal_loop,2,0,1,5721309.0,0.0339,100000001697501100,flow,193700.0,0.4687,294,"These 2 accounts return funds to each other, 5,721,309 KZT touching the set with 3% of it never leaving, which is worth checking against what each leg was said to be for.","reciprocal_loop: n=2, seeds=0, hop=1, through=5,721,309 KZT, retained=0.03; break 100000001697501100 by flow stops 193,700 of 193,700 KZT internal; fragility=1.00, score=0.4687"
LOOP-067,reciprocal_loop,2,0,2,3185390.0,0.5274,100000000791285100,flow,1680000.0,0.4678,295,"These 2 accounts return funds to each other, 3,185,390 KZT touching the set with 53% of it never leaving, which is worth checking against what each leg was said to be for.","reciprocal_loop: n=2, seeds=0, hop=2, through=3,185,390 KZT, retained=0.53; break 100000000791285100 by flow stops 1,680,000 of 1,680,000 KZT internal; fragility=1.00, score=0.4678"
LOOP-134,reciprocal_loop,2,0,2,9648984.0,0.045,100000001857829100,flow,434000.0,0.4676,296,"These 2 accounts return funds to each other, 9,648,984 KZT touching the set with 4% of it never leaving, which is worth checking against what each leg was said to be for.","reciprocal_loop: n=2, seeds=0, hop=2, through=9,648,984 KZT, retained=0.04; break 100000001857829100 by flow stops 434,000 of 434,000 KZT internal; fragility=1.00, score=0.4676"
BRG-040,bridge,26,0,1,4799226.0,0.7142,100000003242289100,articulation,25.0,0.4675,297,"These 25 accounts reach the rest of their community only through 100000003242289100, whose removal would detach 25 of them from 4,799,226 KZT of observed flow, which is worth checking as a shared route rather than a coincidence of the crawl.","bridge: n=26, seeds=0, hop=1, through=4,799,226 KZT, retained=0.71; break 100000003242289100 by articulation cuts 25 of 25 members; fragility=1.00, score=0.4675"
LOOP-293,reciprocal_loop,4,0,1,15107967.0,0.0303,100000008603629100,flow,354596.0,0.4673,298,"These 4 accounts return funds to each other, 15,107,967 KZT touching the set with 3% of it never leaving, which is worth checking against what each leg was said to be for.","reciprocal_loop: n=4, seeds=0, hop=1, through=15,107,967 KZT, retained=0.03; break 100000008603629100 by flow stops 354,596 of 457,764 KZT internal; fragility=0.77, score=0.4673"
LOOP-299,reciprocal_loop,4,0,1,13063098.0,0.0103,100000008686313100,flow,108217.0,0.4666,299,"These 4 accounts return funds to each other, 13,063,098 KZT touching the set with 1% of it never leaving, which is worth checking against what each leg was said to be for.","reciprocal_loop: n=4, seeds=0, hop=1, through=13,063,098 KZT, retained=0.01; break 100000008686313100 by flow stops 108,217 of 134,522 KZT internal; fragility=0.80, score=0.4666"
LOOP-274,reciprocal_loop,2,0,2,1865940.0,0.7365,100000004221668100,flow,1374200.0,0.4659,300,"These 2 accounts return funds to each other, 1,865,940 KZT touching the set with 74% of it never leaving, which is worth checking against what each leg was said to be for.","reciprocal_loop: n=2, seeds=0, hop=2, through=1,865,940 KZT, retained=0.74; break 100000004221668100 by flow stops 1,374,200 of 1,374,200 KZT internal; fragility=1.00, score=0.4659"
LOOP-152,reciprocal_loop,4,1,0,6111115.0,0.0428,100000006866783100,flow,140666.0,0.4654,301,"These 4 accounts return funds to each other, 6,111,115 KZT touching the set with 4% of it never leaving, which is worth checking against what each leg was said to be for.","reciprocal_loop: n=4, seeds=1, hop=0, through=6,111,115 KZT, retained=0.04; break 100000006866783100 by flow stops 140,666 of 261,666 KZT internal; fragility=0.54, score=0.4654"
BRG-143,bridge,5,4,0,261000.0,0.7778,100000008516839100,articulation,4.0,0.4653,302,"These 4 accounts reach the rest of their community only through 100000008516839100, whose removal would detach 4 of them from 261,000 KZT of observed flow, which is worth checking as a shared route rather than a coincidence of the crawl.","bridge: n=5, seeds=4, hop=0, through=261,000 KZT, retained=0.78; break 100000008516839100 by articulation cuts 4 of 4 members; fragility=1.00, score=0.4653"
LOOP-297,reciprocal_loop,4,0,1,12701024.75,0.0104,100000008304139100,flow,106101.0,0.4649,303,"These 4 accounts return funds to each other, 12,701,025 KZT touching the set with 1% of it never leaving, which is worth checking against what each leg was said to be for.","reciprocal_loop: n=4, seeds=0, hop=1, through=12,701,025 KZT, retained=0.01; break 100000008304139100 by flow stops 106,101 of 132,406 KZT internal; fragility=0.80, score=0.4649"
LOOP-311,reciprocal_loop,4,0,1,8949454.0,0.0303,100000008603629100,flow,231379.0,0.4648,304,"These 4 accounts return funds to each other, 8,949,454 KZT touching the set with 3% of it never leaving, which is worth checking against what each leg was said to be for.","reciprocal_loop: n=4, seeds=0, hop=1, through=8,949,454 KZT, retained=0.03; break 100000008603629100 by flow stops 231,379 of 271,096 KZT internal; fragility=0.85, score=0.4648"
CHN-013,chain,4,0,1,2431103.0,0.4833,100000002267998100,dominator,2.0,0.4645,305,"Funds appear to move through 4 accounts in sequence starting 1 hop(s) from a known client, 2,431,103 KZT touching the run and 48% of it staying inside, which is consistent with a transit route and worth checking step by step.","chain: n=4, seeds=0, hop=1, through=2,431,103 KZT, retained=0.48; break 100000002267998100 by dominator cuts 2 of 3 members; fragility=0.67, score=0.4645"
LOOP-020,reciprocal_loop,4,0,1,15844962.55,0.0159,100000000437046100,flow,190000.0,0.4637,306,"These 4 accounts return funds to each other, 15,844,963 KZT touching the set with 2% of it never leaving, which is worth checking against what each leg was said to be for.","reciprocal_loop: n=4, seeds=0, hop=1, through=15,844,963 KZT, retained=0.02; break 100000000437046100 by flow stops 190,000 of 251,607 KZT internal; fragility=0.76, score=0.4637"
LOOP-370,reciprocal_loop,2,0,2,9333175.0,0.0125,100000008489922100,flow,117000.0,0.4636,307,"These 2 accounts return funds to each other, 9,333,175 KZT touching the set with 1% of it never leaving, which is worth checking against what each leg was said to be for.","reciprocal_loop: n=2, seeds=0, hop=2, through=9,333,175 KZT, retained=0.01; break 100000008489922100 by flow stops 117,000 of 117,000 KZT internal; fragility=1.00, score=0.4636"
BRG-010,bridge,30,0,1,9234650.0,0.3376,100000000437046100,articulation,29.0,0.4635,308,"These 29 accounts reach the rest of their community only through 100000000437046100, whose removal would detach 29 of them from 9,234,650 KZT of observed flow, which is worth checking as a shared route rather than a coincidence of the crawl.","bridge: n=30, seeds=0, hop=1, through=9,234,650 KZT, retained=0.34; break 100000000437046100 by articulation cuts 29 of 29 members; fragility=1.00, score=0.4635"
FAN-030,fan_out,11,0,1,1457787.0,0.5516,100000006707582100,articulation,10.0,0.4635,309,"One account spreads 1,457,787 KZT across 10 receivers, every one of them observed to the end with no onward transfer in the window, 55% of the money staying inside the set, which is worth checking as a dispersal point before the receivers are treated separately.","fan_out: n=11, seeds=0, hop=1, through=1,457,787 KZT, retained=0.55; receivers=10 observed/0 at crawl boundary; break 100000006707582100 by articulation cuts 10 of 10 members; fragility=1.00, score=0.4635"
CHN-023,chain,4,1,0,79050.0,1.0,100000003148220100,dominator,2.0,0.4629,310,"Funds appear to move through 4 accounts in sequence starting 0 hop(s) from a known client, 79,050 KZT touching the run and 100% of it staying inside, which is consistent with a transit route and worth checking step by step.","chain: n=4, seeds=1, hop=0, through=79,050 KZT, retained=1.00; break 100000003148220100 by dominator cuts 2 of 3 members; fragility=0.67, score=0.4629"
LOOP-119,reciprocal_loop,4,0,1,9959791.22,0.0228,100000008603629100,flow,188300.0,0.4627,311,"These 4 accounts return funds to each other, 9,959,791 KZT touching the set with 2% of it never leaving, which is worth checking against what each leg was said to be for.","reciprocal_loop: n=4, seeds=0, hop=1, through=9,959,791 KZT, retained=0.02; break 100000008603629100 by flow stops 188,300 of 227,392 KZT internal; fragility=0.83, score=0.4627"
LOOP-049,reciprocal_loop,2,0,2,8795424.0,0.0261,100000000437046100,flow,230000.0,0.4626,312,"These 2 accounts return funds to each other, 8,795,424 KZT touching the set with 3% of it never leaving, which is worth checking against what each leg was said to be for.","reciprocal_loop: n=2, seeds=0, hop=2, through=8,795,424 KZT, retained=0.03; break 100000000437046100 by flow stops 230,000 of 230,000 KZT internal; fragility=1.00, score=0.4626"
LOOP-289,reciprocal_loop,4,0,1,14126914.0,0.0175,100000008603629100,flow,189584.0,0.4625,313,"These 4 accounts return funds to each other, 14,126,914 KZT touching the set with 2% of it never leaving, which is worth checking against what each leg was said to be for.","reciprocal_loop: n=4, seeds=0, hop=1, through=14,126,914 KZT, retained=0.02; break 100000008603629100 by flow stops 189,584 of 246,651 KZT internal; fragility=0.77, score=0.4625"
LOOP-377,reciprocal_loop,2,0,1,4651847.0,0.0505,100000008748914100,flow,235000.0,0.4625,314,"These 2 accounts return funds to each other, 4,651,847 KZT touching the set with 5% of it never leaving, which is worth checking against what each leg was said to be for.","reciprocal_loop: n=2, seeds=0, hop=1, through=4,651,847 KZT, retained=0.05; break 100000008748914100 by flow stops 235,000 of 235,000 KZT internal; fragility=1.00, score=0.4625"
LOOP-187,reciprocal_loop,4,0,1,8421997.51,0.0114,100000004400305100,flow,82800.0,0.4621,315,"These 4 accounts return funds to each other, 8,421,998 KZT touching the set with 1% of it never leaving, which is worth checking against what each leg was said to be for.","reciprocal_loop: n=4, seeds=0, hop=1, through=8,421,998 KZT, retained=0.01; break 100000004400305100 by flow stops 82,800 of 96,400 KZT internal; fragility=0.86, score=0.4621"
LOOP-242,reciprocal_loop,4,0,1,13092945.0,0.0224,100000008603629100,flow,227193.0,0.4615,316,"These 4 accounts return funds to each other, 13,092,945 KZT touching the set with 2% of it never leaving, which is worth checking against what each leg was said to be for.","reciprocal_loop: n=4, seeds=0, hop=1, through=13,092,945 KZT, retained=0.02; break 100000008603629100 by flow stops 227,193 of 292,993 KZT internal; fragility=0.78, score=0.4615"
FAN-037,fan_out,9,0,2,4615780.0,0.3096,100000008743913100,articulation,8.0,0.4603,317,"One account spreads 4,615,780 KZT across 8 receivers, every one of them observed to the end with no onward transfer in the window, 31% of the money staying inside the set, which is worth checking as a dispersal point before the receivers are treated separately.","fan_out: n=9, seeds=0, hop=2, through=4,615,780 KZT, retained=0.31; receivers=8 observed/0 at crawl boundary; break 100000008743913100 by articulation cuts 8 of 8 members; fragility=1.00, score=0.4603"
LOOP-175,reciprocal_loop,3,0,1,2490887.0,0.2603,100000004160650100,flow,638270.0,0.4603,318,"These 3 accounts return funds to each other, 2,490,887 KZT touching the set with 26% of it never leaving, which is worth checking against what each leg was said to be for.","reciprocal_loop: n=3, seeds=0, hop=1, through=2,490,887 KZT, retained=0.26; break 100000004160650100 by flow stops 638,270 of 648,270 KZT internal; fragility=0.98, score=0.4603"
CHN-002,chain,4,0,1,1205292.0,0.737,100000000291906100,dominator,2.0,0.4598,319,"Funds appear to move through 4 accounts in sequence starting 1 hop(s) from a known client, 1,205,292 KZT touching the run and 74% of it staying inside, which is consistent with a transit route and worth checking step by step.","chain: n=4, seeds=0, hop=1, through=1,205,292 KZT, retained=0.74; break 100000000291906100 by dominator cuts 2 of 3 members; fragility=0.67, score=0.4598"
LOOP-130,reciprocal_loop,3,0,2,9889064.0,0.0539,100000001857829100,flow,493000.0,0.4596,320,"These 3 accounts return funds to each other, 9,889,064 KZT touching the set with 5% of it never leaving, which is worth checking against what each leg was said to be for.","reciprocal_loop: n=3, seeds=0, hop=2, through=9,889,064 KZT, retained=0.05; break 100000001857829100 by flow stops 493,000 of 533,000 KZT internal; fragility=0.92, score=0.4596"
LOOP-300,reciprocal_loop,4,0,1,15670528.0,0.0221,100000008603629100,flow,253165.0,0.459,321,"These 4 accounts return funds to each other, 15,670,528 KZT touching the set with 2% of it never leaving, which is worth checking against what each leg was said to be for.","reciprocal_loop: n=4, seeds=0, hop=1, through=15,670,528 KZT, retained=0.02; break 100000008603629100 by flow stops 253,165 of 345,582 KZT internal; fragility=0.73, score=0.4590"
BRG-057,bridge,33,0,1,4762086.0,0.5193,100000005933757100,articulation,32.0,0.4578,322,"These 32 accounts reach the rest of their community only through 100000005933757100, whose removal would detach 32 of them from 4,762,086 KZT of observed flow, which is worth checking as a shared route rather than a coincidence of the crawl.","bridge: n=33, seeds=0, hop=1, through=4,762,086 KZT, retained=0.52; break 100000005933757100 by articulation cuts 32 of 32 members; fragility=1.00, score=0.4578"
CHN-044,chain,5,4,0,908070.0,0.28,100000003975102100,dominator,1.0,0.4574,323,"Funds appear to move through 5 accounts in sequence starting 0 hop(s) from a known client, 908,070 KZT touching the run and 28% of it staying inside, which is consistent with a transit route and worth checking step by step.","chain: n=5, seeds=4, hop=0, through=908,070 KZT, retained=0.28; break 100000003975102100 by dominator cuts 1 of 4 members; fragility=0.25, score=0.4574"
LOOP-131,reciprocal_loop,2,0,2,6884436.0,0.0581,100000001857829100,flow,400000.0,0.4563,324,"These 2 accounts return funds to each other, 6,884,436 KZT touching the set with 6% of it never leaving, which is worth checking against what each leg was said to be for.","reciprocal_loop: n=2, seeds=0, hop=2, through=6,884,436 KZT, retained=0.06; break 100000001857829100 by flow stops 400,000 of 400,000 KZT internal; fragility=1.00, score=0.4563"
LOOP-372,reciprocal_loop,2,0,2,7457064.0,0.0216,100000008547844100,flow,161000.0,0.4561,325,"These 2 accounts return funds to each other, 7,457,064 KZT touching the set with 2% of it never leaving, which is worth checking against what each leg was said to be for.","reciprocal_loop: n=2, seeds=0, hop=2, through=7,457,064 KZT, retained=0.02; break 100000008547844100 by flow stops 161,000 of 161,000 KZT internal; fragility=1.00, score=0.4561"
BRG-009,bridge,5,0,1,4576704.0,0.9524,100000000274067100,articulation,4.0,0.4559,326,"These 4 accounts reach the rest of their community only through 100000000274067100, whose removal would detach 4 of them from 4,576,704 KZT of observed flow, which is worth checking as a shared route rather than a coincidence of the crawl.","bridge: n=5, seeds=0, hop=1, through=4,576,704 KZT, retained=0.95; break 100000000274067100 by articulation cuts 4 of 4 members; fragility=1.00, score=0.4559"
LOOP-160,reciprocal_loop,2,0,2,4308703.0,0.2519,100000002578405100,flow,1085351.0,0.4555,327,"These 2 accounts return funds to each other, 4,308,703 KZT touching the set with 25% of it never leaving, which is worth checking against what each leg was said to be for.","reciprocal_loop: n=2, seeds=0, hop=2, through=4,308,703 KZT, retained=0.25; break 100000002578405100 by flow stops 1,085,351 of 1,085,351 KZT internal; fragility=1.00, score=0.4555"
LOOP-209,reciprocal_loop,4,0,1,11659664.0,0.0165,100000004351795100,flow,148418.0,0.4555,328,"These 4 accounts return funds to each other, 11,659,664 KZT touching the set with 2% of it never leaving, which is worth checking against what each leg was said to be for.","reciprocal_loop: n=4, seeds=0, hop=1, through=11,659,664 KZT, retained=0.02; break 100000004351795100 by flow stops 148,418 of 192,928 KZT internal; fragility=0.77, score=0.4555"
LOOP-169,reciprocal_loop,2,0,2,7313955.0,0.0213,100000002723538100,flow,155647.0,0.4554,329,"These 2 accounts return funds to each other, 7,313,955 KZT touching the set with 2% of it never leaving, which is worth checking against what each leg was said to be for.","reciprocal_loop: n=2, seeds=0, hop=2, through=7,313,955 KZT, retained=0.02; break 100000002723538100 by flow stops 155,647 of 155,647 KZT internal; fragility=1.00, score=0.4554"
LOOP-258,reciprocal_loop,4,0,1,14330802.55,0.0138,100000008603629100,flow,145098.0,0.4552,330,"These 4 accounts return funds to each other, 14,330,803 KZT touching the set with 1% of it never leaving, which is worth checking against what each leg was said to be for.","reciprocal_loop: n=4, seeds=0, hop=1, through=14,330,803 KZT, retained=0.01; break 100000008603629100 by flow stops 145,098 of 197,898 KZT internal; fragility=0.73, score=0.4552"
LOOP-178,reciprocal_loop,2,0,1,2378887.0,0.2482,100000002731501100,flow,590370.0,0.4546,331,"These 2 accounts return funds to each other, 2,378,887 KZT touching the set with 25% of it never leaving, which is worth checking against what each leg was said to be for.","reciprocal_loop: n=2, seeds=0, hop=1, through=2,378,887 KZT, retained=0.25; break 100000002731501100 by flow stops 590,370 of 590,370 KZT internal; fragility=1.00, score=0.4546"
LOOP-181,reciprocal_loop,2,0,2,1968139.85,0.5717,100000002741024100,flow,1125205.0,0.4539,332,"These 2 accounts return funds to each other, 1,968,140 KZT touching the set with 57% of it never leaving, which is worth checking against what each leg was said to be for.","reciprocal_loop: n=2, seeds=0, hop=2, through=1,968,140 KZT, retained=0.57; break 100000002741024100 by flow stops 1,125,205 of 1,125,205 KZT internal; fragility=1.00, score=0.4539"
LOOP-203,reciprocal_loop,4,0,1,2770800.0,0.2125,100000003115284100,flow,547500.0,0.4533,333,"These 4 accounts return funds to each other, 2,770,800 KZT touching the set with 21% of it never leaving, which is worth checking against what each leg was said to be for.","reciprocal_loop: n=4, seeds=0, hop=1, through=2,770,800 KZT, retained=0.21; break 100000003115284100 by flow stops 547,500 of 588,800 KZT internal; fragility=0.93, score=0.4533"
LOOP-102,reciprocal_loop,4,0,1,11059722.0,0.016,100000003968044100,flow,136000.0,0.453,334,"These 4 accounts return funds to each other, 11,059,722 KZT touching the set with 2% of it never leaving, which is worth checking against what each leg was said to be for.","reciprocal_loop: n=4, seeds=0, hop=1, through=11,059,722 KZT, retained=0.02; break 100000003968044100 by flow stops 136,000 of 177,300 KZT internal; fragility=0.77, score=0.4530"
BRG-049,bridge,52,0,2,6759580.0,0.4305,100000004400305100,articulation,51.0,0.4526,335,"These 51 accounts reach the rest of their community only through 100000004400305100, whose removal would detach 51 of them from 6,759,580 KZT of observed flow, which is worth checking as a shared route rather than a coincidence of the crawl.","bridge: n=52, seeds=0, hop=2, through=6,759,580 KZT, retained=0.43; break 100000004400305100 by articulation cuts 51 of 51 members; fragility=1.00, score=0.4526"
LOOP-076,reciprocal_loop,2,0,2,6813456.0,0.0179,100000001138283100,flow,121805.0,0.4525,336,"These 2 accounts return funds to each other, 6,813,456 KZT touching the set with 2% of it never leaving, which is worth checking against what each leg was said to be for.","reciprocal_loop: n=2, seeds=0, hop=2, through=6,813,456 KZT, retained=0.02; break 100000001138283100 by flow stops 121,805 of 121,805 KZT internal; fragility=1.00, score=0.4525"
LOOP-351,reciprocal_loop,2,0,2,1037500.0,0.8265,100000007390016100,flow,857500.0,0.4519,337,"These 2 accounts return funds to each other, 1,037,500 KZT touching the set with 83% of it never leaving, which is worth checking against what each leg was said to be for.","reciprocal_loop: n=2, seeds=0, hop=2, through=1,037,500 KZT, retained=0.83; break 100000007390016100 by flow stops 857,500 of 857,500 KZT internal; fragility=1.00, score=0.4519"
BRG-064,bridge,29,0,1,2483760.0,0.7484,100000008748408100,articulation,28.0,0.4518,338,"These 28 accounts reach the rest of their community only through 100000008748408100, whose removal would detach 28 of them from 2,483,760 KZT of observed flow, which is worth checking as a shared route rather than a coincidence of the crawl.","bridge: n=29, seeds=0, hop=1, through=2,483,760 KZT, retained=0.75; break 100000008748408100 by articulation cuts 28 of 28 members; fragility=1.00, score=0.4518"
LOOP-171,reciprocal_loop,4,0,1,2670887.0,0.2944,100000004160650100,flow,701370.0,0.4509,339,"These 4 accounts return funds to each other, 2,670,887 KZT touching the set with 29% of it never leaving, which is worth checking against what each leg was said to be for.","reciprocal_loop: n=4, seeds=0, hop=1, through=2,670,887 KZT, retained=0.29; break 100000004160650100 by flow stops 701,370 of 786,370 KZT internal; fragility=0.89, score=0.4509"
LOOP-335,reciprocal_loop,4,0,1,14300491.0,0.0371,100000005910114100,flow,373591.0,0.4509,340,"These 4 accounts return funds to each other, 14,300,491 KZT touching the set with 4% of it never leaving, which is worth checking against what each leg was said to be for.","reciprocal_loop: n=4, seeds=0, hop=1, through=14,300,491 KZT, retained=0.04; break 100000005910114100 by flow stops 373,591 of 530,584 KZT internal; fragility=0.70, score=0.4509"
CHN-024,chain,4,0,2,4379400.0,0.3313,100000008759857100,dominator,2.0,0.4505,341,"Funds appear to move through 4 accounts in sequence starting 2 hop(s) from a known client, 4,379,400 KZT touching the run and 33% of it staying inside, which is consistent with a transit route and worth checking step by step.","chain: n=4, seeds=0, hop=2, through=4,379,400 KZT, retained=0.33; break 100000008759857100 by dominator cuts 2 of 3 members; fragility=0.67, score=0.4505"
LOOP-330,reciprocal_loop,2,0,1,1208099.0,0.4933,100000005660203100,flow,595899.0,0.4505,342,"These 2 accounts return funds to each other, 1,208,099 KZT touching the set with 49% of it never leaving, which is worth checking against what each leg was said to be for.","reciprocal_loop: n=2, seeds=0, hop=1, through=1,208,099 KZT, retained=0.49; break 100000005660203100 by flow stops 595,899 of 595,899 KZT internal; fragility=1.00, score=0.4505"
LOOP-368,reciprocal_loop,3,0,2,9295164.0,0.0227,100000008547844100,flow,191099.0,0.4504,343,"These 3 accounts return funds to each other, 9,295,164 KZT touching the set with 2% of it never leaving, which is worth checking against what each leg was said to be for.","reciprocal_loop: n=3, seeds=0, hop=2, through=9,295,164 KZT, retained=0.02; break 100000008547844100 by flow stops 191,099 of 211,099 KZT internal; fragility=0.91, score=0.4504"
LOOP-060,reciprocal_loop,2,0,1,823736.0,0.6455,100000000661912100,flow,531700.0,0.4493,344,"These 2 accounts return funds to each other, 823,736 KZT touching the set with 65% of it never leaving, which is worth checking against what each leg was said to be for.","reciprocal_loop: n=2, seeds=0, hop=1, through=823,736 KZT, retained=0.65; break 100000000661912100 by flow stops 531,700 of 531,700 KZT internal; fragility=1.00, score=0.4493"
BRG-044,bridge,21,0,1,4536276.0,0.5251,100000001857829100,articulation,20.0,0.4489,345,"These 20 accounts reach the rest of their community only through 100000001857829100, whose removal would detach 20 of them from 4,536,276 KZT of observed flow, which is worth checking as a shared route rather than a coincidence of the crawl.","bridge: n=21, seeds=0, hop=1, through=4,536,276 KZT, retained=0.53; break 100000001857829100 by articulation cuts 20 of 20 members; fragility=1.00, score=0.4489"
LOOP-202,reciprocal_loop,2,0,1,2708800.0,0.1246,100000003115284100,flow,337500.0,0.4489,346,"These 2 accounts return funds to each other, 2,708,800 KZT touching the set with 12% of it never leaving, which is worth checking against what each leg was said to be for.","reciprocal_loop: n=2, seeds=0, hop=1, through=2,708,800 KZT, retained=0.12; break 100000003115284100 by flow stops 337,500 of 337,500 KZT internal; fragility=1.00, score=0.4489"
LOOP-206,reciprocal_loop,2,0,2,6283981.0,0.0106,100000003213473100,flow,66500.0,0.4489,347,"These 2 accounts return funds to each other, 6,283,981 KZT touching the set with 1% of it never leaving, which is worth checking against what each leg was said to be for.","reciprocal_loop: n=2, seeds=0, hop=2, through=6,283,981 KZT, retained=0.01; break 100000003213473100 by flow stops 66,500 of 66,500 KZT internal; fragility=1.00, score=0.4489"
LOOP-271,reciprocal_loop,2,0,1,3454445.11,0.0194,100000004156082100,flow,66950.0,0.4489,348,"These 2 accounts return funds to each other, 3,454,445 KZT touching the set with 2% of it never leaving, which is worth checking against what each leg was said to be for.","reciprocal_loop: n=2, seeds=0, hop=1, through=3,454,445 KZT, retained=0.02; break 100000004156082100 by flow stops 66,950 of 66,950 KZT internal; fragility=1.00, score=0.4489"
BRG-089,bridge,13,0,1,2348500.0,0.9072,100000001927599100,articulation,12.0,0.4476,349,"These 12 accounts reach the rest of their community only through 100000001927599100, whose removal would detach 12 of them from 2,348,500 KZT of observed flow, which is worth checking as a shared route rather than a coincidence of the crawl.","bridge: n=13, seeds=0, hop=1, through=2,348,500 KZT, retained=0.91; break 100000001927599100 by articulation cuts 12 of 12 members; fragility=1.00, score=0.4476"
LOOP-084,reciprocal_loop,2,0,2,1399882.0,0.6414,100000001445848100,flow,897850.0,0.4472,350,"These 2 accounts return funds to each other, 1,399,882 KZT touching the set with 64% of it never leaving, which is worth checking against what each leg was said to be for.","reciprocal_loop: n=2, seeds=0, hop=2, through=1,399,882 KZT, retained=0.64; break 100000001445848100 by flow stops 897,850 of 897,850 KZT internal; fragility=1.00, score=0.4472"
LOOP-208,reciprocal_loop,2,0,1,1861730.0,0.2633,100000003237045100,flow,490200.0,0.4468,351,"These 2 accounts return funds to each other, 1,861,730 KZT touching the set with 26% of it never leaving, which is worth checking against what each leg was said to be for.","reciprocal_loop: n=2, seeds=0, hop=1, through=1,861,730 KZT, retained=0.26; break 100000003237045100 by flow stops 490,200 of 490,200 KZT internal; fragility=1.00, score=0.4468"
LOOP-314,reciprocal_loop,3,0,1,577599.0,0.8034,100000004820260100,flow,444050.0,0.4468,352,"These 3 accounts return funds to each other, 577,599 KZT touching the set with 80% of it never leaving, which is worth checking against what each leg was said to be for.","reciprocal_loop: n=3, seeds=0, hop=1, through=577,599 KZT, retained=0.80; break 100000004820260100 by flow stops 444,050 of 464,050 KZT internal; fragility=0.96, score=0.4468"
FAN-023,fan_out,10,0,3,3803037.0,0.3198,100000008465789100,articulation,9.0,0.4464,353,"One account spreads 3,803,037 KZT across 9 receivers, 6 of them observed to the end with no onward transfer in the window and 3 at the four-hop crawl boundary where nothing downstream was collected, 32% of the money staying inside the set, which is worth checking as a dispersal point before the receivers are treated separately.","fan_out: n=10, seeds=0, hop=3, through=3,803,037 KZT, retained=0.32; receivers=6 observed/3 at crawl boundary; break 100000008465789100 by articulation cuts 9 of 9 members; fragility=1.00, score=0.4464"
LOOP-039,reciprocal_loop,4,0,1,17397919.75,0.0094,100000000437046100,flow,107868.0,0.4459,354,"These 4 accounts return funds to each other, 17,397,920 KZT touching the set with 1% of it never leaving, which is worth checking against what each leg was said to be for.","reciprocal_loop: n=4, seeds=0, hop=1, through=17,397,920 KZT, retained=0.01; break 100000000437046100 by flow stops 107,868 of 163,969 KZT internal; fragility=0.66, score=0.4459"
LOOP-167,reciprocal_loop,4,0,1,11839243.75,0.0373,100000008603629100,flow,314647.0,0.4459,355,"These 4 accounts return funds to each other, 11,839,244 KZT touching the set with 4% of it never leaving, which is worth checking against what each leg was said to be for.","reciprocal_loop: n=4, seeds=0, hop=1, through=11,839,244 KZT, retained=0.04; break 100000008603629100 by flow stops 314,647 of 441,217 KZT internal; fragility=0.71, score=0.4459"
LOOP-029,reciprocal_loop,4,0,1,13443396.55,0.0279,100000008086440100,flow,260133.0,0.4456,356,"These 4 accounts return funds to each other, 13,443,397 KZT touching the set with 3% of it never leaving, which is worth checking against what each leg was said to be for.","reciprocal_loop: n=4, seeds=0, hop=1, through=13,443,397 KZT, retained=0.03; break 100000008086440100 by flow stops 260,133 of 375,133 KZT internal; fragility=0.69, score=0.4456"
LOOP-257,reciprocal_loop,4,0,1,11616105.55,0.0081,100000004070318100,flow,67800.0,0.4442,357,"These 4 accounts return funds to each other, 11,616,106 KZT touching the set with 1% of it never leaving, which is worth checking against what each leg was said to be for.","reciprocal_loop: n=4, seeds=0, hop=1, through=11,616,106 KZT, retained=0.01; break 100000004070318100 by flow stops 67,800 of 94,105 KZT internal; fragility=0.72, score=0.4442"
LOOP-180,reciprocal_loop,2,0,1,2239200.0,0.1452,100000002738256100,flow,325200.0,0.4436,358,"These 2 accounts return funds to each other, 2,239,200 KZT touching the set with 15% of it never leaving, which is worth checking against what each leg was said to be for.","reciprocal_loop: n=2, seeds=0, hop=1, through=2,239,200 KZT, retained=0.15; break 100000002738256100 by flow stops 325,200 of 325,200 KZT internal; fragility=1.00, score=0.4436"
LOOP-212,reciprocal_loop,3,0,2,4197376.0,0.138,100000003242289100,flow,558601.0,0.4435,359,"These 3 accounts return funds to each other, 4,197,376 KZT touching the set with 14% of it never leaving, which is worth checking against what each leg was said to be for.","reciprocal_loop: n=3, seeds=0, hop=2, through=4,197,376 KZT, retained=0.14; break 100000003242289100 by flow stops 558,601 of 579,361 KZT internal; fragility=0.96, score=0.4435"
BRG-090,bridge,12,0,1,2290500.0,0.8734,100000008545727100,articulation,11.0,0.4432,360,"These 11 accounts reach the rest of their community only through 100000008545727100, whose removal would detach 11 of them from 2,290,500 KZT of observed flow, which is worth checking as a shared route rather than a coincidence of the crawl.","bridge: n=12, seeds=0, hop=1, through=2,290,500 KZT, retained=0.87; break 100000008545727100 by articulation cuts 11 of 11 members; fragility=1.00, score=0.4432"
LOOP-213,reciprocal_loop,2,0,2,4107376.0,0.1261,100000003242289100,flow,517791.0,0.4431,361,"These 2 accounts return funds to each other, 4,107,376 KZT touching the set with 13% of it never leaving, which is worth checking against what each leg was said to be for.","reciprocal_loop: n=2, seeds=0, hop=2, through=4,107,376 KZT, retained=0.13; break 100000003242289100 by flow stops 517,791 of 517,791 KZT internal; fragility=1.00, score=0.4431"
CHN-025,chain,4,0,2,4081400.0,0.281,100000008760098100,dominator,2.0,0.4429,362,"Funds appear to move through 4 accounts in sequence starting 2 hop(s) from a known client, 4,081,400 KZT touching the run and 28% of it staying inside, which is consistent with a transit route and worth checking step by step.","chain: n=4, seeds=0, hop=2, through=4,081,400 KZT, retained=0.28; break 100000008760098100 by dominator cuts 2 of 3 members; fragility=0.67, score=0.4429"
BRG-151,bridge,4,2,0,478564.0,0.6391,100000004480280100,articulation,3.0,0.4427,363,"These 3 accounts reach the rest of their community only through 100000004480280100, whose removal would detach 3 of them from 478,564 KZT of observed flow, which is worth checking as a shared route rather than a coincidence of the crawl.","bridge: n=4, seeds=2, hop=0, through=478,564 KZT, retained=0.64; break 100000004480280100 by articulation cuts 3 of 3 members; fragility=1.00, score=0.4427"
LOOP-225,reciprocal_loop,2,0,1,2409603.0,0.0996,100000003701161100,flow,240000.0,0.4424,364,"These 2 accounts return funds to each other, 2,409,603 KZT touching the set with 10% of it never leaving, which is worth checking against what each leg was said to be for.","reciprocal_loop: n=2, seeds=0, hop=1, through=2,409,603 KZT, retained=0.10; break 100000003701161100 by flow stops 240,000 of 240,000 KZT internal; fragility=1.00, score=0.4424"
BRG-092,bridge,18,0,2,5464603.0,0.6298,100000006977207100,articulation,17.0,0.4418,365,"These 17 accounts reach the rest of their community only through 100000006977207100, whose removal would detach 17 of them from 5,464,603 KZT of observed flow, which is worth checking as a shared route rather than a coincidence of the crawl.","bridge: n=18, seeds=0, hop=2, through=5,464,603 KZT, retained=0.63; break 100000006977207100 by articulation cuts 17 of 17 members; fragility=1.00, score=0.4418"
BRG-097,bridge,15,0,2,6610219.0,0.5913,100000001282143100,articulation,14.0,0.4418,366,"These 14 accounts reach the rest of their community only through 100000001282143100, whose removal would detach 14 of them from 6,610,219 KZT of observed flow, which is worth checking as a shared route rather than a coincidence of the crawl.","bridge: n=15, seeds=0, hop=2, through=6,610,219 KZT, retained=0.59; break 100000001282143100 by articulation cuts 14 of 14 members; fragility=1.00, score=0.4418"
BRG-087,bridge,11,0,1,3372598.0,0.7032,100000001162560100,articulation,10.0,0.4416,367,"These 10 accounts reach the rest of their community only through 100000001162560100, whose removal would detach 10 of them from 3,372,598 KZT of observed flow, which is worth checking as a shared route rather than a coincidence of the crawl.","bridge: n=11, seeds=0, hop=1, through=3,372,598 KZT, retained=0.70; break 100000001162560100 by articulation cuts 10 of 10 members; fragility=1.00, score=0.4416"
FAN-045,fan_out,9,0,1,1850662.0,0.2156,100000008346837100,articulation,8.0,0.4411,368,"One account spreads 1,850,662 KZT across 8 receivers, every one of them observed to the end with no onward transfer in the window, 22% of the money staying inside the set, which is worth checking as a dispersal point before the receivers are treated separately.","fan_out: n=9, seeds=0, hop=1, through=1,850,662 KZT, retained=0.22; receivers=8 observed/0 at crawl boundary; break 100000008346837100 by articulation cuts 8 of 8 members; fragility=1.00, score=0.4411"
LOOP-022,reciprocal_loop,4,0,1,17198937.3,0.0121,100000004070318100,flow,132800.0,0.441,369,"These 4 accounts return funds to each other, 17,198,937 KZT touching the set with 1% of it never leaving, which is worth checking against what each leg was said to be for.","reciprocal_loop: n=4, seeds=0, hop=1, through=17,198,937 KZT, retained=0.01; break 100000004070318100 by flow stops 132,800 of 208,901 KZT internal; fragility=0.64, score=0.4410"
LOOP-010,reciprocal_loop,2,0,1,498818.0,0.7618,100000000201868100,flow,380000.0,0.4407,370,"These 2 accounts return funds to each other, 498,818 KZT touching the set with 76% of it never leaving, which is worth checking against what each leg was said to be for.","reciprocal_loop: n=2, seeds=0, hop=1, through=498,818 KZT, retained=0.76; break 100000000201868100 by flow stops 380,000 of 380,000 KZT internal; fragility=1.00, score=0.4407"
LOOP-313,reciprocal_loop,2,0,1,1035000.0,0.4415,100000004759121100,flow,457000.0,0.4404,371,"These 2 accounts return funds to each other, 1,035,000 KZT touching the set with 44% of it never leaving, which is worth checking against what each leg was said to be for.","reciprocal_loop: n=2, seeds=0, hop=1, through=1,035,000 KZT, retained=0.44; break 100000004759121100 by flow stops 457,000 of 457,000 KZT internal; fragility=1.00, score=0.4404"
LOOP-069,reciprocal_loop,2,0,2,656404.0,0.8865,100000000838385100,flow,581900.0,0.4402,372,"These 2 accounts return funds to each other, 656,404 KZT touching the set with 89% of it never leaving, which is worth checking against what each leg was said to be for.","reciprocal_loop: n=2, seeds=0, hop=2, through=656,404 KZT, retained=0.89; break 100000000838385100 by flow stops 581,900 of 581,900 KZT internal; fragility=1.00, score=0.4402"
LOOP-028,reciprocal_loop,4,0,1,16871177.55,0.0188,100000007639767100,flow,199840.0,0.4393,373,"These 4 accounts return funds to each other, 16,871,178 KZT touching the set with 2% of it never leaving, which is worth checking against what each leg was said to be for.","reciprocal_loop: n=4, seeds=0, hop=1, through=16,871,178 KZT, retained=0.02; break 100000007639767100 by flow stops 199,840 of 317,966 KZT internal; fragility=0.63, score=0.4393"
LOOP-166,reciprocal_loop,4,0,2,10452087.0,0.0223,100000002723538100,flow,188647.0,0.4391,374,"These 4 accounts return funds to each other, 10,452,087 KZT touching the set with 2% of it never leaving, which is worth checking against what each leg was said to be for.","reciprocal_loop: n=4, seeds=0, hop=2, through=10,452,087 KZT, retained=0.02; break 100000002723538100 by flow stops 188,647 of 233,157 KZT internal; fragility=0.81, score=0.4391"
BRG-104,bridge,6,1,0,1016150.0,0.3721,100000004358004100,articulation,5.0,0.4389,375,"These 5 accounts reach the rest of their community only through 100000004358004100, whose removal would detach 5 of them from 1,016,150 KZT of observed flow, which is worth checking as a shared route rather than a coincidence of the crawl.","bridge: n=6, seeds=1, hop=0, through=1,016,150 KZT, retained=0.37; break 100000004358004100 by articulation cuts 5 of 5 members; fragility=1.00, score=0.4389"
LOOP-369,reciprocal_loop,4,0,2,13324218.0,0.0274,100000008547948100,flow,278000.0,0.4383,376,"These 4 accounts return funds to each other, 13,324,218 KZT touching the set with 3% of it never leaving, which is worth checking against what each leg was said to be for.","reciprocal_loop: n=4, seeds=0, hop=2, through=13,324,218 KZT, retained=0.03; break 100000008547948100 by flow stops 278,000 of 365,200 KZT internal; fragility=0.76, score=0.4383"
BRG-020,bridge,12,0,1,4849761.0,0.472,100000003880331100,articulation,11.0,0.4378,377,"These 11 accounts reach the rest of their community only through 100000003880331100, whose removal would detach 11 of them from 4,849,761 KZT of observed flow, which is worth checking as a shared route rather than a coincidence of the crawl.","bridge: n=12, seeds=0, hop=1, through=4,849,761 KZT, retained=0.47; break 100000003880331100 by articulation cuts 11 of 11 members; fragility=1.00, score=0.4378"
LOOP-223,reciprocal_loop,2,0,1,528000.0,0.7027,100000003635170100,flow,371000.0,0.4378,378,"These 2 accounts return funds to each other, 528,000 KZT touching the set with 70% of it never leaving, which is worth checking against what each leg was said to be for.","reciprocal_loop: n=2, seeds=0, hop=1, through=528,000 KZT, retained=0.70; break 100000003635170100 by flow stops 371,000 of 371,000 KZT internal; fragility=1.00, score=0.4378"
LOOP-282,reciprocal_loop,4,0,1,11437050.0,0.0074,100000004390333100,flow,58807.0,0.4373,379,"These 4 accounts return funds to each other, 11,437,050 KZT touching the set with 1% of it never leaving, which is worth checking against what each leg was said to be for.","reciprocal_loop: n=4, seeds=0, hop=1, through=11,437,050 KZT, retained=0.01; break 100000004390333100 by flow stops 58,807 of 85,112 KZT internal; fragility=0.69, score=0.4373"
LOOP-357,reciprocal_loop,2,0,2,4127366.0,0.053,100000008086440100,flow,218633.0,0.437,380,"These 2 accounts return funds to each other, 4,127,366 KZT touching the set with 5% of it never leaving, which is worth checking against what each leg was said to be for.","reciprocal_loop: n=2, seeds=0, hop=2, through=4,127,366 KZT, retained=0.05; break 100000008086440100 by flow stops 218,633 of 218,633 KZT internal; fragility=1.00, score=0.4370"
BRG-037,bridge,8,1,0,583166.0,0.5199,100000006232815100,articulation,7.0,0.4369,381,"These 7 accounts reach the rest of their community only through 100000006232815100, whose removal would detach 7 of them from 583,166 KZT of observed flow, which is worth checking as a shared route rather than a coincidence of the crawl.","bridge: n=8, seeds=1, hop=0, through=583,166 KZT, retained=0.52; break 100000006232815100 by articulation cuts 7 of 7 members; fragility=1.00, score=0.4369"
LOOP-291,reciprocal_loop,4,0,1,10924799.0,0.0059,100000008477350100,flow,44705.0,0.4366,382,"These 4 accounts return funds to each other, 10,924,799 KZT touching the set with 1% of it never leaving, which is worth checking against what each leg was said to be for.","reciprocal_loop: n=4, seeds=0, hop=1, through=10,924,799 KZT, retained=0.01; break 100000008477350100 by flow stops 44,705 of 64,205 KZT internal; fragility=0.70, score=0.4366"
LOOP-310,reciprocal_loop,2,0,2,4431333.0,0.0162,100000004569484100,flow,71607.0,0.4365,383,"These 2 accounts return funds to each other, 4,431,333 KZT touching the set with 2% of it never leaving, which is worth checking against what each leg was said to be for.","reciprocal_loop: n=2, seeds=0, hop=2, through=4,431,333 KZT, retained=0.02; break 100000004569484100 by flow stops 71,607 of 71,607 KZT internal; fragility=1.00, score=0.4365"
LOOP-367,reciprocal_loop,4,0,2,11200116.0,0.0247,100000008547948100,flow,216000.0,0.4362,384,"These 4 accounts return funds to each other, 11,200,116 KZT touching the set with 2% of it never leaving, which is worth checking against what each leg was said to be for.","reciprocal_loop: n=4, seeds=0, hop=2, through=11,200,116 KZT, retained=0.02; break 100000008547948100 by flow stops 216,000 of 276,099 KZT internal; fragility=0.78, score=0.4362"
FAN-032,fan_out,16,0,2,1225963.67,0.4449,100000005578559100,articulation,15.0,0.436,385,"One account spreads 1,225,964 KZT across 15 receivers, every one of them observed to the end with no onward transfer in the window, 44% of the money staying inside the set, which is worth checking as a dispersal point before the receivers are treated separately.","fan_out: n=16, seeds=0, hop=2, through=1,225,964 KZT, retained=0.44; receivers=15 observed/0 at crawl boundary; break 100000005578559100 by articulation cuts 15 of 15 members; fragility=1.00, score=0.4360"
LOOP-315,reciprocal_loop,2,0,1,577599.0,0.6407,100000004820260100,flow,370050.0,0.4358,386,"These 2 accounts return funds to each other, 577,599 KZT touching the set with 64% of it never leaving, which is worth checking against what each leg was said to be for.","reciprocal_loop: n=2, seeds=0, hop=1, through=577,599 KZT, retained=0.64; break 100000004820260100 by flow stops 370,050 of 370,050 KZT internal; fragility=1.00, score=0.4358"
BRG-061,bridge,17,0,1,1899133.0,0.7654,100000002618492100,articulation,16.0,0.4357,387,"These 16 accounts reach the rest of their community only through 100000002618492100, whose removal would detach 16 of them from 1,899,133 KZT of observed flow, which is worth checking as a shared route rather than a coincidence of the crawl.","bridge: n=17, seeds=0, hop=1, through=1,899,133 KZT, retained=0.77; break 100000002618492100 by articulation cuts 16 of 16 members; fragility=1.00, score=0.4357"
FAN-044,fan_out,10,0,3,1259000.0,0.6616,100000008746449100,articulation,9.0,0.4354,388,"One account spreads 1,259,000 KZT across 9 receivers, of which 8 sit at the four-hop crawl boundary and were never followed, leaving only 1 actually observed to retain what they were sent, so most of this shape is unobserved rather than measured, 66% of the money staying inside the set, which is worth checking as a dispersal point before the receivers are treated separately.","fan_out: n=10, seeds=0, hop=3, through=1,259,000 KZT, retained=0.66; receivers=1 observed/8 at crawl boundary; break 100000008746449100 by articulation cuts 9 of 9 members; fragility=1.00, score=0.4354"
LOOP-143,reciprocal_loop,2,0,2,1807688.0,0.3789,100000002175422100,flow,684992.0,0.4343,389,"These 2 accounts return funds to each other, 1,807,688 KZT touching the set with 38% of it never leaving, which is worth checking against what each leg was said to be for.","reciprocal_loop: n=2, seeds=0, hop=2, through=1,807,688 KZT, retained=0.38; break 100000002175422100 by flow stops 684,992 of 684,992 KZT internal; fragility=1.00, score=0.4343"
LOOP-211,reciprocal_loop,4,0,1,13046820.75,0.0307,100000008603629100,flow,258418.0,0.4343,390,"These 4 accounts return funds to each other, 13,046,821 KZT touching the set with 3% of it never leaving, which is worth checking against what each leg was said to be for.","reciprocal_loop: n=4, seeds=0, hop=1, through=13,046,821 KZT, retained=0.03; break 100000008603629100 by flow stops 258,418 of 400,988 KZT internal; fragility=0.64, score=0.4343"
LOOP-358,reciprocal_loop,4,0,1,12956445.0,0.0339,100000008086440100,flow,282533.0,0.4339,391,"These 4 accounts return funds to each other, 12,956,445 KZT touching the set with 3% of it never leaving, which is worth checking against what each leg was said to be for.","reciprocal_loop: n=4, seeds=0, hop=1, through=12,956,445 KZT, retained=0.03; break 100000008086440100 by flow stops 282,533 of 439,526 KZT internal; fragility=0.64, score=0.4339"
LOOP-142,reciprocal_loop,2,0,1,1983405.8,0.0781,100000002175422100,flow,155000.0,0.4334,392,"These 2 accounts return funds to each other, 1,983,406 KZT touching the set with 8% of it never leaving, which is worth checking against what each leg was said to be for.","reciprocal_loop: n=2, seeds=0, hop=1, through=1,983,406 KZT, retained=0.08; break 100000002175422100 by flow stops 155,000 of 155,000 KZT internal; fragility=1.00, score=0.4334"
BRG-019,bridge,11,0,2,3203310.0,0.8577,100000008461532100,articulation,10.0,0.4333,393,"These 10 accounts reach the rest of their community only through 100000008461532100, whose removal would detach 10 of them from 3,203,310 KZT of observed flow, which is worth checking as a shared route rather than a coincidence of the crawl.","bridge: n=11, seeds=0, hop=2, through=3,203,310 KZT, retained=0.86; break 100000008461532100 by articulation cuts 10 of 10 members; fragility=1.00, score=0.4333"
BRG-106,bridge,11,0,1,2634929.0,0.6905,100000001530983100,articulation,10.0,0.4332,394,"These 10 accounts reach the rest of their community only through 100000001530983100, whose removal would detach 10 of them from 2,634,929 KZT of observed flow, which is worth checking as a shared route rather than a coincidence of the crawl.","bridge: n=11, seeds=0, hop=1, through=2,634,929 KZT, retained=0.69; break 100000001530983100 by articulation cuts 10 of 10 members; fragility=1.00, score=0.4332"
BRG-027,bridge,28,0,1,1548167.67,0.6926,100000005704413100,articulation,27.0,0.433,395,"These 27 accounts reach the rest of their community only through 100000005704413100, whose removal would detach 27 of them from 1,548,168 KZT of observed flow, which is worth checking as a shared route rather than a coincidence of the crawl.","bridge: n=28, seeds=0, hop=1, through=1,548,168 KZT, retained=0.69; break 100000005704413100 by articulation cuts 27 of 27 members; fragility=1.00, score=0.4330"
BRG-062,bridge,16,0,1,1721133.0,0.7757,100000006707582100,articulation,15.0,0.4325,396,"These 15 accounts reach the rest of their community only through 100000006707582100, whose removal would detach 15 of them from 1,721,133 KZT of observed flow, which is worth checking as a shared route rather than a coincidence of the crawl.","bridge: n=16, seeds=0, hop=1, through=1,721,133 KZT, retained=0.78; break 100000006707582100 by articulation cuts 15 of 15 members; fragility=1.00, score=0.4325"
FAN-041,fan_out,10,0,2,1732580.97,0.3545,100000008413748100,articulation,9.0,0.4319,397,"One account spreads 1,732,581 KZT across 9 receivers, every one of them observed to the end with no onward transfer in the window, 35% of the money staying inside the set, which is worth checking as a dispersal point before the receivers are treated separately.","fan_out: n=10, seeds=0, hop=2, through=1,732,581 KZT, retained=0.35; receivers=9 observed/0 at crawl boundary; break 100000008413748100 by articulation cuts 9 of 9 members; fragility=1.00, score=0.4319"
LOOP-129,reciprocal_loop,4,0,2,12895972.0,0.1187,100000008603629100,flow,1072000.0,0.4319,398,"These 4 accounts return funds to each other, 12,895,972 KZT touching the set with 12% of it never leaving, which is worth checking against what each leg was said to be for.","reciprocal_loop: n=4, seeds=0, hop=2, through=12,895,972 KZT, retained=0.12; break 100000008603629100 by flow stops 1,072,000 of 1,531,000 KZT internal; fragility=0.70, score=0.4319"
LOOP-132,reciprocal_loop,3,0,2,12655892.0,0.1131,100000008603629100,flow,1032000.0,0.4303,399,"These 3 accounts return funds to each other, 12,655,892 KZT touching the set with 11% of it never leaving, which is worth checking against what each leg was said to be for.","reciprocal_loop: n=3, seeds=0, hop=2, through=12,655,892 KZT, retained=0.11; break 100000008603629100 by flow stops 1,032,000 of 1,432,000 KZT internal; fragility=0.72, score=0.4303"
CHN-026,chain,4,0,1,1075000.0,0.4744,100000006844768100,dominator,2.0,0.4301,400,"Funds appear to move through 4 accounts in sequence starting 1 hop(s) from a known client, 1,075,000 KZT touching the run and 47% of it staying inside, which is consistent with a transit route and worth checking step by step.","chain: n=4, seeds=0, hop=1, through=1,075,000 KZT, retained=0.47; break 100000006844768100 by dominator cuts 2 of 3 members; fragility=0.67, score=0.4301"
LOOP-232,reciprocal_loop,4,0,2,5201732.0,0.0429,100000003796063100,flow,196000.0,0.43,401,"These 4 accounts return funds to each other, 5,201,732 KZT touching the set with 4% of it never leaving, which is worth checking against what each leg was said to be for.","reciprocal_loop: n=4, seeds=0, hop=2, through=5,201,732 KZT, retained=0.04; break 100000003796063100 by flow stops 196,000 of 223,000 KZT internal; fragility=0.88, score=0.4300"
LOOP-124,reciprocal_loop,2,0,1,1606306.0,0.1152,100000001697501100,flow,185000.0,0.4288,402,"These 2 accounts return funds to each other, 1,606,306 KZT touching the set with 12% of it never leaving, which is worth checking against what each leg was said to be for.","reciprocal_loop: n=2, seeds=0, hop=1, through=1,606,306 KZT, retained=0.12; break 100000001697501100 by flow stops 185,000 of 185,000 KZT internal; fragility=1.00, score=0.4288"
LOOP-228,reciprocal_loop,4,0,2,7386747.0,0.0144,100000008111003100,flow,87000.0,0.4282,403,"These 4 accounts return funds to each other, 7,386,747 KZT touching the set with 1% of it never leaving, which is worth checking against what each leg was said to be for.","reciprocal_loop: n=4, seeds=0, hop=2, through=7,386,747 KZT, retained=0.01; break 100000008111003100 by flow stops 87,000 of 106,000 KZT internal; fragility=0.82, score=0.4282"
CHN-034,chain,4,0,1,1217118.0,0.3896,100000007534354100,dominator,2.0,0.4271,404,"Funds appear to move through 4 accounts in sequence starting 1 hop(s) from a known client, 1,217,118 KZT touching the run and 39% of it staying inside, which is consistent with a transit route and worth checking step by step.","chain: n=4, seeds=0, hop=1, through=1,217,118 KZT, retained=0.39; break 100000007534354100 by dominator cuts 2 of 3 members; fragility=0.67, score=0.4271"
LOOP-141,reciprocal_loop,2,0,2,1689688.0,0.3187,100000002175422100,flow,538500.0,0.4267,405,"These 2 accounts return funds to each other, 1,689,688 KZT touching the set with 32% of it never leaving, which is worth checking against what each leg was said to be for.","reciprocal_loop: n=2, seeds=0, hop=2, through=1,689,688 KZT, retained=0.32; break 100000002175422100 by flow stops 538,500 of 538,500 KZT internal; fragility=1.00, score=0.4267"
LOOP-222,reciprocal_loop,2,0,1,1819927.0,0.0347,100000003616818100,flow,63100.0,0.4266,406,"These 2 accounts return funds to each other, 1,819,927 KZT touching the set with 3% of it never leaving, which is worth checking against what each leg was said to be for.","reciprocal_loop: n=2, seeds=0, hop=1, through=1,819,927 KZT, retained=0.03; break 100000003616818100 by flow stops 63,100 of 63,100 KZT internal; fragility=1.00, score=0.4266"
LOOP-012,reciprocal_loop,2,0,2,1183854.0,0.4564,100000000291906100,flow,540354.0,0.4253,407,"These 2 accounts return funds to each other, 1,183,854 KZT touching the set with 46% of it never leaving, which is worth checking against what each leg was said to be for.","reciprocal_loop: n=2, seeds=0, hop=2, through=1,183,854 KZT, retained=0.46; break 100000000291906100 by flow stops 540,354 of 540,354 KZT internal; fragility=1.00, score=0.4253"
LOOP-204,reciprocal_loop,2,1,0,49050.0,0.633,100000003148220100,flow,31050.0,0.4252,408,"These 2 accounts return funds to each other, 49,050 KZT touching the set with 63% of it never leaving, which is worth checking against what each leg was said to be for.","reciprocal_loop: n=2, seeds=1, hop=0, through=49,050 KZT, retained=0.63; break 100000003148220100 by flow stops 31,050 of 31,050 KZT internal; fragility=1.00, score=0.4252"
BRG-071,bridge,6,0,1,3655732.84,0.5591,100000002605308100,articulation,5.0,0.4243,409,"These 5 accounts reach the rest of their community only through 100000002605308100, whose removal would detach 5 of them from 3,655,733 KZT of observed flow, which is worth checking as a shared route rather than a coincidence of the crawl.","bridge: n=6, seeds=0, hop=1, through=3,655,733 KZT, retained=0.56; break 100000002605308100 by articulation cuts 5 of 5 members; fragility=1.00, score=0.4243"
BRG-012,bridge,16,0,1,1152953.0,0.8282,100000002679516100,articulation,15.0,0.424,410,"These 15 accounts reach the rest of their community only through 100000002679516100, whose removal would detach 15 of them from 1,152,953 KZT of observed flow, which is worth checking as a shared route rather than a coincidence of the crawl.","bridge: n=16, seeds=0, hop=1, through=1,152,953 KZT, retained=0.83; break 100000002679516100 by articulation cuts 15 of 15 members; fragility=1.00, score=0.4240"
LOOP-077,reciprocal_loop,2,0,2,1056039.0,0.4809,100000001166289100,flow,507839.0,0.4232,411,"These 2 accounts return funds to each other, 1,056,039 KZT touching the set with 48% of it never leaving, which is worth checking against what each leg was said to be for.","reciprocal_loop: n=2, seeds=0, hop=2, through=1,056,039 KZT, retained=0.48; break 100000001166289100 by flow stops 507,839 of 507,839 KZT internal; fragility=1.00, score=0.4232"
LOOP-149,reciprocal_loop,2,0,2,1878500.0,0.2289,100000002267998100,flow,430000.0,0.423,412,"These 2 accounts return funds to each other, 1,878,500 KZT touching the set with 23% of it never leaving, which is worth checking against what each leg was said to be for.","reciprocal_loop: n=2, seeds=0, hop=2, through=1,878,500 KZT, retained=0.23; break 100000002267998100 by flow stops 430,000 of 430,000 KZT internal; fragility=1.00, score=0.4230"
BRG-041,bridge,11,0,1,3117709.0,0.4665,100000003701161100,articulation,10.0,0.4226,413,"These 10 accounts reach the rest of their community only through 100000003701161100, whose removal would detach 10 of them from 3,117,709 KZT of observed flow, which is worth checking as a shared route rather than a coincidence of the crawl.","bridge: n=11, seeds=0, hop=1, through=3,117,709 KZT, retained=0.47; break 100000003701161100 by articulation cuts 10 of 10 members; fragility=1.00, score=0.4226"
LOOP-189,reciprocal_loop,4,0,2,9370403.96,0.0197,100000005910114100,flow,139024.0,0.4226,414,"These 4 accounts return funds to each other, 9,370,404 KZT touching the set with 2% of it never leaving, which is worth checking against what each leg was said to be for.","reciprocal_loop: n=4, seeds=0, hop=2, through=9,370,404 KZT, retained=0.02; break 100000005910114100 by flow stops 139,024 of 185,024 KZT internal; fragility=0.75, score=0.4226"
BRG-013,bridge,15,0,1,1087118.0,0.8448,100000004420041100,articulation,14.0,0.4223,415,"These 14 accounts reach the rest of their community only through 100000004420041100, whose removal would detach 14 of them from 1,087,118 KZT of observed flow, which is worth checking as a shared route rather than a coincidence of the crawl.","bridge: n=15, seeds=0, hop=1, through=1,087,118 KZT, retained=0.84; break 100000004420041100 by articulation cuts 14 of 14 members; fragility=1.00, score=0.4223"
BRG-095,bridge,9,0,2,2878328.0,0.7789,100000006240939100,articulation,8.0,0.4213,416,"These 8 accounts reach the rest of their community only through 100000006240939100, whose removal would detach 8 of them from 2,878,328 KZT of observed flow, which is worth checking as a shared route rather than a coincidence of the crawl.","bridge: n=9, seeds=0, hop=2, through=2,878,328 KZT, retained=0.78; break 100000006240939100 by articulation cuts 8 of 8 members; fragility=1.00, score=0.4213"
BRG-016,bridge,10,0,1,1783526.0,0.7067,100000005074393100,articulation,9.0,0.4209,417,"These 9 accounts reach the rest of their community only through 100000005074393100, whose removal would detach 9 of them from 1,783,526 KZT of observed flow, which is worth checking as a shared route rather than a coincidence of the crawl.","bridge: n=10, seeds=0, hop=1, through=1,783,526 KZT, retained=0.71; break 100000005074393100 by articulation cuts 9 of 9 members; fragility=1.00, score=0.4209"
LOOP-121,reciprocal_loop,2,0,2,412875.0,0.8578,100000001677929100,flow,354175.0,0.4207,418,"These 2 accounts return funds to each other, 412,875 KZT touching the set with 86% of it never leaving, which is worth checking against what each leg was said to be for.","reciprocal_loop: n=2, seeds=0, hop=2, through=412,875 KZT, retained=0.86; break 100000001677929100 by flow stops 354,175 of 354,175 KZT internal; fragility=1.00, score=0.4207"
LOOP-276,reciprocal_loop,2,0,1,354852.0,0.6741,100000004330371100,flow,239200.0,0.4207,419,"These 2 accounts return funds to each other, 354,852 KZT touching the set with 67% of it never leaving, which is worth checking against what each leg was said to be for.","reciprocal_loop: n=2, seeds=0, hop=1, through=354,852 KZT, retained=0.67; break 100000004330371100 by flow stops 239,200 of 239,200 KZT internal; fragility=1.00, score=0.4207"
LOOP-309,reciprocal_loop,4,0,2,5839055.67,0.0375,100000004569484100,flow,178312.0,0.4202,420,"These 4 accounts return funds to each other, 5,839,056 KZT touching the set with 4% of it never leaving, which is worth checking against what each leg was said to be for.","reciprocal_loop: n=4, seeds=0, hop=2, through=5,839,056 KZT, retained=0.04; break 100000004569484100 by flow stops 178,312 of 218,862 KZT internal; fragility=0.81, score=0.4202"
LOOP-183,reciprocal_loop,2,0,1,403587.62,0.6075,100000002781227100,flow,245167.62,0.4198,421,"These 2 accounts return funds to each other, 403,588 KZT touching the set with 61% of it never leaving, which is worth checking against what each leg was said to be for.","reciprocal_loop: n=2, seeds=0, hop=1, through=403,588 KZT, retained=0.61; break 100000002781227100 by flow stops 245,168 of 245,168 KZT internal; fragility=1.00, score=0.4198"
BRG-074,bridge,13,0,1,3284212.0,0.3606,100000003115284100,articulation,12.0,0.4195,422,"These 12 accounts reach the rest of their community only through 100000003115284100, whose removal would detach 12 of them from 3,284,212 KZT of observed flow, which is worth checking as a shared route rather than a coincidence of the crawl.","bridge: n=13, seeds=0, hop=1, through=3,284,212 KZT, retained=0.36; break 100000003115284100 by articulation cuts 12 of 12 members; fragility=1.00, score=0.4195"
LOOP-362,reciprocal_loop,2,0,1,1074380.0,0.1799,100000008193577100,flow,193290.0,0.4195,423,"These 2 accounts return funds to each other, 1,074,380 KZT touching the set with 18% of it never leaving, which is worth checking against what each leg was said to be for.","reciprocal_loop: n=2, seeds=0, hop=1, through=1,074,380 KZT, retained=0.18; break 100000008193577100 by flow stops 193,290 of 193,290 KZT internal; fragility=1.00, score=0.4195"
LOOP-321,reciprocal_loop,2,0,1,1263526.0,0.1029,100000005074393100,flow,130000.0,0.4189,424,"These 2 accounts return funds to each other, 1,263,526 KZT touching the set with 10% of it never leaving, which is worth checking against what each leg was said to be for.","reciprocal_loop: n=2, seeds=0, hop=1, through=1,263,526 KZT, retained=0.10; break 100000005074393100 by flow stops 130,000 of 130,000 KZT internal; fragility=1.00, score=0.4189"
BRG-127,bridge,11,0,1,1842852.0,0.6302,100000005778283100,articulation,10.0,0.4181,425,"These 10 accounts reach the rest of their community only through 100000005778283100, whose removal would detach 10 of them from 1,842,852 KZT of observed flow, which is worth checking as a shared route rather than a coincidence of the crawl.","bridge: n=11, seeds=0, hop=1, through=1,842,852 KZT, retained=0.63; break 100000005778283100 by articulation cuts 10 of 10 members; fragility=1.00, score=0.4181"
BRG-059,bridge,8,0,1,4929999.0,0.2677,100000007442518100,articulation,7.0,0.4174,426,"These 7 accounts reach the rest of their community only through 100000007442518100, whose removal would detach 7 of them from 4,929,999 KZT of observed flow, which is worth checking as a shared route rather than a coincidence of the crawl.","bridge: n=8, seeds=0, hop=1, through=4,929,999 KZT, retained=0.27; break 100000007442518100 by articulation cuts 7 of 7 members; fragility=1.00, score=0.4174"
CHN-011,chain,4,0,2,1307104.0,0.4957,100000008655779100,dominator,2.0,0.4164,427,"Funds appear to move through 4 accounts in sequence starting 2 hop(s) from a known client, 1,307,104 KZT touching the run and 50% of it staying inside, which is consistent with a transit route and worth checking step by step.","chain: n=4, seeds=0, hop=2, through=1,307,104 KZT, retained=0.50; break 100000008655779100 by dominator cuts 2 of 3 members; fragility=0.67, score=0.4164"
LOOP-163,reciprocal_loop,4,0,1,8231066.22,0.0148,100000004400305100,flow,78450.0,0.4163,428,"These 4 accounts return funds to each other, 8,231,066 KZT touching the set with 1% of it never leaving, which is worth checking against what each leg was said to be for.","reciprocal_loop: n=4, seeds=0, hop=1, through=8,231,066 KZT, retained=0.01; break 100000004400305100 by flow stops 78,450 of 121,452 KZT internal; fragility=0.65, score=0.4163"
LOOP-247,reciprocal_loop,3,0,2,1643065.0,0.2523,100000004017410100,flow,394565.0,0.4161,429,"These 3 accounts return funds to each other, 1,643,065 KZT touching the set with 25% of it never leaving, which is worth checking against what each leg was said to be for.","reciprocal_loop: n=3, seeds=0, hop=2, through=1,643,065 KZT, retained=0.25; break 100000004017410100 by flow stops 394,565 of 414,565 KZT internal; fragility=0.95, score=0.4161"
LOOP-336,reciprocal_loop,2,0,2,1310308.0,0.3015,100000006169033100,flow,395000.0,0.4159,430,"These 2 accounts return funds to each other, 1,310,308 KZT touching the set with 30% of it never leaving, which is worth checking against what each leg was said to be for.","reciprocal_loop: n=2, seeds=0, hop=2, through=1,310,308 KZT, retained=0.30; break 100000006169033100 by flow stops 395,000 of 395,000 KZT internal; fragility=1.00, score=0.4159"
BRG-067,bridge,4,0,2,4841820.0,0.649,100000001965374100,articulation,3.0,0.4156,431,"These 3 accounts reach the rest of their community only through 100000001965374100, whose removal would detach 3 of them from 4,841,820 KZT of observed flow, which is worth checking as a shared route rather than a coincidence of the crawl.","bridge: n=4, seeds=0, hop=2, through=4,841,820 KZT, retained=0.65; break 100000001965374100 by articulation cuts 3 of 3 members; fragility=1.00, score=0.4156"
BRG-073,bridge,23,0,2,4278966.0,0.2994,100000008477350100,articulation,22.0,0.4154,432,"These 22 accounts reach the rest of their community only through 100000008477350100, whose removal would detach 22 of them from 4,278,966 KZT of observed flow, which is worth checking as a shared route rather than a coincidence of the crawl.","bridge: n=23, seeds=0, hop=2, through=4,278,966 KZT, retained=0.30; break 100000008477350100 by articulation cuts 22 of 22 members; fragility=1.00, score=0.4154"
LOOP-305,reciprocal_loop,2,0,1,236200.0,0.7875,100000004544958100,flow,186000.0,0.4154,433,"These 2 accounts return funds to each other, 236,200 KZT touching the set with 79% of it never leaving, which is worth checking against what each leg was said to be for.","reciprocal_loop: n=2, seeds=0, hop=1, through=236,200 KZT, retained=0.79; break 100000004544958100 by flow stops 186,000 of 186,000 KZT internal; fragility=1.00, score=0.4154"
LOOP-245,reciprocal_loop,4,0,1,1781315.0,0.2776,100000004017410100,flow,394565.0,0.4146,434,"These 4 accounts return funds to each other, 1,781,315 KZT touching the set with 28% of it never leaving, which is worth checking against what each leg was said to be for.","reciprocal_loop: n=4, seeds=0, hop=1, through=1,781,315 KZT, retained=0.28; break 100000004017410100 by flow stops 394,565 of 494,565 KZT internal; fragility=0.80, score=0.4146"
LOOP-239,reciprocal_loop,4,0,2,1643065.0,0.2697,100000004017410100,flow,404565.0,0.4142,435,"These 4 accounts return funds to each other, 1,643,065 KZT touching the set with 27% of it never leaving, which is worth checking against what each leg was said to be for.","reciprocal_loop: n=4, seeds=0, hop=2, through=1,643,065 KZT, retained=0.27; break 100000004017410100 by flow stops 404,565 of 443,065 KZT internal; fragility=0.91, score=0.4142"
BRG-130,bridge,15,0,2,2183473.49,0.6752,100000002713074100,articulation,14.0,0.4141,436,"These 14 accounts reach the rest of their community only through 100000002713074100, whose removal would detach 14 of them from 2,183,473 KZT of observed flow, which is worth checking as a shared route rather than a coincidence of the crawl.","bridge: n=15, seeds=0, hop=2, through=2,183,473 KZT, retained=0.68; break 100000002713074100 by articulation cuts 14 of 14 members; fragility=1.00, score=0.4141"
LOOP-248,reciprocal_loop,2,0,2,1611565.0,0.1756,100000004017410100,flow,283000.0,0.4128,437,"These 2 accounts return funds to each other, 1,611,565 KZT touching the set with 18% of it never leaving, which is worth checking against what each leg was said to be for.","reciprocal_loop: n=2, seeds=0, hop=2, through=1,611,565 KZT, retained=0.18; break 100000004017410100 by flow stops 283,000 of 283,000 KZT internal; fragility=1.00, score=0.4128"
LOOP-065,reciprocal_loop,2,0,1,1146100.0,0.0709,100000000706545100,flow,81300.0,0.4126,438,"These 2 accounts return funds to each other, 1,146,100 KZT touching the set with 7% of it never leaving, which is worth checking against what each leg was said to be for.","reciprocal_loop: n=2, seeds=0, hop=1, through=1,146,100 KZT, retained=0.07; break 100000000706545100 by flow stops 81,300 of 81,300 KZT internal; fragility=1.00, score=0.4126"
LOOP-078,reciprocal_loop,2,0,1,1263526.0,0.0277,100000001232297100,flow,35000.0,0.4126,439,"These 2 accounts return funds to each other, 1,263,526 KZT touching the set with 3% of it never leaving, which is worth checking against what each leg was said to be for.","reciprocal_loop: n=2, seeds=0, hop=1, through=1,263,526 KZT, retained=0.03; break 100000001232297100 by flow stops 35,000 of 35,000 KZT internal; fragility=1.00, score=0.4126"
BRG-023,bridge,13,0,1,2739689.0,0.331,100000008165763100,articulation,12.0,0.412,440,"These 12 accounts reach the rest of their community only through 100000008165763100, whose removal would detach 12 of them from 2,739,689 KZT of observed flow, which is worth checking as a shared route rather than a coincidence of the crawl.","bridge: n=13, seeds=0, hop=1, through=2,739,689 KZT, retained=0.33; break 100000008165763100 by articulation cuts 12 of 12 members; fragility=1.00, score=0.4120"
BRG-091,bridge,12,0,2,6168021.0,0.2454,100000008710791100,articulation,11.0,0.4117,441,"These 11 accounts reach the rest of their community only through 100000008710791100, whose removal would detach 11 of them from 6,168,021 KZT of observed flow, which is worth checking as a shared route rather than a coincidence of the crawl.","bridge: n=12, seeds=0, hop=2, through=6,168,021 KZT, retained=0.25; break 100000008710791100 by articulation cuts 11 of 11 members; fragility=1.00, score=0.4117"
CHN-049,chain,4,0,1,1941796.75,0.0214,100000005834479100,dominator,2.0,0.4114,442,"Funds appear to move through 4 accounts in sequence starting 1 hop(s) from a known client, 1,941,797 KZT touching the run and 2% of it staying inside, which is consistent with a transit route and worth checking step by step.","chain: n=4, seeds=0, hop=1, through=1,941,797 KZT, retained=0.02; break 100000005834479100 by dominator cuts 2 of 3 members; fragility=0.67, score=0.4114"
LOOP-079,reciprocal_loop,3,0,1,1263526.0,0.1425,100000005074393100,flow,165000.0,0.4108,443,"These 3 accounts return funds to each other, 1,263,526 KZT touching the set with 14% of it never leaving, which is worth checking against what each leg was said to be for.","reciprocal_loop: n=3, seeds=0, hop=1, through=1,263,526 KZT, retained=0.14; break 100000005074393100 by flow stops 165,000 of 180,000 KZT internal; fragility=0.92, score=0.4108"
LOOP-376,reciprocal_loop,2,0,1,981890.0,0.1121,100000008736940100,flow,110100.0,0.4104,444,"These 2 accounts return funds to each other, 981,890 KZT touching the set with 11% of it never leaving, which is worth checking against what each leg was said to be for.","reciprocal_loop: n=2, seeds=0, hop=1, through=981,890 KZT, retained=0.11; break 100000008736940100 by flow stops 110,100 of 110,100 KZT internal; fragility=1.00, score=0.4104"
LOOP-301,reciprocal_loop,2,0,2,645000.0,0.5426,100000004407753100,flow,350000.0,0.4103,445,"These 2 accounts return funds to each other, 645,000 KZT touching the set with 54% of it never leaving, which is worth checking against what each leg was said to be for.","reciprocal_loop: n=2, seeds=0, hop=2, through=645,000 KZT, retained=0.54; break 100000004407753100 by flow stops 350,000 of 350,000 KZT internal; fragility=1.00, score=0.4103"
BRG-123,bridge,6,0,1,1450000.0,0.7138,100000002152857100,articulation,5.0,0.4071,446,"These 5 accounts reach the rest of their community only through 100000002152857100, whose removal would detach 5 of them from 1,450,000 KZT of observed flow, which is worth checking as a shared route rather than a coincidence of the crawl.","bridge: n=6, seeds=0, hop=1, through=1,450,000 KZT, retained=0.71; break 100000002152857100 by articulation cuts 5 of 5 members; fragility=1.00, score=0.4071"
LOOP-157,reciprocal_loop,2,0,2,1859740.0,0.0445,100000002391278100,flow,82700.0,0.407,447,"These 2 accounts return funds to each other, 1,859,740 KZT touching the set with 4% of it never leaving, which is worth checking against what each leg was said to be for.","reciprocal_loop: n=2, seeds=0, hop=2, through=1,859,740 KZT, retained=0.04; break 100000002391278100 by flow stops 82,700 of 82,700 KZT internal; fragility=1.00, score=0.4070"
LOOP-231,reciprocal_loop,4,0,2,2742968.0,0.0765,100000003796063100,flow,182000.0,0.4069,448,"These 4 accounts return funds to each other, 2,742,968 KZT touching the set with 8% of it never leaving, which is worth checking against what each leg was said to be for.","reciprocal_loop: n=4, seeds=0, hop=2, through=2,742,968 KZT, retained=0.08; break 100000003796063100 by flow stops 182,000 of 209,800 KZT internal; fragility=0.87, score=0.4069"
BRG-042,bridge,6,0,1,1545606.0,0.6802,100000008137435100,articulation,5.0,0.4067,449,"These 5 accounts reach the rest of their community only through 100000008137435100, whose removal would detach 5 of them from 1,545,606 KZT of observed flow, which is worth checking as a shared route rather than a coincidence of the crawl.","bridge: n=6, seeds=0, hop=1, through=1,545,606 KZT, retained=0.68; break 100000008137435100 by articulation cuts 5 of 5 members; fragility=1.00, score=0.4067"
BRG-117,bridge,7,0,2,5406045.0,0.34,100000008547948100,articulation,6.0,0.4057,450,"These 6 accounts reach the rest of their community only through 100000008547948100, whose removal would detach 6 of them from 5,406,045 KZT of observed flow, which is worth checking as a shared route rather than a coincidence of the crawl.","bridge: n=7, seeds=0, hop=2, through=5,406,045 KZT, retained=0.34; break 100000008547948100 by articulation cuts 6 of 6 members; fragility=1.00, score=0.4057"
BRG-076,bridge,7,0,2,3057274.0,0.5844,100000002547110100,articulation,6.0,0.4055,451,"These 6 accounts reach the rest of their community only through 100000002547110100, whose removal would detach 6 of them from 3,057,274 KZT of observed flow, which is worth checking as a shared route rather than a coincidence of the crawl.","bridge: n=7, seeds=0, hop=2, through=3,057,274 KZT, retained=0.58; break 100000002547110100 by articulation cuts 6 of 6 members; fragility=1.00, score=0.4055"
LOOP-070,reciprocal_loop,2,0,1,1000658.0,0.035,100000000850297100,flow,35040.0,0.4046,452,"These 2 accounts return funds to each other, 1,000,658 KZT touching the set with 4% of it never leaving, which is worth checking against what each leg was said to be for.","reciprocal_loop: n=2, seeds=0, hop=1, through=1,000,658 KZT, retained=0.04; break 100000000850297100 by flow stops 35,040 of 35,040 KZT internal; fragility=1.00, score=0.4046"
BRG-077,bridge,6,0,2,1831274.0,0.8261,100000008603331100,articulation,5.0,0.4045,453,"These 5 accounts reach the rest of their community only through 100000008603331100, whose removal would detach 5 of them from 1,831,274 KZT of observed flow, which is worth checking as a shared route rather than a coincidence of the crawl.","bridge: n=6, seeds=0, hop=2, through=1,831,274 KZT, retained=0.83; break 100000008603331100 by articulation cuts 5 of 5 members; fragility=1.00, score=0.4045"
BRG-168,bridge,4,1,0,397000.0,0.3741,100000004813068100,articulation,3.0,0.4045,454,"These 3 accounts reach the rest of their community only through 100000004813068100, whose removal would detach 3 of them from 397,000 KZT of observed flow, which is worth checking as a shared route rather than a coincidence of the crawl.","bridge: n=4, seeds=1, hop=0, through=397,000 KZT, retained=0.37; break 100000004813068100 by articulation cuts 3 of 3 members; fragility=1.00, score=0.4045"
BRG-107,bridge,8,0,2,3117470.0,0.5123,100000008742053100,articulation,7.0,0.4032,455,"These 7 accounts reach the rest of their community only through 100000008742053100, whose removal would detach 7 of them from 3,117,470 KZT of observed flow, which is worth checking as a shared route rather than a coincidence of the crawl.","bridge: n=8, seeds=0, hop=2, through=3,117,470 KZT, retained=0.51; break 100000008742053100 by articulation cuts 7 of 7 members; fragility=1.00, score=0.4032"
LOOP-246,reciprocal_loop,2,0,2,1576065.0,0.0708,100000004017410100,flow,111565.0,0.4031,456,"These 2 accounts return funds to each other, 1,576,065 KZT touching the set with 7% of it never leaving, which is worth checking against what each leg was said to be for.","reciprocal_loop: n=2, seeds=0, hop=2, through=1,576,065 KZT, retained=0.07; break 100000004017410100 by flow stops 111,565 of 111,565 KZT internal; fragility=1.00, score=0.4031"
LOOP-080,reciprocal_loop,2,0,1,493550.0,0.3182,100000001380054100,flow,157050.0,0.4026,457,"These 2 accounts return funds to each other, 493,550 KZT touching the set with 32% of it never leaving, which is worth checking against what each leg was said to be for.","reciprocal_loop: n=2, seeds=0, hop=1, through=493,550 KZT, retained=0.32; break 100000001380054100 by flow stops 157,050 of 157,050 KZT internal; fragility=1.00, score=0.4026"
LOOP-243,reciprocal_loop,2,0,1,447679.0,0.3485,100000003988112100,flow,156000.0,0.4016,458,"These 2 accounts return funds to each other, 447,679 KZT touching the set with 35% of it never leaving, which is worth checking against what each leg was said to be for.","reciprocal_loop: n=2, seeds=0, hop=1, through=447,679 KZT, retained=0.35; break 100000003988112100 by flow stops 156,000 of 156,000 KZT internal; fragility=1.00, score=0.4016"
LOOP-002,reciprocal_loop,2,0,1,492000.0,0.3049,100000000031787100,flow,150000.0,0.4014,459,"These 2 accounts return funds to each other, 492,000 KZT touching the set with 30% of it never leaving, which is worth checking against what each leg was said to be for.","reciprocal_loop: n=2, seeds=0, hop=1, through=492,000 KZT, retained=0.30; break 100000000031787100 by flow stops 150,000 of 150,000 KZT internal; fragility=1.00, score=0.4014"
BRG-132,bridge,5,0,2,1895940.0,0.7932,100000004221668100,articulation,4.0,0.4005,460,"These 4 accounts reach the rest of their community only through 100000004221668100, whose removal would detach 4 of them from 1,895,940 KZT of observed flow, which is worth checking as a shared route rather than a coincidence of the crawl.","bridge: n=5, seeds=0, hop=2, through=1,895,940 KZT, retained=0.79; break 100000004221668100 by articulation cuts 4 of 4 members; fragility=1.00, score=0.4005"
LOOP-179,reciprocal_loop,2,0,2,817839.0,0.324,100000002733905100,flow,265000.0,0.4005,461,"These 2 accounts return funds to each other, 817,839 KZT touching the set with 32% of it never leaving, which is worth checking against what each leg was said to be for.","reciprocal_loop: n=2, seeds=0, hop=2, through=817,839 KZT, retained=0.32; break 100000002733905100 by flow stops 265,000 of 265,000 KZT internal; fragility=1.00, score=0.4005"
LOOP-227,reciprocal_loop,4,0,2,8872800.0,0.0257,100000005910114100,flow,149184.0,0.4004,462,"These 4 accounts return funds to each other, 8,872,800 KZT touching the set with 3% of it never leaving, which is worth checking against what each leg was said to be for.","reciprocal_loop: n=4, seeds=0, hop=2, through=8,872,800 KZT, retained=0.03; break 100000005910114100 by flow stops 149,184 of 228,184 KZT internal; fragility=0.65, score=0.4004"
LOOP-186,reciprocal_loop,2,0,1,143510.0,0.8258,100000002941114100,flow,118510.0,0.4003,463,"These 2 accounts return funds to each other, 143,510 KZT touching the set with 83% of it never leaving, which is worth checking against what each leg was said to be for.","reciprocal_loop: n=2, seeds=0, hop=1, through=143,510 KZT, retained=0.83; break 100000002941114100 by flow stops 118,510 of 118,510 KZT internal; fragility=1.00, score=0.4003"
LOOP-353,reciprocal_loop,2,0,2,1690102.0,0.0064,100000007593823100,flow,10800.0,0.4002,464,"These 2 accounts return funds to each other, 1,690,102 KZT touching the set with 1% of it never leaving, which is worth checking against what each leg was said to be for.","reciprocal_loop: n=2, seeds=0, hop=2, through=1,690,102 KZT, retained=0.01; break 100000007593823100 by flow stops 10,800 of 10,800 KZT internal; fragility=1.00, score=0.4002"
LOOP-320,reciprocal_loop,2,0,2,1675570.0,0.0081,100000005048668100,flow,13500.0,0.4,465,"These 2 accounts return funds to each other, 1,675,570 KZT touching the set with 1% of it never leaving, which is worth checking against what each leg was said to be for.","reciprocal_loop: n=2, seeds=0, hop=2, through=1,675,570 KZT, retained=0.01; break 100000005048668100 by flow stops 13,500 of 13,500 KZT internal; fragility=1.00, score=0.4000"
LOOP-363,reciprocal_loop,3,0,1,1346080.0,0.2826,100000008736940100,flow,303390.0,0.3998,466,"These 3 accounts return funds to each other, 1,346,080 KZT touching the set with 28% of it never leaving, which is worth checking against what each leg was said to be for.","reciprocal_loop: n=3, seeds=0, hop=1, through=1,346,080 KZT, retained=0.28; break 100000008736940100 by flow stops 303,390 of 380,390 KZT internal; fragility=0.80, score=0.3998"
LOOP-105,reciprocal_loop,4,0,1,8969015.22,0.0106,100000004070318100,flow,52647.55,0.3997,467,"These 4 accounts return funds to each other, 8,969,015 KZT touching the set with 1% of it never leaving, which is worth checking against what each leg was said to be for.","reciprocal_loop: n=4, seeds=0, hop=1, through=8,969,015 KZT, retained=0.01; break 100000004070318100 by flow stops 52,648 of 94,948 KZT internal; fragility=0.55, score=0.3997"
BRG-152,bridge,12,0,1,811950.4,0.6999,100000003265158100,articulation,11.0,0.3996,468,"These 11 accounts reach the rest of their community only through 100000003265158100, whose removal would detach 11 of them from 811,950 KZT of observed flow, which is worth checking as a shared route rather than a coincidence of the crawl.","bridge: n=12, seeds=0, hop=1, through=811,950 KZT, retained=0.70; break 100000003265158100 by articulation cuts 11 of 11 members; fragility=1.00, score=0.3996"
BRG-025,bridge,9,0,2,1307104.0,0.808,100000007382543100,articulation,8.0,0.3994,469,"These 8 accounts reach the rest of their community only through 100000007382543100, whose removal would detach 8 of them from 1,307,104 KZT of observed flow, which is worth checking as a shared route rather than a coincidence of the crawl.","bridge: n=9, seeds=0, hop=2, through=1,307,104 KZT, retained=0.81; break 100000007382543100 by articulation cuts 8 of 8 members; fragility=1.00, score=0.3994"
BRG-124,bridge,10,0,2,2539799.0,0.4952,100000008547844100,articulation,9.0,0.3994,470,"These 9 accounts reach the rest of their community only through 100000008547844100, whose removal would detach 9 of them from 2,539,799 KZT of observed flow, which is worth checking as a shared route rather than a coincidence of the crawl.","bridge: n=10, seeds=0, hop=2, through=2,539,799 KZT, retained=0.50; break 100000008547844100 by articulation cuts 9 of 9 members; fragility=1.00, score=0.3994"
LOOP-192,reciprocal_loop,2,0,2,974500.0,0.2258,100000003001661100,flow,220000.0,0.3986,471,"These 2 accounts return funds to each other, 974,500 KZT touching the set with 23% of it never leaving, which is worth checking against what each leg was said to be for.","reciprocal_loop: n=2, seeds=0, hop=2, through=974,500 KZT, retained=0.23; break 100000003001661100 by flow stops 220,000 of 220,000 KZT internal; fragility=1.00, score=0.3986"
BRG-086,bridge,19,0,2,1535307.93,0.5453,100000002957787100,articulation,18.0,0.3983,472,"These 18 accounts reach the rest of their community only through 100000002957787100, whose removal would detach 18 of them from 1,535,308 KZT of observed flow, which is worth checking as a shared route rather than a coincidence of the crawl.","bridge: n=19, seeds=0, hop=2, through=1,535,308 KZT, retained=0.55; break 100000002957787100 by articulation cuts 18 of 18 members; fragility=1.00, score=0.3983"
BRG-112,bridge,7,0,2,2881560.0,0.5072,100000008743913100,articulation,6.0,0.3983,473,"These 6 accounts reach the rest of their community only through 100000008743913100, whose removal would detach 6 of them from 2,881,560 KZT of observed flow, which is worth checking as a shared route rather than a coincidence of the crawl.","bridge: n=7, seeds=0, hop=2, through=2,881,560 KZT, retained=0.51; break 100000008743913100 by articulation cuts 6 of 6 members; fragility=1.00, score=0.3983"
LOOP-352,reciprocal_loop,2,0,1,638338.0,0.1535,100000007511163100,flow,98000.0,0.3981,474,"These 2 accounts return funds to each other, 638,338 KZT touching the set with 15% of it never leaving, which is worth checking against what each leg was said to be for.","reciprocal_loop: n=2, seeds=0, hop=1, through=638,338 KZT, retained=0.15; break 100000007511163100 by flow stops 98,000 of 98,000 KZT internal; fragility=1.00, score=0.3981"
BRG-136,bridge,11,0,2,2625702.0,0.439,100000008466579100,articulation,10.0,0.398,475,"These 10 accounts reach the rest of their community only through 100000008466579100, whose removal would detach 10 of them from 2,625,702 KZT of observed flow, which is worth checking as a shared route rather than a coincidence of the crawl.","bridge: n=11, seeds=0, hop=2, through=2,625,702 KZT, retained=0.44; break 100000008466579100 by articulation cuts 10 of 10 members; fragility=1.00, score=0.3980"
LOOP-230,reciprocal_loop,4,0,2,6639986.0,0.0592,100000008477350100,flow,266967.0,0.398,476,"These 4 accounts return funds to each other, 6,639,986 KZT touching the set with 6% of it never leaving, which is worth checking against what each leg was said to be for.","reciprocal_loop: n=4, seeds=0, hop=2, through=6,639,986 KZT, retained=0.06; break 100000008477350100 by flow stops 266,967 of 392,983 KZT internal; fragility=0.68, score=0.3980"
BRG-101,bridge,5,0,1,1089750.0,0.7431,100000001380054100,articulation,4.0,0.3977,477,"These 4 accounts reach the rest of their community only through 100000001380054100, whose removal would detach 4 of them from 1,089,750 KZT of observed flow, which is worth checking as a shared route rather than a coincidence of the crawl.","bridge: n=5, seeds=0, hop=1, through=1,089,750 KZT, retained=0.74; break 100000001380054100 by articulation cuts 4 of 4 members; fragility=1.00, score=0.3977"
LOOP-190,reciprocal_loop,2,0,2,1428109.96,0.0306,100000002957787100,flow,43712.8,0.3961,478,"These 2 accounts return funds to each other, 1,428,110 KZT touching the set with 3% of it never leaving, which is worth checking against what each leg was said to be for.","reciprocal_loop: n=2, seeds=0, hop=2, through=1,428,110 KZT, retained=0.03; break 100000002957787100 by flow stops 43,713 of 43,713 KZT internal; fragility=1.00, score=0.3961"
BRG-099,bridge,15,0,3,4051910.0,0.2613,100000008489922100,articulation,14.0,0.3951,479,"These 14 accounts reach the rest of their community only through 100000008489922100, whose removal would detach 14 of them from 4,051,910 KZT of observed flow, which is worth checking as a shared route rather than a coincidence of the crawl.","bridge: n=15, seeds=0, hop=3, through=4,051,910 KZT, retained=0.26; break 100000008489922100 by articulation cuts 14 of 14 members; fragility=1.00, score=0.3951"
LOOP-238,reciprocal_loop,3,0,2,1583065.0,0.0841,100000004336312100,flow,123065.0,0.3947,480,"These 3 accounts return funds to each other, 1,583,065 KZT touching the set with 8% of it never leaving, which is worth checking against what each leg was said to be for.","reciprocal_loop: n=3, seeds=0, hop=2, through=1,583,065 KZT, retained=0.08; break 100000004336312100 by flow stops 123,065 of 133,065 KZT internal; fragility=0.92, score=0.3947"
LOOP-087,reciprocal_loop,2,0,2,247985.0,0.7714,100000001600934100,flow,191300.0,0.3946,481,"These 2 accounts return funds to each other, 247,985 KZT touching the set with 77% of it never leaving, which is worth checking against what each leg was said to be for.","reciprocal_loop: n=2, seeds=0, hop=2, through=247,985 KZT, retained=0.77; break 100000001600934100 by flow stops 191,300 of 191,300 KZT internal; fragility=1.00, score=0.3946"
LOOP-083,reciprocal_loop,2,0,2,1407969.85,0.0142,100000001439416100,flow,20000.0,0.3941,482,"These 2 accounts return funds to each other, 1,407,970 KZT touching the set with 1% of it never leaving, which is worth checking against what each leg was said to be for.","reciprocal_loop: n=2, seeds=0, hop=2, through=1,407,970 KZT, retained=0.01; break 100000001439416100 by flow stops 20,000 of 20,000 KZT internal; fragility=1.00, score=0.3941"
CHN-009,chain,4,0,1,941473.0,0.1487,100000000607941100,dominator,2.0,0.3937,483,"Funds appear to move through 4 accounts in sequence starting 1 hop(s) from a known client, 941,473 KZT touching the run and 15% of it staying inside, which is consistent with a transit route and worth checking step by step.","chain: n=4, seeds=0, hop=1, through=941,473 KZT, retained=0.15; break 100000000607941100 by dominator cuts 2 of 3 members; fragility=0.67, score=0.3937"
LOOP-308,reciprocal_loop,2,0,3,1609034.67,0.0663,100000004569484100,flow,106705.0,0.3929,484,"These 2 accounts return funds to each other, 1,609,035 KZT touching the set with 7% of it never leaving, which is worth checking against what each leg was said to be for.","reciprocal_loop: n=2, seeds=0, hop=3, through=1,609,035 KZT, retained=0.07; break 100000004569484100 by flow stops 106,705 of 106,705 KZT internal; fragility=1.00, score=0.3929"
BRG-005,bridge,11,0,1,552700.0,0.7829,100000000267734100,articulation,10.0,0.3923,485,"These 10 accounts reach the rest of their community only through 100000000267734100, whose removal would detach 10 of them from 552,700 KZT of observed flow, which is worth checking as a shared route rather than a coincidence of the crawl.","bridge: n=11, seeds=0, hop=1, through=552,700 KZT, retained=0.78; break 100000000267734100 by articulation cuts 10 of 10 members; fragility=1.00, score=0.3923"
BRG-153,bridge,7,0,2,2239444.0,0.53,100000008710843100,articulation,6.0,0.3923,486,"These 6 accounts reach the rest of their community only through 100000008710843100, whose removal would detach 6 of them from 2,239,444 KZT of observed flow, which is worth checking as a shared route rather than a coincidence of the crawl.","bridge: n=7, seeds=0, hop=2, through=2,239,444 KZT, retained=0.53; break 100000008710843100 by articulation cuts 6 of 6 members; fragility=1.00, score=0.3923"
LOOP-133,reciprocal_loop,4,0,2,6691132.0,0.0318,100000005910114100,flow,141044.0,0.3923,487,"These 4 accounts return funds to each other, 6,691,132 KZT touching the set with 3% of it never leaving, which is worth checking against what each leg was said to be for.","reciprocal_loop: n=4, seeds=0, hop=2, through=6,691,132 KZT, retained=0.03; break 100000005910114100 by flow stops 141,044 of 213,044 KZT internal; fragility=0.66, score=0.3923"
CHN-001,chain,3,0,1,498818.0,0.8821,100000006069103100,dominator,1.0,0.3922,488,"Funds appear to move through 3 accounts in sequence starting 1 hop(s) from a known client, 498,818 KZT touching the run and 88% of it staying inside, which is consistent with a transit route and worth checking step by step.","chain: n=3, seeds=0, hop=1, through=498,818 KZT, retained=0.88; break 100000006069103100 by dominator cuts 1 of 2 members; fragility=0.50, score=0.3922"
LOOP-182,reciprocal_loop,2,0,2,1252969.85,0.0408,100000002741024100,flow,51102.85,0.3921,489,"These 2 accounts return funds to each other, 1,252,970 KZT touching the set with 4% of it never leaving, which is worth checking against what each leg was said to be for.","reciprocal_loop: n=2, seeds=0, hop=2, through=1,252,970 KZT, retained=0.04; break 100000002741024100 by flow stops 51,103 of 51,103 KZT internal; fragility=1.00, score=0.3921"
LOOP-233,reciprocal_loop,2,0,2,1181866.0,0.0592,100000003796063100,flow,70000.0,0.3915,490,"These 2 accounts return funds to each other, 1,181,866 KZT touching the set with 6% of it never leaving, which is worth checking against what each leg was said to be for.","reciprocal_loop: n=2, seeds=0, hop=2, through=1,181,866 KZT, retained=0.06; break 100000003796063100 by flow stops 70,000 of 70,000 KZT internal; fragility=1.00, score=0.3915"
BRG-036,bridge,6,0,1,648797.0,0.8247,100000003946524100,articulation,5.0,0.3905,491,"These 5 accounts reach the rest of their community only through 100000003946524100, whose removal would detach 5 of them from 648,797 KZT of observed flow, which is worth checking as a shared route rather than a coincidence of the crawl.","bridge: n=6, seeds=0, hop=1, through=648,797 KZT, retained=0.82; break 100000003946524100 by articulation cuts 5 of 5 members; fragility=1.00, score=0.3905"
BRG-128,bridge,10,0,2,1497092.0,0.5954,100000005782781100,articulation,9.0,0.3903,492,"These 9 accounts reach the rest of their community only through 100000005782781100, whose removal would detach 9 of them from 1,497,092 KZT of observed flow, which is worth checking as a shared route rather than a coincidence of the crawl.","bridge: n=10, seeds=0, hop=2, through=1,497,092 KZT, retained=0.60; break 100000005782781100 by articulation cuts 9 of 9 members; fragility=1.00, score=0.3903"
LOOP-013,reciprocal_loop,2,0,1,368175.0,0.3004,100000000297649100,flow,110600.0,0.3903,493,"These 2 accounts return funds to each other, 368,175 KZT touching the set with 30% of it never leaving, which is worth checking against what each leg was said to be for.","reciprocal_loop: n=2, seeds=0, hop=1, through=368,175 KZT, retained=0.30; break 100000000297649100 by flow stops 110,600 of 110,600 KZT internal; fragility=1.00, score=0.3903"
LOOP-162,reciprocal_loop,4,0,1,3596045.18,0.018,100000008413748100,flow,43001.55,0.3903,494,"These 4 accounts return funds to each other, 3,596,045 KZT touching the set with 2% of it never leaving, which is worth checking against what each leg was said to be for.","reciprocal_loop: n=4, seeds=0, hop=1, through=3,596,045 KZT, retained=0.02; break 100000008413748100 by flow stops 43,002 of 64,602 KZT internal; fragility=0.67, score=0.3903"
LOOP-365,reciprocal_loop,2,0,2,1175520.0,0.034,100000008389800100,flow,40000.0,0.3892,495,"These 2 accounts return funds to each other, 1,175,520 KZT touching the set with 3% of it never leaving, which is worth checking against what each leg was said to be for.","reciprocal_loop: n=2, seeds=0, hop=2, through=1,175,520 KZT, retained=0.03; break 100000008389800100 by flow stops 40,000 of 40,000 KZT internal; fragility=1.00, score=0.3892"
LOOP-082,reciprocal_loop,2,0,1,301304.0,0.3701,100000001382002100,flow,111500.0,0.3889,496,"These 2 accounts return funds to each other, 301,304 KZT touching the set with 37% of it never leaving, which is worth checking against what each leg was said to be for.","reciprocal_loop: n=2, seeds=0, hop=1, through=301,304 KZT, retained=0.37; break 100000001382002100 by flow stops 111,500 of 111,500 KZT internal; fragility=1.00, score=0.3889"
LOOP-235,reciprocal_loop,2,0,1,85818.0,0.9092,100000003886323100,flow,78025.0,0.3885,497,"These 2 accounts return funds to each other, 85,818 KZT touching the set with 91% of it never leaving, which is worth checking against what each leg was said to be for.","reciprocal_loop: n=2, seeds=0, hop=1, through=85,818 KZT, retained=0.91; break 100000003886323100 by flow stops 78,025 of 78,025 KZT internal; fragility=1.00, score=0.3885"
LOOP-241,reciprocal_loop,2,0,1,578507.0,0.0774,100000003946524100,flow,44750.0,0.388,498,"These 2 accounts return funds to each other, 578,507 KZT touching the set with 8% of it never leaving, which is worth checking against what each leg was said to be for.","reciprocal_loop: n=2, seeds=0, hop=1, through=578,507 KZT, retained=0.08; break 100000003946524100 by flow stops 44,750 of 44,750 KZT internal; fragility=1.00, score=0.3880"
BRG-096,bridge,8,0,1,883363.0,0.5869,100000002748180100,articulation,7.0,0.3877,499,"These 7 accounts reach the rest of their community only through 100000002748180100, whose removal would detach 7 of them from 883,363 KZT of observed flow, which is worth checking as a shared route rather than a coincidence of the crawl.","bridge: n=8, seeds=0, hop=1, through=883,363 KZT, retained=0.59; break 100000002748180100 by articulation cuts 7 of 7 members; fragility=1.00, score=0.3877"
LOOP-268,reciprocal_loop,2,0,1,528250.0,0.1136,100000004076740100,flow,60000.0,0.3877,500,"These 2 accounts return funds to each other, 528,250 KZT touching the set with 11% of it never leaving, which is worth checking against what each leg was said to be for.","reciprocal_loop: n=2, seeds=0, hop=1, through=528,250 KZT, retained=0.11; break 100000004076740100 by flow stops 60,000 of 60,000 KZT internal; fragility=1.00, score=0.3877"
BRG-033,bridge,6,0,1,1685321.8,0.3672,100000008731444100,articulation,5.0,0.3874,501,"These 5 accounts reach the rest of their community only through 100000008731444100, whose removal would detach 5 of them from 1,685,322 KZT of observed flow, which is worth checking as a shared route rather than a coincidence of the crawl.","bridge: n=6, seeds=0, hop=1, through=1,685,322 KZT, retained=0.37; break 100000008731444100 by articulation cuts 5 of 5 members; fragility=1.00, score=0.3874"
BRG-118,bridge,8,0,1,622497.0,0.7341,100000005612411100,articulation,7.0,0.3874,502,"These 7 accounts reach the rest of their community only through 100000005612411100, whose removal would detach 7 of them from 622,497 KZT of observed flow, which is worth checking as a shared route rather than a coincidence of the crawl.","bridge: n=8, seeds=0, hop=1, through=622,497 KZT, retained=0.73; break 100000005612411100 by articulation cuts 7 of 7 members; fragility=1.00, score=0.3874"
BRG-083,bridge,9,0,1,1982326.75,0.2028,100000008304139100,articulation,8.0,0.3872,503,"These 8 accounts reach the rest of their community only through 100000008304139100, whose removal would detach 8 of them from 1,982,327 KZT of observed flow, which is worth checking as a shared route rather than a coincidence of the crawl.","bridge: n=9, seeds=0, hop=1, through=1,982,327 KZT, retained=0.20; break 100000008304139100 by articulation cuts 8 of 8 members; fragility=1.00, score=0.3872"
LOOP-307,reciprocal_loop,3,0,2,2545363.67,0.0764,100000004569484100,flow,157705.0,0.3872,504,"These 3 accounts return funds to each other, 2,545,364 KZT touching the set with 8% of it never leaving, which is worth checking against what each leg was said to be for.","reciprocal_loop: n=3, seeds=0, hop=2, through=2,545,364 KZT, retained=0.08; break 100000004569484100 by flow stops 157,705 of 194,540 KZT internal; fragility=0.81, score=0.3872"
LOOP-136,reciprocal_loop,2,0,2,260700.0,0.6548,100000001893287100,flow,170700.0,0.3865,505,"These 2 accounts return funds to each other, 260,700 KZT touching the set with 65% of it never leaving, which is worth checking against what each leg was said to be for.","reciprocal_loop: n=2, seeds=0, hop=2, through=260,700 KZT, retained=0.65; break 100000001893287100 by flow stops 170,700 of 170,700 KZT internal; fragility=1.00, score=0.3865"
BRG-102,bridge,7,0,1,730690.0,0.6805,100000003873332100,articulation,6.0,0.3864,506,"These 6 accounts reach the rest of their community only through 100000003873332100, whose removal would detach 6 of them from 730,690 KZT of observed flow, which is worth checking as a shared route rather than a coincidence of the crawl.","bridge: n=7, seeds=0, hop=1, through=730,690 KZT, retained=0.68; break 100000003873332100 by articulation cuts 6 of 6 members; fragility=1.00, score=0.3864"
BRG-100,bridge,28,0,3,494070.0,0.8882,100000008460102100,articulation,27.0,0.3858,507,"These 27 accounts reach the rest of their community only through 100000008460102100, whose removal would detach 27 of them from 494,070 KZT of observed flow, which is worth checking as a shared route rather than a coincidence of the crawl.","bridge: n=28, seeds=0, hop=3, through=494,070 KZT, retained=0.89; break 100000008460102100 by articulation cuts 27 of 27 members; fragility=1.00, score=0.3858"
LOOP-312,reciprocal_loop,2,0,2,1120224.0,0.0147,100000004715209100,flow,16500.0,0.3858,508,"These 2 accounts return funds to each other, 1,120,224 KZT touching the set with 1% of it never leaving, which is worth checking against what each leg was said to be for.","reciprocal_loop: n=2, seeds=0, hop=2, through=1,120,224 KZT, retained=0.01; break 100000004715209100 by flow stops 16,500 of 16,500 KZT internal; fragility=1.00, score=0.3858"
LOOP-220,reciprocal_loop,3,0,1,1866927.0,0.0996,100000003616818100,flow,138100.0,0.3846,509,"These 3 accounts return funds to each other, 1,866,927 KZT touching the set with 10% of it never leaving, which is worth checking against what each leg was said to be for.","reciprocal_loop: n=3, seeds=0, hop=1, through=1,866,927 KZT, retained=0.10; break 100000003616818100 by flow stops 138,100 of 186,000 KZT internal; fragility=0.74, score=0.3846"
LOOP-086,reciprocal_loop,2,0,1,527820.0,0.0758,100000001526235100,flow,40000.0,0.3845,510,"These 2 accounts return funds to each other, 527,820 KZT touching the set with 8% of it never leaving, which is worth checking against what each leg was said to be for.","reciprocal_loop: n=2, seeds=0, hop=1, through=527,820 KZT, retained=0.08; break 100000001526235100 by flow stops 40,000 of 40,000 KZT internal; fragility=1.00, score=0.3845"
LOOP-217,reciprocal_loop,2,0,1,413000.0,0.1816,100000003616818100,flow,75000.0,0.3845,511,"These 2 accounts return funds to each other, 413,000 KZT touching the set with 18% of it never leaving, which is worth checking against what each leg was said to be for.","reciprocal_loop: n=2, seeds=0, hop=1, through=413,000 KZT, retained=0.18; break 100000003616818100 by flow stops 75,000 of 75,000 KZT internal; fragility=1.00, score=0.3845"
LOOP-322,reciprocal_loop,2,0,1,572099.0,0.035,100000005175148100,flow,20000.0,0.384,512,"These 2 accounts return funds to each other, 572,099 KZT touching the set with 3% of it never leaving, which is worth checking against what each leg was said to be for.","reciprocal_loop: n=2, seeds=0, hop=1, through=572,099 KZT, retained=0.03; break 100000005175148100 by flow stops 20,000 of 20,000 KZT internal; fragility=1.00, score=0.3840"
CHN-050,chain,4,0,1,151817.64,0.8342,100000006443391100,dominator,2.0,0.3837,513,"Funds appear to move through 4 accounts in sequence starting 1 hop(s) from a known client, 151,818 KZT touching the run and 83% of it staying inside, which is consistent with a transit route and worth checking step by step.","chain: n=4, seeds=0, hop=1, through=151,818 KZT, retained=0.83; break 100000006443391100 by dominator cuts 2 of 3 members; fragility=0.67, score=0.3837"
LOOP-165,reciprocal_loop,4,0,2,9832259.0,0.0104,100000003242289100,flow,57510.0,0.3832,514,"These 4 accounts return funds to each other, 9,832,259 KZT touching the set with 1% of it never leaving, which is worth checking against what each leg was said to be for.","reciprocal_loop: n=4, seeds=0, hop=2, through=9,832,259 KZT, retained=0.01; break 100000003242289100 by flow stops 57,510 of 102,510 KZT internal; fragility=0.56, score=0.3832"
LOOP-338,reciprocal_loop,2,0,1,146817.64,0.6151,100000006385877100,flow,90309.55,0.3832,515,"These 2 accounts return funds to each other, 146,818 KZT touching the set with 62% of it never leaving, which is worth checking against what each leg was said to be for.","reciprocal_loop: n=2, seeds=0, hop=1, through=146,818 KZT, retained=0.62; break 100000006385877100 by flow stops 90,310 of 90,310 KZT internal; fragility=1.00, score=0.3832"
LOOP-184,reciprocal_loop,2,0,1,564523.95,0.0302,100000002812641100,flow,17023.95,0.3831,516,"These 2 accounts return funds to each other, 564,524 KZT touching the set with 3% of it never leaving, which is worth checking against what each leg was said to be for.","reciprocal_loop: n=2, seeds=0, hop=1, through=564,524 KZT, retained=0.03; break 100000002812641100 by flow stops 17,024 of 17,024 KZT internal; fragility=1.00, score=0.3831"
BRG-039,bridge,9,0,1,1126473.0,0.3808,100000005287097100,articulation,8.0,0.3825,517,"These 8 accounts reach the rest of their community only through 100000005287097100, whose removal would detach 8 of them from 1,126,473 KZT of observed flow, which is worth checking as a shared route rather than a coincidence of the crawl.","bridge: n=9, seeds=0, hop=1, through=1,126,473 KZT, retained=0.38; break 100000005287097100 by articulation cuts 8 of 8 members; fragility=1.00, score=0.3825"
BRG-147,bridge,4,0,1,1208099.0,0.5272,100000006518161100,articulation,3.0,0.3825,518,"These 3 accounts reach the rest of their community only through 100000006518161100, whose removal would detach 3 of them from 1,208,099 KZT of observed flow, which is worth checking as a shared route rather than a coincidence of the crawl.","bridge: n=4, seeds=0, hop=1, through=1,208,099 KZT, retained=0.53; break 100000006518161100 by articulation cuts 3 of 3 members; fragility=1.00, score=0.3825"
BRG-108,bridge,5,0,2,2232749.0,0.462,100000008512827100,articulation,4.0,0.3823,519,"These 4 accounts reach the rest of their community only through 100000008512827100, whose removal would detach 4 of them from 2,232,749 KZT of observed flow, which is worth checking as a shared route rather than a coincidence of the crawl.","bridge: n=5, seeds=0, hop=2, through=2,232,749 KZT, retained=0.46; break 100000008512827100 by articulation cuts 4 of 4 members; fragility=1.00, score=0.3823"
BRG-131,bridge,13,0,2,1503473.49,0.3952,100000008413748100,articulation,12.0,0.3808,520,"These 12 accounts reach the rest of their community only through 100000008413748100, whose removal would detach 12 of them from 1,503,473 KZT of observed flow, which is worth checking as a shared route rather than a coincidence of the crawl.","bridge: n=13, seeds=0, hop=2, through=1,503,473 KZT, retained=0.40; break 100000008413748100 by articulation cuts 12 of 12 members; fragility=1.00, score=0.3808"
LOOP-224,reciprocal_loop,2,0,1,527000.0,0.0304,100000003635170100,flow,16000.0,0.3806,521,"These 2 accounts return funds to each other, 527,000 KZT touching the set with 3% of it never leaving, which is worth checking against what each leg was said to be for.","reciprocal_loop: n=2, seeds=0, hop=1, through=527,000 KZT, retained=0.03; break 100000003635170100 by flow stops 16,000 of 16,000 KZT internal; fragility=1.00, score=0.3806"
BRG-122,bridge,5,0,1,1075000.0,0.5023,100000004759121100,articulation,4.0,0.3805,522,"These 4 accounts reach the rest of their community only through 100000004759121100, whose removal would detach 4 of them from 1,075,000 KZT of observed flow, which is worth checking as a shared route rather than a coincidence of the crawl.","bridge: n=5, seeds=0, hop=1, through=1,075,000 KZT, retained=0.50; break 100000004759121100 by articulation cuts 4 of 4 members; fragility=1.00, score=0.3805"
BRG-111,bridge,5,0,1,522875.0,0.8087,100000007536804100,articulation,4.0,0.3801,523,"These 4 accounts reach the rest of their community only through 100000007536804100, whose removal would detach 4 of them from 522,875 KZT of observed flow, which is worth checking as a shared route rather than a coincidence of the crawl.","bridge: n=5, seeds=0, hop=1, through=522,875 KZT, retained=0.81; break 100000007536804100 by articulation cuts 4 of 4 members; fragility=1.00, score=0.3801"
BRG-169,bridge,4,0,1,577599.0,0.8129,100000005339662100,articulation,3.0,0.3801,524,"These 3 accounts reach the rest of their community only through 100000005339662100, whose removal would detach 3 of them from 577,599 KZT of observed flow, which is worth checking as a shared route rather than a coincidence of the crawl.","bridge: n=4, seeds=0, hop=1, through=577,599 KZT, retained=0.81; break 100000005339662100 by articulation cuts 3 of 3 members; fragility=1.00, score=0.3801"
BRG-135,bridge,7,0,3,1354755.0,0.6813,100000008490127100,articulation,6.0,0.3789,525,"These 6 accounts reach the rest of their community only through 100000008490127100, whose removal would detach 6 of them from 1,354,755 KZT of observed flow, which is worth checking as a shared route rather than a coincidence of the crawl.","bridge: n=7, seeds=0, hop=3, through=1,354,755 KZT, retained=0.68; break 100000008490127100 by articulation cuts 6 of 6 members; fragility=1.00, score=0.3789"
BRG-026,bridge,5,0,2,709104.0,0.9013,100000008655779100,articulation,4.0,0.3783,526,"These 4 accounts reach the rest of their community only through 100000008655779100, whose removal would detach 4 of them from 709,104 KZT of observed flow, which is worth checking as a shared route rather than a coincidence of the crawl.","bridge: n=5, seeds=0, hop=2, through=709,104 KZT, retained=0.90; break 100000008655779100 by articulation cuts 4 of 4 members; fragility=1.00, score=0.3783"
LOOP-085,reciprocal_loop,2,0,2,755450.0,0.0847,100000001526235100,flow,64000.0,0.3772,527,"These 2 accounts return funds to each other, 755,450 KZT touching the set with 8% of it never leaving, which is worth checking against what each leg was said to be for.","reciprocal_loop: n=2, seeds=0, hop=2, through=755,450 KZT, retained=0.08; break 100000001526235100 by flow stops 64,000 of 64,000 KZT internal; fragility=1.00, score=0.3772"
LOOP-137,reciprocal_loop,2,0,1,456675.0,0.0383,100000001899164100,flow,17500.0,0.376,528,"These 2 accounts return funds to each other, 456,675 KZT touching the set with 4% of it never leaving, which is worth checking against what each leg was said to be for.","reciprocal_loop: n=2, seeds=0, hop=1, through=456,675 KZT, retained=0.04; break 100000001899164100 by flow stops 17,500 of 17,500 KZT internal; fragility=1.00, score=0.3760"
BRG-139,bridge,8,0,3,1019000.0,0.7262,100000008746449100,articulation,7.0,0.3755,529,"These 7 accounts reach the rest of their community only through 100000008746449100, whose removal would detach 7 of them from 1,019,000 KZT of observed flow, which is worth checking as a shared route rather than a coincidence of the crawl.","bridge: n=8, seeds=0, hop=3, through=1,019,000 KZT, retained=0.73; break 100000008746449100 by articulation cuts 7 of 7 members; fragility=1.00, score=0.3755"
BRG-052,bridge,9,0,2,419800.0,0.9481,100000000723383100,articulation,8.0,0.3748,530,"These 8 accounts reach the rest of their community only through 100000000723383100, whose removal would detach 8 of them from 419,800 KZT of observed flow, which is worth checking as a shared route rather than a coincidence of the crawl.","bridge: n=9, seeds=0, hop=2, through=419,800 KZT, retained=0.95; break 100000000723383100 by articulation cuts 8 of 8 members; fragility=1.00, score=0.3748"
LOOP-139,reciprocal_loop,2,0,1,343037.0,0.1458,100000002132479100,flow,50000.0,0.3746,531,"These 2 accounts return funds to each other, 343,037 KZT touching the set with 15% of it never leaving, which is worth checking against what each leg was said to be for.","reciprocal_loop: n=2, seeds=0, hop=1, through=343,037 KZT, retained=0.15; break 100000002132479100 by flow stops 50,000 of 50,000 KZT internal; fragility=1.00, score=0.3746"
BRG-058,bridge,8,0,1,1056675.0,0.3115,100000007908818100,articulation,7.0,0.3738,532,"These 7 accounts reach the rest of their community only through 100000007908818100, whose removal would detach 7 of them from 1,056,675 KZT of observed flow, which is worth checking as a shared route rather than a coincidence of the crawl.","bridge: n=8, seeds=0, hop=1, through=1,056,675 KZT, retained=0.31; break 100000007908818100 by articulation cuts 7 of 7 members; fragility=1.00, score=0.3738"
BRG-134,bridge,6,0,1,1853494.0,0.1232,100000004351795100,articulation,5.0,0.3732,533,"These 5 accounts reach the rest of their community only through 100000004351795100, whose removal would detach 5 of them from 1,853,494 KZT of observed flow, which is worth checking as a shared route rather than a coincidence of the crawl.","bridge: n=6, seeds=0, hop=1, through=1,853,494 KZT, retained=0.12; break 100000004351795100 by articulation cuts 5 of 5 members; fragility=1.00, score=0.3732"
LOOP-068,reciprocal_loop,2,0,1,255305.0,0.2546,100000000831684100,flow,65000.0,0.373,534,"These 2 accounts return funds to each other, 255,305 KZT touching the set with 25% of it never leaving, which is worth checking against what each leg was said to be for.","reciprocal_loop: n=2, seeds=0, hop=1, through=255,305 KZT, retained=0.25; break 100000000831684100 by flow stops 65,000 of 65,000 KZT internal; fragility=1.00, score=0.3730"
BRG-140,bridge,8,0,2,970165.0,0.5797,100000004150593100,articulation,7.0,0.3725,535,"These 7 accounts reach the rest of their community only through 100000004150593100, whose removal would detach 7 of them from 970,165 KZT of observed flow, which is worth checking as a shared route rather than a coincidence of the crawl.","bridge: n=8, seeds=0, hop=2, through=970,165 KZT, retained=0.58; break 100000004150593100 by articulation cuts 7 of 7 members; fragility=1.00, score=0.3725"
BRG-145,bridge,7,0,2,831475.0,0.6657,100000007998965100,articulation,6.0,0.3717,536,"These 6 accounts reach the rest of their community only through 100000007998965100, whose removal would detach 6 of them from 831,475 KZT of observed flow, which is worth checking as a shared route rather than a coincidence of the crawl.","bridge: n=7, seeds=0, hop=2, through=831,475 KZT, retained=0.67; break 100000007998965100 by articulation cuts 6 of 6 members; fragility=1.00, score=0.3717"
LOOP-062,reciprocal_loop,2,0,1,368066.0,0.0693,100000000667713100,flow,25500.0,0.3707,537,"These 2 accounts return funds to each other, 368,066 KZT touching the set with 7% of it never leaving, which is worth checking against what each leg was said to be for.","reciprocal_loop: n=2, seeds=0, hop=1, through=368,066 KZT, retained=0.07; break 100000000667713100 by flow stops 25,500 of 25,500 KZT internal; fragility=1.00, score=0.3707"
BRG-138,bridge,6,0,1,752129.0,0.4692,100000003589877100,articulation,5.0,0.3701,538,"These 5 accounts reach the rest of their community only through 100000003589877100, whose removal would detach 5 of them from 752,129 KZT of observed flow, which is worth checking as a shared route rather than a coincidence of the crawl.","bridge: n=6, seeds=0, hop=1, through=752,129 KZT, retained=0.47; break 100000003589877100 by articulation cuts 5 of 5 members; fragility=1.00, score=0.3701"
LOOP-001,reciprocal_loop,2,0,1,342985.0,0.0924,100000000011452100,flow,31685.0,0.37,539,"These 2 accounts return funds to each other, 342,985 KZT touching the set with 9% of it never leaving, which is worth checking against what each leg was said to be for.","reciprocal_loop: n=2, seeds=0, hop=1, through=342,985 KZT, retained=0.09; break 100000000011452100 by flow stops 31,685 of 31,685 KZT internal; fragility=1.00, score=0.3700"
LOOP-229,reciprocal_loop,4,0,2,4230980.0,0.078,100000008346837100,flow,204009.0,0.37,540,"These 4 accounts return funds to each other, 4,230,980 KZT touching the set with 8% of it never leaving, which is worth checking against what each leg was said to be for.","reciprocal_loop: n=4, seeds=0, hop=2, through=4,230,980 KZT, retained=0.08; break 100000008346837100 by flow stops 204,009 of 330,025 KZT internal; fragility=0.62, score=0.3700"
LOOP-265,reciprocal_loop,2,0,1,290100.0,0.1448,100000004071070100,flow,42000.0,0.3683,541,"These 2 accounts return funds to each other, 290,100 KZT touching the set with 14% of it never leaving, which is worth checking against what each leg was said to be for.","reciprocal_loop: n=2, seeds=0, hop=1, through=290,100 KZT, retained=0.14; break 100000004071070100 by flow stops 42,000 of 42,000 KZT internal; fragility=1.00, score=0.3683"
BRG-053,bridge,5,0,1,872420.0,0.3979,100000005527892100,articulation,4.0,0.3668,542,"These 4 accounts reach the rest of their community only through 100000005527892100, whose removal would detach 4 of them from 872,420 KZT of observed flow, which is worth checking as a shared route rather than a coincidence of the crawl.","bridge: n=5, seeds=0, hop=1, through=872,420 KZT, retained=0.40; break 100000005527892100 by articulation cuts 4 of 4 members; fragility=1.00, score=0.3668"
BRG-144,bridge,5,0,2,577475.0,0.8268,100000007534354100,articulation,4.0,0.3668,543,"These 4 accounts reach the rest of their community only through 100000007534354100, whose removal would detach 4 of them from 577,475 KZT of observed flow, which is worth checking as a shared route rather than a coincidence of the crawl.","bridge: n=5, seeds=0, hop=2, through=577,475 KZT, retained=0.83; break 100000007534354100 by articulation cuts 4 of 4 members; fragility=1.00, score=0.3668"
LOOP-234,reciprocal_loop,2,0,1,308750.0,0.0978,100000003809101100,flow,30200.0,0.3666,544,"These 2 accounts return funds to each other, 308,750 KZT touching the set with 10% of it never leaving, which is worth checking against what each leg was said to be for.","reciprocal_loop: n=2, seeds=0, hop=1, through=308,750 KZT, retained=0.10; break 100000003809101100 by flow stops 30,200 of 30,200 KZT internal; fragility=1.00, score=0.3666"
BRG-093,bridge,5,0,1,698317.28,0.484,100000004527381100,articulation,4.0,0.3661,545,"These 4 accounts reach the rest of their community only through 100000004527381100, whose removal would detach 4 of them from 698,317 KZT of observed flow, which is worth checking as a shared route rather than a coincidence of the crawl.","bridge: n=5, seeds=0, hop=1, through=698,317 KZT, retained=0.48; break 100000004527381100 by articulation cuts 4 of 4 members; fragility=1.00, score=0.3661"
LOOP-150,reciprocal_loop,2,0,1,182654.0,0.3175,100000002293421100,flow,58000.0,0.366,546,"These 2 accounts return funds to each other, 182,654 KZT touching the set with 32% of it never leaving, which is worth checking against what each leg was said to be for.","reciprocal_loop: n=2, seeds=0, hop=1, through=182,654 KZT, retained=0.32; break 100000002293421100 by flow stops 58,000 of 58,000 KZT internal; fragility=1.00, score=0.3660"
LOOP-151,reciprocal_loop,3,0,1,182654.0,0.4051,100000004180097100,flow,69000.0,0.3653,547,"These 3 accounts return funds to each other, 182,654 KZT touching the set with 41% of it never leaving, which is worth checking against what each leg was said to be for.","reciprocal_loop: n=3, seeds=0, hop=1, through=182,654 KZT, retained=0.41; break 100000004180097100 by flow stops 69,000 of 74,000 KZT internal; fragility=0.93, score=0.3653"
CHN-022,chain,4,0,2,313000.0,0.5751,100000005507142100,dominator,2.0,0.3651,548,"Funds appear to move through 4 accounts in sequence starting 2 hop(s) from a known client, 313,000 KZT touching the run and 58% of it staying inside, which is consistent with a transit route and worth checking step by step.","chain: n=4, seeds=0, hop=2, through=313,000 KZT, retained=0.58; break 100000005507142100 by dominator cuts 2 of 3 members; fragility=0.67, score=0.3651"
CHN-021,chain,4,0,2,347000.0,0.5245,100000005507142100,dominator,2.0,0.3646,549,"Funds appear to move through 4 accounts in sequence starting 2 hop(s) from a known client, 347,000 KZT touching the run and 52% of it staying inside, which is consistent with a transit route and worth checking step by step.","chain: n=4, seeds=0, hop=2, through=347,000 KZT, retained=0.52; break 100000005507142100 by dominator cuts 2 of 3 members; fragility=0.67, score=0.3646"
BRG-011,bridge,7,0,1,471675.0,0.5514,100000001899164100,articulation,6.0,0.3641,550,"These 6 accounts reach the rest of their community only through 100000001899164100, whose removal would detach 6 of them from 471,675 KZT of observed flow, which is worth checking as a shared route rather than a coincidence of the crawl.","bridge: n=7, seeds=0, hop=1, through=471,675 KZT, retained=0.55; break 100000001899164100 by articulation cuts 6 of 6 members; fragility=1.00, score=0.3641"
BRG-105,bridge,5,0,1,1450000.0,0.1379,100000005473151100,articulation,4.0,0.364,551,"These 4 accounts reach the rest of their community only through 100000005473151100, whose removal would detach 4 of them from 1,450,000 KZT of observed flow, which is worth checking as a shared route rather than a coincidence of the crawl.","bridge: n=5, seeds=0, hop=1, through=1,450,000 KZT, retained=0.14; break 100000005473151100 by articulation cuts 4 of 4 members; fragility=1.00, score=0.3640"
BRG-150,bridge,4,0,3,1051900.0,0.6845,100000008722417100,articulation,3.0,0.363,552,"These 3 accounts reach the rest of their community only through 100000008722417100, whose removal would detach 3 of them from 1,051,900 KZT of observed flow, which is worth checking as a shared route rather than a coincidence of the crawl.","bridge: n=4, seeds=0, hop=3, through=1,051,900 KZT, retained=0.68; break 100000008722417100 by articulation cuts 3 of 3 members; fragility=1.00, score=0.3630"
LOOP-331,reciprocal_loop,2,0,2,559000.0,0.0483,100000005664922100,flow,27000.0,0.363,553,"These 2 accounts return funds to each other, 559,000 KZT touching the set with 5% of it never leaving, which is worth checking against what each leg was said to be for.","reciprocal_loop: n=2, seeds=0, hop=2, through=559,000 KZT, retained=0.05; break 100000005664922100 by flow stops 27,000 of 27,000 KZT internal; fragility=1.00, score=0.3630"
LOOP-266,reciprocal_loop,3,0,1,651315.0,0.1535,100000004076740100,flow,80000.0,0.3626,554,"These 3 accounts return funds to each other, 651,315 KZT touching the set with 15% of it never leaving, which is worth checking against what each leg was said to be for.","reciprocal_loop: n=3, seeds=0, hop=1, through=651,315 KZT, retained=0.15; break 100000004076740100 by flow stops 80,000 of 100,000 KZT internal; fragility=0.80, score=0.3626"
LOOP-329,reciprocal_loop,2,0,1,284800.0,0.0853,100000005546031100,flow,24300.0,0.3626,555,"These 2 accounts return funds to each other, 284,800 KZT touching the set with 9% of it never leaving, which is worth checking against what each leg was said to be for.","reciprocal_loop: n=2, seeds=0, hop=1, through=284,800 KZT, retained=0.09; break 100000005546031100 by flow stops 24,300 of 24,300 KZT internal; fragility=1.00, score=0.3626"
BRG-018,bridge,9,0,1,602820.0,0.3587,100000001526235100,articulation,8.0,0.362,556,"These 8 accounts reach the rest of their community only through 100000001526235100, whose removal would detach 8 of them from 602,820 KZT of observed flow, which is worth checking as a shared route rather than a coincidence of the crawl.","bridge: n=9, seeds=0, hop=1, through=602,820 KZT, retained=0.36; break 100000001526235100 by articulation cuts 8 of 8 members; fragility=1.00, score=0.3620"
LOOP-059,reciprocal_loop,2,0,2,147000.0,0.6122,100000000607941100,flow,90000.0,0.3618,557,"These 2 accounts return funds to each other, 147,000 KZT touching the set with 61% of it never leaving, which is worth checking against what each leg was said to be for.","reciprocal_loop: n=2, seeds=0, hop=2, through=147,000 KZT, retained=0.61; break 100000000607941100 by flow stops 90,000 of 90,000 KZT internal; fragility=1.00, score=0.3618"
BRG-154,bridge,4,0,1,439170.0,0.6584,100000003366154100,articulation,3.0,0.361,558,"These 3 accounts reach the rest of their community only through 100000003366154100, whose removal would detach 3 of them from 439,170 KZT of observed flow, which is worth checking as a shared route rather than a coincidence of the crawl.","bridge: n=4, seeds=0, hop=1, through=439,170 KZT, retained=0.66; break 100000003366154100 by articulation cuts 3 of 3 members; fragility=1.00, score=0.3610"
CHN-038,chain,4,0,1,532100.0,0.0491,100000005602999100,dominator,2.0,0.3608,559,"Funds appear to move through 4 accounts in sequence starting 1 hop(s) from a known client, 532,100 KZT touching the run and 5% of it staying inside, which is consistent with a transit route and worth checking step by step.","chain: n=4, seeds=0, hop=1, through=532,100 KZT, retained=0.05; break 100000005602999100 by dominator cuts 2 of 3 members; fragility=0.67, score=0.3608"
BRG-082,bridge,7,0,2,1842115.0,0.1547,100000008512552100,articulation,6.0,0.3601,560,"These 6 accounts reach the rest of their community only through 100000008512552100, whose removal would detach 6 of them from 1,842,115 KZT of observed flow, which is worth checking as a shared route rather than a coincidence of the crawl.","bridge: n=7, seeds=0, hop=2, through=1,842,115 KZT, retained=0.15; break 100000008512552100 by articulation cuts 6 of 6 members; fragility=1.00, score=0.3601"
LOOP-071,reciprocal_loop,2,0,2,514750.0,0.0481,100000000926766100,flow,24750.0,0.36,561,"These 2 accounts return funds to each other, 514,750 KZT touching the set with 5% of it never leaving, which is worth checking against what each leg was said to be for.","reciprocal_loop: n=2, seeds=0, hop=2, through=514,750 KZT, retained=0.05; break 100000000926766100 by flow stops 24,750 of 24,750 KZT internal; fragility=1.00, score=0.3600"
BRG-103,bridge,5,0,2,503700.0,0.7862,100000008254069100,articulation,4.0,0.3598,562,"These 4 accounts reach the rest of their community only through 100000008254069100, whose removal would detach 4 of them from 503,700 KZT of observed flow, which is worth checking as a shared route rather than a coincidence of the crawl.","bridge: n=5, seeds=0, hop=2, through=503,700 KZT, retained=0.79; break 100000008254069100 by articulation cuts 4 of 4 members; fragility=1.00, score=0.3598"
BRG-113,bridge,4,0,2,1470510.0,0.3604,100000008752616100,articulation,3.0,0.3593,563,"These 3 accounts reach the rest of their community only through 100000008752616100, whose removal would detach 3 of them from 1,470,510 KZT of observed flow, which is worth checking as a shared route rather than a coincidence of the crawl.","bridge: n=4, seeds=0, hop=2, through=1,470,510 KZT, retained=0.36; break 100000008752616100 by articulation cuts 3 of 3 members; fragility=1.00, score=0.3593"
BRG-157,bridge,7,0,2,344200.0,0.8643,100000004386258100,articulation,6.0,0.3589,564,"These 6 accounts reach the rest of their community only through 100000004386258100, whose removal would detach 6 of them from 344,200 KZT of observed flow, which is worth checking as a shared route rather than a coincidence of the crawl.","bridge: n=7, seeds=0, hop=2, through=344,200 KZT, retained=0.86; break 100000004386258100 by articulation cuts 6 of 6 members; fragility=1.00, score=0.3589"
LOOP-072,reciprocal_loop,2,0,2,121000.0,0.6612,100000000933075100,flow,80000.0,0.3588,565,"These 2 accounts return funds to each other, 121,000 KZT touching the set with 66% of it never leaving, which is worth checking against what each leg was said to be for.","reciprocal_loop: n=2, seeds=0, hop=2, through=121,000 KZT, retained=0.66; break 100000000933075100 by flow stops 80,000 of 80,000 KZT internal; fragility=1.00, score=0.3588"
BRG-017,bridge,4,0,2,1020000.0,0.5098,100000006424479100,articulation,3.0,0.3586,566,"These 3 accounts reach the rest of their community only through 100000006424479100, whose removal would detach 3 of them from 1,020,000 KZT of observed flow, which is worth checking as a shared route rather than a coincidence of the crawl.","bridge: n=4, seeds=0, hop=2, through=1,020,000 KZT, retained=0.51; break 100000006424479100 by articulation cuts 3 of 3 members; fragility=1.00, score=0.3586"
LOOP-128,reciprocal_loop,2,0,2,160690.0,0.5358,100000001808684100,flow,86100.0,0.3586,567,"These 2 accounts return funds to each other, 160,690 KZT touching the set with 54% of it never leaving, which is worth checking against what each leg was said to be for.","reciprocal_loop: n=2, seeds=0, hop=2, through=160,690 KZT, retained=0.54; break 100000001808684100 by flow stops 86,100 of 86,100 KZT internal; fragility=1.00, score=0.3586"
LOOP-164,reciprocal_loop,2,0,2,189830.0,0.4583,100000002692750100,flow,87000.0,0.3581,568,"These 2 accounts return funds to each other, 189,830 KZT touching the set with 46% of it never leaving, which is worth checking against what each leg was said to be for.","reciprocal_loop: n=2, seeds=0, hop=2, through=189,830 KZT, retained=0.46; break 100000002692750100 by flow stops 87,000 of 87,000 KZT internal; fragility=1.00, score=0.3581"
LOOP-140,reciprocal_loop,2,0,2,100800.0,0.7222,100000002156381100,flow,72800.0,0.3573,569,"These 2 accounts return funds to each other, 100,800 KZT touching the set with 72% of it never leaving, which is worth checking against what each leg was said to be for.","reciprocal_loop: n=2, seeds=0, hop=2, through=100,800 KZT, retained=0.72; break 100000002156381100 by flow stops 72,800 of 72,800 KZT internal; fragility=1.00, score=0.3573"
CHN-030,chain,4,0,2,315000.0,0.4857,100000005507142100,dominator,2.0,0.3569,570,"Funds appear to move through 4 accounts in sequence starting 2 hop(s) from a known client, 315,000 KZT touching the run and 49% of it staying inside, which is consistent with a transit route and worth checking step by step.","chain: n=4, seeds=0, hop=2, through=315,000 KZT, retained=0.49; break 100000005507142100 by dominator cuts 2 of 3 members; fragility=0.67, score=0.3569"
BRG-068,bridge,6,0,1,710981.0,0.2954,100000004847758100,articulation,5.0,0.3562,571,"These 5 accounts reach the rest of their community only through 100000004847758100, whose removal would detach 5 of them from 710,981 KZT of observed flow, which is worth checking as a shared route rather than a coincidence of the crawl.","bridge: n=6, seeds=0, hop=1, through=710,981 KZT, retained=0.30; break 100000004847758100 by articulation cuts 5 of 5 members; fragility=1.00, score=0.3562"
LOOP-267,reciprocal_loop,2,0,1,218250.0,0.1237,100000004076740100,flow,27000.0,0.3561,572,"These 2 accounts return funds to each other, 218,250 KZT touching the set with 12% of it never leaving, which is worth checking against what each leg was said to be for.","reciprocal_loop: n=2, seeds=0, hop=1, through=218,250 KZT, retained=0.12; break 100000004076740100 by flow stops 27,000 of 27,000 KZT internal; fragility=1.00, score=0.3561"
BRG-126,bridge,8,0,3,398000.0,0.8492,100000003154105100,articulation,7.0,0.3556,573,"These 7 accounts reach the rest of their community only through 100000003154105100, whose removal would detach 7 of them from 398,000 KZT of observed flow, which is worth checking as a shared route rather than a coincidence of the crawl.","bridge: n=8, seeds=0, hop=3, through=398,000 KZT, retained=0.85; break 100000003154105100 by articulation cuts 7 of 7 members; fragility=1.00, score=0.3556"
CHN-047,chain,4,0,2,214200.0,0.6303,100000004386258100,dominator,2.0,0.3548,574,"Funds appear to move through 4 accounts in sequence starting 2 hop(s) from a known client, 214,200 KZT touching the run and 63% of it staying inside, which is consistent with a transit route and worth checking step by step.","chain: n=4, seeds=0, hop=2, through=214,200 KZT, retained=0.63; break 100000004386258100 by dominator cuts 2 of 3 members; fragility=0.67, score=0.3548"
LOOP-319,reciprocal_loop,2,0,2,427119.0,0.0679,100000005037490100,flow,29000.0,0.3548,575,"These 2 accounts return funds to each other, 427,119 KZT touching the set with 7% of it never leaving, which is worth checking against what each leg was said to be for.","reciprocal_loop: n=2, seeds=0, hop=2, through=427,119 KZT, retained=0.07; break 100000005037490100 by flow stops 29,000 of 29,000 KZT internal; fragility=1.00, score=0.3548"
BRG-075,bridge,7,0,2,683412.0,0.5024,100000008730846100,articulation,6.0,0.3544,576,"These 6 accounts reach the rest of their community only through 100000008730846100, whose removal would detach 6 of them from 683,412 KZT of observed flow, which is worth checking as a shared route rather than a coincidence of the crawl.","bridge: n=7, seeds=0, hop=2, through=683,412 KZT, retained=0.50; break 100000008730846100 by articulation cuts 6 of 6 members; fragility=1.00, score=0.3544"
BRG-110,bridge,5,0,3,1935199.0,0.2447,100000008465789100,articulation,4.0,0.354,577,"These 4 accounts reach the rest of their community only through 100000008465789100, whose removal would detach 4 of them from 1,935,199 KZT of observed flow, which is worth checking as a shared route rather than a coincidence of the crawl.","bridge: n=5, seeds=0, hop=3, through=1,935,199 KZT, retained=0.24; break 100000008465789100 by articulation cuts 4 of 4 members; fragility=1.00, score=0.3540"
BRG-045,bridge,4,0,3,598135.0,0.7936,100000000640800100,articulation,3.0,0.3536,578,"These 3 accounts reach the rest of their community only through 100000000640800100, whose removal would detach 3 of them from 598,135 KZT of observed flow, which is worth checking as a shared route rather than a coincidence of the crawl.","bridge: n=4, seeds=0, hop=3, through=598,135 KZT, retained=0.79; break 100000000640800100 by articulation cuts 3 of 3 members; fragility=1.00, score=0.3536"
BRG-148,bridge,5,0,3,439675.0,0.8804,100000005357705100,articulation,4.0,0.3536,579,"These 4 accounts reach the rest of their community only through 100000005357705100, whose removal would detach 4 of them from 439,675 KZT of observed flow, which is worth checking as a shared route rather than a coincidence of the crawl.","bridge: n=5, seeds=0, hop=3, through=439,675 KZT, retained=0.88; break 100000005357705100 by articulation cuts 4 of 4 members; fragility=1.00, score=0.3536"
BRG-051,bridge,6,0,2,1574927.0,0.1605,100000004160650100,articulation,5.0,0.3534,580,"These 5 accounts reach the rest of their community only through 100000004160650100, whose removal would detach 5 of them from 1,574,927 KZT of observed flow, which is worth checking as a shared route rather than a coincidence of the crawl.","bridge: n=6, seeds=0, hop=2, through=1,574,927 KZT, retained=0.16; break 100000004160650100 by articulation cuts 5 of 5 members; fragility=1.00, score=0.3534"
BRG-055,bridge,7,0,2,1407969.85,0.1747,100000002741024100,articulation,6.0,0.3533,581,"These 6 accounts reach the rest of their community only through 100000002741024100, whose removal would detach 6 of them from 1,407,970 KZT of observed flow, which is worth checking as a shared route rather than a coincidence of the crawl.","bridge: n=7, seeds=0, hop=2, through=1,407,970 KZT, retained=0.17; break 100000002741024100 by articulation cuts 6 of 6 members; fragility=1.00, score=0.3533"
BRG-021,bridge,4,0,3,834698.0,0.6328,100000000413678100,articulation,3.0,0.3524,582,"These 3 accounts reach the rest of their community only through 100000000413678100, whose removal would detach 3 of them from 834,698 KZT of observed flow, which is worth checking as a shared route rather than a coincidence of the crawl.","bridge: n=4, seeds=0, hop=3, through=834,698 KZT, retained=0.63; break 100000000413678100 by articulation cuts 3 of 3 members; fragility=1.00, score=0.3524"
LOOP-120,reciprocal_loop,2,0,2,412875.0,0.0332,100000001677929100,flow,13700.0,0.3506,583,"These 2 accounts return funds to each other, 412,875 KZT touching the set with 3% of it never leaving, which is worth checking against what each leg was said to be for.","reciprocal_loop: n=2, seeds=0, hop=2, through=412,875 KZT, retained=0.03; break 100000001677929100 by flow stops 13,700 of 13,700 KZT internal; fragility=1.00, score=0.3506"
LOOP-185,reciprocal_loop,2,0,2,217000.0,0.3088,100000002870463100,flow,67000.0,0.3503,584,"These 2 accounts return funds to each other, 217,000 KZT touching the set with 31% of it never leaving, which is worth checking against what each leg was said to be for.","reciprocal_loop: n=2, seeds=0, hop=2, through=217,000 KZT, retained=0.31; break 100000002870463100 by flow stops 67,000 of 67,000 KZT internal; fragility=1.00, score=0.3503"
CHN-042,chain,4,0,2,331700.0,0.3919,100000004386258100,dominator,2.0,0.3501,585,"Funds appear to move through 4 accounts in sequence starting 2 hop(s) from a known client, 331,700 KZT touching the run and 39% of it staying inside, which is consistent with a transit route and worth checking step by step.","chain: n=4, seeds=0, hop=2, through=331,700 KZT, retained=0.39; break 100000004386258100 by dominator cuts 2 of 3 members; fragility=0.67, score=0.3501"
BRG-094,bridge,4,0,1,424451.17,0.5151,100000008188026100,articulation,3.0,0.3499,586,"These 3 accounts reach the rest of their community only through 100000008188026100, whose removal would detach 3 of them from 424,451 KZT of observed flow, which is worth checking as a shared route rather than a coincidence of the crawl.","bridge: n=4, seeds=0, hop=1, through=424,451 KZT, retained=0.52; break 100000008188026100 by articulation cuts 3 of 3 members; fragility=1.00, score=0.3499"
LOOP-339,reciprocal_loop,2,0,1,151817.64,0.2064,100000006443391100,flow,31335.09,0.3497,587,"These 2 accounts return funds to each other, 151,818 KZT touching the set with 21% of it never leaving, which is worth checking against what each leg was said to be for.","reciprocal_loop: n=2, seeds=0, hop=1, through=151,818 KZT, retained=0.21; break 100000006443391100 by flow stops 31,335 of 31,335 KZT internal; fragility=1.00, score=0.3497"
BRG-046,bridge,11,0,3,229900.0,0.8913,100000002185328100,articulation,10.0,0.3471,588,"These 10 accounts reach the rest of their community only through 100000002185328100, whose removal would detach 10 of them from 229,900 KZT of observed flow, which is worth checking as a shared route rather than a coincidence of the crawl.","bridge: n=11, seeds=0, hop=3, through=229,900 KZT, retained=0.89; break 100000002185328100 by articulation cuts 10 of 10 members; fragility=1.00, score=0.3471"
LOOP-161,reciprocal_loop,2,0,2,250000.0,0.18,100000002612809100,flow,45000.0,0.3446,589,"These 2 accounts return funds to each other, 250,000 KZT touching the set with 18% of it never leaving, which is worth checking against what each leg was said to be for.","reciprocal_loop: n=2, seeds=0, hop=2, through=250,000 KZT, retained=0.18; break 100000002612809100 by flow stops 45,000 of 45,000 KZT internal; fragility=1.00, score=0.3446"
LOOP-004,reciprocal_loop,2,0,2,145707.0,0.4118,100000000076451100,flow,60000.0,0.3444,590,"These 2 accounts return funds to each other, 145,707 KZT touching the set with 41% of it never leaving, which is worth checking against what each leg was said to be for.","reciprocal_loop: n=2, seeds=0, hop=2, through=145,707 KZT, retained=0.41; break 100000000076451100 by flow stops 60,000 of 60,000 KZT internal; fragility=1.00, score=0.3444"
BRG-155,bridge,4,0,3,878500.0,0.4872,100000006704530100,articulation,3.0,0.3438,591,"These 3 accounts reach the rest of their community only through 100000006704530100, whose removal would detach 3 of them from 878,500 KZT of observed flow, which is worth checking as a shared route rather than a coincidence of the crawl.","bridge: n=4, seeds=0, hop=3, through=878,500 KZT, retained=0.49; break 100000006704530100 by articulation cuts 3 of 3 members; fragility=1.00, score=0.3438"
BRG-085,bridge,5,0,1,214000.0,0.6729,100000005079754100,articulation,4.0,0.3435,592,"These 4 accounts reach the rest of their community only through 100000005079754100, whose removal would detach 4 of them from 214,000 KZT of observed flow, which is worth checking as a shared route rather than a coincidence of the crawl.","bridge: n=5, seeds=0, hop=1, through=214,000 KZT, retained=0.67; break 100000005079754100 by articulation cuts 4 of 4 members; fragility=1.00, score=0.3435"
BRG-079,bridge,4,0,2,1625000.0,0.0769,100000002267998100,articulation,3.0,0.3424,593,"These 3 accounts reach the rest of their community only through 100000002267998100, whose removal would detach 3 of them from 1,625,000 KZT of observed flow, which is worth checking as a shared route rather than a coincidence of the crawl.","bridge: n=4, seeds=0, hop=2, through=1,625,000 KZT, retained=0.08; break 100000002267998100 by articulation cuts 3 of 3 members; fragility=1.00, score=0.3424"
BRG-008,bridge,5,0,1,471100.0,0.3057,100000000089154100,articulation,4.0,0.3417,594,"These 4 accounts reach the rest of their community only through 100000000089154100, whose removal would detach 4 of them from 471,100 KZT of observed flow, which is worth checking as a shared route rather than a coincidence of the crawl.","bridge: n=5, seeds=0, hop=1, through=471,100 KZT, retained=0.31; break 100000000089154100 by articulation cuts 4 of 4 members; fragility=1.00, score=0.3417"
LOOP-302,reciprocal_loop,2,0,2,262904.0,0.1198,100000004475818100,flow,31498.0,0.3413,595,"These 2 accounts return funds to each other, 262,904 KZT touching the set with 12% of it never leaving, which is worth checking against what each leg was said to be for.","reciprocal_loop: n=2, seeds=0, hop=2, through=262,904 KZT, retained=0.12; break 100000004475818100 by flow stops 31,498 of 31,498 KZT internal; fragility=1.00, score=0.3413"
BRG-172,bridge,4,0,1,151817.64,0.8342,100000006443391100,articulation,3.0,0.3411,596,"These 3 accounts reach the rest of their community only through 100000006443391100, whose removal would detach 3 of them from 151,818 KZT of observed flow, which is worth checking as a shared route rather than a coincidence of the crawl.","bridge: n=4, seeds=0, hop=1, through=151,818 KZT, retained=0.83; break 100000006443391100 by articulation cuts 3 of 3 members; fragility=1.00, score=0.3411"
LOOP-323,reciprocal_loop,2,0,2,216000.0,0.1991,100000005264874100,flow,43000.0,0.3408,597,"These 2 accounts return funds to each other, 216,000 KZT touching the set with 20% of it never leaving, which is worth checking against what each leg was said to be for.","reciprocal_loop: n=2, seeds=0, hop=2, through=216,000 KZT, retained=0.20; break 100000005264874100 by flow stops 43,000 of 43,000 KZT internal; fragility=1.00, score=0.3408"
BRG-022,bridge,5,0,3,549500.0,0.5996,100000003001661100,articulation,4.0,0.3407,598,"These 4 accounts reach the rest of their community only through 100000003001661100, whose removal would detach 4 of them from 549,500 KZT of observed flow, which is worth checking as a shared route rather than a coincidence of the crawl.","bridge: n=5, seeds=0, hop=3, through=549,500 KZT, retained=0.60; break 100000003001661100 by articulation cuts 4 of 4 members; fragility=1.00, score=0.3407"
BRG-029,bridge,5,0,1,271754.0,0.5189,100000001236706100,articulation,4.0,0.3399,599,"These 4 accounts reach the rest of their community only through 100000001236706100, whose removal would detach 4 of them from 271,754 KZT of observed flow, which is worth checking as a shared route rather than a coincidence of the crawl.","bridge: n=5, seeds=0, hop=1, through=271,754 KZT, retained=0.52; break 100000001236706100 by articulation cuts 4 of 4 members; fragility=1.00, score=0.3399"
CHN-006,chain,3,0,1,301304.0,0.5479,100000005584222100,dominator,1.0,0.3398,600,"Funds appear to move through 3 accounts in sequence starting 1 hop(s) from a known client, 301,304 KZT touching the run and 55% of it staying inside, which is consistent with a transit route and worth checking step by step.","chain: n=3, seeds=0, hop=1, through=301,304 KZT, retained=0.55; break 100000005584222100 by dominator cuts 1 of 2 members; fragility=0.50, score=0.3398"
LOOP-272,reciprocal_loop,2,0,1,157654.0,0.0698,100000004180097100,flow,11000.0,0.3395,601,"These 2 accounts return funds to each other, 157,654 KZT touching the set with 7% of it never leaving, which is worth checking against what each leg was said to be for.","reciprocal_loop: n=2, seeds=0, hop=1, through=157,654 KZT, retained=0.07; break 100000004180097100 by flow stops 11,000 of 11,000 KZT internal; fragility=1.00, score=0.3395"
CHN-043,chain,5,0,1,1781315.0,0.2936,100000005519998100,dominator,1.0,0.3392,602,"Funds appear to move through 5 accounts in sequence starting 1 hop(s) from a known client, 1,781,315 KZT touching the run and 29% of it staying inside, which is consistent with a transit route and worth checking step by step.","chain: n=5, seeds=0, hop=1, through=1,781,315 KZT, retained=0.29; break 100000005519998100 by dominator cuts 1 of 4 members; fragility=0.25, score=0.3392"
BRG-032,bridge,4,0,3,758969.0,0.4546,100000003528285100,articulation,3.0,0.3371,603,"These 3 accounts reach the rest of their community only through 100000003528285100, whose removal would detach 3 of them from 758,969 KZT of observed flow, which is worth checking as a shared route rather than a coincidence of the crawl.","bridge: n=4, seeds=0, hop=3, through=758,969 KZT, retained=0.45; break 100000003528285100 by articulation cuts 3 of 3 members; fragility=1.00, score=0.3371"
BRG-164,bridge,4,0,2,220000.0,0.8636,100000008713270100,articulation,3.0,0.3369,604,"These 3 accounts reach the rest of their community only through 100000008713270100, whose removal would detach 3 of them from 220,000 KZT of observed flow, which is worth checking as a shared route rather than a coincidence of the crawl.","bridge: n=4, seeds=0, hop=2, through=220,000 KZT, retained=0.86; break 100000008713270100 by articulation cuts 3 of 3 members; fragility=1.00, score=0.3369"
LOOP-366,reciprocal_loop,2,0,1,84500.0,0.284,100000008443341100,flow,24000.0,0.3348,605,"These 2 accounts return funds to each other, 84,500 KZT touching the set with 28% of it never leaving, which is worth checking against what each leg was said to be for.","reciprocal_loop: n=2, seeds=0, hop=1, through=84,500 KZT, retained=0.28; break 100000008443341100 by flow stops 24,000 of 24,000 KZT internal; fragility=1.00, score=0.3348"
LOOP-236,reciprocal_loop,2,0,2,231700.0,0.0863,100000003917461100,flow,20000.0,0.3338,606,"These 2 accounts return funds to each other, 231,700 KZT touching the set with 9% of it never leaving, which is worth checking against what each leg was said to be for.","reciprocal_loop: n=2, seeds=0, hop=2, through=231,700 KZT, retained=0.09; break 100000003917461100 by flow stops 20,000 of 20,000 KZT internal; fragility=1.00, score=0.3338"
BRG-125,bridge,6,0,1,353037.0,0.2776,100000004159526100,articulation,5.0,0.3337,607,"These 5 accounts reach the rest of their community only through 100000004159526100, whose removal would detach 5 of them from 353,037 KZT of observed flow, which is worth checking as a shared route rather than a coincidence of the crawl.","bridge: n=6, seeds=0, hop=1, through=353,037 KZT, retained=0.28; break 100000004159526100 by articulation cuts 5 of 5 members; fragility=1.00, score=0.3337"
BRG-120,bridge,4,0,3,1594500.0,0.0822,100000008517538100,articulation,3.0,0.3335,608,"These 3 accounts reach the rest of their community only through 100000008517538100, whose removal would detach 3 of them from 1,594,500 KZT of observed flow, which is worth checking as a shared route rather than a coincidence of the crawl.","bridge: n=4, seeds=0, hop=3, through=1,594,500 KZT, retained=0.08; break 100000008517538100 by articulation cuts 3 of 3 members; fragility=1.00, score=0.3335"
BRG-121,bridge,4,0,2,260700.0,0.7315,100000004698193100,articulation,3.0,0.3328,609,"These 3 accounts reach the rest of their community only through 100000004698193100, whose removal would detach 3 of them from 260,700 KZT of observed flow, which is worth checking as a shared route rather than a coincidence of the crawl.","bridge: n=4, seeds=0, hop=2, through=260,700 KZT, retained=0.73; break 100000004698193100 by articulation cuts 3 of 3 members; fragility=1.00, score=0.3328"
LOOP-240,reciprocal_loop,3,0,2,523065.0,0.0736,100000004336312100,flow,31500.0,0.3303,610,"These 3 accounts return funds to each other, 523,065 KZT touching the set with 7% of it never leaving, which is worth checking against what each leg was said to be for.","reciprocal_loop: n=3, seeds=0, hop=2, through=523,065 KZT, retained=0.07; break 100000004336312100 by flow stops 31,500 of 38,500 KZT internal; fragility=0.82, score=0.3303"
BRG-047,bridge,7,0,3,169900.0,0.8823,100000002448088100,articulation,6.0,0.33,611,"These 6 accounts reach the rest of their community only through 100000002448088100, whose removal would detach 6 of them from 169,900 KZT of observed flow, which is worth checking as a shared route rather than a coincidence of the crawl.","bridge: n=7, seeds=0, hop=3, through=169,900 KZT, retained=0.88; break 100000002448088100 by articulation cuts 6 of 6 members; fragility=1.00, score=0.3300"
BRG-137,bridge,5,0,2,762946.0,0.1798,100000002723538100,articulation,4.0,0.33,612,"These 4 accounts reach the rest of their community only through 100000002723538100, whose removal would detach 4 of them from 762,946 KZT of observed flow, which is worth checking as a shared route rather than a coincidence of the crawl.","bridge: n=5, seeds=0, hop=2, through=762,946 KZT, retained=0.18; break 100000002723538100 by articulation cuts 4 of 4 members; fragility=1.00, score=0.3300"
CHN-014,chain,4,0,1,203250.0,0.1378,100000005031696100,dominator,2.0,0.3296,613,"Funds appear to move through 4 accounts in sequence starting 1 hop(s) from a known client, 203,250 KZT touching the run and 14% of it staying inside, which is consistent with a transit route and worth checking step by step.","chain: n=4, seeds=0, hop=1, through=203,250 KZT, retained=0.14; break 100000005031696100 by dominator cuts 2 of 3 members; fragility=0.67, score=0.3296"
LOOP-226,reciprocal_loop,2,0,2,225670.0,0.0475,100000003741418100,flow,10720.0,0.3296,614,"These 2 accounts return funds to each other, 225,670 KZT touching the set with 5% of it never leaving, which is worth checking against what each leg was said to be for.","reciprocal_loop: n=2, seeds=0, hop=2, through=225,670 KZT, retained=0.05; break 100000003741418100 by flow stops 10,720 of 10,720 KZT internal; fragility=1.00, score=0.3296"
BRG-054,bridge,4,0,1,221708.0,0.4955,100000004188160100,articulation,3.0,0.3289,615,"These 3 accounts reach the rest of their community only through 100000004188160100, whose removal would detach 3 of them from 221,708 KZT of observed flow, which is worth checking as a shared route rather than a coincidence of the crawl.","bridge: n=4, seeds=0, hop=1, through=221,708 KZT, retained=0.50; break 100000004188160100 by articulation cuts 3 of 3 members; fragility=1.00, score=0.3289"
BRG-129,bridge,4,0,1,182654.0,0.542,100000004180097100,articulation,3.0,0.3262,616,"These 3 accounts reach the rest of their community only through 100000004180097100, whose removal would detach 3 of them from 182,654 KZT of observed flow, which is worth checking as a shared route rather than a coincidence of the crawl.","bridge: n=4, seeds=0, hop=1, through=182,654 KZT, retained=0.54; break 100000004180097100 by articulation cuts 3 of 3 members; fragility=1.00, score=0.3262"
BRG-146,bridge,4,0,1,383621.0,0.202,100000002988894100,articulation,3.0,0.3249,617,"These 3 accounts reach the rest of their community only through 100000002988894100, whose removal would detach 3 of them from 383,621 KZT of observed flow, which is worth checking as a shared route rather than a coincidence of the crawl.","bridge: n=4, seeds=0, hop=1, through=383,621 KZT, retained=0.20; break 100000002988894100 by articulation cuts 3 of 3 members; fragility=1.00, score=0.3249"
LOOP-215,reciprocal_loop,3,0,2,640800.0,0.0645,100000003360542100,flow,31300.0,0.3242,618,"These 3 accounts return funds to each other, 640,800 KZT touching the set with 6% of it never leaving, which is worth checking against what each leg was said to be for.","reciprocal_loop: n=3, seeds=0, hop=2, through=640,800 KZT, retained=0.06; break 100000003360542100 by flow stops 31,300 of 41,300 KZT internal; fragility=0.76, score=0.3242"
BRG-007,bridge,6,0,2,158207.0,0.7301,100000000076451100,articulation,5.0,0.3236,619,"These 5 accounts reach the rest of their community only through 100000000076451100, whose removal would detach 5 of them from 158,207 KZT of observed flow, which is worth checking as a shared route rather than a coincidence of the crawl.","bridge: n=6, seeds=0, hop=2, through=158,207 KZT, retained=0.73; break 100000000076451100 by articulation cuts 5 of 5 members; fragility=1.00, score=0.3236"
LOOP-216,reciprocal_loop,2,0,2,160690.0,0.1245,100000003509750100,flow,20000.0,0.3236,620,"These 2 accounts return funds to each other, 160,690 KZT touching the set with 12% of it never leaving, which is worth checking against what each leg was said to be for.","reciprocal_loop: n=2, seeds=0, hop=2, through=160,690 KZT, retained=0.12; break 100000003509750100 by flow stops 20,000 of 20,000 KZT internal; fragility=1.00, score=0.3236"
CHN-041,chain,4,0,2,244200.0,0.2355,100000004386258100,dominator,2.0,0.3227,621,"Funds appear to move through 4 accounts in sequence starting 2 hop(s) from a known client, 244,200 KZT touching the run and 24% of it staying inside, which is consistent with a transit route and worth checking step by step.","chain: n=4, seeds=0, hop=2, through=244,200 KZT, retained=0.24; break 100000004386258100 by dominator cuts 2 of 3 members; fragility=0.67, score=0.3227"
BRG-109,bridge,4,0,2,160690.0,0.7847,100000003509750100,articulation,3.0,0.3218,622,"These 3 accounts reach the rest of their community only through 100000003509750100, whose removal would detach 3 of them from 160,690 KZT of observed flow, which is worth checking as a shared route rather than a coincidence of the crawl.","bridge: n=4, seeds=0, hop=2, through=160,690 KZT, retained=0.78; break 100000003509750100 by articulation cuts 3 of 3 members; fragility=1.00, score=0.3218"
LOOP-003,reciprocal_loop,2,0,2,145707.0,0.1373,100000000076451100,flow,20000.0,0.3211,623,"These 2 accounts return funds to each other, 145,707 KZT touching the set with 14% of it never leaving, which is worth checking against what each leg was said to be for.","reciprocal_loop: n=2, seeds=0, hop=2, through=145,707 KZT, retained=0.14; break 100000000076451100 by flow stops 20,000 of 20,000 KZT internal; fragility=1.00, score=0.3211"
BRG-170,bridge,4,0,1,346855.8,0.1865,100000006788200100,articulation,3.0,0.3208,624,"These 3 accounts reach the rest of their community only through 100000006788200100, whose removal would detach 3 of them from 346,856 KZT of observed flow, which is worth checking as a shared route rather than a coincidence of the crawl.","bridge: n=4, seeds=0, hop=1, through=346,856 KZT, retained=0.19; break 100000006788200100 by articulation cuts 3 of 3 members; fragility=1.00, score=0.3208"
BRG-133,bridge,4,0,2,615000.0,0.187,100000002459093100,articulation,3.0,0.3207,625,"These 3 accounts reach the rest of their community only through 100000002459093100, whose removal would detach 3 of them from 615,000 KZT of observed flow, which is worth checking as a shared route rather than a coincidence of the crawl.","bridge: n=4, seeds=0, hop=2, through=615,000 KZT, retained=0.19; break 100000002459093100 by articulation cuts 3 of 3 members; fragility=1.00, score=0.3207"
BRG-038,bridge,4,0,2,147000.0,0.7959,100000000607941100,articulation,3.0,0.3199,626,"These 3 accounts reach the rest of their community only through 100000000607941100, whose removal would detach 3 of them from 147,000 KZT of observed flow, which is worth checking as a shared route rather than a coincidence of the crawl.","bridge: n=4, seeds=0, hop=2, through=147,000 KZT, retained=0.80; break 100000000607941100 by articulation cuts 3 of 3 members; fragility=1.00, score=0.3199"
BRG-048,bridge,5,0,3,129900.0,0.923,100000001427082100,articulation,4.0,0.3196,627,"These 4 accounts reach the rest of their community only through 100000001427082100, whose removal would detach 4 of them from 129,900 KZT of observed flow, which is worth checking as a shared route rather than a coincidence of the crawl.","bridge: n=5, seeds=0, hop=3, through=129,900 KZT, retained=0.92; break 100000001427082100 by articulation cuts 4 of 4 members; fragility=1.00, score=0.3196"
CHN-016,chain,4,0,2,112700.0,0.5386,100000004613582100,dominator,2.0,0.3196,628,"Funds appear to move through 4 accounts in sequence starting 2 hop(s) from a known client, 112,700 KZT touching the run and 54% of it staying inside, which is consistent with a transit route and worth checking step by step.","chain: n=4, seeds=0, hop=2, through=112,700 KZT, retained=0.54; break 100000004613582100 by dominator cuts 2 of 3 members; fragility=0.67, score=0.3196"
LOOP-280,reciprocal_loop,2,0,2,114200.0,0.2189,100000004386258100,flow,25000.0,0.3191,629,"These 2 accounts return funds to each other, 114,200 KZT touching the set with 22% of it never leaving, which is worth checking against what each leg was said to be for.","reciprocal_loop: n=2, seeds=0, hop=2, through=114,200 KZT, retained=0.22; break 100000004386258100 by flow stops 25,000 of 25,000 KZT internal; fragility=1.00, score=0.3191"
BRG-165,bridge,7,0,2,273413.0,0.3838,100000005665181100,articulation,6.0,0.3183,630,"These 6 accounts reach the rest of their community only through 100000005665181100, whose removal would detach 6 of them from 273,413 KZT of observed flow, which is worth checking as a shared route rather than a coincidence of the crawl.","bridge: n=7, seeds=0, hop=2, through=273,413 KZT, retained=0.38; break 100000005665181100 by articulation cuts 6 of 6 members; fragility=1.00, score=0.3183"
BRG-072,bridge,4,0,2,121000.0,0.8554,100000002193259100,articulation,3.0,0.3182,631,"These 3 accounts reach the rest of their community only through 100000002193259100, whose removal would detach 3 of them from 121,000 KZT of observed flow, which is worth checking as a shared route rather than a coincidence of the crawl.","bridge: n=4, seeds=0, hop=2, through=121,000 KZT, retained=0.86; break 100000002193259100 by articulation cuts 3 of 3 members; fragility=1.00, score=0.3182"
LOOP-304,reciprocal_loop,2,0,2,143000.0,0.0979,100000004508696100,flow,14000.0,0.3171,632,"These 2 accounts return funds to each other, 143,000 KZT touching the set with 10% of it never leaving, which is worth checking against what each leg was said to be for.","reciprocal_loop: n=2, seeds=0, hop=2, through=143,000 KZT, retained=0.10; break 100000004508696100 by flow stops 14,000 of 14,000 KZT internal; fragility=1.00, score=0.3171"
LOOP-306,reciprocal_loop,2,0,2,56500.0,0.4867,100000004552204100,flow,27500.0,0.3159,633,"These 2 accounts return funds to each other, 56,500 KZT touching the set with 49% of it never leaving, which is worth checking against what each leg was said to be for.","reciprocal_loop: n=2, seeds=0, hop=2, through=56,500 KZT, retained=0.49; break 100000004552204100 by flow stops 27,500 of 27,500 KZT internal; fragility=1.00, score=0.3159"
BRG-163,bridge,4,0,3,316000.0,0.4937,100000008692291100,articulation,3.0,0.3132,634,"These 3 accounts reach the rest of their community only through 100000008692291100, whose removal would detach 3 of them from 316,000 KZT of observed flow, which is worth checking as a shared route rather than a coincidence of the crawl.","bridge: n=4, seeds=0, hop=3, through=316,000 KZT, retained=0.49; break 100000008692291100 by articulation cuts 3 of 3 members; fragility=1.00, score=0.3132"
BRG-030,bridge,6,0,3,314072.0,0.3693,100000003213473100,articulation,5.0,0.3103,635,"These 5 accounts reach the rest of their community only through 100000003213473100, whose removal would detach 5 of them from 314,072 KZT of observed flow, which is worth checking as a shared route rather than a coincidence of the crawl.","bridge: n=6, seeds=0, hop=3, through=314,072 KZT, retained=0.37; break 100000003213473100 by articulation cuts 5 of 5 members; fragility=1.00, score=0.3103"
BRG-149,bridge,4,0,3,120600.0,0.7927,100000004877085100,articulation,3.0,0.305,636,"These 3 accounts reach the rest of their community only through 100000004877085100, whose removal would detach 3 of them from 120,600 KZT of observed flow, which is worth checking as a shared route rather than a coincidence of the crawl.","bridge: n=4, seeds=0, hop=3, through=120,600 KZT, retained=0.79; break 100000004877085100 by articulation cuts 3 of 3 members; fragility=1.00, score=0.3050"
LOOP-356,reciprocal_loop,2,0,2,101790.0,0.0982,100000007689942100,flow,10000.0,0.3046,637,"These 2 accounts return funds to each other, 101,790 KZT touching the set with 10% of it never leaving, which is worth checking against what each leg was said to be for.","reciprocal_loop: n=2, seeds=0, hop=2, through=101,790 KZT, retained=0.10; break 100000007689942100 by flow stops 10,000 of 10,000 KZT internal; fragility=1.00, score=0.3046"
BRG-084,bridge,4,0,3,646000.0,0.0557,100000006734214100,articulation,3.0,0.3042,638,"These 3 accounts reach the rest of their community only through 100000006734214100, whose removal would detach 3 of them from 646,000 KZT of observed flow, which is worth checking as a shared route rather than a coincidence of the crawl.","bridge: n=4, seeds=0, hop=3, through=646,000 KZT, retained=0.06; break 100000006734214100 by articulation cuts 3 of 3 members; fragility=1.00, score=0.3042"
BRG-161,bridge,5,0,2,146152.0,0.5049,100000005661829100,articulation,4.0,0.3026,639,"These 4 accounts reach the rest of their community only through 100000005661829100, whose removal would detach 4 of them from 146,152 KZT of observed flow, which is worth checking as a shared route rather than a coincidence of the crawl.","bridge: n=5, seeds=0, hop=2, through=146,152 KZT, retained=0.50; break 100000005661829100 by articulation cuts 4 of 4 members; fragility=1.00, score=0.3026"
BRG-098,bridge,4,0,2,362514.0,0.1448,100000001287955100,articulation,3.0,0.3017,640,"These 3 accounts reach the rest of their community only through 100000001287955100, whose removal would detach 3 of them from 362,514 KZT of observed flow, which is worth checking as a shared route rather than a coincidence of the crawl.","bridge: n=4, seeds=0, hop=2, through=362,514 KZT, retained=0.14; break 100000001287955100 by articulation cuts 3 of 3 members; fragility=1.00, score=0.3017"
BRG-156,bridge,5,0,3,449500.0,0.1212,100000004997515100,articulation,4.0,0.3011,641,"These 4 accounts reach the rest of their community only through 100000004997515100, whose removal would detach 4 of them from 449,500 KZT of observed flow, which is worth checking as a shared route rather than a coincidence of the crawl.","bridge: n=5, seeds=0, hop=3, through=449,500 KZT, retained=0.12; break 100000004997515100 by articulation cuts 4 of 4 members; fragility=1.00, score=0.3011"
CHN-019,chain,3,0,2,160690.0,0.6603,100000003509750100,dominator,1.0,0.3008,642,"Funds appear to move through 3 accounts in sequence starting 2 hop(s) from a known client, 160,690 KZT touching the run and 66% of it staying inside, which is consistent with a transit route and worth checking step by step.","chain: n=3, seeds=0, hop=2, through=160,690 KZT, retained=0.66; break 100000003509750100 by dominator cuts 1 of 2 members; fragility=0.50, score=0.3008"
LOOP-371,reciprocal_loop,2,0,2,81790.0,0.1223,100000008546855100,flow,10000.0,0.2986,643,"These 2 accounts return funds to each other, 81,790 KZT touching the set with 12% of it never leaving, which is worth checking against what each leg was said to be for.","reciprocal_loop: n=2, seeds=0, hop=2, through=81,790 KZT, retained=0.12; break 100000008546855100 by flow stops 10,000 of 10,000 KZT internal; fragility=1.00, score=0.2986"
BRG-080,bridge,5,0,3,218623.0,0.3774,100000001066017100,articulation,4.0,0.2972,644,"These 4 accounts reach the rest of their community only through 100000001066017100, whose removal would detach 4 of them from 218,623 KZT of observed flow, which is worth checking as a shared route rather than a coincidence of the crawl.","bridge: n=5, seeds=0, hop=3, through=218,623 KZT, retained=0.38; break 100000001066017100 by articulation cuts 4 of 4 members; fragility=1.00, score=0.2972"
CHN-012,chain,3,0,2,121000.0,0.7314,100000002193259100,dominator,1.0,0.2959,645,"Funds appear to move through 3 accounts in sequence starting 2 hop(s) from a known client, 121,000 KZT touching the run and 73% of it staying inside, which is consistent with a transit route and worth checking step by step.","chain: n=3, seeds=0, hop=2, through=121,000 KZT, retained=0.73; break 100000002193259100 by dominator cuts 1 of 2 members; fragility=0.50, score=0.2959"
BRG-167,bridge,4,0,3,189370.0,0.4277,100000005475379100,articulation,3.0,0.2931,646,"These 3 accounts reach the rest of their community only through 100000005475379100, whose removal would detach 3 of them from 189,370 KZT of observed flow, which is worth checking as a shared route rather than a coincidence of the crawl.","bridge: n=4, seeds=0, hop=3, through=189,370 KZT, retained=0.43; break 100000005475379100 by articulation cuts 3 of 3 members; fragility=1.00, score=0.2931"
BRG-166,bridge,4,0,2,54000.0,0.8333,100000004580202100,articulation,3.0,0.2922,647,"These 3 accounts reach the rest of their community only through 100000004580202100, whose removal would detach 3 of them from 54,000 KZT of observed flow, which is worth checking as a shared route rather than a coincidence of the crawl.","bridge: n=4, seeds=0, hop=2, through=54,000 KZT, retained=0.83; break 100000004580202100 by articulation cuts 3 of 3 members; fragility=1.00, score=0.2922"
BRG-119,bridge,4,0,3,304700.0,0.1569,100000001788284100,articulation,3.0,0.2885,648,"These 3 accounts reach the rest of their community only through 100000001788284100, whose removal would detach 3 of them from 304,700 KZT of observed flow, which is worth checking as a shared route rather than a coincidence of the crawl.","bridge: n=4, seeds=0, hop=3, through=304,700 KZT, retained=0.16; break 100000001788284100 by articulation cuts 3 of 3 members; fragility=1.00, score=0.2885"
BRG-159,bridge,4,0,3,156985.0,0.4188,100000004451012100,articulation,3.0,0.2868,649,"These 3 accounts reach the rest of their community only through 100000004451012100, whose removal would detach 3 of them from 156,985 KZT of observed flow, which is worth checking as a shared route rather than a coincidence of the crawl.","bridge: n=4, seeds=0, hop=3, through=156,985 KZT, retained=0.42; break 100000004451012100 by articulation cuts 3 of 3 members; fragility=1.00, score=0.2868"
CHN-028,chain,4,0,1,182654.0,0.542,100000002293421100,dominator,1.0,0.2844,650,"Funds appear to move through 4 accounts in sequence starting 1 hop(s) from a known client, 182,654 KZT touching the run and 54% of it staying inside, which is consistent with a transit route and worth checking step by step.","chain: n=4, seeds=0, hop=1, through=182,654 KZT, retained=0.54; break 100000002293421100 by dominator cuts 1 of 3 members; fragility=0.33, score=0.2844"
BRG-003,bridge,4,0,3,153500.0,0.3485,100000000288317100,articulation,3.0,0.2812,651,"These 3 accounts reach the rest of their community only through 100000000288317100, whose removal would detach 3 of them from 153,500 KZT of observed flow, which is worth checking as a shared route rather than a coincidence of the crawl.","bridge: n=4, seeds=0, hop=3, through=153,500 KZT, retained=0.35; break 100000000288317100 by articulation cuts 3 of 3 members; fragility=1.00, score=0.2812"
BRG-162,bridge,4,0,2,101790.0,0.393,100000008546855100,articulation,3.0,0.2806,652,"These 3 accounts reach the rest of their community only through 100000008546855100, whose removal would detach 3 of them from 101,790 KZT of observed flow, which is worth checking as a shared route rather than a coincidence of the crawl.","bridge: n=4, seeds=0, hop=2, through=101,790 KZT, retained=0.39; break 100000008546855100 by articulation cuts 3 of 3 members; fragility=1.00, score=0.2806"
LOOP-324,reciprocal_loop,2,0,2,33215.0,0.3011,100000005367445100,flow,10000.0,0.2806,653,"These 2 accounts return funds to each other, 33,215 KZT touching the set with 30% of it never leaving, which is worth checking against what each leg was said to be for.","reciprocal_loop: n=2, seeds=0, hop=2, through=33,215 KZT, retained=0.30; break 100000005367445100 by flow stops 10,000 of 10,000 KZT internal; fragility=1.00, score=0.2806"
