formation_id,gid,role_in_formation,member_evidence
BRG-001,100000000011452100,detached,"peripheral, depth=1, seed=False; inside this formation receives 75,000 KZT and sends 0 KZT (0% of its 16,685 KZT outflow)"
BRG-001,100000000533217100,detached,"terminal, depth=2, seed=False; inside this formation receives 53,587 KZT and sends 0 KZT (0% of its 0 KZT outflow)"
BRG-001,100000000945428100,detached,"terminal, depth=1, seed=False; inside this formation receives 89,629 KZT and sends 0 KZT (0% of its 0 KZT outflow)"
BRG-001,100000001241318100,detached,"terminal, depth=2, seed=False; inside this formation receives 53,000 KZT and sends 0 KZT (0% of its 0 KZT outflow)"
BRG-001,100000001382002100,detached,"transit, depth=2, seed=False; inside this formation receives 55,000 KZT and sends 56,500 KZT (100% of its 56,500 KZT outflow)"
BRG-001,100000001524952100,detached,"terminal, depth=1, seed=False; inside this formation receives 103,807 KZT and sends 0 KZT (0% of its 0 KZT outflow)"
BRG-001,100000001550388100,detached,"terminal, depth=1, seed=False; inside this formation receives 50,000 KZT and sends 0 KZT (0% of its 0 KZT outflow)"
BRG-001,100000002182176100,detached,"terminal, depth=1, seed=False; inside this formation receives 42,465 KZT and sends 0 KZT (0% of its 0 KZT outflow)"
BRG-001,100000002214301100,detached,"abstained_single_observation, depth=1, seed=False; inside this formation receives 21,438 KZT and sends 0 KZT (0% of its 8,000 KZT outflow)"
BRG-001,100000002293421100,detached,"transit, depth=2, seed=False; inside this formation receives 41,000 KZT and sends 47,000 KZT (100% of its 47,000 KZT outflow)"
BRG-001,100000002511825100,detached,"terminal, depth=1, seed=False; inside this formation receives 65,000 KZT and sends 0 KZT (0% of its 0 KZT outflow)"
BRG-001,100000002597003100,detached,"abstained_single_observation, depth=1, seed=False; inside this formation receives 17,700 KZT and sends 11,000 KZT (100% of its 11,000 KZT outflow)"
BRG-001,100000002606567100,detached,"abstained_single_observation, depth=1, seed=False; inside this formation receives 14,095 KZT and sends 53,000 KZT (100% of its 53,000 KZT outflow)"
BRG-001,100000002721825100,detached,"terminal, depth=2, seed=False; inside this formation receives 11,000 KZT and sends 0 KZT (0% of its 0 KZT outflow)"
BRG-001,100000002750956100,detached,"terminal, depth=1, seed=False; inside this formation receives 47,416 KZT and sends 0 KZT (0% of its 0 KZT outflow)"
BRG-001,100000002809568100,detached,"terminal, depth=1, seed=False; inside this formation receives 10,000 KZT and sends 0 KZT (0% of its 0 KZT outflow)"
BRG-001,100000002845605100,detached,"terminal, depth=1, seed=False; inside this formation receives 57,567 KZT and sends 0 KZT (0% of its 0 KZT outflow)"
BRG-001,100000003102157100,detached,"terminal, depth=1, seed=False; inside this formation receives 96,746 KZT and sends 0 KZT (0% of its 0 KZT outflow)"
BRG-001,100000003449074100,detached,"terminal, depth=1, seed=False; inside this formation receives 10,000 KZT and sends 0 KZT (0% of its 0 KZT outflow)"
BRG-001,100000004180097100,detached,"peripheral, depth=1, seed=False; inside this formation receives 104,854 KZT and sends 41,000 KZT (86% of its 47,800 KZT outflow)"
BRG-001,100000004664515100,detached,"terminal, depth=1, seed=False; inside this formation receives 37,691 KZT and sends 0 KZT (0% of its 0 KZT outflow)"
BRG-001,100000004765639100,detached,"peripheral, depth=2, seed=False; inside this formation receives 5,000 KZT and sends 11,000 KZT (100% of its 11,000 KZT outflow)"
BRG-001,100000005496254100,detached,"terminal, depth=1, seed=False; inside this formation receives 12,700 KZT and sends 0 KZT (0% of its 0 KZT outflow)"
BRG-001,100000005584222100,detached,"peripheral, depth=1, seed=False; inside this formation receives 192,717 KZT and sends 108,587 KZT (100% of its 108,587 KZT outflow)"
BRG-001,100000006687202100,detached,"terminal, depth=1, seed=False; inside this formation receives 50,000 KZT and sends 0 KZT (0% of its 0 KZT outflow)"
BRG-001,100000006866783100,cut_vertex,"distributor, depth=0, seed=True; inside this formation receives 0 KZT and sends 1,120,391 KZT (28% of its 3,948,037 KZT outflow) [breaking point]"
BRG-001,100000008066326100,detached,"terminal, depth=1, seed=False; inside this formation receives 19,320 KZT and sends 0 KZT (0% of its 0 KZT outflow)"
BRG-001,100000008071620100,detached,"terminal, depth=1, seed=False; inside this formation receives 46,968 KZT and sends 0 KZT (0% of its 0 KZT outflow)"
BRG-001,100000008502995100,detached,"terminal, depth=3, seed=False; inside this formation receives 25,000 KZT and sends 0 KZT (0% of its 0 KZT outflow)"
BRG-001,100000008686234100,detached,"terminal, depth=1, seed=False; inside this formation receives 39,778 KZT and sends 0 KZT (0% of its 0 KZT outflow)"
BRG-002,100000000018102100,detached,"abstained_boundary, depth=4, seed=False; inside this formation receives 7,000 KZT and sends 0 KZT (0% of its 0 KZT outflow)"
BRG-002,100000000288317100,detached,"peripheral, depth=3, seed=False; inside this formation receives 50,000 KZT and sends 53,500 KZT (100% of its 53,500 KZT outflow)"
BRG-002,100000000299820100,detached,"abstained_boundary, depth=4, seed=False; inside this formation receives 10,000 KZT and sends 0 KZT (0% of its 0 KZT outflow)"
BRG-002,100000000534581100,detached,"peripheral, depth=3, seed=False; inside this formation receives 46,972 KZT and sends 40,000 KZT (100% of its 40,000 KZT outflow)"
BRG-002,100000000764836100,detached,"peripheral, depth=3, seed=False; inside this formation receives 251,716 KZT and sends 50,000 KZT (100% of its 50,000 KZT outflow)"
BRG-002,100000000795374100,detached,"terminal, depth=3, seed=False; inside this formation receives 50,000 KZT and sends 0 KZT (0% of its 0 KZT outflow)"
BRG-002,100000000926078100,detached,"abstained_boundary, depth=4, seed=False; inside this formation receives 250,000 KZT and sends 0 KZT (0% of its 0 KZT outflow)"
BRG-002,100000001138283100,detached,"peripheral, depth=3, seed=False; inside this formation receives 81,805 KZT and sends 50,000 KZT (100% of its 50,000 KZT outflow)"
BRG-002,100000001220124100,detached,"abstained_boundary, depth=4, seed=False; inside this formation receives 40,000 KZT and sends 0 KZT (0% of its 0 KZT outflow)"
BRG-002,100000001373265100,detached,"abstained_single_observation, depth=3, seed=False; inside this formation receives 142,482 KZT and sends 5,000 KZT (100% of its 5,000 KZT outflow)"
BRG-002,100000001598625100,detached,"abstained_boundary, depth=4, seed=False; inside this formation receives 25,000 KZT and sends 0 KZT (0% of its 0 KZT outflow)"
BRG-002,100000001600934100,detached,"peripheral, depth=3, seed=False; inside this formation receives 180,300 KZT and sends 11,000 KZT (100% of its 11,000 KZT outflow)"
BRG-002,100000001845505100,detached,"abstained_boundary, depth=4, seed=False; inside this formation receives 20,000 KZT and sends 0 KZT (0% of its 0 KZT outflow)"
BRG-002,100000001853812100,detached,"terminal, depth=3, seed=False; inside this formation receives 70,000 KZT and sends 0 KZT (0% of its 0 KZT outflow)"
BRG-002,100000002232266100,detached,"terminal, depth=3, seed=False; inside this formation receives 45,000 KZT and sends 0 KZT (0% of its 0 KZT outflow)"
BRG-002,100000002369454100,detached,"abstained_boundary, depth=4, seed=False; inside this formation receives 25,000 KZT and sends 0 KZT (0% of its 0 KZT outflow)"
BRG-002,100000002534091100,detached,"terminal, depth=3, seed=False; inside this formation receives 22,200 KZT and sends 0 KZT (0% of its 0 KZT outflow)"
BRG-002,100000002697752100,detached,"terminal, depth=3, seed=False; inside this formation receives 100,320 KZT and sends 0 KZT (0% of its 0 KZT outflow)"
BRG-002,100000002704875100,detached,"terminal, depth=1, seed=False; inside this formation receives 112,676 KZT and sends 0 KZT (0% of its 0 KZT outflow)"
BRG-002,100000002723538100,detached,"peripheral, depth=2, seed=False; inside this formation receives 70,647 KZT and sends 212,200 KZT (38% of its 560,499 KZT outflow)"
BRG-002,100000002752565100,detached,"abstained_boundary, depth=4, seed=False; inside this formation receives 57,000 KZT and sends 0 KZT (0% of its 0 KZT outflow)"
BRG-002,100000002994441100,detached,"abstained_boundary, depth=4, seed=False; inside this formation receives 5,000 KZT and sends 0 KZT (0% of its 0 KZT outflow)"
BRG-002,100000003073635100,detached,"terminal, depth=3, seed=False; inside this formation receives 129,231 KZT and sends 0 KZT (0% of its 0 KZT outflow)"
BRG-002,100000003078839100,detached,"abstained_boundary, depth=4, seed=False; inside this formation receives 14,000 KZT and sends 0 KZT (0% of its 0 KZT outflow)"
BRG-002,100000003097947100,detached,"abstained_boundary, depth=4, seed=False; inside this formation receives 52,980 KZT and sends 0 KZT (0% of its 0 KZT outflow)"
BRG-002,100000003152964100,detached,"abstained_single_observation, depth=3, seed=False; inside this formation receives 141,847 KZT and sends 5,500 KZT (100% of its 5,500 KZT outflow)"
BRG-002,100000003186579100,detached,"abstained_boundary, depth=4, seed=False; inside this formation receives 110,000 KZT and sends 0 KZT (0% of its 0 KZT outflow)"
BRG-002,100000003215448100,detached,"peripheral, depth=3, seed=False; inside this formation receives 91,309 KZT and sends 124,000 KZT (100% of its 124,000 KZT outflow)"
BRG-002,100000003271151100,detached,"terminal, depth=3, seed=False; inside this formation receives 127,294 KZT and sends 0 KZT (0% of its 0 KZT outflow)"
BRG-002,100000003366471100,detached,"peripheral, depth=3, seed=False; inside this formation receives 193,524 KZT and sends 20,000 KZT (100% of its 20,000 KZT outflow)"
BRG-002,100000003561031100,detached,"abstained_single_observation, depth=3, seed=False; inside this formation receives 13,300 KZT and sends 5,000 KZT (100% of its 5,000 KZT outflow)"
BRG-002,100000003626268100,detached,"abstained_boundary, depth=4, seed=False; inside this formation receives 5,000 KZT and sends 0 KZT (0% of its 0 KZT outflow)"
BRG-002,100000003711830100,detached,"terminal, depth=3, seed=False; inside this formation receives 50,000 KZT and sends 0 KZT (0% of its 0 KZT outflow)"
BRG-002,100000003968044100,detached,"peripheral, depth=3, seed=False; inside this formation receives 0 KZT and sends 291,000 KZT (94% of its 311,000 KZT outflow)"
BRG-002,100000004177936100,detached,"abstained_boundary, depth=4, seed=False; inside this formation receives 10,000 KZT and sends 0 KZT (0% of its 0 KZT outflow)"
BRG-002,100000004217419100,detached,"peripheral, depth=3, seed=False; inside this formation receives 80,000 KZT and sends 7,700 KZT (100% of its 7,700 KZT outflow)"
BRG-002,100000004265639100,detached,"abstained_boundary, depth=4, seed=False; inside this formation receives 10,000 KZT and sends 0 KZT (0% of its 0 KZT outflow)"
BRG-002,100000004336228100,detached,"terminal, depth=3, seed=False; inside this formation receives 51,407 KZT and sends 0 KZT (0% of its 0 KZT outflow)"
BRG-002,100000004379306100,detached,"abstained_boundary, depth=4, seed=False; inside this formation receives 15,000 KZT and sends 0 KZT (0% of its 0 KZT outflow)"
BRG-002,100000004403548100,detached,"abstained_boundary, depth=4, seed=False; inside this formation receives 5,000 KZT and sends 0 KZT (0% of its 0 KZT outflow)"
BRG-002,100000004488265100,detached,"terminal, depth=3, seed=False; inside this formation receives 38,740 KZT and sends 0 KZT (0% of its 0 KZT outflow)"
BRG-002,100000004569637100,detached,"abstained_boundary, depth=4, seed=False; inside this formation receives 5,500 KZT and sends 0 KZT (0% of its 0 KZT outflow)"
BRG-002,100000004679953100,detached,"peripheral, depth=1, seed=False; inside this formation receives 163,767 KZT and sends 0 KZT (0% of its 34,100 KZT outflow)"
BRG-002,100000004975919100,detached,"peripheral, depth=3, seed=False; inside this formation receives 22,351 KZT and sends 15,000 KZT (100% of its 15,000 KZT outflow)"
BRG-002,100000004981068100,detached,"abstained_boundary, depth=4, seed=False; inside this formation receives 10,000 KZT and sends 0 KZT (0% of its 0 KZT outflow)"
BRG-002,100000004984689100,detached,"terminal, depth=3, seed=False; inside this formation receives 53,030 KZT and sends 0 KZT (0% of its 0 KZT outflow)"
BRG-002,100000004991593100,detached,"abstained_boundary, depth=4, seed=False; inside this formation receives 45,000 KZT and sends 0 KZT (0% of its 0 KZT outflow)"
BRG-002,100000005048668100,detached,"peripheral, depth=3, seed=False; inside this formation receives 0 KZT and sends 115,000 KZT (72% of its 159,400 KZT outflow)"
BRG-002,100000005140601100,detached,"peripheral, depth=2, seed=False; inside this formation receives 36,000 KZT and sends 180,300 KZT (92% of its 195,300 KZT outflow)"
BRG-002,100000005357705100,detached,"peripheral, depth=3, seed=False; inside this formation receives 52,595 KZT and sends 387,080 KZT (100% of its 387,080 KZT outflow)"
BRG-002,100000005367180100,detached,"abstained_boundary, depth=4, seed=False; inside this formation receives 7,700 KZT and sends 0 KZT (0% of its 0 KZT outflow)"
BRG-002,100000005834479100,detached,"peripheral, depth=2, seed=False; inside this formation receives 0 KZT and sends 9,000 KZT (62% of its 14,470 KZT outflow)"
BRG-002,100000005979037100,detached,"abstained_boundary, depth=4, seed=False; inside this formation receives 60,300 KZT and sends 0 KZT (0% of its 0 KZT outflow)"
BRG-002,100000006416061100,detached,"abstained_boundary, depth=4, seed=False; inside this formation receives 30,000 KZT and sends 0 KZT (0% of its 0 KZT outflow)"
BRG-002,100000006641671100,detached,"transit, depth=3, seed=False; inside this formation receives 22,000 KZT and sends 25,000 KZT (100% of its 25,000 KZT outflow)"
BRG-002,100000006735545100,detached,"abstained_boundary, depth=4, seed=False; inside this formation receives 5,000 KZT and sends 0 KZT (0% of its 0 KZT outflow)"
BRG-002,100000006866831100,detached,"abstained_boundary, depth=4, seed=False; inside this formation receives 16,500 KZT and sends 0 KZT (0% of its 0 KZT outflow)"
BRG-002,100000007071852100,detached,"abstained_boundary, depth=4, seed=False; inside this formation receives 195,000 KZT and sends 0 KZT (0% of its 0 KZT outflow)"
BRG-002,100000007197866100,detached,"abstained_single_observation, depth=3, seed=False; inside this formation receives 20,000 KZT and sends 15,000 KZT (100% of its 15,000 KZT outflow)"
BRG-002,100000008029279100,detached,"terminal, depth=3, seed=False; inside this formation receives 17,000 KZT and sends 0 KZT (0% of its 0 KZT outflow)"
BRG-002,100000008077552100,detached,"terminal, depth=3, seed=False; inside this formation receives 214,000 KZT and sends 0 KZT (0% of its 0 KZT outflow)"
BRG-002,100000008097580100,detached,"terminal, depth=3, seed=False; inside this formation receives 25,000 KZT and sends 0 KZT (0% of its 0 KZT outflow)"
BRG-002,100000008172721100,detached,"abstained_boundary, depth=4, seed=False; inside this formation receives 168,335 KZT and sends 0 KZT (0% of its 0 KZT outflow)"
BRG-002,100000008279405100,detached,"terminal, depth=3, seed=False; inside this formation receives 234,738 KZT and sends 0 KZT (0% of its 0 KZT outflow)"
BRG-002,100000008337304100,detached,"abstained_boundary, depth=4, seed=False; inside this formation receives 105,465 KZT and sends 0 KZT (0% of its 0 KZT outflow)"
BRG-002,100000008473765100,detached,"terminal, depth=3, seed=False; inside this formation receives 30,000 KZT and sends 0 KZT (0% of its 0 KZT outflow)"
BRG-002,100000008503177100,detached,"terminal, depth=3, seed=False; inside this formation receives 33,951 KZT and sends 0 KZT (0% of its 0 KZT outflow)"
BRG-002,100000008603629100,cut_vertex,"distributor, depth=2, seed=False; inside this formation receives 286,000 KZT and sends 3,178,792 KZT (64% of its 4,986,156 KZT outflow) [breaking point]"
BRG-002,100000008620570100,detached,"peripheral, depth=3, seed=False; inside this formation receives 80,000 KZT and sends 10,000 KZT (31% of its 31,800 KZT outflow)"
BRG-002,100000008686214100,detached,"terminal, depth=3, seed=False; inside this formation receives 25,000 KZT and sends 0 KZT (0% of its 0 KZT outflow)"
BRG-002,100000008729597100,detached,"terminal, depth=3, seed=False; inside this formation receives 83,090 KZT and sends 0 KZT (0% of its 0 KZT outflow)"
BRG-002,100000008732488100,detached,"abstained_single_observation, depth=3, seed=False; inside this formation receives 137,000 KZT and sends 10,000 KZT (100% of its 10,000 KZT outflow)"
BRG-002,100000008739887100,detached,"peripheral, depth=3, seed=False; inside this formation receives 141,000 KZT and sends 307,000 KZT (100% of its 307,000 KZT outflow)"
BRG-003,100000000018102100,detached,"abstained_boundary, depth=4, seed=False; inside this formation receives 7,000 KZT and sends 0 KZT (0% of its 0 KZT outflow)"
BRG-003,100000000288317100,cut_vertex,"peripheral, depth=3, seed=False; inside this formation receives 0 KZT and sends 53,500 KZT (100% of its 53,500 KZT outflow) [breaking point]"
BRG-003,100000006416061100,detached,"abstained_boundary, depth=4, seed=False; inside this formation receives 30,000 KZT and sends 0 KZT (0% of its 0 KZT outflow)"
BRG-003,100000006866831100,detached,"abstained_boundary, depth=4, seed=False; inside this formation receives 16,500 KZT and sends 0 KZT (0% of its 0 KZT outflow)"
BRG-004,100000000031787100,detached,"transit, depth=2, seed=False; inside this formation receives 90,000 KZT and sends 90,000 KZT (100% of its 90,000 KZT outflow)"
BRG-004,100000000267734100,detached,"peripheral, depth=1, seed=False; inside this formation receives 180,000 KZT and sends 282,000 KZT (100% of its 282,000 KZT outflow)"
BRG-004,100000000274067100,detached,"peripheral, depth=1, seed=False; inside this formation receives 517,704 KZT and sends 2,969,000 KZT (100% of its 2,969,000 KZT outflow)"
BRG-004,100000001601320100,detached,"transit, depth=2, seed=False; inside this formation receives 43,500 KZT and sends 46,200 KZT (100% of its 46,200 KZT outflow)"
BRG-004,100000001677929100,detached,"peripheral, depth=2, seed=False; inside this formation receives 126,777 KZT and sends 286,098 KZT (100% of its 286,098 KZT outflow)"
BRG-004,100000001740277100,detached,"abstained_single_observation, depth=3, seed=False; inside this formation receives 8,700 KZT and sends 5,000 KZT (100% of its 5,000 KZT outflow)"
BRG-004,100000001929088100,detached,"terminal, depth=1, seed=False; inside this formation receives 210,000 KZT and sends 0 KZT (0% of its 0 KZT outflow)"
BRG-004,100000002340562100,detached,"terminal, depth=2, seed=False; inside this formation receives 36,650 KZT and sends 0 KZT (0% of its 0 KZT outflow)"
BRG-004,100000002394199100,detached,"peripheral, depth=3, seed=False; inside this formation receives 277,398 KZT and sends 76,777 KZT (100% of its 76,777 KZT outflow)"
BRG-004,100000002591469100,detached,"terminal, depth=1, seed=False; inside this formation receives 235,670 KZT and sends 0 KZT (0% of its 0 KZT outflow)"
BRG-004,100000002635780100,detached,"terminal, depth=2, seed=False; inside this formation receives 163,000 KZT and sends 0 KZT (0% of its 0 KZT outflow)"
BRG-004,100000002648315100,detached,"peripheral, depth=1, seed=False; inside this formation receives 132,000 KZT and sends 76,000 KZT (100% of its 76,000 KZT outflow)"
BRG-004,100000002744581100,detached,"terminal, depth=2, seed=False; inside this formation receives 12,000 KZT and sends 0 KZT (0% of its 0 KZT outflow)"
BRG-004,100000002762076100,detached,"peripheral, depth=1, seed=False; inside this formation receives 89,450 KZT and sends 30,000 KZT (100% of its 30,000 KZT outflow)"
BRG-004,100000002794197100,detached,"terminal, depth=1, seed=False; inside this formation receives 30,100 KZT and sends 0 KZT (0% of its 0 KZT outflow)"
BRG-004,100000002842337100,detached,"terminal, depth=2, seed=False; inside this formation receives 50,000 KZT and sends 0 KZT (0% of its 0 KZT outflow)"
BRG-004,100000002844652100,detached,"terminal, depth=1, seed=False; inside this formation receives 61,360 KZT and sends 0 KZT (0% of its 0 KZT outflow)"
BRG-004,100000002870937100,detached,"terminal, depth=1, seed=False; inside this formation receives 83,700 KZT and sends 0 KZT (0% of its 0 KZT outflow)"
BRG-004,100000002872399100,detached,"terminal, depth=3, seed=False; inside this formation receives 1,090,000 KZT and sends 0 KZT (0% of its 0 KZT outflow)"
BRG-004,100000002894076100,detached,"terminal, depth=1, seed=False; inside this formation receives 741,782 KZT and sends 0 KZT (0% of its 0 KZT outflow)"
BRG-004,100000002921047100,detached,"peripheral, depth=1, seed=False; inside this formation receives 175,000 KZT and sends 163,000 KZT (100% of its 163,000 KZT outflow)"
BRG-004,100000002958343100,detached,"peripheral, depth=2, seed=False; inside this formation receives 2,900,000 KZT and sends 1,390,000 KZT (100% of its 1,390,000 KZT outflow)"
BRG-004,100000003044518100,detached,"terminal, depth=1, seed=False; inside this formation receives 34,423 KZT and sends 0 KZT (0% of its 0 KZT outflow)"
BRG-004,100000003158727100,detached,"terminal, depth=1, seed=False; inside this formation receives 176,440 KZT and sends 0 KZT (0% of its 0 KZT outflow)"
BRG-004,100000003188607100,detached,"abstained_single_observation, depth=2, seed=False; inside this formation receives 18,000 KZT and sends 5,000 KZT (100% of its 5,000 KZT outflow)"
BRG-004,100000003377795100,detached,"terminal, depth=1, seed=False; inside this formation receives 7,000 KZT and sends 0 KZT (0% of its 0 KZT outflow)"
BRG-004,100000003831324100,detached,"terminal, depth=1, seed=False; inside this formation receives 200,000 KZT and sends 0 KZT (0% of its 0 KZT outflow)"
BRG-004,100000004096559100,detached,"terminal, depth=3, seed=False; inside this formation receives 46,200 KZT and sends 0 KZT (0% of its 0 KZT outflow)"
BRG-004,100000004130144100,detached,"terminal, depth=1, seed=False; inside this formation receives 200,000 KZT and sends 0 KZT (0% of its 0 KZT outflow)"
BRG-004,100000004573782100,detached,"terminal, depth=2, seed=False; inside this formation receives 15,000 KZT and sends 0 KZT (0% of its 0 KZT outflow)"
BRG-004,100000004613582100,detached,"abstained_single_observation, depth=3, seed=False; inside this formation receives 5,000 KZT and sends 9,500 KZT (100% of its 9,500 KZT outflow)"
BRG-004,100000004687099100,detached,"terminal, depth=2, seed=False; inside this formation receives 30,000 KZT and sends 0 KZT (0% of its 0 KZT outflow)"
BRG-004,100000004950490100,detached,"terminal, depth=2, seed=False; inside this formation receives 10,000 KZT and sends 0 KZT (0% of its 0 KZT outflow)"
BRG-004,100000005082652100,detached,"terminal, depth=3, seed=False; inside this formation receives 30,000 KZT and sends 0 KZT (0% of its 0 KZT outflow)"
BRG-004,100000005588444100,detached,"terminal, depth=1, seed=False; inside this formation receives 12,300 KZT and sends 0 KZT (0% of its 0 KZT outflow)"
BRG-004,100000005608515100,detached,"terminal, depth=2, seed=False; inside this formation receives 64,000 KZT and sends 0 KZT (0% of its 0 KZT outflow)"
BRG-004,100000006490557100,detached,"terminal, depth=2, seed=False; inside this formation receives 5,000 KZT and sends 0 KZT (0% of its 0 KZT outflow)"
BRG-004,100000006989106100,detached,"terminal, depth=2, seed=False; inside this formation receives 64,000 KZT and sends 0 KZT (0% of its 0 KZT outflow)"
BRG-004,100000007536804100,detached,"peripheral, depth=1, seed=False; inside this formation receives 100,000 KZT and sends 55,000 KZT (100% of its 55,000 KZT outflow)"
BRG-004,100000007641801100,detached,"terminal, depth=1, seed=False; inside this formation receives 200,000 KZT and sends 0 KZT (0% of its 0 KZT outflow)"
BRG-004,100000007747786100,cut_vertex,"peripheral, depth=0, seed=True; inside this formation receives 0 KZT and sends 3,126,649 KZT (74% of its 4,238,009 KZT outflow) [breaking point]"
BRG-004,100000007861311100,detached,"terminal, depth=2, seed=False; inside this formation receives 45,000 KZT and sends 0 KZT (0% of its 0 KZT outflow)"
BRG-004,100000008219168100,detached,"terminal, depth=1, seed=False; inside this formation receives 53,200 KZT and sends 0 KZT (0% of its 0 KZT outflow)"
BRG-004,100000008349675100,detached,"peripheral, depth=1, seed=False; inside this formation receives 46,520 KZT and sends 36,650 KZT (100% of its 36,650 KZT outflow)"
BRG-004,100000008655035100,detached,"terminal, depth=2, seed=False; inside this formation receives 30,000 KZT and sends 0 KZT (0% of its 0 KZT outflow)"
BRG-005,100000000031787100,detached,"transit, depth=2, seed=False; inside this formation receives 90,000 KZT and sends 90,000 KZT (100% of its 90,000 KZT outflow)"
BRG-005,100000000267734100,cut_vertex,"peripheral, depth=1, seed=False; inside this formation receives 60,000 KZT and sends 282,000 KZT (100% of its 282,000 KZT outflow) [breaking point]"
BRG-005,100000001601320100,detached,"transit, depth=2, seed=False; inside this formation receives 43,500 KZT and sends 46,200 KZT (100% of its 46,200 KZT outflow)"
BRG-005,100000002842337100,detached,"terminal, depth=2, seed=False; inside this formation receives 50,000 KZT and sends 0 KZT (0% of its 0 KZT outflow)"
BRG-005,100000003188607100,detached,"abstained_single_observation, depth=2, seed=False; inside this formation receives 18,000 KZT and sends 5,000 KZT (100% of its 5,000 KZT outflow)"
BRG-005,100000004096559100,detached,"terminal, depth=3, seed=False; inside this formation receives 46,200 KZT and sends 0 KZT (0% of its 0 KZT outflow)"
BRG-005,100000004573782100,detached,"terminal, depth=2, seed=False; inside this formation receives 15,000 KZT and sends 0 KZT (0% of its 0 KZT outflow)"
BRG-005,100000004613582100,detached,"abstained_single_observation, depth=3, seed=False; inside this formation receives 5,000 KZT and sends 9,500 KZT (100% of its 9,500 KZT outflow)"
BRG-005,100000004687099100,detached,"terminal, depth=2, seed=False; inside this formation receives 30,000 KZT and sends 0 KZT (0% of its 0 KZT outflow)"
BRG-005,100000005082652100,detached,"terminal, depth=3, seed=False; inside this formation receives 30,000 KZT and sends 0 KZT (0% of its 0 KZT outflow)"
BRG-005,100000007861311100,detached,"terminal, depth=2, seed=False; inside this formation receives 45,000 KZT and sends 0 KZT (0% of its 0 KZT outflow)"
BRG-006,100000000041368100,detached,"terminal, depth=1, seed=False; inside this formation receives 160,000 KZT and sends 0 KZT (0% of its 0 KZT outflow)"
BRG-006,100000000561160100,detached,"abstained_boundary, depth=4, seed=False; inside this formation receives 240,000 KZT and sends 0 KZT (0% of its 0 KZT outflow)"
BRG-006,100000000596954100,detached,"peripheral, depth=2, seed=False; inside this formation receives 120,000 KZT and sends 48,100 KZT (100% of its 48,100 KZT outflow)"
BRG-006,100000000810551100,detached,"abstained_single_observation, depth=1, seed=False; inside this formation receives 100,000 KZT and sends 0 KZT (0% of its 7,100 KZT outflow)"
BRG-006,100000000941942100,detached,"terminal, depth=1, seed=False; inside this formation receives 130,000 KZT and sends 0 KZT (0% of its 0 KZT outflow)"
BRG-006,100000000955529100,detached,"abstained_single_observation, depth=3, seed=False; inside this formation receives 0 KZT and sends 63,500 KZT (100% of its 63,500 KZT outflow)"
BRG-006,100000000998559100,detached,"terminal, depth=1, seed=False; inside this formation receives 100,000 KZT and sends 0 KZT (0% of its 0 KZT outflow)"
BRG-006,100000001114385100,detached,"terminal, depth=2, seed=False; inside this formation receives 29,500 KZT and sends 0 KZT (0% of its 0 KZT outflow)"
BRG-006,100000001145749100,detached,"terminal, depth=3, seed=False; inside this formation receives 10,000 KZT and sends 0 KZT (0% of its 0 KZT outflow)"
BRG-006,100000001194266100,detached,"terminal, depth=1, seed=False; inside this formation receives 50,000 KZT and sends 0 KZT (0% of its 0 KZT outflow)"
BRG-006,100000001362940100,detached,"terminal, depth=1, seed=False; inside this formation receives 81,000 KZT and sends 0 KZT (0% of its 0 KZT outflow)"
BRG-006,100000001527186100,detached,"terminal, depth=1, seed=False; inside this formation receives 678,000 KZT and sends 0 KZT (0% of its 0 KZT outflow)"
BRG-006,100000001554432100,detached,"terminal, depth=1, seed=False; inside this formation receives 53,920 KZT and sends 0 KZT (0% of its 0 KZT outflow)"
BRG-006,100000001703168100,detached,"abstained_single_observation, depth=2, seed=False; inside this formation receives 45,000 KZT and sends 90,000 KZT (100% of its 90,000 KZT outflow)"
BRG-006,100000001746925100,detached,"abstained_single_observation, depth=1, seed=False; inside this formation receives 65,250 KZT and sends 0 KZT (0% of its 5,000 KZT outflow)"
BRG-006,100000002188829100,detached,"terminal, depth=1, seed=False; inside this formation receives 400,000 KZT and sends 0 KZT (0% of its 0 KZT outflow)"
BRG-006,100000002480800100,detached,"terminal, depth=1, seed=False; inside this formation receives 569,251 KZT and sends 0 KZT (0% of its 0 KZT outflow)"
BRG-006,100000002492277100,detached,"terminal, depth=2, seed=False; inside this formation receives 138,500 KZT and sends 0 KZT (0% of its 0 KZT outflow)"
BRG-006,100000002565277100,detached,"terminal, depth=1, seed=False; inside this formation receives 483,319 KZT and sends 0 KZT (0% of its 0 KZT outflow)"
BRG-006,100000002621949100,detached,"terminal, depth=1, seed=False; inside this formation receives 164,612 KZT and sends 0 KZT (0% of its 0 KZT outflow)"
BRG-006,100000002666248100,detached,"terminal, depth=1, seed=False; inside this formation receives 70,032 KZT and sends 0 KZT (0% of its 0 KZT outflow)"
BRG-006,100000002847207100,detached,"terminal, depth=1, seed=False; inside this formation receives 46,243 KZT and sends 0 KZT (0% of its 0 KZT outflow)"
BRG-006,100000002864256100,detached,"terminal, depth=1, seed=False; inside this formation receives 135,780 KZT and sends 0 KZT (0% of its 0 KZT outflow)"
BRG-006,100000002988894100,detached,"peripheral, depth=1, seed=False; inside this formation receives 306,121 KZT and sends 77,500 KZT (100% of its 77,500 KZT outflow)"
BRG-006,100000003003821100,detached,"terminal, depth=2, seed=False; inside this formation receives 40,000 KZT and sends 0 KZT (0% of its 0 KZT outflow)"
BRG-006,100000003022835100,detached,"terminal, depth=1, seed=False; inside this formation receives 125,000 KZT and sends 0 KZT (0% of its 0 KZT outflow)"
BRG-006,100000003024542100,detached,"terminal, depth=2, seed=False; inside this formation receives 8,500 KZT and sends 0 KZT (0% of its 0 KZT outflow)"
BRG-006,100000003036198100,detached,"terminal, depth=2, seed=False; inside this formation receives 15,000 KZT and sends 0 KZT (0% of its 0 KZT outflow)"
BRG-006,100000003037660100,detached,"terminal, depth=1, seed=False; inside this formation receives 53,000 KZT and sends 0 KZT (0% of its 0 KZT outflow)"
BRG-006,100000003131693100,detached,"terminal, depth=1, seed=False; inside this formation receives 353,277 KZT and sends 0 KZT (0% of its 0 KZT outflow)"
BRG-006,100000003166755100,detached,"terminal, depth=2, seed=False; inside this formation receives 24,010 KZT and sends 0 KZT (0% of its 0 KZT outflow)"
BRG-006,100000003205210100,detached,"terminal, depth=1, seed=False; inside this formation receives 137,563 KZT and sends 0 KZT (0% of its 0 KZT outflow)"
BRG-006,100000003254723100,detached,"terminal, depth=2, seed=False; inside this formation receives 269,850 KZT and sends 0 KZT (0% of its 0 KZT outflow)"
BRG-006,100000003284932100,detached,"terminal, depth=1, seed=False; inside this formation receives 69,925 KZT and sends 0 KZT (0% of its 0 KZT outflow)"
BRG-006,100000003292979100,detached,"terminal, depth=2, seed=False; inside this formation receives 48,950 KZT and sends 0 KZT (0% of its 0 KZT outflow)"
BRG-006,100000003299365100,detached,"transit, depth=1, seed=False; inside this formation receives 200,000 KZT and sends 200,000 KZT (100% of its 200,000 KZT outflow)"
BRG-006,100000003366154100,detached,"peripheral, depth=1, seed=False; inside this formation receives 125,000 KZT and sends 289,170 KZT (100% of its 289,170 KZT outflow)"
BRG-006,100000003476560100,detached,"terminal, depth=1, seed=False; inside this formation receives 50,000 KZT and sends 0 KZT (0% of its 0 KZT outflow)"
BRG-006,100000003528285100,detached,"coordinator, depth=3, seed=False; inside this formation receives 0 KZT and sends 548,000 KZT (100% of its 548,000 KZT outflow)"
BRG-006,100000003684369100,cut_vertex,"distributor, depth=0, seed=True; inside this formation receives 857,000 KZT and sends 6,139,214 KZT (71% of its 8,588,655 KZT outflow) [breaking point]"
BRG-006,100000003739818100,detached,"terminal, depth=1, seed=False; inside this formation receives 57,293 KZT and sends 0 KZT (0% of its 0 KZT outflow)"
BRG-006,100000003832231100,detached,"terminal, depth=1, seed=False; inside this formation receives 35,000 KZT and sends 0 KZT (0% of its 0 KZT outflow)"
BRG-006,100000003877908100,detached,"terminal, depth=1, seed=False; inside this formation receives 40,000 KZT and sends 0 KZT (0% of its 0 KZT outflow)"
BRG-006,100000003946524100,detached,"transit, depth=1, seed=False; inside this formation receives 133,757 KZT and sends 144,750 KZT (100% of its 144,750 KZT outflow)"
BRG-006,100000004105288100,detached,"terminal, depth=1, seed=False; inside this formation receives 190,000 KZT and sends 0 KZT (0% of its 0 KZT outflow)"
BRG-006,100000004107228100,detached,"abstained_boundary, depth=4, seed=False; inside this formation receives 5,000 KZT and sends 0 KZT (0% of its 0 KZT outflow)"
BRG-006,100000004185681100,detached,"terminal, depth=3, seed=False; inside this formation receives 10,000 KZT and sends 0 KZT (0% of its 0 KZT outflow)"
BRG-006,100000004226848100,detached,"terminal, depth=1, seed=False; inside this formation receives 301,866 KZT and sends 0 KZT (0% of its 0 KZT outflow)"
BRG-006,100000004315838100,detached,"peripheral, depth=1, seed=False; inside this formation receives 25,000 KZT and sends 18,000 KZT (100% of its 18,000 KZT outflow)"
BRG-006,100000004356593100,detached,"abstained_single_observation, depth=2, seed=False; inside this formation receives 50,000 KZT and sends 10,000 KZT (100% of its 10,000 KZT outflow)"
BRG-006,100000004417753100,detached,"terminal, depth=3, seed=False; inside this formation receives 100,000 KZT and sends 0 KZT (0% of its 0 KZT outflow)"
BRG-006,100000004480280100,detached,"peripheral, depth=1, seed=False; inside this formation receives 146,694 KZT and sends 295,850 KZT (100% of its 295,850 KZT outflow)"
BRG-006,100000004509286100,detached,"terminal, depth=1, seed=False; inside this formation receives 40,000 KZT and sends 0 KZT (0% of its 0 KZT outflow)"
BRG-006,100000004539443100,detached,"terminal, depth=3, seed=False; inside this formation receives 61,990 KZT and sends 0 KZT (0% of its 0 KZT outflow)"
BRG-006,100000004806903100,detached,"terminal, depth=2, seed=False; inside this formation receives 18,000 KZT and sends 0 KZT (0% of its 0 KZT outflow)"
BRG-006,100000004921657100,detached,"abstained_single_observation, depth=3, seed=False; inside this formation receives 8,300 KZT and sends 22,190 KZT (100% of its 22,190 KZT outflow)"
BRG-006,100000005022964100,detached,"terminal, depth=2, seed=False; inside this formation receives 20,000 KZT and sends 0 KZT (0% of its 0 KZT outflow)"
BRG-006,100000005061890100,detached,"terminal, depth=3, seed=False; inside this formation receives 90,000 KZT and sends 0 KZT (0% of its 0 KZT outflow)"
BRG-006,100000005079754100,detached,"peripheral, depth=1, seed=False; inside this formation receives 70,000 KZT and sends 122,000 KZT (100% of its 122,000 KZT outflow)"
BRG-006,100000005093521100,detached,"terminal, depth=1, seed=False; inside this formation receives 15,200 KZT and sends 0 KZT (0% of its 0 KZT outflow)"
BRG-006,100000005432267100,detached,"terminal, depth=1, seed=False; inside this formation receives 250,000 KZT and sends 0 KZT (0% of its 0 KZT outflow)"
BRG-006,100000005493505100,detached,"terminal, depth=0, seed=True; inside this formation receives 36,000 KZT and sends 0 KZT (0% of its 0 KZT outflow)"
BRG-006,100000005539910100,detached,"peripheral, depth=2, seed=False; inside this formation receives 102,000 KZT and sends 22,000 KZT (100% of its 22,000 KZT outflow)"
BRG-006,100000005543136100,detached,"peripheral, depth=0, seed=True; inside this formation receives 0 KZT and sends 10,000 KZT (100% of its 10,000 KZT outflow)"
BRG-006,100000005830339100,detached,"peripheral, depth=3, seed=False; inside this formation receives 0 KZT and sends 339,251 KZT (100% of its 339,251 KZT outflow)"
BRG-006,100000005849100100,detached,"terminal, depth=2, seed=False; inside this formation receives 33,300 KZT and sends 0 KZT (0% of its 0 KZT outflow)"
BRG-006,100000005852946100,detached,"terminal, depth=1, seed=False; inside this formation receives 23,746 KZT and sends 0 KZT (0% of its 0 KZT outflow)"
BRG-006,100000006523053100,detached,"terminal, depth=2, seed=False; inside this formation receives 5,000 KZT and sends 0 KZT (0% of its 0 KZT outflow)"
BRG-006,100000006557763100,detached,"terminal, depth=2, seed=False; inside this formation receives 10,000 KZT and sends 0 KZT (0% of its 0 KZT outflow)"
BRG-006,100000007181706100,detached,"terminal, depth=1, seed=False; inside this formation receives 163,772 KZT and sends 0 KZT (0% of its 0 KZT outflow)"
BRG-006,100000007274584100,detached,"terminal, depth=1, seed=False; inside this formation receives 38,000 KZT and sends 0 KZT (0% of its 0 KZT outflow)"
BRG-006,100000007629121100,detached,"terminal, depth=2, seed=False; inside this formation receives 29,000 KZT and sends 0 KZT (0% of its 0 KZT outflow)"
BRG-006,100000007898453100,detached,"peripheral, depth=2, seed=False; inside this formation receives 24,750 KZT and sends 320,000 KZT (100% of its 320,000 KZT outflow)"
BRG-006,100000008237827100,detached,"terminal, depth=1, seed=False; inside this formation receives 40,001 KZT and sends 0 KZT (0% of its 0 KZT outflow)"
BRG-006,100000008304139100,detached,"distributor, depth=1, seed=False; inside this formation receives 0 KZT and sends 756,010 KZT (45% of its 1,692,997 KZT outflow)"
BRG-006,100000008314863100,detached,"terminal, depth=3, seed=False; inside this formation receives 12,000 KZT and sends 0 KZT (0% of its 0 KZT outflow)"
BRG-006,100000008352542100,detached,"terminal, depth=2, seed=False; inside this formation receives 50,220 KZT and sends 0 KZT (0% of its 0 KZT outflow)"
BRG-006,100000008427027100,detached,"terminal, depth=3, seed=False; inside this formation receives 300,000 KZT and sends 0 KZT (0% of its 0 KZT outflow)"
BRG-006,100000008438656100,detached,"peripheral, depth=1, seed=False; inside this formation receives 55,000 KZT and sends 5,000 KZT (100% of its 5,000 KZT outflow)"
BRG-006,100000008555918100,detached,"peripheral, depth=1, seed=False; inside this formation receives 139,211 KZT and sends 43,300 KZT (100% of its 43,300 KZT outflow)"
BRG-006,100000008556318100,detached,"terminal, depth=1, seed=False; inside this formation receives 180,132 KZT and sends 0 KZT (0% of its 0 KZT outflow)"
BRG-006,100000008664469100,detached,"terminal, depth=1, seed=False; inside this formation receives 25,000 KZT and sends 0 KZT (0% of its 0 KZT outflow)"
BRG-006,100000008671929100,detached,"terminal, depth=1, seed=False; inside this formation receives 75,000 KZT and sends 0 KZT (0% of its 0 KZT outflow)"
BRG-007,100000000076451100,cut_vertex,"peripheral, depth=2, seed=False; inside this formation receives 45,000 KZT and sends 58,000 KZT (100% of its 58,000 KZT outflow) [breaking point]"
BRG-007,100000002575080100,detached,"transit, depth=3, seed=False; inside this formation receives 13,000 KZT and sends 12,500 KZT (100% of its 12,500 KZT outflow)"
BRG-007,100000002832753100,detached,"abstained_boundary, depth=4, seed=False; inside this formation receives 12,500 KZT and sends 0 KZT (0% of its 0 KZT outflow)"
BRG-007,100000004629688100,detached,"peripheral, depth=3, seed=False; inside this formation receives 5,000 KZT and sends 15,000 KZT (100% of its 15,000 KZT outflow)"
BRG-007,100000004750897100,detached,"terminal, depth=3, seed=False; inside this formation receives 10,000 KZT and sends 0 KZT (0% of its 0 KZT outflow)"
BRG-007,100000007131370100,detached,"transit, depth=3, seed=False; inside this formation receives 30,000 KZT and sends 30,000 KZT (100% of its 30,000 KZT outflow)"
BRG-008,100000000089154100,cut_vertex,"peripheral, depth=1, seed=False; inside this formation receives 0 KZT and sends 123,400 KZT (29% of its 425,500 KZT outflow) [breaking point]"
BRG-008,100000005059998100,detached,"terminal, depth=2, seed=False; inside this formation receives 18,000 KZT and sends 0 KZT (0% of its 0 KZT outflow)"
BRG-008,100000006595426100,detached,"terminal, depth=2, seed=False; inside this formation receives 84,800 KZT and sends 0 KZT (0% of its 0 KZT outflow)"
BRG-008,100000006844004100,detached,"terminal, depth=3, seed=False; inside this formation receives 20,600 KZT and sends 0 KZT (0% of its 0 KZT outflow)"
BRG-008,100000008106997100,detached,"peripheral, depth=2, seed=False; inside this formation receives 20,600 KZT and sends 20,600 KZT (100% of its 20,600 KZT outflow)"
BRG-009,100000000274067100,cut_vertex,"peripheral, depth=1, seed=False; inside this formation receives 300,000 KZT and sends 2,969,000 KZT (100% of its 2,969,000 KZT outflow) [breaking point]"
BRG-009,100000002872399100,detached,"terminal, depth=3, seed=False; inside this formation receives 1,090,000 KZT and sends 0 KZT (0% of its 0 KZT outflow)"
BRG-009,100000002958343100,detached,"peripheral, depth=2, seed=False; inside this formation receives 2,900,000 KZT and sends 1,390,000 KZT (100% of its 1,390,000 KZT outflow)"
BRG-009,100000005608515100,detached,"terminal, depth=2, seed=False; inside this formation receives 64,000 KZT and sends 0 KZT (0% of its 0 KZT outflow)"
BRG-009,100000006490557100,detached,"terminal, depth=2, seed=False; inside this formation receives 5,000 KZT and sends 0 KZT (0% of its 0 KZT outflow)"
BRG-010,100000000287768100,detached,"terminal, depth=3, seed=False; inside this formation receives 35,168 KZT and sends 0 KZT (0% of its 0 KZT outflow)"
BRG-010,100000000437046100,cut_vertex,"distributor, depth=2, seed=False; inside this formation receives 0 KZT and sends 2,774,832 KZT (36% of its 7,606,224 KZT outflow) [breaking point]"
BRG-010,100000000634341100,detached,"abstained_boundary, depth=4, seed=False; inside this formation receives 24,000 KZT and sends 0 KZT (0% of its 0 KZT outflow)"
BRG-010,100000000802149100,detached,"terminal, depth=3, seed=False; inside this formation receives 104,128 KZT and sends 0 KZT (0% of its 0 KZT outflow)"
BRG-010,100000001279272100,detached,"peripheral, depth=3, seed=False; inside this formation receives 250,000 KZT and sends 6,758 KZT (5% of its 136,758 KZT outflow)"
BRG-010,100000001297206100,detached,"abstained_boundary, depth=4, seed=False; inside this formation receives 6,758 KZT and sends 0 KZT (0% of its 0 KZT outflow)"
BRG-010,100000001299828100,detached,"abstained_boundary, depth=4, seed=False; inside this formation receives 100,000 KZT and sends 0 KZT (0% of its 0 KZT outflow)"
BRG-010,100000001726614100,detached,"terminal, depth=3, seed=False; inside this formation receives 138,717 KZT and sends 0 KZT (0% of its 0 KZT outflow)"
BRG-010,100000001745217100,detached,"terminal, depth=3, seed=False; inside this formation receives 50,000 KZT and sends 0 KZT (0% of its 0 KZT outflow)"
BRG-010,100000001784279100,detached,"terminal, depth=3, seed=False; inside this formation receives 35,674 KZT and sends 0 KZT (0% of its 0 KZT outflow)"
BRG-010,100000001837130100,detached,"terminal, depth=3, seed=False; inside this formation receives 172,900 KZT and sends 0 KZT (0% of its 0 KZT outflow)"
BRG-010,100000002373144100,detached,"abstained_single_observation, depth=3, seed=False; inside this formation receives 46,468 KZT and sends 10,764 KZT (100% of its 10,764 KZT outflow)"
BRG-010,100000002663511100,detached,"terminal, depth=3, seed=False; inside this formation receives 268,940 KZT and sends 0 KZT (0% of its 0 KZT outflow)"
BRG-010,100000002904919100,detached,"abstained_single_observation, depth=3, seed=False; inside this formation receives 60,325 KZT and sends 5,500 KZT (100% of its 5,500 KZT outflow)"
BRG-010,100000003204491100,detached,"peripheral, depth=3, seed=False; inside this formation receives 140,000 KZT and sends 100,000 KZT (100% of its 100,000 KZT outflow)"
BRG-010,100000003795588100,detached,"terminal, depth=3, seed=False; inside this formation receives 400,000 KZT and sends 0 KZT (0% of its 0 KZT outflow)"
BRG-010,100000004013952100,detached,"abstained_boundary, depth=4, seed=False; inside this formation receives 5,500 KZT and sends 0 KZT (0% of its 0 KZT outflow)"
BRG-010,100000004071444100,detached,"abstained_single_observation, depth=3, seed=False; inside this formation receives 247,350 KZT and sends 100,000 KZT (100% of its 100,000 KZT outflow)"
BRG-010,100000004184158100,detached,"terminal, depth=3, seed=False; inside this formation receives 203,805 KZT and sends 0 KZT (0% of its 0 KZT outflow)"
BRG-010,100000004285800100,detached,"abstained_single_observation, depth=2, seed=False; inside this formation receives 5,000 KZT and sends 15,000 KZT (100% of its 15,000 KZT outflow)"
BRG-010,100000004726132100,detached,"peripheral, depth=3, seed=False; inside this formation receives 349,000 KZT and sends 24,000 KZT (100% of its 24,000 KZT outflow)"
BRG-010,100000004840086100,detached,"abstained_boundary, depth=4, seed=False; inside this formation receives 100,000 KZT and sends 0 KZT (0% of its 0 KZT outflow)"
BRG-010,100000004904960100,detached,"terminal, depth=2, seed=False; inside this formation receives 32,000 KZT and sends 0 KZT (0% of its 0 KZT outflow)"
BRG-010,100000005124479100,detached,"peripheral, depth=1, seed=False; inside this formation receives 88,947 KZT and sends 22,000 KZT (100% of its 22,000 KZT outflow)"
BRG-010,100000006693788100,detached,"abstained_boundary, depth=4, seed=False; inside this formation receives 10,764 KZT and sends 0 KZT (0% of its 0 KZT outflow)"
BRG-010,100000006894637100,detached,"terminal, depth=3, seed=False; inside this formation receives 52,831 KZT and sends 0 KZT (0% of its 0 KZT outflow)"
BRG-010,100000006989232100,detached,"terminal, depth=3, seed=False; inside this formation receives 22,194 KZT and sends 0 KZT (0% of its 0 KZT outflow)"
BRG-010,100000007754369100,detached,"terminal, depth=3, seed=False; inside this formation receives 82,424 KZT and sends 0 KZT (0% of its 0 KZT outflow)"
BRG-010,100000008757301100,detached,"abstained_boundary, depth=4, seed=False; inside this formation receives 58,398 KZT and sends 0 KZT (0% of its 0 KZT outflow)"
BRG-010,100000008757369100,detached,"peripheral, depth=3, seed=False; inside this formation receives 25,961 KZT and sends 58,398 KZT (100% of its 58,398 KZT outflow)"
BRG-011,100000000297649100,detached,"peripheral, depth=2, seed=False; inside this formation receives 40,000 KZT and sends 70,600 KZT (100% of its 70,600 KZT outflow)"
BRG-011,100000000933075100,detached,"peripheral, depth=3, seed=False; inside this formation receives 40,000 KZT and sends 55,000 KZT (100% of its 55,000 KZT outflow)"
BRG-011,100000001899164100,cut_vertex,"peripheral, depth=1, seed=False; inside this formation receives 80,100 KZT and sends 76,500 KZT (100% of its 76,500 KZT outflow) [breaking point]"
BRG-011,100000002095257100,detached,"terminal, depth=3, seed=False; inside this formation receives 8,500 KZT and sends 0 KZT (0% of its 0 KZT outflow)"
BRG-011,100000002193259100,detached,"peripheral, depth=2, seed=False; inside this formation receives 48,000 KZT and sends 58,000 KZT (100% of its 58,000 KZT outflow)"
BRG-011,100000002593038100,detached,"terminal, depth=2, seed=False; inside this formation receives 28,500 KZT and sends 0 KZT (0% of its 0 KZT outflow)"
BRG-011,100000002653187100,detached,"abstained_boundary, depth=4, seed=False; inside this formation receives 15,000 KZT and sends 0 KZT (0% of its 0 KZT outflow)"
BRG-012,100000000297649100,detached,"peripheral, depth=2, seed=False; inside this formation receives 40,000 KZT and sends 70,600 KZT (100% of its 70,600 KZT outflow)"
BRG-012,100000000933075100,detached,"peripheral, depth=3, seed=False; inside this formation receives 40,000 KZT and sends 55,000 KZT (100% of its 55,000 KZT outflow)"
BRG-012,100000001899164100,detached,"peripheral, depth=1, seed=False; inside this formation receives 270,625 KZT and sends 76,500 KZT (100% of its 76,500 KZT outflow)"
BRG-012,100000002095257100,detached,"terminal, depth=3, seed=False; inside this formation receives 8,500 KZT and sends 0 KZT (0% of its 0 KZT outflow)"
BRG-012,100000002193259100,detached,"peripheral, depth=2, seed=False; inside this formation receives 48,000 KZT and sends 58,000 KZT (100% of its 58,000 KZT outflow)"
BRG-012,100000002593038100,detached,"terminal, depth=2, seed=False; inside this formation receives 28,500 KZT and sends 0 KZT (0% of its 0 KZT outflow)"
BRG-012,100000002653187100,detached,"abstained_boundary, depth=4, seed=False; inside this formation receives 15,000 KZT and sends 0 KZT (0% of its 0 KZT outflow)"
BRG-012,100000002679516100,cut_vertex,"terminal, depth=1, seed=False; inside this formation receives 36,500 KZT and sends 0 KZT (0% of its 0 KZT outflow) [breaking point]"
BRG-012,100000002999140100,detached,"abstained_boundary, depth=4, seed=False; inside this formation receives 10,000 KZT and sends 0 KZT (0% of its 0 KZT outflow)"
BRG-012,100000004420041100,detached,"peripheral, depth=3, seed=False; inside this formation receives 0 KZT and sends 651,830 KZT (100% of its 651,830 KZT outflow)"
BRG-012,100000004798515100,detached,"abstained_boundary, depth=4, seed=False; inside this formation receives 200,000 KZT and sends 0 KZT (0% of its 0 KZT outflow)"
BRG-012,100000004800648100,detached,"abstained_boundary, depth=4, seed=False; inside this formation receives 131,000 KZT and sends 0 KZT (0% of its 0 KZT outflow)"
BRG-012,100000005904580100,detached,"terminal, depth=2, seed=False; inside this formation receives 72,000 KZT and sends 0 KZT (0% of its 0 KZT outflow)"
BRG-012,100000006288612100,detached,"abstained_boundary, depth=4, seed=False; inside this formation receives 30,805 KZT and sends 0 KZT (0% of its 0 KZT outflow)"
BRG-012,100000008443341100,detached,"peripheral, depth=1, seed=False; inside this formation receives 10,000 KZT and sends 33,000 KZT (66% of its 50,000 KZT outflow)"
BRG-012,100000008474308100,detached,"peripheral, depth=2, seed=False; inside this formation receives 14,000 KZT and sends 10,000 KZT (100% of its 10,000 KZT outflow)"
BRG-013,100000000297649100,detached,"peripheral, depth=2, seed=False; inside this formation receives 40,000 KZT and sends 70,600 KZT (100% of its 70,600 KZT outflow)"
BRG-013,100000000933075100,detached,"peripheral, depth=3, seed=False; inside this formation receives 40,000 KZT and sends 55,000 KZT (100% of its 55,000 KZT outflow)"
BRG-013,100000001899164100,detached,"peripheral, depth=1, seed=False; inside this formation receives 270,625 KZT and sends 76,500 KZT (100% of its 76,500 KZT outflow)"
BRG-013,100000002095257100,detached,"terminal, depth=3, seed=False; inside this formation receives 8,500 KZT and sends 0 KZT (0% of its 0 KZT outflow)"
BRG-013,100000002193259100,detached,"peripheral, depth=2, seed=False; inside this formation receives 48,000 KZT and sends 58,000 KZT (100% of its 58,000 KZT outflow)"
BRG-013,100000002593038100,detached,"terminal, depth=2, seed=False; inside this formation receives 28,500 KZT and sends 0 KZT (0% of its 0 KZT outflow)"
BRG-013,100000002653187100,detached,"abstained_boundary, depth=4, seed=False; inside this formation receives 15,000 KZT and sends 0 KZT (0% of its 0 KZT outflow)"
BRG-013,100000002999140100,detached,"abstained_boundary, depth=4, seed=False; inside this formation receives 10,000 KZT and sends 0 KZT (0% of its 0 KZT outflow)"
BRG-013,100000004420041100,cut_vertex,"peripheral, depth=3, seed=False; inside this formation receives 0 KZT and sends 615,330 KZT (94% of its 651,830 KZT outflow) [breaking point]"
BRG-013,100000004798515100,detached,"abstained_boundary, depth=4, seed=False; inside this formation receives 200,000 KZT and sends 0 KZT (0% of its 0 KZT outflow)"
BRG-013,100000004800648100,detached,"abstained_boundary, depth=4, seed=False; inside this formation receives 131,000 KZT and sends 0 KZT (0% of its 0 KZT outflow)"
BRG-013,100000005904580100,detached,"terminal, depth=2, seed=False; inside this formation receives 72,000 KZT and sends 0 KZT (0% of its 0 KZT outflow)"
BRG-013,100000006288612100,detached,"abstained_boundary, depth=4, seed=False; inside this formation receives 30,805 KZT and sends 0 KZT (0% of its 0 KZT outflow)"
BRG-013,100000008443341100,detached,"peripheral, depth=1, seed=False; inside this formation receives 10,000 KZT and sends 33,000 KZT (66% of its 50,000 KZT outflow)"
BRG-013,100000008474308100,detached,"peripheral, depth=2, seed=False; inside this formation receives 14,000 KZT and sends 10,000 KZT (100% of its 10,000 KZT outflow)"
BRG-014,100000000331309100,cut_vertex,"distributor, depth=2, seed=False; inside this formation receives 233,200 KZT and sends 17,352,530 KZT (75% of its 23,001,375 KZT outflow) [breaking point]"
BRG-014,100000000369781100,detached,"abstained_boundary, depth=4, seed=False; inside this formation receives 5,000 KZT and sends 0 KZT (0% of its 0 KZT outflow)"
BRG-014,100000000878006100,detached,"terminal, depth=3, seed=False; inside this formation receives 47,003 KZT and sends 0 KZT (0% of its 0 KZT outflow)"
BRG-014,100000001009583100,detached,"terminal, depth=3, seed=False; inside this formation receives 393,740 KZT and sends 0 KZT (0% of its 0 KZT outflow)"
BRG-014,100000001046626100,detached,"terminal, depth=3, seed=False; inside this formation receives 150,000 KZT and sends 0 KZT (0% of its 0 KZT outflow)"
BRG-014,100000001130553100,detached,"abstained_boundary, depth=4, seed=False; inside this formation receives 18,000 KZT and sends 0 KZT (0% of its 0 KZT outflow)"
BRG-014,100000001222245100,detached,"abstained_boundary, depth=4, seed=False; inside this formation receives 420,000 KZT and sends 0 KZT (0% of its 0 KZT outflow)"
BRG-014,100000001222263100,detached,"peripheral, depth=3, seed=False; inside this formation receives 745,570 KZT and sends 420,000 KZT (100% of its 420,000 KZT outflow)"
BRG-014,100000001227106100,detached,"terminal, depth=3, seed=False; inside this formation receives 164,765 KZT and sends 0 KZT (0% of its 0 KZT outflow)"
BRG-014,100000001252290100,detached,"abstained_single_observation, depth=3, seed=False; inside this formation receives 141,005 KZT and sends 5,000 KZT (100% of its 5,000 KZT outflow)"
BRG-014,100000001330685100,detached,"peripheral, depth=1, seed=False; inside this formation receives 2,071,530 KZT and sends 100,500 KZT (100% of its 100,500 KZT outflow)"
BRG-014,100000001384826100,detached,"abstained_single_observation, depth=3, seed=False; inside this formation receives 364,260 KZT and sends 10,000 KZT (100% of its 10,000 KZT outflow)"
BRG-014,100000001637376100,detached,"peripheral, depth=3, seed=False; inside this formation receives 116,700 KZT and sends 234,250 KZT (100% of its 234,250 KZT outflow)"
BRG-014,100000001689968100,detached,"terminal, depth=3, seed=False; inside this formation receives 188,767 KZT and sends 0 KZT (0% of its 0 KZT outflow)"
BRG-014,100000001690439100,detached,"terminal, depth=3, seed=False; inside this formation receives 14,200 KZT and sends 0 KZT (0% of its 0 KZT outflow)"
BRG-014,100000001714413100,detached,"terminal, depth=3, seed=False; inside this formation receives 250,172 KZT and sends 0 KZT (0% of its 0 KZT outflow)"
BRG-014,100000001835625100,detached,"terminal, depth=3, seed=False; inside this formation receives 75,130 KZT and sends 0 KZT (0% of its 0 KZT outflow)"
BRG-014,100000001875167100,detached,"terminal, depth=3, seed=False; inside this formation receives 1,000,000 KZT and sends 0 KZT (0% of its 0 KZT outflow)"
BRG-014,100000002015633100,detached,"terminal, depth=3, seed=False; inside this formation receives 94,970 KZT and sends 0 KZT (0% of its 0 KZT outflow)"
BRG-014,100000002087788100,detached,"terminal, depth=2, seed=False; inside this formation receives 100,500 KZT and sends 0 KZT (0% of its 0 KZT outflow)"
BRG-014,100000002119762100,detached,"abstained_boundary, depth=4, seed=False; inside this formation receives 77,000 KZT and sends 0 KZT (0% of its 0 KZT outflow)"
BRG-014,100000002208836100,detached,"abstained_boundary, depth=4, seed=False; inside this formation receives 90,000 KZT and sends 0 KZT (0% of its 0 KZT outflow)"
BRG-014,100000002242455100,detached,"abstained_boundary, depth=4, seed=False; inside this formation receives 110,000 KZT and sends 0 KZT (0% of its 0 KZT outflow)"
BRG-014,100000002284426100,detached,"terminal, depth=3, seed=False; inside this formation receives 90,000 KZT and sends 0 KZT (0% of its 0 KZT outflow)"
BRG-014,100000002356167100,detached,"peripheral, depth=3, seed=False; inside this formation receives 300,000 KZT and sends 29,500 KZT (100% of its 29,500 KZT outflow)"
BRG-014,100000002433697100,detached,"transit, depth=3, seed=False; inside this formation receives 130,000 KZT and sends 110,000 KZT (100% of its 110,000 KZT outflow)"
BRG-014,100000002459240100,detached,"terminal, depth=3, seed=False; inside this formation receives 150,000 KZT and sends 0 KZT (0% of its 0 KZT outflow)"
BRG-014,100000002487222100,detached,"abstained_boundary, depth=4, seed=False; inside this formation receives 90,000 KZT and sends 0 KZT (0% of its 0 KZT outflow)"
BRG-014,100000002556775100,detached,"terminal, depth=3, seed=False; inside this formation receives 300,000 KZT and sends 0 KZT (0% of its 0 KZT outflow)"
BRG-014,100000002567887100,detached,"terminal, depth=3, seed=False; inside this formation receives 50,915 KZT and sends 0 KZT (0% of its 0 KZT outflow)"
BRG-014,100000002581346100,detached,"terminal, depth=3, seed=False; inside this formation receives 166,400 KZT and sends 0 KZT (0% of its 0 KZT outflow)"
BRG-014,100000002628576100,detached,"peripheral, depth=3, seed=False; inside this formation receives 634,585 KZT and sends 539,000 KZT (100% of its 539,000 KZT outflow)"
BRG-014,100000002653948100,detached,"terminal, depth=3, seed=False; inside this formation receives 85,200 KZT and sends 0 KZT (0% of its 0 KZT outflow)"
BRG-014,100000002728246100,detached,"abstained_boundary, depth=4, seed=False; inside this formation receives 10,000 KZT and sends 0 KZT (0% of its 0 KZT outflow)"
BRG-014,100000002755292100,detached,"terminal, depth=3, seed=False; inside this formation receives 203,400 KZT and sends 0 KZT (0% of its 0 KZT outflow)"
BRG-014,100000002807334100,detached,"terminal, depth=3, seed=False; inside this formation receives 54,715 KZT and sends 0 KZT (0% of its 0 KZT outflow)"
BRG-014,100000002842321100,detached,"terminal, depth=3, seed=False; inside this formation receives 160,000 KZT and sends 0 KZT (0% of its 0 KZT outflow)"
BRG-014,100000002896506100,detached,"abstained_boundary, depth=4, seed=False; inside this formation receives 45,000 KZT and sends 0 KZT (0% of its 0 KZT outflow)"
BRG-014,100000002971593100,detached,"abstained_boundary, depth=4, seed=False; inside this formation receives 49,050 KZT and sends 0 KZT (0% of its 0 KZT outflow)"
BRG-014,100000002981489100,detached,"abstained_boundary, depth=4, seed=False; inside this formation receives 10,000 KZT and sends 0 KZT (0% of its 0 KZT outflow)"
BRG-014,100000002990675100,detached,"terminal, depth=3, seed=False; inside this formation receives 51,143 KZT and sends 0 KZT (0% of its 0 KZT outflow)"
BRG-014,100000003025903100,detached,"abstained_boundary, depth=4, seed=False; inside this formation receives 386,300 KZT and sends 0 KZT (0% of its 0 KZT outflow)"
BRG-014,100000003035737100,detached,"peripheral, depth=3, seed=False; inside this formation receives 453,600 KZT and sends 6,545 KZT (100% of its 6,545 KZT outflow)"
BRG-014,100000003105929100,detached,"peripheral, depth=3, seed=False; inside this formation receives 429,567 KZT and sends 156,354 KZT (100% of its 156,354 KZT outflow)"
BRG-014,100000003116106100,detached,"terminal, depth=3, seed=False; inside this formation receives 494,050 KZT and sends 0 KZT (0% of its 0 KZT outflow)"
BRG-014,100000003134474100,detached,"terminal, depth=3, seed=False; inside this formation receives 116,000 KZT and sends 0 KZT (0% of its 0 KZT outflow)"
BRG-014,100000003149149100,detached,"terminal, depth=3, seed=False; inside this formation receives 245,000 KZT and sends 0 KZT (0% of its 0 KZT outflow)"
BRG-014,100000003171587100,detached,"peripheral, depth=3, seed=False; inside this formation receives 500,000 KZT and sends 431,300 KZT (100% of its 431,300 KZT outflow)"
BRG-014,100000003199390100,detached,"abstained_boundary, depth=4, seed=False; inside this formation receives 260,000 KZT and sends 0 KZT (0% of its 0 KZT outflow)"
BRG-014,100000003220685100,detached,"abstained_boundary, depth=4, seed=False; inside this formation receives 1,306,000 KZT and sends 0 KZT (0% of its 0 KZT outflow)"
BRG-014,100000003242795100,detached,"terminal, depth=3, seed=False; inside this formation receives 111,000 KZT and sends 0 KZT (0% of its 0 KZT outflow)"
BRG-014,100000003293377100,detached,"terminal, depth=3, seed=False; inside this formation receives 50,000 KZT and sends 0 KZT (0% of its 0 KZT outflow)"
BRG-014,100000003457710100,detached,"peripheral, depth=3, seed=False; inside this formation receives 326,555 KZT and sends 1,306,000 KZT (100% of its 1,306,000 KZT outflow)"
BRG-014,100000003486970100,detached,"terminal, depth=3, seed=False; inside this formation receives 150,000 KZT and sends 0 KZT (0% of its 0 KZT outflow)"
BRG-014,100000003610172100,detached,"terminal, depth=3, seed=False; inside this formation receives 70,000 KZT and sends 0 KZT (0% of its 0 KZT outflow)"
BRG-014,100000003632533100,detached,"abstained_boundary, depth=4, seed=False; inside this formation receives 10,000 KZT and sends 0 KZT (0% of its 0 KZT outflow)"
BRG-014,100000003647799100,detached,"terminal, depth=3, seed=False; inside this formation receives 100,000 KZT and sends 0 KZT (0% of its 0 KZT outflow)"
BRG-014,100000003741418100,detached,"consolidator, depth=2, seed=False; inside this formation receives 66,800 KZT and sends 39,920 KZT (100% of its 39,920 KZT outflow)"
BRG-014,100000003760160100,detached,"terminal, depth=3, seed=False; inside this formation receives 104,470 KZT and sends 0 KZT (0% of its 0 KZT outflow)"
BRG-014,100000003792647100,detached,"abstained_boundary, depth=4, seed=False; inside this formation receives 8,000 KZT and sends 0 KZT (0% of its 0 KZT outflow)"
BRG-014,100000003796063100,detached,"peripheral, depth=3, seed=False; inside this formation receives 0 KZT and sends 413,650 KZT (43% of its 959,150 KZT outflow)"
BRG-014,100000003814002100,detached,"terminal, depth=3, seed=False; inside this formation receives 30,000 KZT and sends 0 KZT (0% of its 0 KZT outflow)"
BRG-014,100000003888197100,detached,"terminal, depth=3, seed=False; inside this formation receives 83,167 KZT and sends 0 KZT (0% of its 0 KZT outflow)"
BRG-014,100000004114962100,detached,"terminal, depth=3, seed=False; inside this formation receives 140,000 KZT and sends 0 KZT (0% of its 0 KZT outflow)"
BRG-014,100000004232712100,detached,"abstained_boundary, depth=4, seed=False; inside this formation receives 12,500 KZT and sends 0 KZT (0% of its 0 KZT outflow)"
BRG-014,100000004235471100,detached,"abstained_boundary, depth=4, seed=False; inside this formation receives 180,000 KZT and sends 0 KZT (0% of its 0 KZT outflow)"
BRG-014,100000004278574100,detached,"abstained_single_observation, depth=3, seed=False; inside this formation receives 25,000 KZT and sends 12,500 KZT (100% of its 12,500 KZT outflow)"
BRG-014,100000004326224100,detached,"abstained_boundary, depth=4, seed=False; inside this formation receives 60,000 KZT and sends 0 KZT (0% of its 0 KZT outflow)"
BRG-014,100000004450649100,detached,"peripheral, depth=3, seed=False; inside this formation receives 140,970 KZT and sends 5,227 KZT (11% of its 46,527 KZT outflow)"
BRG-014,100000004587414100,detached,"terminal, depth=3, seed=False; inside this formation receives 320,200 KZT and sends 0 KZT (0% of its 0 KZT outflow)"
BRG-014,100000004657034100,detached,"terminal, depth=3, seed=False; inside this formation receives 141,250 KZT and sends 0 KZT (0% of its 0 KZT outflow)"
BRG-014,100000004746397100,detached,"abstained_single_observation, depth=3, seed=False; inside this formation receives 219,520 KZT and sends 0 KZT (0% of its 7,500 KZT outflow)"
BRG-014,100000004800452100,detached,"abstained_boundary, depth=4, seed=False; inside this formation receives 6,545 KZT and sends 0 KZT (0% of its 0 KZT outflow)"
BRG-014,100000004917367100,detached,"terminal, depth=3, seed=False; inside this formation receives 100,000 KZT and sends 0 KZT (0% of its 0 KZT outflow)"
BRG-014,100000005025629100,detached,"abstained_boundary, depth=4, seed=False; inside this formation receives 5,227 KZT and sends 0 KZT (0% of its 0 KZT outflow)"
BRG-014,100000005049404100,detached,"abstained_boundary, depth=4, seed=False; inside this formation receives 98,000 KZT and sends 0 KZT (0% of its 0 KZT outflow)"
BRG-014,100000005182219100,detached,"terminal, depth=3, seed=False; inside this formation receives 30,000 KZT and sends 0 KZT (0% of its 0 KZT outflow)"
BRG-014,100000005189258100,detached,"abstained_boundary, depth=4, seed=False; inside this formation receives 50,000 KZT and sends 0 KZT (0% of its 0 KZT outflow)"
BRG-014,100000005198906100,detached,"abstained_single_observation, depth=3, seed=False; inside this formation receives 227,970 KZT and sends 60,000 KZT (100% of its 60,000 KZT outflow)"
BRG-014,100000005497148100,detached,"abstained_boundary, depth=4, seed=False; inside this formation receives 24,000 KZT and sends 0 KZT (0% of its 0 KZT outflow)"
BRG-014,100000005616568100,detached,"abstained_boundary, depth=4, seed=False; inside this formation receives 530,000 KZT and sends 0 KZT (0% of its 0 KZT outflow)"
BRG-014,100000005756189100,detached,"abstained_single_observation, depth=3, seed=False; inside this formation receives 65,000 KZT and sends 49,050 KZT (100% of its 49,050 KZT outflow)"
BRG-014,100000005809252100,detached,"terminal, depth=2, seed=False; inside this formation receives 25,000 KZT and sends 0 KZT (0% of its 0 KZT outflow)"
BRG-014,100000005893892100,detached,"terminal, depth=3, seed=False; inside this formation receives 102,780 KZT and sends 0 KZT (0% of its 0 KZT outflow)"
BRG-014,100000006111439100,detached,"transit, depth=3, seed=False; inside this formation receives 5,720 KZT and sends 14,000 KZT (58% of its 24,000 KZT outflow)"
BRG-014,100000006126743100,detached,"terminal, depth=3, seed=False; inside this formation receives 55,000 KZT and sends 0 KZT (0% of its 0 KZT outflow)"
BRG-014,100000006530134100,detached,"terminal, depth=3, seed=False; inside this formation receives 121,240 KZT and sends 0 KZT (0% of its 0 KZT outflow)"
BRG-014,100000006734214100,detached,"peripheral, depth=3, seed=False; inside this formation receives 300,000 KZT and sends 36,000 KZT (100% of its 36,000 KZT outflow)"
BRG-014,100000006755850100,detached,"terminal, depth=2, seed=False; inside this formation receives 443,476 KZT and sends 0 KZT (0% of its 0 KZT outflow)"
BRG-014,100000006889963100,detached,"peripheral, depth=1, seed=False; inside this formation receives 600,000 KZT and sends 443,476 KZT (100% of its 443,476 KZT outflow)"
BRG-014,100000007597382100,detached,"terminal, depth=3, seed=False; inside this formation receives 15,700 KZT and sends 0 KZT (0% of its 0 KZT outflow)"
BRG-014,100000007841978100,detached,"abstained_boundary, depth=4, seed=False; inside this formation receives 449,000 KZT and sends 0 KZT (0% of its 0 KZT outflow)"
BRG-014,100000007863304100,detached,"terminal, depth=3, seed=False; inside this formation receives 25,000 KZT and sends 0 KZT (0% of its 0 KZT outflow)"
BRG-014,100000008038077100,detached,"terminal, depth=3, seed=False; inside this formation receives 499,850 KZT and sends 0 KZT (0% of its 0 KZT outflow)"
BRG-014,100000008050986100,detached,"abstained_boundary, depth=4, seed=False; inside this formation receives 95,000 KZT and sends 0 KZT (0% of its 0 KZT outflow)"
BRG-014,100000008074304100,detached,"abstained_boundary, depth=4, seed=False; inside this formation receives 5,500 KZT and sends 0 KZT (0% of its 0 KZT outflow)"
BRG-014,100000008168850100,detached,"abstained_boundary, depth=4, seed=False; inside this formation receives 187,910 KZT and sends 0 KZT (0% of its 0 KZT outflow)"
BRG-014,100000008192264100,detached,"transit, depth=3, seed=False; inside this formation receives 162,810 KZT and sends 187,910 KZT (100% of its 187,910 KZT outflow)"
BRG-014,100000008221765100,detached,"abstained_boundary, depth=4, seed=False; inside this formation receives 156,354 KZT and sends 0 KZT (0% of its 0 KZT outflow)"
BRG-014,100000008238112100,detached,"terminal, depth=3, seed=False; inside this formation receives 190,000 KZT and sends 0 KZT (0% of its 0 KZT outflow)"
BRG-014,100000008244300100,detached,"terminal, depth=1, seed=False; inside this formation receives 36,350 KZT and sends 0 KZT (0% of its 0 KZT outflow)"
BRG-014,100000008295429100,detached,"terminal, depth=3, seed=False; inside this formation receives 352,000 KZT and sends 0 KZT (0% of its 0 KZT outflow)"
BRG-014,100000008376785100,detached,"abstained_boundary, depth=4, seed=False; inside this formation receives 234,250 KZT and sends 0 KZT (0% of its 0 KZT outflow)"
BRG-014,100000008472324100,detached,"terminal, depth=3, seed=False; inside this formation receives 205,200 KZT and sends 0 KZT (0% of its 0 KZT outflow)"
BRG-014,100000008490127100,detached,"peripheral, depth=3, seed=False; inside this formation receives 431,755 KZT and sends 923,000 KZT (100% of its 923,000 KZT outflow)"
BRG-014,100000008532050100,detached,"terminal, depth=3, seed=False; inside this formation receives 455,156 KZT and sends 0 KZT (0% of its 0 KZT outflow)"
BRG-014,100000008560263100,detached,"abstained_boundary, depth=4, seed=False; inside this formation receives 100,000 KZT and sends 0 KZT (0% of its 0 KZT outflow)"
BRG-014,100000008560717100,detached,"peripheral, depth=1, seed=False; inside this formation receives 304,000 KZT and sends 25,000 KZT (100% of its 25,000 KZT outflow)"
BRG-014,100000008568512100,detached,"terminal, depth=3, seed=False; inside this formation receives 199,640 KZT and sends 0 KZT (0% of its 0 KZT outflow)"
BRG-014,100000008576528100,detached,"terminal, depth=3, seed=False; inside this formation receives 28,000 KZT and sends 0 KZT (0% of its 0 KZT outflow)"
BRG-014,100000008579978100,detached,"peripheral, depth=3, seed=False; inside this formation receives 34,000 KZT and sends 77,000 KZT (100% of its 77,000 KZT outflow)"
BRG-014,100000008680061100,detached,"abstained_boundary, depth=4, seed=False; inside this formation receives 41,300 KZT and sends 0 KZT (0% of its 0 KZT outflow)"
BRG-014,100000008722417100,detached,"peripheral, depth=3, seed=False; inside this formation receives 331,900 KZT and sends 720,000 KZT (100% of its 720,000 KZT outflow)"
BRG-014,100000008722541100,detached,"abstained_boundary, depth=4, seed=False; inside this formation receives 280,000 KZT and sends 0 KZT (0% of its 0 KZT outflow)"
BRG-014,100000008747113100,detached,"terminal, depth=1, seed=False; inside this formation receives 105,210 KZT and sends 0 KZT (0% of its 0 KZT outflow)"
BRG-015,100000000343175100,cut_vertex,"distributor, depth=0, seed=True; inside this formation receives 0 KZT and sends 3,191,559 KZT (80% of its 4,000,039 KZT outflow) [breaking point]"
BRG-015,100000000976943100,detached,"transit, depth=3, seed=False; inside this formation receives 70,000 KZT and sends 84,000 KZT (100% of its 84,000 KZT outflow)"
BRG-015,100000000979923100,detached,"terminal, depth=1, seed=False; inside this formation receives 97,900 KZT and sends 0 KZT (0% of its 0 KZT outflow)"
BRG-015,100000001463701100,detached,"terminal, depth=1, seed=False; inside this formation receives 621,000 KZT and sends 0 KZT (0% of its 0 KZT outflow)"
BRG-015,100000001831496100,detached,"abstained_single_observation, depth=3, seed=False; inside this formation receives 0 KZT and sends 373,000 KZT (100% of its 373,000 KZT outflow)"
BRG-015,100000001924185100,detached,"terminal, depth=1, seed=False; inside this formation receives 115,000 KZT and sends 0 KZT (0% of its 0 KZT outflow)"
BRG-015,100000002537811100,detached,"abstained_single_observation, depth=3, seed=False; inside this formation receives 52,000 KZT and sends 15,000 KZT (100% of its 15,000 KZT outflow)"
BRG-015,100000002596035100,detached,"terminal, depth=1, seed=False; inside this formation receives 231,570 KZT and sends 0 KZT (0% of its 0 KZT outflow)"
BRG-015,100000002605548100,detached,"terminal, depth=1, seed=False; inside this formation receives 93,480 KZT and sends 0 KZT (0% of its 0 KZT outflow)"
BRG-015,100000002720627100,detached,"terminal, depth=1, seed=False; inside this formation receives 199,300 KZT and sends 0 KZT (0% of its 0 KZT outflow)"
BRG-015,100000002760175100,detached,"terminal, depth=1, seed=False; inside this formation receives 187,410 KZT and sends 0 KZT (0% of its 0 KZT outflow)"
BRG-015,100000002774456100,detached,"terminal, depth=1, seed=False; inside this formation receives 50,363 KZT and sends 0 KZT (0% of its 0 KZT outflow)"
BRG-015,100000002941114100,detached,"peripheral, depth=1, seed=False; inside this formation receives 128,510 KZT and sends 15,000 KZT (100% of its 15,000 KZT outflow)"
BRG-015,100000002957306100,detached,"terminal, depth=1, seed=False; inside this formation receives 209,500 KZT and sends 0 KZT (0% of its 0 KZT outflow)"
BRG-015,100000003014659100,detached,"terminal, depth=1, seed=False; inside this formation receives 280,000 KZT and sends 0 KZT (0% of its 0 KZT outflow)"
BRG-015,100000003115284100,detached,"consolidator, depth=1, seed=False; inside this formation receives 837,500 KZT and sends 517,000 KZT (100% of its 517,000 KZT outflow)"
BRG-015,100000003360542100,detached,"peripheral, depth=2, seed=False; inside this formation receives 317,000 KZT and sends 51,800 KZT (100% of its 51,800 KZT outflow)"
BRG-015,100000003390036100,detached,"peripheral, depth=2, seed=False; inside this formation receives 231,300 KZT and sends 62,000 KZT (100% of its 62,000 KZT outflow)"
BRG-015,100000003622955100,detached,"abstained_boundary, depth=4, seed=False; inside this formation receives 15,000 KZT and sends 0 KZT (0% of its 0 KZT outflow)"
BRG-015,100000003809101100,detached,"peripheral, depth=1, seed=False; inside this formation receives 146,050 KZT and sends 45,000 KZT (82% of its 55,200 KZT outflow)"
BRG-015,100000004318918100,detached,"terminal, depth=1, seed=False; inside this formation receives 75,600 KZT and sends 0 KZT (0% of its 0 KZT outflow)"
BRG-015,100000004388353100,detached,"terminal, depth=1, seed=False; inside this formation receives 34,960 KZT and sends 0 KZT (0% of its 0 KZT outflow)"
BRG-015,100000004544958100,detached,"peripheral, depth=2, seed=False; inside this formation receives 168,000 KZT and sends 23,200 KZT (100% of its 23,200 KZT outflow)"
BRG-015,100000004571634100,detached,"abstained_boundary, depth=4, seed=False; inside this formation receives 20,000 KZT and sends 0 KZT (0% of its 0 KZT outflow)"
BRG-015,100000004601193100,detached,"abstained_boundary, depth=4, seed=False; inside this formation receives 84,000 KZT and sends 0 KZT (0% of its 0 KZT outflow)"
BRG-015,100000004674389100,detached,"abstained_boundary, depth=4, seed=False; inside this formation receives 15,000 KZT and sends 0 KZT (0% of its 0 KZT outflow)"
BRG-015,100000004674412100,detached,"abstained_boundary, depth=4, seed=False; inside this formation receives 46,000 KZT and sends 0 KZT (0% of its 0 KZT outflow)"
BRG-015,100000004677680100,detached,"peripheral, depth=1, seed=False; inside this formation receives 63,000 KZT and sends 168,000 KZT (100% of its 168,000 KZT outflow)"
BRG-015,100000005168487100,detached,"peripheral, depth=2, seed=False; inside this formation receives 15,000 KZT and sends 103,510 KZT (100% of its 103,510 KZT outflow)"
BRG-015,100000005475379100,detached,"peripheral, depth=3, seed=False; inside this formation receives 108,370 KZT and sends 81,000 KZT (100% of its 81,000 KZT outflow)"
BRG-015,100000005799271100,detached,"terminal, depth=2, seed=False; inside this formation receives 45,000 KZT and sends 0 KZT (0% of its 0 KZT outflow)"
BRG-015,100000005873152100,detached,"transit, depth=3, seed=False; inside this formation receives 10,000 KZT and sends 10,000 KZT (100% of its 10,000 KZT outflow)"
BRG-015,100000005897462100,detached,"terminal, depth=1, seed=False; inside this formation receives 98,400 KZT and sends 0 KZT (0% of its 0 KZT outflow)"
BRG-015,100000006445501100,detached,"terminal, depth=1, seed=False; inside this formation receives 91,000 KZT and sends 0 KZT (0% of its 0 KZT outflow)"
BRG-015,100000006476758100,detached,"terminal, depth=3, seed=False; inside this formation receives 5,200 KZT and sends 0 KZT (0% of its 0 KZT outflow)"
BRG-015,100000006745291100,detached,"terminal, depth=1, seed=False; inside this formation receives 82,534 KZT and sends 0 KZT (0% of its 0 KZT outflow)"
BRG-015,100000006789108100,detached,"terminal, depth=1, seed=False; inside this formation receives 37,500 KZT and sends 0 KZT (0% of its 0 KZT outflow)"
BRG-015,100000006852430100,detached,"terminal, depth=2, seed=False; inside this formation receives 37,000 KZT and sends 0 KZT (0% of its 0 KZT outflow)"
BRG-015,100000007129492100,detached,"peripheral, depth=1, seed=False; inside this formation receives 25,990 KZT and sends 37,000 KZT (100% of its 37,000 KZT outflow)"
BRG-015,100000007334196100,detached,"terminal, depth=1, seed=False; inside this formation receives 150,002 KZT and sends 0 KZT (0% of its 0 KZT outflow)"
BRG-015,100000008728457100,detached,"terminal, depth=1, seed=False; inside this formation receives 45,000 KZT and sends 0 KZT (0% of its 0 KZT outflow)"
BRG-015,100000008730846100,detached,"peripheral, depth=2, seed=False; inside this formation receives 0 KZT and sends 363,370 KZT (100% of its 363,370 KZT outflow)"
BRG-016,100000000375150100,detached,"abstained_boundary, depth=4, seed=False; inside this formation receives 300,000 KZT and sends 0 KZT (0% of its 0 KZT outflow)"
BRG-016,100000000733451100,detached,"peripheral, depth=3, seed=False; inside this formation receives 70,000 KZT and sends 300,000 KZT (100% of its 300,000 KZT outflow)"
BRG-016,100000000943371100,detached,"terminal, depth=2, seed=False; inside this formation receives 15,500 KZT and sends 0 KZT (0% of its 0 KZT outflow)"
BRG-016,100000001232297100,detached,"peripheral, depth=2, seed=False; inside this formation receives 5,000 KZT and sends 45,000 KZT (100% of its 45,000 KZT outflow)"
BRG-016,100000003270419100,detached,"terminal, depth=3, seed=False; inside this formation receives 150,000 KZT and sends 0 KZT (0% of its 0 KZT outflow)"
BRG-016,100000005074393100,cut_vertex,"coordinator, depth=1, seed=False; inside this formation receives 40,000 KZT and sends 685,500 KZT (100% of its 685,500 KZT outflow) [breaking point]"
BRG-016,100000005882013100,detached,"peripheral, depth=2, seed=False; inside this formation receives 135,000 KZT and sends 10,000 KZT (100% of its 10,000 KZT outflow)"
BRG-016,100000006424479100,detached,"peripheral, depth=2, seed=False; inside this formation receives 500,000 KZT and sends 220,000 KZT (100% of its 220,000 KZT outflow)"
BRG-016,100000006684930100,detached,"terminal, depth=2, seed=False; inside this formation receives 10,000 KZT and sends 0 KZT (0% of its 0 KZT outflow)"
BRG-016,100000008205937100,detached,"terminal, depth=2, seed=False; inside this formation receives 35,000 KZT and sends 0 KZT (0% of its 0 KZT outflow)"
BRG-017,100000000375150100,detached,"abstained_boundary, depth=4, seed=False; inside this formation receives 300,000 KZT and sends 0 KZT (0% of its 0 KZT outflow)"
BRG-017,100000000733451100,detached,"peripheral, depth=3, seed=False; inside this formation receives 70,000 KZT and sends 300,000 KZT (100% of its 300,000 KZT outflow)"
BRG-017,100000003270419100,detached,"terminal, depth=3, seed=False; inside this formation receives 150,000 KZT and sends 0 KZT (0% of its 0 KZT outflow)"
BRG-017,100000006424479100,cut_vertex,"peripheral, depth=2, seed=False; inside this formation receives 0 KZT and sends 220,000 KZT (100% of its 220,000 KZT outflow) [breaking point]"
BRG-018,100000000404740100,detached,"abstained_boundary, depth=4, seed=False; inside this formation receives 25,000 KZT and sends 0 KZT (0% of its 0 KZT outflow)"
BRG-018,100000000860514100,detached,"abstained_single_observation, depth=3, seed=False; inside this formation receives 12,000 KZT and sends 50,000 KZT (100% of its 50,000 KZT outflow)"
BRG-018,100000000926766100,detached,"abstained_single_observation, depth=3, seed=False; inside this formation receives 18,750 KZT and sends 6,000 KZT (100% of its 6,000 KZT outflow)"
BRG-018,100000001526235100,cut_vertex,"peripheral, depth=2, seed=False; inside this formation receives 26,000 KZT and sends 115,250 KZT (27% of its 432,750 KZT outflow) [breaking point]"
BRG-018,100000002708624100,detached,"terminal, depth=3, seed=False; inside this formation receives 25,000 KZT and sends 0 KZT (0% of its 0 KZT outflow)"
BRG-018,100000002984403100,detached,"abstained_single_observation, depth=3, seed=False; inside this formation receives 20,000 KZT and sends 25,000 KZT (100% of its 25,000 KZT outflow)"
BRG-018,100000004445291100,detached,"terminal, depth=3, seed=False; inside this formation receives 19,500 KZT and sends 0 KZT (0% of its 0 KZT outflow)"
BRG-018,100000005505655100,detached,"peripheral, depth=1, seed=False; inside this formation receives 20,000 KZT and sends 20,000 KZT (100% of its 20,000 KZT outflow)"
BRG-018,100000007811950100,detached,"abstained_boundary, depth=4, seed=False; inside this formation receives 50,000 KZT and sends 0 KZT (0% of its 0 KZT outflow)"
BRG-019,100000000408846100,detached,"terminal, depth=3, seed=False; inside this formation receives 40,500 KZT and sends 0 KZT (0% of its 0 KZT outflow)"
BRG-019,100000000791285100,detached,"peripheral, depth=3, seed=False; inside this formation receives 1,120,000 KZT and sends 650,000 KZT (100% of its 650,000 KZT outflow)"
BRG-019,100000001819396100,detached,"terminal, depth=3, seed=False; inside this formation receives 166,080 KZT and sends 0 KZT (0% of its 0 KZT outflow)"
BRG-019,100000002404112100,detached,"abstained_boundary, depth=4, seed=False; inside this formation receives 60,000 KZT and sends 0 KZT (0% of its 0 KZT outflow)"
BRG-019,100000002514975100,detached,"abstained_boundary, depth=4, seed=False; inside this formation receives 17,920 KZT and sends 0 KZT (0% of its 0 KZT outflow)"
BRG-019,100000002691583100,detached,"terminal, depth=3, seed=False; inside this formation receives 285,200 KZT and sends 0 KZT (0% of its 0 KZT outflow)"
BRG-019,100000003069463100,detached,"abstained_single_observation, depth=3, seed=False; inside this formation receives 11,500 KZT and sends 17,920 KZT (100% of its 17,920 KZT outflow)"
BRG-019,100000003122817100,detached,"terminal, depth=3, seed=False; inside this formation receives 444,680 KZT and sends 0 KZT (0% of its 0 KZT outflow)"
BRG-019,100000005621418100,detached,"abstained_boundary, depth=4, seed=False; inside this formation receives 30,000 KZT and sends 0 KZT (0% of its 0 KZT outflow)"
BRG-019,100000008461532100,cut_vertex,"peripheral, depth=2, seed=False; inside this formation receives 560,000 KZT and sends 2,079,590 KZT (82% of its 2,530,090 KZT outflow) [breaking point]"
BRG-019,100000008751349100,detached,"terminal, depth=3, seed=False; inside this formation receives 11,630 KZT and sends 0 KZT (0% of its 0 KZT outflow)"
BRG-020,100000000413678100,detached,"peripheral, depth=3, seed=False; inside this formation receives 150,000 KZT and sends 528,198 KZT (100% of its 528,198 KZT outflow)"
BRG-020,100000001363952100,detached,"peripheral, depth=1, seed=False; inside this formation receives 127,500 KZT and sends 91,000 KZT (100% of its 91,000 KZT outflow)"
BRG-020,100000002596039100,detached,"abstained_boundary, depth=4, seed=False; inside this formation receives 280,000 KZT and sends 0 KZT (0% of its 0 KZT outflow)"
BRG-020,100000002779485100,detached,"terminal, depth=2, seed=False; inside this formation receives 91,000 KZT and sends 0 KZT (0% of its 0 KZT outflow)"
BRG-020,100000002968096100,detached,"abstained_boundary, depth=4, seed=False; inside this formation receives 70,000 KZT and sends 0 KZT (0% of its 0 KZT outflow)"
BRG-020,100000003447411100,detached,"abstained_boundary, depth=4, seed=False; inside this formation receives 302,000 KZT and sends 0 KZT (0% of its 0 KZT outflow)"
BRG-020,100000003448713100,detached,"abstained_boundary, depth=4, seed=False; inside this formation receives 266,750 KZT and sends 0 KZT (0% of its 0 KZT outflow)"
BRG-020,100000003819173100,detached,"abstained_boundary, depth=4, seed=False; inside this formation receives 143,777 KZT and sends 0 KZT (0% of its 0 KZT outflow)"
BRG-020,100000003880331100,cut_vertex,"peripheral, depth=3, seed=False; inside this formation receives 0 KZT and sends 1,670,027 KZT (43% of its 3,904,908 KZT outflow) [breaking point]"
BRG-020,100000003985389100,detached,"abstained_boundary, depth=4, seed=False; inside this formation receives 422,698 KZT and sends 0 KZT (0% of its 0 KZT outflow)"
BRG-020,100000006689603100,detached,"abstained_boundary, depth=4, seed=False; inside this formation receives 400,000 KZT and sends 0 KZT (0% of its 0 KZT outflow)"
BRG-020,100000007960337100,detached,"abstained_boundary, depth=4, seed=False; inside this formation receives 35,500 KZT and sends 0 KZT (0% of its 0 KZT outflow)"
BRG-021,100000000413678100,cut_vertex,"peripheral, depth=3, seed=False; inside this formation receives 0 KZT and sends 528,198 KZT (100% of its 528,198 KZT outflow) [breaking point]"
BRG-021,100000002968096100,detached,"abstained_boundary, depth=4, seed=False; inside this formation receives 70,000 KZT and sends 0 KZT (0% of its 0 KZT outflow)"
BRG-021,100000003985389100,detached,"abstained_boundary, depth=4, seed=False; inside this formation receives 422,698 KZT and sends 0 KZT (0% of its 0 KZT outflow)"
BRG-021,100000007960337100,detached,"abstained_boundary, depth=4, seed=False; inside this formation receives 35,500 KZT and sends 0 KZT (0% of its 0 KZT outflow)"
BRG-022,100000000424935100,detached,"abstained_boundary, depth=4, seed=False; inside this formation receives 15,000 KZT and sends 0 KZT (0% of its 0 KZT outflow)"
BRG-022,100000000581682100,detached,"abstained_boundary, depth=4, seed=False; inside this formation receives 5,000 KZT and sends 0 KZT (0% of its 0 KZT outflow)"
BRG-022,100000002860934100,detached,"abstained_boundary, depth=4, seed=False; inside this formation receives 279,500 KZT and sends 0 KZT (0% of its 0 KZT outflow)"
BRG-022,100000003001138100,detached,"abstained_boundary, depth=4, seed=False; inside this formation receives 30,000 KZT and sends 0 KZT (0% of its 0 KZT outflow)"
BRG-022,100000003001661100,cut_vertex,"peripheral, depth=3, seed=False; inside this formation receives 0 KZT and sends 329,500 KZT (75% of its 439,500 KZT outflow) [breaking point]"
BRG-023,100000000425407100,detached,"terminal, depth=2, seed=False; inside this formation receives 20,000 KZT and sends 0 KZT (0% of its 0 KZT outflow)"
BRG-023,100000000912487100,detached,"terminal, depth=2, seed=False; inside this formation receives 10,000 KZT and sends 0 KZT (0% of its 0 KZT outflow)"
BRG-023,100000001251686100,detached,"terminal, depth=2, seed=False; inside this formation receives 18,000 KZT and sends 0 KZT (0% of its 0 KZT outflow)"
BRG-023,100000001339466100,detached,"terminal, depth=2, seed=False; inside this formation receives 30,000 KZT and sends 0 KZT (0% of its 0 KZT outflow)"
BRG-023,100000002306369100,detached,"peripheral, depth=1, seed=False; inside this formation receives 0 KZT and sends 134,000 KZT (51% of its 260,900 KZT outflow)"
BRG-023,100000002432143100,detached,"terminal, depth=2, seed=False; inside this formation receives 81,310 KZT and sends 0 KZT (0% of its 0 KZT outflow)"
BRG-023,100000002757240100,detached,"terminal, depth=2, seed=False; inside this formation receives 51,183 KZT and sends 0 KZT (0% of its 0 KZT outflow)"
BRG-023,100000002947299100,detached,"terminal, depth=2, seed=False; inside this formation receives 85,000 KZT and sends 0 KZT (0% of its 0 KZT outflow)"
BRG-023,100000002983879100,detached,"terminal, depth=2, seed=False; inside this formation receives 114,100 KZT and sends 0 KZT (0% of its 0 KZT outflow)"
BRG-023,100000006564102100,detached,"terminal, depth=2, seed=False; inside this formation receives 233,235 KZT and sends 0 KZT (0% of its 0 KZT outflow)"
BRG-023,100000006679055100,detached,"terminal, depth=2, seed=False; inside this formation receives 25,000 KZT and sends 0 KZT (0% of its 0 KZT outflow)"
BRG-023,100000008165763100,cut_vertex,"transit, depth=1, seed=False; inside this formation receives 114,000 KZT and sends 772,828 KZT (61% of its 1,267,858 KZT outflow) [breaking point]"
BRG-023,100000008531186100,detached,"terminal, depth=2, seed=False; inside this formation receives 125,000 KZT and sends 0 KZT (0% of its 0 KZT outflow)"
BRG-024,100000000440392100,detached,"terminal, depth=1, seed=False; inside this formation receives 105,705 KZT and sends 0 KZT (0% of its 0 KZT outflow)"
BRG-024,100000000733373100,detached,"terminal, depth=2, seed=False; inside this formation receives 10,710 KZT and sends 0 KZT (0% of its 0 KZT outflow)"
BRG-024,100000000765628100,detached,"terminal, depth=2, seed=False; inside this formation receives 5,000 KZT and sends 0 KZT (0% of its 0 KZT outflow)"
BRG-024,100000001530740100,detached,"terminal, depth=2, seed=False; inside this formation receives 15,000 KZT and sends 0 KZT (0% of its 0 KZT outflow)"
BRG-024,100000001567366100,detached,"terminal, depth=1, seed=False; inside this formation receives 824,070 KZT and sends 0 KZT (0% of its 0 KZT outflow)"
BRG-024,100000001684867100,detached,"terminal, depth=1, seed=False; inside this formation receives 30,550 KZT and sends 0 KZT (0% of its 0 KZT outflow)"
BRG-024,100000001805543100,detached,"terminal, depth=1, seed=False; inside this formation receives 59,000 KZT and sends 0 KZT (0% of its 0 KZT outflow)"
BRG-024,100000001851289100,detached,"terminal, depth=1, seed=False; inside this formation receives 109,510 KZT and sends 0 KZT (0% of its 0 KZT outflow)"
BRG-024,100000002173161100,detached,"terminal, depth=1, seed=False; inside this formation receives 869,500 KZT and sends 0 KZT (0% of its 0 KZT outflow)"
BRG-024,100000002580377100,detached,"peripheral, depth=1, seed=False; inside this formation receives 37,750 KZT and sends 5,000 KZT (100% of its 5,000 KZT outflow)"
BRG-024,100000002621915100,detached,"terminal, depth=2, seed=False; inside this formation receives 5,000 KZT and sends 0 KZT (0% of its 0 KZT outflow)"
BRG-024,100000002705460100,detached,"terminal, depth=3, seed=False; inside this formation receives 95,000 KZT and sends 0 KZT (0% of its 0 KZT outflow)"
BRG-024,100000002778085100,detached,"terminal, depth=1, seed=False; inside this formation receives 66,208 KZT and sends 0 KZT (0% of its 0 KZT outflow)"
BRG-024,100000002793851100,detached,"terminal, depth=1, seed=False; inside this formation receives 11,052 KZT and sends 0 KZT (0% of its 0 KZT outflow)"
BRG-024,100000002861485100,detached,"terminal, depth=1, seed=False; inside this formation receives 29,323 KZT and sends 0 KZT (0% of its 0 KZT outflow)"
BRG-024,100000002890167100,detached,"terminal, depth=1, seed=False; inside this formation receives 118,150 KZT and sends 0 KZT (0% of its 0 KZT outflow)"
BRG-024,100000002952631100,detached,"terminal, depth=1, seed=False; inside this formation receives 48,050 KZT and sends 0 KZT (0% of its 0 KZT outflow)"
BRG-024,100000003001564100,detached,"abstained_single_observation, depth=1, seed=False; inside this formation receives 23,520 KZT and sends 180,000 KZT (100% of its 180,000 KZT outflow)"
BRG-024,100000003016635100,cut_vertex,"distributor, depth=0, seed=True; inside this formation receives 54,281 KZT and sends 5,066,351 KZT (54% of its 9,414,081 KZT outflow) [breaking point]"
BRG-024,100000003039473100,detached,"terminal, depth=2, seed=False; inside this formation receives 23,000 KZT and sends 0 KZT (0% of its 0 KZT outflow)"
BRG-024,100000003042994100,detached,"terminal, depth=1, seed=False; inside this formation receives 286,086 KZT and sends 0 KZT (0% of its 0 KZT outflow)"
BRG-024,100000003057225100,detached,"terminal, depth=1, seed=False; inside this formation receives 236,000 KZT and sends 0 KZT (0% of its 0 KZT outflow)"
BRG-024,100000003134937100,detached,"terminal, depth=1, seed=False; inside this formation receives 10,286 KZT and sends 0 KZT (0% of its 0 KZT outflow)"
BRG-024,100000003163256100,detached,"transit, depth=1, seed=False; inside this formation receives 13,485 KZT and sends 15,000 KZT (100% of its 15,000 KZT outflow)"
BRG-024,100000003191430100,detached,"terminal, depth=2, seed=False; inside this formation receives 180,000 KZT and sends 0 KZT (0% of its 0 KZT outflow)"
BRG-024,100000003713616100,detached,"terminal, depth=1, seed=False; inside this formation receives 15,893 KZT and sends 0 KZT (0% of its 0 KZT outflow)"
BRG-024,100000003886323100,detached,"peripheral, depth=1, seed=False; inside this formation receives 78,168 KZT and sends 7,650 KZT (100% of its 7,650 KZT outflow)"
BRG-024,100000003900547100,detached,"terminal, depth=1, seed=False; inside this formation receives 23,700 KZT and sends 0 KZT (0% of its 0 KZT outflow)"
BRG-024,100000004188160100,detached,"peripheral, depth=1, seed=False; inside this formation receives 79,262 KZT and sends 127,846 KZT (96% of its 133,846 KZT outflow)"
BRG-024,100000004206046100,detached,"terminal, depth=1, seed=False; inside this formation receives 11,075 KZT and sends 0 KZT (0% of its 0 KZT outflow)"
BRG-024,100000004330371100,detached,"peripheral, depth=1, seed=False; inside this formation receives 264,171 KZT and sends 90,681 KZT (100% of its 90,681 KZT outflow)"
BRG-024,100000004360785100,detached,"terminal, depth=1, seed=False; inside this formation receives 94,705 KZT and sends 0 KZT (0% of its 0 KZT outflow)"
BRG-024,100000004408683100,detached,"terminal, depth=1, seed=False; inside this formation receives 112,920 KZT and sends 0 KZT (0% of its 0 KZT outflow)"
BRG-024,100000004559194100,detached,"terminal, depth=1, seed=False; inside this formation receives 282,145 KZT and sends 0 KZT (0% of its 0 KZT outflow)"
BRG-024,100000004588479100,detached,"terminal, depth=1, seed=False; inside this formation receives 177,633 KZT and sends 0 KZT (0% of its 0 KZT outflow)"
BRG-024,100000004741837100,detached,"terminal, depth=1, seed=False; inside this formation receives 25,596 KZT and sends 0 KZT (0% of its 0 KZT outflow)"
BRG-024,100000004790991100,detached,"terminal, depth=1, seed=False; inside this formation receives 239,413 KZT and sends 0 KZT (0% of its 0 KZT outflow)"
BRG-024,100000005539201100,detached,"abstained_single_observation, depth=1, seed=False; inside this formation receives 45,504 KZT and sends 25,000 KZT (100% of its 25,000 KZT outflow)"
BRG-024,100000005660203100,detached,"peripheral, depth=2, seed=False; inside this formation receives 572,899 KZT and sends 41,000 KZT (100% of its 41,000 KZT outflow)"
BRG-024,100000006161893100,detached,"terminal, depth=2, seed=False; inside this formation receives 14,000 KZT and sends 0 KZT (0% of its 0 KZT outflow)"
BRG-024,100000006177176100,detached,"terminal, depth=1, seed=False; inside this formation receives 8,911 KZT and sends 0 KZT (0% of its 0 KZT outflow)"
BRG-024,100000006518161100,detached,"transit, depth=1, seed=False; inside this formation receives 544,200 KZT and sends 595,899 KZT (100% of its 595,899 KZT outflow)"
BRG-024,100000006534886100,detached,"peripheral, depth=2, seed=False; inside this formation receives 71,700 KZT and sends 167,500 KZT (100% of its 167,500 KZT outflow)"
BRG-024,100000006658598100,detached,"terminal, depth=1, seed=False; inside this formation receives 9,000 KZT and sends 0 KZT (0% of its 0 KZT outflow)"
BRG-024,100000006882208100,detached,"terminal, depth=3, seed=False; inside this formation receives 18,000 KZT and sends 0 KZT (0% of its 0 KZT outflow)"
BRG-024,100000006952718100,detached,"terminal, depth=1, seed=False; inside this formation receives 71,489 KZT and sends 0 KZT (0% of its 0 KZT outflow)"
BRG-024,100000007281639100,detached,"terminal, depth=1, seed=False; inside this formation receives 147,000 KZT and sends 0 KZT (0% of its 0 KZT outflow)"
BRG-024,100000007641183100,detached,"terminal, depth=1, seed=False; inside this formation receives 28,000 KZT and sends 0 KZT (0% of its 0 KZT outflow)"
BRG-024,100000007749092100,detached,"peripheral, depth=2, seed=False; inside this formation receives 7,650 KZT and sends 70,375 KZT (100% of its 70,375 KZT outflow)"
BRG-024,100000008116374100,detached,"terminal, depth=1, seed=False; inside this formation receives 31,284 KZT and sends 0 KZT (0% of its 0 KZT outflow)"
BRG-024,100000008169544100,detached,"peripheral, depth=1, seed=False; inside this formation receives 137,104 KZT and sends 22,300 KZT (52% of its 42,800 KZT outflow)"
BRG-024,100000008173359100,detached,"terminal, depth=1, seed=False; inside this formation receives 6,110 KZT and sends 0 KZT (0% of its 0 KZT outflow)"
BRG-024,100000008174521100,detached,"terminal, depth=2, seed=False; inside this formation receives 82,110 KZT and sends 0 KZT (0% of its 0 KZT outflow)"
BRG-024,100000008486520100,detached,"peripheral, depth=1, seed=False; inside this formation receives 35,720 KZT and sends 14,000 KZT (100% of its 14,000 KZT outflow)"
BRG-024,100000008531133100,detached,"peripheral, depth=2, seed=False; inside this formation receives 25,000 KZT and sends 126,772 KZT (80% of its 158,272 KZT outflow)"
BRG-024,100000008724279100,detached,"terminal, depth=1, seed=False; inside this formation receives 11,750 KZT and sends 0 KZT (0% of its 0 KZT outflow)"
BRG-024,100000008762728100,detached,"terminal, depth=2, seed=False; inside this formation receives 17,026 KZT and sends 0 KZT (0% of its 0 KZT outflow)"
BRG-025,100000000470237100,detached,"abstained_boundary, depth=4, seed=False; inside this formation receives 32,500 KZT and sends 0 KZT (0% of its 0 KZT outflow)"
BRG-025,100000000838385100,detached,"peripheral, depth=3, seed=False; inside this formation receives 436,900 KZT and sends 177,500 KZT (100% of its 177,500 KZT outflow)"
BRG-025,100000004377043100,detached,"abstained_boundary, depth=4, seed=False; inside this formation receives 5,700 KZT and sends 0 KZT (0% of its 0 KZT outflow)"
BRG-025,100000004407753100,detached,"peripheral, depth=3, seed=False; inside this formation receives 250,000 KZT and sends 100,000 KZT (100% of its 100,000 KZT outflow)"
BRG-025,100000006965162100,detached,"terminal, depth=3, seed=False; inside this formation receives 10,000 KZT and sends 0 KZT (0% of its 0 KZT outflow)"
BRG-025,100000007382543100,cut_vertex,"peripheral, depth=2, seed=False; inside this formation receives 100,000 KZT and sends 317,000 KZT (74% of its 427,000 KZT outflow) [breaking point]"
BRG-025,100000008213966100,detached,"peripheral, depth=2, seed=False; inside this formation receives 164,004 KZT and sends 436,900 KZT (100% of its 436,900 KZT outflow)"
BRG-025,100000008655779100,detached,"peripheral, depth=3, seed=False; inside this formation receives 47,000 KZT and sends 24,704 KZT (100% of its 24,704 KZT outflow)"
BRG-025,100000008708025100,detached,"terminal, depth=3, seed=False; inside this formation receives 10,000 KZT and sends 0 KZT (0% of its 0 KZT outflow)"
BRG-026,100000000470237100,detached,"abstained_boundary, depth=4, seed=False; inside this formation receives 32,500 KZT and sends 0 KZT (0% of its 0 KZT outflow)"
BRG-026,100000000838385100,detached,"peripheral, depth=3, seed=False; inside this formation receives 436,900 KZT and sends 177,500 KZT (100% of its 177,500 KZT outflow)"
BRG-026,100000004377043100,detached,"abstained_boundary, depth=4, seed=False; inside this formation receives 5,700 KZT and sends 0 KZT (0% of its 0 KZT outflow)"
BRG-026,100000008213966100,detached,"peripheral, depth=2, seed=False; inside this formation receives 164,004 KZT and sends 436,900 KZT (100% of its 436,900 KZT outflow)"
BRG-026,100000008655779100,cut_vertex,"peripheral, depth=3, seed=False; inside this formation receives 0 KZT and sends 24,704 KZT (100% of its 24,704 KZT outflow) [breaking point]"
BRG-027,100000000481716100,detached,"terminal, depth=3, seed=False; inside this formation receives 8,000 KZT and sends 0 KZT (0% of its 0 KZT outflow)"
BRG-027,100000001249054100,detached,"abstained_boundary, depth=4, seed=False; inside this formation receives 17,375 KZT and sends 0 KZT (0% of its 0 KZT outflow)"
BRG-027,100000001276409100,detached,"abstained_boundary, depth=4, seed=False; inside this formation receives 94,760 KZT and sends 0 KZT (0% of its 0 KZT outflow)"
BRG-027,100000002188586100,detached,"abstained_boundary, depth=4, seed=False; inside this formation receives 38,310 KZT and sends 0 KZT (0% of its 0 KZT outflow)"
BRG-027,100000002506987100,detached,"abstained_boundary, depth=4, seed=False; inside this formation receives 28,200 KZT and sends 0 KZT (0% of its 0 KZT outflow)"
BRG-027,100000002528978100,detached,"abstained_boundary, depth=4, seed=False; inside this formation receives 15,900 KZT and sends 0 KZT (0% of its 0 KZT outflow)"
BRG-027,100000002609774100,detached,"abstained_single_observation, depth=1, seed=False; inside this formation receives 0 KZT and sends 27,500 KZT (100% of its 27,500 KZT outflow)"
BRG-027,100000002660298100,detached,"abstained_boundary, depth=4, seed=False; inside this formation receives 30,900 KZT and sends 0 KZT (0% of its 0 KZT outflow)"
BRG-027,100000002689717100,detached,"abstained_boundary, depth=4, seed=False; inside this formation receives 47,500 KZT and sends 0 KZT (0% of its 0 KZT outflow)"
BRG-027,100000002695812100,detached,"abstained_boundary, depth=4, seed=False; inside this formation receives 95,000 KZT and sends 0 KZT (0% of its 0 KZT outflow)"
BRG-027,100000002702968100,detached,"abstained_boundary, depth=4, seed=False; inside this formation receives 31,600 KZT and sends 0 KZT (0% of its 0 KZT outflow)"
BRG-027,100000002729875100,detached,"abstained_boundary, depth=4, seed=False; inside this formation receives 76,000 KZT and sends 0 KZT (0% of its 0 KZT outflow)"
BRG-027,100000002733083100,detached,"abstained_boundary, depth=4, seed=False; inside this formation receives 15,200 KZT and sends 0 KZT (0% of its 0 KZT outflow)"
BRG-027,100000002748040100,detached,"abstained_boundary, depth=4, seed=False; inside this formation receives 18,000 KZT and sends 0 KZT (0% of its 0 KZT outflow)"
BRG-027,100000002791494100,detached,"abstained_boundary, depth=4, seed=False; inside this formation receives 85,860 KZT and sends 0 KZT (0% of its 0 KZT outflow)"
BRG-027,100000003040087100,detached,"abstained_boundary, depth=4, seed=False; inside this formation receives 29,000 KZT and sends 0 KZT (0% of its 0 KZT outflow)"
BRG-027,100000003083865100,detached,"abstained_boundary, depth=4, seed=False; inside this formation receives 15,000 KZT and sends 0 KZT (0% of its 0 KZT outflow)"
BRG-027,100000003096787100,detached,"abstained_boundary, depth=4, seed=False; inside this formation receives 16,400 KZT and sends 0 KZT (0% of its 0 KZT outflow)"
BRG-027,100000003166017100,detached,"abstained_boundary, depth=4, seed=False; inside this formation receives 15,000 KZT and sends 0 KZT (0% of its 0 KZT outflow)"
BRG-027,100000004750321100,detached,"terminal, depth=3, seed=False; inside this formation receives 44,695 KZT and sends 0 KZT (0% of its 0 KZT outflow)"
BRG-027,100000004890713100,detached,"abstained_boundary, depth=4, seed=False; inside this formation receives 40,485 KZT and sends 0 KZT (0% of its 0 KZT outflow)"
BRG-027,100000005567828100,detached,"abstained_boundary, depth=4, seed=False; inside this formation receives 94,000 KZT and sends 0 KZT (0% of its 0 KZT outflow)"
BRG-027,100000005704413100,cut_vertex,"distributor, depth=3, seed=False; inside this formation receives 20,000 KZT and sends 1,016,798 KZT (75% of its 1,363,593 KZT outflow) [breaking point]"
BRG-027,100000007510567100,detached,"abstained_boundary, depth=4, seed=False; inside this formation receives 52,000 KZT and sends 0 KZT (0% of its 0 KZT outflow)"
BRG-027,100000008071749100,detached,"abstained_boundary, depth=4, seed=False; inside this formation receives 24,943 KZT and sends 0 KZT (0% of its 0 KZT outflow)"
BRG-027,100000008104567100,detached,"peripheral, depth=2, seed=False; inside this formation receives 27,500 KZT and sends 28,000 KZT (70% of its 40,000 KZT outflow)"
BRG-027,100000008251939100,detached,"abstained_boundary, depth=4, seed=False; inside this formation receives 44,360 KZT and sends 0 KZT (0% of its 0 KZT outflow)"
BRG-027,100000008628818100,detached,"abstained_boundary, depth=4, seed=False; inside this formation receives 46,310 KZT and sends 0 KZT (0% of its 0 KZT outflow)"
BRG-028,100000000489417100,detached,"transit, depth=2, seed=False; inside this formation receives 25,000 KZT and sends 80,000 KZT (100% of its 80,000 KZT outflow)"
BRG-028,100000000560751100,detached,"terminal, depth=3, seed=False; inside this formation receives 25,000 KZT and sends 0 KZT (0% of its 0 KZT outflow)"
BRG-028,100000000870121100,detached,"terminal, depth=3, seed=False; inside this formation receives 12,000 KZT and sends 0 KZT (0% of its 0 KZT outflow)"
BRG-028,100000001065481100,detached,"abstained_boundary, depth=4, seed=False; inside this formation receives 16,000 KZT and sends 0 KZT (0% of its 0 KZT outflow)"
BRG-028,100000001236706100,detached,"peripheral, depth=3, seed=False; inside this formation receives 106,900 KZT and sends 36,000 KZT (100% of its 36,000 KZT outflow)"
BRG-028,100000001429930100,detached,"terminal, depth=0, seed=True; inside this formation receives 26,000 KZT and sends 0 KZT (0% of its 0 KZT outflow)"
BRG-028,100000002818726100,detached,"terminal, depth=3, seed=False; inside this formation receives 10,879 KZT and sends 0 KZT (0% of its 0 KZT outflow)"
BRG-028,100000002945031100,detached,"terminal, depth=3, seed=False; inside this formation receives 15,000 KZT and sends 0 KZT (0% of its 0 KZT outflow)"
BRG-028,100000003050771100,detached,"terminal, depth=3, seed=False; inside this formation receives 229,000 KZT and sends 0 KZT (0% of its 0 KZT outflow)"
BRG-028,100000003146511100,detached,"abstained_boundary, depth=4, seed=False; inside this formation receives 10,000 KZT and sends 0 KZT (0% of its 0 KZT outflow)"
BRG-028,100000003232675100,detached,"abstained_boundary, depth=4, seed=False; inside this formation receives 44,000 KZT and sends 0 KZT (0% of its 0 KZT outflow)"
BRG-028,100000003370425100,detached,"abstained_boundary, depth=4, seed=False; inside this formation receives 20,000 KZT and sends 0 KZT (0% of its 0 KZT outflow)"
BRG-028,100000003568904100,detached,"abstained_boundary, depth=4, seed=False; inside this formation receives 49,000 KZT and sends 0 KZT (0% of its 0 KZT outflow)"
BRG-028,100000003718715100,detached,"abstained_boundary, depth=4, seed=False; inside this formation receives 915,000 KZT and sends 0 KZT (0% of its 0 KZT outflow)"
BRG-028,100000003843844100,detached,"abstained_single_observation, depth=3, seed=False; inside this formation receives 16,680 KZT and sends 238,000 KZT (100% of its 238,000 KZT outflow)"
BRG-028,100000004004621100,detached,"terminal, depth=1, seed=False; inside this formation receives 25,361 KZT and sends 0 KZT (0% of its 0 KZT outflow)"
BRG-028,100000004019056100,detached,"abstained_boundary, depth=4, seed=False; inside this formation receives 50,000 KZT and sends 0 KZT (0% of its 0 KZT outflow)"
BRG-028,100000004167082100,detached,"abstained_boundary, depth=4, seed=False; inside this formation receives 13,300 KZT and sends 0 KZT (0% of its 0 KZT outflow)"
BRG-028,100000004183610100,detached,"peripheral, depth=3, seed=False; inside this formation receives 22,000 KZT and sends 915,000 KZT (100% of its 915,000 KZT outflow)"
BRG-028,100000004340038100,detached,"abstained_single_observation, depth=3, seed=False; inside this formation receives 9,978 KZT and sends 49,000 KZT (100% of its 49,000 KZT outflow)"
BRG-028,100000004472936100,detached,"abstained_boundary, depth=4, seed=False; inside this formation receives 5,000 KZT and sends 0 KZT (0% of its 0 KZT outflow)"
BRG-028,100000004877085100,detached,"peripheral, depth=3, seed=False; inside this formation receives 25,000 KZT and sends 95,600 KZT (100% of its 95,600 KZT outflow)"
BRG-028,100000005037490100,detached,"peripheral, depth=3, seed=False; inside this formation receives 15,000 KZT and sends 30,000 KZT (100% of its 30,000 KZT outflow)"
BRG-028,100000005053653100,detached,"peripheral, depth=2, seed=False; inside this formation receives 33,873 KZT and sends 25,000 KZT (100% of its 25,000 KZT outflow)"
BRG-028,100000005370580100,detached,"terminal, depth=0, seed=True; inside this formation receives 24,075 KZT and sends 0 KZT (0% of its 0 KZT outflow)"
BRG-028,100000005454368100,detached,"terminal, depth=0, seed=True; inside this formation receives 29,600 KZT and sends 0 KZT (0% of its 0 KZT outflow)"
BRG-028,100000005709551100,detached,"terminal, depth=3, seed=False; inside this formation receives 24,560 KZT and sends 0 KZT (0% of its 0 KZT outflow)"
BRG-028,100000005711521100,detached,"abstained_boundary, depth=4, seed=False; inside this formation receives 238,000 KZT and sends 0 KZT (0% of its 0 KZT outflow)"
BRG-028,100000006020215100,detached,"transit, depth=3, seed=False; inside this formation receives 30,000 KZT and sends 13,300 KZT (39% of its 33,800 KZT outflow)"
BRG-028,100000006490615100,detached,"abstained_boundary, depth=4, seed=False; inside this formation receives 41,600 KZT and sends 0 KZT (0% of its 0 KZT outflow)"
BRG-028,100000006714366100,detached,"abstained_single_observation, depth=3, seed=False; inside this formation receives 10,500 KZT and sends 5,000 KZT (100% of its 5,000 KZT outflow)"
BRG-028,100000007591246100,detached,"abstained_single_observation, depth=3, seed=False; inside this formation receives 0 KZT and sends 120,000 KZT (100% of its 120,000 KZT outflow)"
BRG-028,100000007648946100,detached,"abstained_single_observation, depth=1, seed=False; inside this formation receives 0 KZT and sends 25,000 KZT (100% of its 25,000 KZT outflow)"
BRG-028,100000007653094100,detached,"abstained_boundary, depth=4, seed=False; inside this formation receives 16,000 KZT and sends 0 KZT (0% of its 0 KZT outflow)"
BRG-028,100000008003034100,detached,"peripheral, depth=1, seed=False; inside this formation receives 0 KZT and sends 77,000 KZT (57% of its 135,000 KZT outflow)"
BRG-028,100000008088082100,detached,"abstained_single_observation, depth=3, seed=False; inside this formation receives 39,138 KZT and sends 50,000 KZT (100% of its 50,000 KZT outflow)"
BRG-028,100000008346837100,cut_vertex,"distributor, depth=2, seed=False; inside this formation receives 28,500 KZT and sends 658,213 KZT (52% of its 1,258,643 KZT outflow) [breaking point]"
BRG-028,100000008356606100,detached,"terminal, depth=2, seed=False; inside this formation receives 168,500 KZT and sends 0 KZT (0% of its 0 KZT outflow)"
BRG-028,100000008571443100,detached,"terminal, depth=2, seed=False; inside this formation receives 40,000 KZT and sends 0 KZT (0% of its 0 KZT outflow)"
BRG-028,100000008733194100,detached,"coordinator, depth=2, seed=False; inside this formation receives 135,344 KZT and sends 128,675 KZT (81% of its 159,695 KZT outflow)"
BRG-029,100000000489417100,detached,"transit, depth=2, seed=False; inside this formation receives 25,000 KZT and sends 80,000 KZT (100% of its 80,000 KZT outflow)"
BRG-029,100000001236706100,cut_vertex,"peripheral, depth=3, seed=False; inside this formation receives 80,000 KZT and sends 36,000 KZT (100% of its 36,000 KZT outflow) [breaking point]"
BRG-029,100000003370425100,detached,"abstained_boundary, depth=4, seed=False; inside this formation receives 20,000 KZT and sends 0 KZT (0% of its 0 KZT outflow)"
BRG-029,100000007648946100,detached,"abstained_single_observation, depth=1, seed=False; inside this formation receives 0 KZT and sends 25,000 KZT (100% of its 25,000 KZT outflow)"
BRG-029,100000007653094100,detached,"abstained_boundary, depth=4, seed=False; inside this formation receives 16,000 KZT and sends 0 KZT (0% of its 0 KZT outflow)"
BRG-030,100000000500040100,detached,"abstained_boundary, depth=4, seed=False; inside this formation receives 20,000 KZT and sends 0 KZT (0% of its 0 KZT outflow)"
BRG-030,100000003213473100,cut_vertex,"peripheral, depth=3, seed=False; inside this formation receives 0 KZT and sends 116,000 KZT (48% of its 240,000 KZT outflow) [breaking point]"
BRG-030,100000003230328100,detached,"abstained_boundary, depth=4, seed=False; inside this formation receives 10,000 KZT and sends 0 KZT (0% of its 0 KZT outflow)"
BRG-030,100000004291663100,detached,"abstained_boundary, depth=4, seed=False; inside this formation receives 25,000 KZT and sends 0 KZT (0% of its 0 KZT outflow)"
BRG-030,100000007381662100,detached,"abstained_boundary, depth=4, seed=False; inside this formation receives 11,000 KZT and sends 0 KZT (0% of its 0 KZT outflow)"
BRG-030,100000007731977100,detached,"abstained_boundary, depth=4, seed=False; inside this formation receives 50,000 KZT and sends 0 KZT (0% of its 0 KZT outflow)"
BRG-031,100000000552584100,detached,"peripheral, depth=3, seed=False; inside this formation receives 2,500,000 KZT and sends 57,500 KZT (100% of its 57,500 KZT outflow)"
BRG-031,100000000594783100,detached,"peripheral, depth=3, seed=False; inside this formation receives 2,635,000 KZT and sends 152,500 KZT (100% of its 152,500 KZT outflow)"
BRG-031,100000002224132100,cut_vertex,"coordinator, depth=2, seed=False; inside this formation receives 1,050,300 KZT and sends 12,115,000 KZT (100% of its 12,115,000 KZT outflow) [breaking point]"
BRG-031,100000004603109100,detached,"peripheral, depth=3, seed=False; inside this formation receives 2,730,000 KZT and sends 400,000 KZT (100% of its 400,000 KZT outflow)"
BRG-031,100000004892144100,detached,"peripheral, depth=3, seed=False; inside this formation receives 4,500,000 KZT and sends 180,300 KZT (100% of its 180,300 KZT outflow)"
BRG-031,100000005664922100,detached,"peripheral, depth=2, seed=False; inside this formation receives 5,000 KZT and sends 537,000 KZT (100% of its 537,000 KZT outflow)"
BRG-031,100000008042075100,detached,"terminal, depth=3, seed=False; inside this formation receives 5,000 KZT and sends 0 KZT (0% of its 0 KZT outflow)"
BRG-031,100000008686247100,detached,"peripheral, depth=3, seed=False; inside this formation receives 22,000 KZT and sends 5,000 KZT (100% of its 5,000 KZT outflow)"
BRG-032,100000000561160100,detached,"abstained_boundary, depth=4, seed=False; inside this formation receives 240,000 KZT and sends 0 KZT (0% of its 0 KZT outflow)"
BRG-032,100000003528285100,cut_vertex,"coordinator, depth=3, seed=False; inside this formation receives 0 KZT and sends 345,000 KZT (63% of its 548,000 KZT outflow) [breaking point]"
BRG-032,100000004107228100,detached,"abstained_boundary, depth=4, seed=False; inside this formation receives 5,000 KZT and sends 0 KZT (0% of its 0 KZT outflow)"
BRG-032,100000004417753100,detached,"terminal, depth=3, seed=False; inside this formation receives 100,000 KZT and sends 0 KZT (0% of its 0 KZT outflow)"
BRG-033,100000000569479100,detached,"terminal, depth=3, seed=False; inside this formation receives 320,000 KZT and sends 0 KZT (0% of its 0 KZT outflow)"
BRG-033,100000003134934100,detached,"terminal, depth=2, seed=False; inside this formation receives 116,800 KZT and sends 0 KZT (0% of its 0 KZT outflow)"
BRG-033,100000004099450100,detached,"terminal, depth=3, seed=False; inside this formation receives 31,000 KZT and sends 0 KZT (0% of its 0 KZT outflow)"
BRG-033,100000007487729100,detached,"terminal, depth=3, seed=False; inside this formation receives 25,000 KZT and sends 0 KZT (0% of its 0 KZT outflow)"
BRG-033,100000008566737100,detached,"terminal, depth=1, seed=False; inside this formation receives 126,000 KZT and sends 0 KZT (0% of its 0 KZT outflow)"
BRG-033,100000008731444100,cut_vertex,"peripheral, depth=2, seed=False; inside this formation receives 0 KZT and sends 618,800 KZT (70% of its 879,768 KZT outflow) [breaking point]"
BRG-034,100000000572276100,detached,"abstained_single_observation, depth=3, seed=False; inside this formation receives 13,075 KZT and sends 34,547 KZT (100% of its 34,547 KZT outflow)"
BRG-034,100000000661131100,detached,"terminal, depth=3, seed=False; inside this formation receives 15,600 KZT and sends 0 KZT (0% of its 0 KZT outflow)"
BRG-034,100000001149815100,detached,"terminal, depth=3, seed=False; inside this formation receives 12,000 KZT and sends 0 KZT (0% of its 0 KZT outflow)"
BRG-034,100000001155773100,detached,"terminal, depth=3, seed=False; inside this formation receives 21,500 KZT and sends 0 KZT (0% of its 0 KZT outflow)"
BRG-034,100000001632325100,detached,"terminal, depth=3, seed=False; inside this formation receives 85,600 KZT and sends 0 KZT (0% of its 0 KZT outflow)"
BRG-034,100000002103448100,detached,"terminal, depth=3, seed=False; inside this formation receives 27,000 KZT and sends 0 KZT (0% of its 0 KZT outflow)"
BRG-034,100000002116705100,detached,"terminal, depth=3, seed=False; inside this formation receives 17,600 KZT and sends 0 KZT (0% of its 0 KZT outflow)"
BRG-034,100000002214383100,detached,"abstained_boundary, depth=4, seed=False; inside this formation receives 213,000 KZT and sends 0 KZT (0% of its 0 KZT outflow)"
BRG-034,100000002214664100,detached,"peripheral, depth=3, seed=False; inside this formation receives 7,950 KZT and sends 76,950 KZT (100% of its 76,950 KZT outflow)"
BRG-034,100000002216999100,detached,"terminal, depth=3, seed=False; inside this formation receives 23,677 KZT and sends 0 KZT (0% of its 0 KZT outflow)"
BRG-034,100000002305007100,detached,"terminal, depth=3, seed=False; inside this formation receives 56,000 KZT and sends 0 KZT (0% of its 0 KZT outflow)"
BRG-034,100000002346166100,detached,"terminal, depth=3, seed=False; inside this formation receives 6,000 KZT and sends 0 KZT (0% of its 0 KZT outflow)"
BRG-034,100000002369443100,detached,"terminal, depth=3, seed=False; inside this formation receives 50,000 KZT and sends 0 KZT (0% of its 0 KZT outflow)"
BRG-034,100000002369510100,detached,"terminal, depth=3, seed=False; inside this formation receives 37,150 KZT and sends 0 KZT (0% of its 0 KZT outflow)"
BRG-034,100000002373386100,detached,"terminal, depth=3, seed=False; inside this formation receives 24,000 KZT and sends 0 KZT (0% of its 0 KZT outflow)"
BRG-034,100000002511581100,detached,"terminal, depth=3, seed=False; inside this formation receives 17,600 KZT and sends 0 KZT (0% of its 0 KZT outflow)"
BRG-034,100000002578405100,cut_vertex,"distributor, depth=2, seed=False; inside this formation receives 1,080,351 KZT and sends 3,034,652 KZT (98% of its 3,108,352 KZT outflow) [breaking point]"
BRG-034,100000002614095100,detached,"terminal, depth=3, seed=False; inside this formation receives 5,300 KZT and sends 0 KZT (0% of its 0 KZT outflow)"
BRG-034,100000002646745100,detached,"terminal, depth=3, seed=False; inside this formation receives 12,300 KZT and sends 0 KZT (0% of its 0 KZT outflow)"
BRG-034,100000002908521100,detached,"terminal, depth=3, seed=False; inside this formation receives 44,500 KZT and sends 0 KZT (0% of its 0 KZT outflow)"
BRG-034,100000002913340100,detached,"terminal, depth=3, seed=False; inside this formation receives 23,600 KZT and sends 0 KZT (0% of its 0 KZT outflow)"
BRG-034,100000003192309100,detached,"abstained_single_observation, depth=3, seed=False; inside this formation receives 17,200 KZT and sends 213,000 KZT (100% of its 213,000 KZT outflow)"
BRG-034,100000004140994100,detached,"terminal, depth=3, seed=False; inside this formation receives 18,650 KZT and sends 0 KZT (0% of its 0 KZT outflow)"
BRG-034,100000004257714100,detached,"terminal, depth=3, seed=False; inside this formation receives 52,220 KZT and sends 0 KZT (0% of its 0 KZT outflow)"
BRG-034,100000004292885100,detached,"terminal, depth=3, seed=False; inside this formation receives 112,700 KZT and sends 0 KZT (0% of its 0 KZT outflow)"
BRG-034,100000004634420100,detached,"terminal, depth=3, seed=False; inside this formation receives 26,150 KZT and sends 0 KZT (0% of its 0 KZT outflow)"
BRG-034,100000005041905100,detached,"peripheral, depth=3, seed=False; inside this formation receives 5,000 KZT and sends 1,080,351 KZT (100% of its 1,080,351 KZT outflow)"
BRG-034,100000005089460100,detached,"terminal, depth=3, seed=False; inside this formation receives 12,300 KZT and sends 0 KZT (0% of its 0 KZT outflow)"
BRG-034,100000005198498100,detached,"terminal, depth=3, seed=False; inside this formation receives 28,800 KZT and sends 0 KZT (0% of its 0 KZT outflow)"
BRG-034,100000005674387100,detached,"terminal, depth=3, seed=False; inside this formation receives 26,200 KZT and sends 0 KZT (0% of its 0 KZT outflow)"
BRG-034,100000005685783100,detached,"abstained_boundary, depth=4, seed=False; inside this formation receives 26,150 KZT and sends 0 KZT (0% of its 0 KZT outflow)"
BRG-034,100000005847078100,detached,"terminal, depth=3, seed=False; inside this formation receives 16,300 KZT and sends 0 KZT (0% of its 0 KZT outflow)"
BRG-034,100000005995391100,detached,"terminal, depth=3, seed=False; inside this formation receives 17,200 KZT and sends 0 KZT (0% of its 0 KZT outflow)"
BRG-034,100000006471232100,detached,"terminal, depth=3, seed=False; inside this formation receives 41,800 KZT and sends 0 KZT (0% of its 0 KZT outflow)"
BRG-034,100000006491272100,detached,"terminal, depth=3, seed=False; inside this formation receives 26,200 KZT and sends 0 KZT (0% of its 0 KZT outflow)"
BRG-034,100000006701983100,detached,"terminal, depth=3, seed=False; inside this formation receives 27,000 KZT and sends 0 KZT (0% of its 0 KZT outflow)"
BRG-034,100000006710485100,detached,"terminal, depth=3, seed=False; inside this formation receives 20,000 KZT and sends 0 KZT (0% of its 0 KZT outflow)"
BRG-034,100000006746688100,detached,"terminal, depth=3, seed=False; inside this formation receives 41,000 KZT and sends 0 KZT (0% of its 0 KZT outflow)"
BRG-034,100000007022818100,detached,"terminal, depth=3, seed=False; inside this formation receives 17,200 KZT and sends 0 KZT (0% of its 0 KZT outflow)"
BRG-034,100000007303047100,detached,"terminal, depth=3, seed=False; inside this formation receives 52,250 KZT and sends 0 KZT (0% of its 0 KZT outflow)"
BRG-034,100000008055972100,detached,"terminal, depth=3, seed=False; inside this formation receives 28,300 KZT and sends 0 KZT (0% of its 0 KZT outflow)"
BRG-034,100000008190442100,detached,"terminal, depth=3, seed=False; inside this formation receives 13,000 KZT and sends 0 KZT (0% of its 0 KZT outflow)"
BRG-034,100000008309514100,detached,"terminal, depth=3, seed=False; inside this formation receives 17,200 KZT and sends 0 KZT (0% of its 0 KZT outflow)"
BRG-034,100000008463968100,detached,"terminal, depth=3, seed=False; inside this formation receives 10,000 KZT and sends 0 KZT (0% of its 0 KZT outflow)"
BRG-034,100000008488166100,detached,"terminal, depth=3, seed=False; inside this formation receives 5,600 KZT and sends 0 KZT (0% of its 0 KZT outflow)"
BRG-034,100000008489604100,detached,"terminal, depth=3, seed=False; inside this formation receives 11,000 KZT and sends 0 KZT (0% of its 0 KZT outflow)"
BRG-034,100000008493007100,detached,"transit, depth=3, seed=False; inside this formation receives 26,150 KZT and sends 26,150 KZT (100% of its 26,150 KZT outflow)"
BRG-034,100000008507703100,detached,"terminal, depth=3, seed=False; inside this formation receives 28,500 KZT and sends 0 KZT (0% of its 0 KZT outflow)"
BRG-034,100000008537380100,detached,"terminal, depth=3, seed=False; inside this formation receives 8,000 KZT and sends 0 KZT (0% of its 0 KZT outflow)"
BRG-034,100000008548853100,detached,"terminal, depth=3, seed=False; inside this formation receives 14,000 KZT and sends 0 KZT (0% of its 0 KZT outflow)"
BRG-034,100000008653041100,detached,"terminal, depth=3, seed=False; inside this formation receives 28,000 KZT and sends 0 KZT (0% of its 0 KZT outflow)"
BRG-034,100000008661550100,detached,"terminal, depth=3, seed=False; inside this formation receives 22,800 KZT and sends 0 KZT (0% of its 0 KZT outflow)"
BRG-034,100000008662216100,detached,"terminal, depth=3, seed=False; inside this formation receives 26,200 KZT and sends 0 KZT (0% of its 0 KZT outflow)"
BRG-034,100000008662805100,detached,"terminal, depth=3, seed=False; inside this formation receives 16,500 KZT and sends 0 KZT (0% of its 0 KZT outflow)"
BRG-034,100000008663723100,detached,"terminal, depth=3, seed=False; inside this formation receives 15,600 KZT and sends 0 KZT (0% of its 0 KZT outflow)"
BRG-034,100000008664774100,detached,"terminal, depth=3, seed=False; inside this formation receives 16,300 KZT and sends 0 KZT (0% of its 0 KZT outflow)"
BRG-034,100000008667795100,detached,"terminal, depth=3, seed=False; inside this formation receives 34,000 KZT and sends 0 KZT (0% of its 0 KZT outflow)"
BRG-034,100000008667799100,detached,"terminal, depth=3, seed=False; inside this formation receives 34,000 KZT and sends 0 KZT (0% of its 0 KZT outflow)"
BRG-034,100000008668099100,detached,"terminal, depth=3, seed=False; inside this formation receives 15,700 KZT and sends 0 KZT (0% of its 0 KZT outflow)"
BRG-034,100000008671081100,detached,"terminal, depth=3, seed=False; inside this formation receives 37,200 KZT and sends 0 KZT (0% of its 0 KZT outflow)"
BRG-034,100000008671129100,detached,"terminal, depth=3, seed=False; inside this formation receives 26,200 KZT and sends 0 KZT (0% of its 0 KZT outflow)"
BRG-034,100000008672493100,detached,"terminal, depth=3, seed=False; inside this formation receives 14,000 KZT and sends 0 KZT (0% of its 0 KZT outflow)"
BRG-034,100000008677518100,detached,"terminal, depth=3, seed=False; inside this formation receives 48,700 KZT and sends 0 KZT (0% of its 0 KZT outflow)"
BRG-034,100000008684452100,detached,"terminal, depth=3, seed=False; inside this formation receives 51,800 KZT and sends 0 KZT (0% of its 0 KZT outflow)"
BRG-034,100000008684767100,detached,"terminal, depth=3, seed=False; inside this formation receives 31,100 KZT and sends 0 KZT (0% of its 0 KZT outflow)"
BRG-034,100000008684951100,detached,"terminal, depth=3, seed=False; inside this formation receives 17,200 KZT and sends 0 KZT (0% of its 0 KZT outflow)"
BRG-034,100000008686494100,detached,"terminal, depth=3, seed=False; inside this formation receives 15,700 KZT and sends 0 KZT (0% of its 0 KZT outflow)"
BRG-034,100000008687617100,detached,"terminal, depth=3, seed=False; inside this formation receives 43,350 KZT and sends 0 KZT (0% of its 0 KZT outflow)"
BRG-034,100000008687733100,detached,"terminal, depth=3, seed=False; inside this formation receives 14,650 KZT and sends 0 KZT (0% of its 0 KZT outflow)"
BRG-034,100000008687990100,detached,"terminal, depth=3, seed=False; inside this formation receives 17,600 KZT and sends 0 KZT (0% of its 0 KZT outflow)"
BRG-034,100000008688109100,detached,"terminal, depth=3, seed=False; inside this formation receives 12,800 KZT and sends 0 KZT (0% of its 0 KZT outflow)"
BRG-034,100000008688155100,detached,"terminal, depth=3, seed=False; inside this formation receives 23,600 KZT and sends 0 KZT (0% of its 0 KZT outflow)"
BRG-034,100000008690762100,detached,"terminal, depth=3, seed=False; inside this formation receives 26,750 KZT and sends 0 KZT (0% of its 0 KZT outflow)"
BRG-034,100000008695133100,detached,"terminal, depth=3, seed=False; inside this formation receives 36,610 KZT and sends 0 KZT (0% of its 0 KZT outflow)"
BRG-034,100000008695566100,detached,"terminal, depth=3, seed=False; inside this formation receives 33,700 KZT and sends 0 KZT (0% of its 0 KZT outflow)"
BRG-034,100000008695689100,detached,"terminal, depth=3, seed=False; inside this formation receives 26,200 KZT and sends 0 KZT (0% of its 0 KZT outflow)"
BRG-034,100000008697670100,detached,"terminal, depth=3, seed=False; inside this formation receives 25,350 KZT and sends 0 KZT (0% of its 0 KZT outflow)"
BRG-034,100000008706846100,detached,"terminal, depth=3, seed=False; inside this formation receives 14,200 KZT and sends 0 KZT (0% of its 0 KZT outflow)"
BRG-034,100000008706947100,detached,"terminal, depth=3, seed=False; inside this formation receives 17,200 KZT and sends 0 KZT (0% of its 0 KZT outflow)"
BRG-034,100000008707810100,detached,"terminal, depth=3, seed=False; inside this formation receives 26,200 KZT and sends 0 KZT (0% of its 0 KZT outflow)"
BRG-034,100000008708061100,detached,"terminal, depth=3, seed=False; inside this formation receives 8,650 KZT and sends 0 KZT (0% of its 0 KZT outflow)"
BRG-034,100000008708595100,detached,"terminal, depth=3, seed=False; inside this formation receives 17,200 KZT and sends 0 KZT (0% of its 0 KZT outflow)"
BRG-034,100000008708743100,detached,"terminal, depth=3, seed=False; inside this formation receives 15,550 KZT and sends 0 KZT (0% of its 0 KZT outflow)"
BRG-034,100000008712036100,detached,"terminal, depth=3, seed=False; inside this formation receives 21,000 KZT and sends 0 KZT (0% of its 0 KZT outflow)"
BRG-034,100000008712184100,detached,"terminal, depth=3, seed=False; inside this formation receives 18,000 KZT and sends 0 KZT (0% of its 0 KZT outflow)"
BRG-034,100000008712827100,detached,"terminal, depth=3, seed=False; inside this formation receives 76,000 KZT and sends 0 KZT (0% of its 0 KZT outflow)"
BRG-034,100000008712991100,detached,"terminal, depth=3, seed=False; inside this formation receives 66,100 KZT and sends 0 KZT (0% of its 0 KZT outflow)"
BRG-034,100000008713685100,detached,"terminal, depth=3, seed=False; inside this formation receives 49,700 KZT and sends 0 KZT (0% of its 0 KZT outflow)"
BRG-034,100000008715887100,detached,"terminal, depth=3, seed=False; inside this formation receives 18,000 KZT and sends 0 KZT (0% of its 0 KZT outflow)"
BRG-034,100000008716072100,detached,"terminal, depth=3, seed=False; inside this formation receives 12,100 KZT and sends 0 KZT (0% of its 0 KZT outflow)"
BRG-034,100000008717802100,detached,"terminal, depth=3, seed=False; inside this formation receives 26,150 KZT and sends 0 KZT (0% of its 0 KZT outflow)"
BRG-034,100000008718811100,detached,"terminal, depth=3, seed=False; inside this formation receives 73,300 KZT and sends 0 KZT (0% of its 0 KZT outflow)"
BRG-034,100000008720668100,detached,"terminal, depth=3, seed=False; inside this formation receives 16,000 KZT and sends 0 KZT (0% of its 0 KZT outflow)"
BRG-034,100000008735832100,detached,"terminal, depth=3, seed=False; inside this formation receives 17,600 KZT and sends 0 KZT (0% of its 0 KZT outflow)"
BRG-034,100000008738658100,detached,"terminal, depth=3, seed=False; inside this formation receives 29,920 KZT and sends 0 KZT (0% of its 0 KZT outflow)"
BRG-034,100000008740793100,detached,"terminal, depth=3, seed=False; inside this formation receives 21,000 KZT and sends 0 KZT (0% of its 0 KZT outflow)"
BRG-034,100000008744364100,detached,"terminal, depth=3, seed=False; inside this formation receives 23,700 KZT and sends 0 KZT (0% of its 0 KZT outflow)"
BRG-034,100000008744799100,detached,"terminal, depth=3, seed=False; inside this formation receives 12,600 KZT and sends 0 KZT (0% of its 0 KZT outflow)"
BRG-034,100000008745676100,detached,"abstained_boundary, depth=4, seed=False; inside this formation receives 34,547 KZT and sends 0 KZT (0% of its 0 KZT outflow)"
BRG-034,100000008745863100,detached,"terminal, depth=3, seed=False; inside this formation receives 22,900 KZT and sends 0 KZT (0% of its 0 KZT outflow)"
BRG-034,100000008745884100,detached,"terminal, depth=3, seed=False; inside this formation receives 20,000 KZT and sends 0 KZT (0% of its 0 KZT outflow)"
BRG-034,100000008749405100,detached,"terminal, depth=3, seed=False; inside this formation receives 37,150 KZT and sends 0 KZT (0% of its 0 KZT outflow)"
BRG-034,100000008749900100,detached,"terminal, depth=3, seed=False; inside this formation receives 17,150 KZT and sends 0 KZT (0% of its 0 KZT outflow)"
BRG-034,100000008750464100,detached,"terminal, depth=3, seed=False; inside this formation receives 8,500 KZT and sends 0 KZT (0% of its 0 KZT outflow)"
BRG-034,100000008753061100,detached,"terminal, depth=3, seed=False; inside this formation receives 28,400 KZT and sends 0 KZT (0% of its 0 KZT outflow)"
BRG-034,100000008753897100,detached,"terminal, depth=3, seed=False; inside this formation receives 24,050 KZT and sends 0 KZT (0% of its 0 KZT outflow)"
BRG-034,100000008754608100,detached,"terminal, depth=3, seed=False; inside this formation receives 12,300 KZT and sends 0 KZT (0% of its 0 KZT outflow)"
BRG-034,100000008754747100,detached,"terminal, depth=3, seed=False; inside this formation receives 45,500 KZT and sends 0 KZT (0% of its 0 KZT outflow)"
BRG-034,100000008754997100,detached,"terminal, depth=3, seed=False; inside this formation receives 18,000 KZT and sends 0 KZT (0% of its 0 KZT outflow)"
BRG-034,100000008755168100,detached,"terminal, depth=3, seed=False; inside this formation receives 17,600 KZT and sends 0 KZT (0% of its 0 KZT outflow)"
BRG-034,100000008755580100,detached,"terminal, depth=3, seed=False; inside this formation receives 16,000 KZT and sends 0 KZT (0% of its 0 KZT outflow)"
BRG-034,100000008763688100,detached,"terminal, depth=3, seed=False; inside this formation receives 21,000 KZT and sends 0 KZT (0% of its 0 KZT outflow)"
BRG-034,100000008764654100,detached,"terminal, depth=3, seed=False; inside this formation receives 26,150 KZT and sends 0 KZT (0% of its 0 KZT outflow)"
BRG-034,100000008767950100,detached,"terminal, depth=3, seed=False; inside this formation receives 17,350 KZT and sends 0 KZT (0% of its 0 KZT outflow)"
BRG-034,100000008769097100,detached,"terminal, depth=3, seed=False; inside this formation receives 31,100 KZT and sends 0 KZT (0% of its 0 KZT outflow)"
BRG-034,100000008772246100,detached,"terminal, depth=3, seed=False; inside this formation receives 44,500 KZT and sends 0 KZT (0% of its 0 KZT outflow)"
BRG-034,100000008776310100,detached,"terminal, depth=3, seed=False; inside this formation receives 19,200 KZT and sends 0 KZT (0% of its 0 KZT outflow)"
BRG-034,100000008776420100,detached,"terminal, depth=3, seed=False; inside this formation receives 69,500 KZT and sends 0 KZT (0% of its 0 KZT outflow)"
BRG-034,100000008776720100,detached,"terminal, depth=3, seed=False; inside this formation receives 26,150 KZT and sends 0 KZT (0% of its 0 KZT outflow)"
BRG-034,100000008778010100,detached,"abstained_boundary, depth=4, seed=False; inside this formation receives 76,950 KZT and sends 0 KZT (0% of its 0 KZT outflow)"
BRG-035,100000000581662100,detached,"abstained_boundary, depth=4, seed=False; inside this formation receives 21,160 KZT and sends 0 KZT (0% of its 0 KZT outflow)"
BRG-035,100000001056414100,detached,"terminal, depth=3, seed=False; inside this formation receives 250,000 KZT and sends 0 KZT (0% of its 0 KZT outflow)"
BRG-035,100000001279875100,detached,"terminal, depth=2, seed=False; inside this formation receives 49,235 KZT and sends 0 KZT (0% of its 0 KZT outflow)"
BRG-035,100000001287955100,detached,"peripheral, depth=2, seed=False; inside this formation receives 0 KZT and sends 203,200 KZT (66% of its 310,000 KZT outflow)"
BRG-035,100000001311175100,detached,"abstained_boundary, depth=4, seed=False; inside this formation receives 300,000 KZT and sends 0 KZT (0% of its 0 KZT outflow)"
BRG-035,100000001584286100,detached,"terminal, depth=2, seed=False; inside this formation receives 638,700 KZT and sends 0 KZT (0% of its 0 KZT outflow)"
BRG-035,100000002109656100,detached,"terminal, depth=3, seed=False; inside this formation receives 500,000 KZT and sends 0 KZT (0% of its 0 KZT outflow)"
BRG-035,100000002308091100,detached,"terminal, depth=3, seed=False; inside this formation receives 186,720 KZT and sends 0 KZT (0% of its 0 KZT outflow)"
BRG-035,100000002509598100,detached,"terminal, depth=3, seed=False; inside this formation receives 305,550 KZT and sends 0 KZT (0% of its 0 KZT outflow)"
BRG-035,100000002644285100,detached,"terminal, depth=3, seed=False; inside this formation receives 500,000 KZT and sends 0 KZT (0% of its 0 KZT outflow)"
BRG-035,100000002670860100,detached,"terminal, depth=1, seed=False; inside this formation receives 250,000 KZT and sends 0 KZT (0% of its 0 KZT outflow)"
BRG-035,100000002670960100,detached,"terminal, depth=3, seed=False; inside this formation receives 480,310 KZT and sends 0 KZT (0% of its 0 KZT outflow)"
BRG-035,100000002680477100,detached,"terminal, depth=2, seed=False; inside this formation receives 25,000 KZT and sends 0 KZT (0% of its 0 KZT outflow)"
BRG-035,100000002722108100,detached,"terminal, depth=3, seed=False; inside this formation receives 800,000 KZT and sends 0 KZT (0% of its 0 KZT outflow)"
BRG-035,100000002748180100,detached,"peripheral, depth=1, seed=False; inside this formation receives 0 KZT and sends 504,743 KZT (74% of its 679,743 KZT outflow)"
BRG-035,100000002748761100,detached,"terminal, depth=3, seed=False; inside this formation receives 796,800 KZT and sends 0 KZT (0% of its 0 KZT outflow)"
BRG-035,100000002753146100,detached,"terminal, depth=3, seed=False; inside this formation receives 803,540 KZT and sends 0 KZT (0% of its 0 KZT outflow)"
BRG-035,100000002821425100,detached,"terminal, depth=3, seed=False; inside this formation receives 275,000 KZT and sends 0 KZT (0% of its 0 KZT outflow)"
BRG-035,100000002822472100,detached,"terminal, depth=3, seed=False; inside this formation receives 207,315 KZT and sends 0 KZT (0% of its 0 KZT outflow)"
BRG-035,100000002958345100,detached,"terminal, depth=3, seed=False; inside this formation receives 307,000 KZT and sends 0 KZT (0% of its 0 KZT outflow)"
BRG-035,100000002989353100,detached,"peripheral, depth=3, seed=False; inside this formation receives 500,000 KZT and sends 321,160 KZT (100% of its 321,160 KZT outflow)"
BRG-035,100000003047800100,detached,"abstained_boundary, depth=4, seed=False; inside this formation receives 12,212 KZT and sends 0 KZT (0% of its 0 KZT outflow)"
BRG-035,100000003054328100,detached,"peripheral, depth=2, seed=False; inside this formation receives 140,000 KZT and sends 193,720 KZT (100% of its 193,720 KZT outflow)"
BRG-035,100000003084870100,detached,"abstained_boundary, depth=4, seed=False; inside this formation receives 6,500 KZT and sends 0 KZT (0% of its 0 KZT outflow)"
BRG-035,100000003112578100,detached,"terminal, depth=3, seed=False; inside this formation receives 101,080 KZT and sends 0 KZT (0% of its 0 KZT outflow)"
BRG-035,100000004368189100,detached,"peripheral, depth=3, seed=False; inside this formation receives 384,600 KZT and sends 28,200 KZT (100% of its 28,200 KZT outflow)"
BRG-035,100000004400480100,detached,"abstained_boundary, depth=4, seed=False; inside this formation receives 21,700 KZT and sends 0 KZT (0% of its 0 KZT outflow)"
BRG-035,100000005237935150,detached,"terminal, depth=2, seed=False; inside this formation receives 34,508 KZT and sends 0 KZT (0% of its 0 KZT outflow)"
BRG-035,100000005242320100,cut_vertex,"distributor, depth=2, seed=False; inside this formation receives 365,700 KZT and sends 8,196,295 KZT (92% of its 8,936,295 KZT outflow) [breaking point]"
BRG-035,100000005931985100,detached,"terminal, depth=2, seed=False; inside this formation receives 76,000 KZT and sends 0 KZT (0% of its 0 KZT outflow)"
BRG-035,100000007333038100,detached,"peripheral, depth=3, seed=False; inside this formation receives 17,500 KZT and sends 34,994 KZT (100% of its 34,994 KZT outflow)"
BRG-035,100000008130868100,detached,"abstained_boundary, depth=4, seed=False; inside this formation receives 22,782 KZT and sends 0 KZT (0% of its 0 KZT outflow)"
BRG-035,100000008200810100,detached,"terminal, depth=3, seed=False; inside this formation receives 475,000 KZT and sends 0 KZT (0% of its 0 KZT outflow)"
BRG-035,100000008306857100,detached,"terminal, depth=3, seed=False; inside this formation receives 125,000 KZT and sends 0 KZT (0% of its 0 KZT outflow)"
BRG-035,100000008388049100,detached,"terminal, depth=3, seed=False; inside this formation receives 496,400 KZT and sends 0 KZT (0% of its 0 KZT outflow)"
BRG-035,100000008755754100,detached,"terminal, depth=3, seed=False; inside this formation receives 7,000 KZT and sends 0 KZT (0% of its 0 KZT outflow)"
BRG-036,100000000596954100,detached,"peripheral, depth=2, seed=False; inside this formation receives 120,000 KZT and sends 48,100 KZT (100% of its 48,100 KZT outflow)"
BRG-036,100000003946524100,cut_vertex,"transit, depth=1, seed=False; inside this formation receives 20,000 KZT and sends 144,750 KZT (100% of its 144,750 KZT outflow) [breaking point]"
BRG-036,100000004539443100,detached,"terminal, depth=3, seed=False; inside this formation receives 61,990 KZT and sends 0 KZT (0% of its 0 KZT outflow)"
BRG-036,100000004921657100,detached,"abstained_single_observation, depth=3, seed=False; inside this formation receives 8,300 KZT and sends 22,190 KZT (100% of its 22,190 KZT outflow)"
BRG-036,100000007898453100,detached,"peripheral, depth=2, seed=False; inside this formation receives 24,750 KZT and sends 320,000 KZT (100% of its 320,000 KZT outflow)"
BRG-036,100000008427027100,detached,"terminal, depth=3, seed=False; inside this formation receives 300,000 KZT and sends 0 KZT (0% of its 0 KZT outflow)"
BRG-037,100000000607731100,detached,"abstained_single_observation, depth=1, seed=False; inside this formation receives 20,000 KZT and sends 66,666 KZT (100% of its 66,666 KZT outflow)"
BRG-037,100000000703894100,detached,"abstained_single_observation, depth=1, seed=False; inside this formation receives 120,000 KZT and sends 35,000 KZT (100% of its 35,000 KZT outflow)"
BRG-037,100000003617552100,detached,"terminal, depth=2, seed=False; inside this formation receives 25,000 KZT and sends 0 KZT (0% of its 0 KZT outflow)"
BRG-037,100000004192865100,detached,"terminal, depth=2, seed=False; inside this formation receives 66,666 KZT and sends 0 KZT (0% of its 0 KZT outflow)"
BRG-037,100000004463277100,detached,"terminal, depth=2, seed=False; inside this formation receives 35,000 KZT and sends 0 KZT (0% of its 0 KZT outflow)"
BRG-037,100000005669845100,detached,"terminal, depth=1, seed=False; inside this formation receives 20,000 KZT and sends 0 KZT (0% of its 0 KZT outflow)"
BRG-037,100000006232815100,cut_vertex,"peripheral, depth=0, seed=True; inside this formation receives 0 KZT and sends 176,500 KZT (60% of its 296,500 KZT outflow) [breaking point]"
BRG-037,100000006734554100,detached,"abstained_single_observation, depth=1, seed=False; inside this formation receives 16,500 KZT and sends 25,000 KZT (100% of its 25,000 KZT outflow)"
BRG-038,100000000607941100,cut_vertex,"peripheral, depth=2, seed=False; inside this formation receives 20,000 KZT and sends 70,000 KZT (100% of its 70,000 KZT outflow) [breaking point]"
BRG-038,100000002748511100,detached,"abstained_boundary, depth=4, seed=False; inside this formation receives 20,000 KZT and sends 0 KZT (0% of its 0 KZT outflow)"
BRG-038,100000003406094100,detached,"peripheral, depth=3, seed=False; inside this formation receives 70,000 KZT and sends 47,000 KZT (100% of its 47,000 KZT outflow)"
BRG-038,100000003950749100,detached,"abstained_boundary, depth=4, seed=False; inside this formation receives 7,000 KZT and sends 0 KZT (0% of its 0 KZT outflow)"
BRG-039,100000000607941100,detached,"peripheral, depth=2, seed=False; inside this formation receives 50,000 KZT and sends 70,000 KZT (100% of its 70,000 KZT outflow)"
BRG-039,100000002748511100,detached,"abstained_boundary, depth=4, seed=False; inside this formation receives 20,000 KZT and sends 0 KZT (0% of its 0 KZT outflow)"
BRG-039,100000003406094100,detached,"peripheral, depth=3, seed=False; inside this formation receives 70,000 KZT and sends 47,000 KZT (100% of its 47,000 KZT outflow)"
BRG-039,100000003950749100,detached,"abstained_boundary, depth=4, seed=False; inside this formation receives 7,000 KZT and sends 0 KZT (0% of its 0 KZT outflow)"
BRG-039,100000005272139100,detached,"abstained_boundary, depth=4, seed=False; inside this formation receives 165,000 KZT and sends 0 KZT (0% of its 0 KZT outflow)"
BRG-039,100000005287097100,cut_vertex,"peripheral, depth=1, seed=False; inside this formation receives 0 KZT and sends 127,000 KZT (18% of its 697,300 KZT outflow) [breaking point]"
BRG-039,100000005572303100,detached,"abstained_single_observation, depth=2, seed=False; inside this formation receives 75,000 KZT and sends 20,000 KZT (100% of its 20,000 KZT outflow)"
BRG-039,100000005815602100,detached,"abstained_single_observation, depth=3, seed=False; inside this formation receives 20,000 KZT and sends 165,000 KZT (100% of its 165,000 KZT outflow)"
BRG-039,100000005939154100,detached,"terminal, depth=2, seed=False; inside this formation receives 22,000 KZT and sends 0 KZT (0% of its 0 KZT outflow)"
BRG-040,100000000608031100,detached,"abstained_boundary, depth=4, seed=False; inside this formation receives 30,000 KZT and sends 0 KZT (0% of its 0 KZT outflow)"
BRG-040,100000000957746100,detached,"abstained_boundary, depth=4, seed=False; inside this formation receives 5,300 KZT and sends 0 KZT (0% of its 0 KZT outflow)"
BRG-040,100000001089055100,detached,"abstained_boundary, depth=4, seed=False; inside this formation receives 13,000 KZT and sends 0 KZT (0% of its 0 KZT outflow)"
BRG-040,100000001248999100,detached,"terminal, depth=3, seed=False; inside this formation receives 23,425 KZT and sends 0 KZT (0% of its 0 KZT outflow)"
BRG-040,100000001677389100,detached,"abstained_single_observation, depth=3, seed=False; inside this formation receives 11,000 KZT and sends 5,400 KZT (100% of its 5,400 KZT outflow)"
BRG-040,100000002301828100,detached,"terminal, depth=3, seed=False; inside this formation receives 46,977 KZT and sends 0 KZT (0% of its 0 KZT outflow)"
BRG-040,100000002736033100,detached,"abstained_single_observation, depth=3, seed=False; inside this formation receives 34,530 KZT and sends 11,000 KZT (100% of its 11,000 KZT outflow)"
BRG-040,100000003109805100,detached,"terminal, depth=3, seed=False; inside this formation receives 36,929 KZT and sends 0 KZT (0% of its 0 KZT outflow)"
BRG-040,100000003178549100,detached,"peripheral, depth=3, seed=False; inside this formation receives 210,000 KZT and sends 13,000 KZT (15% of its 89,080 KZT outflow)"
BRG-040,100000003242289100,cut_vertex,"distributor, depth=2, seed=False; inside this formation receives 468,791 KZT and sends 1,928,991 KZT (81% of its 2,377,741 KZT outflow) [breaking point]"
BRG-040,100000003500764100,detached,"abstained_boundary, depth=4, seed=False; inside this formation receives 21,000 KZT and sends 0 KZT (0% of its 0 KZT outflow)"
BRG-040,100000003964910100,detached,"terminal, depth=3, seed=False; inside this formation receives 1,000,000 KZT and sends 0 KZT (0% of its 0 KZT outflow)"
BRG-040,100000004580254100,detached,"terminal, depth=3, seed=False; inside this formation receives 14,870 KZT and sends 0 KZT (0% of its 0 KZT outflow)"
BRG-040,100000005530114100,detached,"peripheral, depth=3, seed=False; inside this formation receives 136,970 KZT and sends 0 KZT (0% of its 25,000 KZT outflow)"
BRG-040,100000006225798100,detached,"peripheral, depth=3, seed=False; inside this formation receives 400,000 KZT and sends 26,300 KZT (100% of its 26,300 KZT outflow)"
BRG-040,100000007267915100,detached,"peripheral, depth=3, seed=False; inside this formation receives 11,000 KZT and sends 0 KZT (0% of its 10,000 KZT outflow)"
BRG-040,100000007653003100,detached,"terminal, depth=3, seed=False; inside this formation receives 100,000 KZT and sends 0 KZT (0% of its 0 KZT outflow)"
BRG-040,100000008043184100,detached,"terminal, depth=3, seed=False; inside this formation receives 50,564 KZT and sends 0 KZT (0% of its 0 KZT outflow)"
BRG-040,100000008193258100,detached,"peripheral, depth=3, seed=False; inside this formation receives 75,000 KZT and sends 30,000 KZT (100% of its 30,000 KZT outflow)"
BRG-040,100000008221543100,detached,"terminal, depth=1, seed=False; inside this formation receives 522,000 KZT and sends 0 KZT (0% of its 0 KZT outflow)"
BRG-040,100000008255655100,detached,"abstained_boundary, depth=4, seed=False; inside this formation receives 5,400 KZT and sends 0 KZT (0% of its 0 KZT outflow)"
BRG-040,100000008327791100,detached,"abstained_boundary, depth=4, seed=False; inside this formation receives 11,000 KZT and sends 0 KZT (0% of its 0 KZT outflow)"
BRG-040,100000008405209100,detached,"terminal, depth=3, seed=False; inside this formation receives 54,400 KZT and sends 0 KZT (0% of its 0 KZT outflow)"
BRG-040,100000008417359100,detached,"peripheral, depth=3, seed=False; inside this formation receives 40,810 KZT and sends 110,760 KZT (100% of its 110,760 KZT outflow)"
BRG-040,100000008436257100,detached,"terminal, depth=3, seed=False; inside this formation receives 35,000 KZT and sends 0 KZT (0% of its 0 KZT outflow)"
BRG-040,100000008512552100,detached,"coordinator, depth=2, seed=False; inside this formation receives 69,760 KZT and sends 1,302,275 KZT (100% of its 1,302,275 KZT outflow)"
BRG-041,100000000611474100,detached,"terminal, depth=3, seed=False; inside this formation receives 32,000 KZT and sends 0 KZT (0% of its 0 KZT outflow)"
BRG-041,100000001822623100,detached,"terminal, depth=2, seed=False; inside this formation receives 201,300 KZT and sends 0 KZT (0% of its 0 KZT outflow)"
BRG-041,100000003104347100,detached,"abstained_single_observation, depth=2, seed=False; inside this formation receives 418,000 KZT and sends 32,000 KZT (100% of its 32,000 KZT outflow)"
BRG-041,100000003701161100,cut_vertex,"peripheral, depth=1, seed=False; inside this formation receives 349,000 KZT and sends 9,000 KZT (3% of its 349,000 KZT outflow) [breaking point]"
BRG-041,100000003824464100,detached,"terminal, depth=2, seed=False; inside this formation receives 200,000 KZT and sends 0 KZT (0% of its 0 KZT outflow)"
BRG-041,100000004564736100,detached,"terminal, depth=3, seed=False; inside this formation receives 15,000 KZT and sends 0 KZT (0% of its 0 KZT outflow)"
BRG-041,100000004580202100,detached,"peripheral, depth=2, seed=False; inside this formation receives 9,000 KZT and sends 45,000 KZT (100% of its 45,000 KZT outflow)"
BRG-041,100000004991812100,detached,"terminal, depth=3, seed=False; inside this formation receives 10,000 KZT and sends 0 KZT (0% of its 0 KZT outflow)"
BRG-041,100000008137435100,detached,"peripheral, depth=1, seed=False; inside this formation receives 0 KZT and sends 1,368,300 KZT (96% of its 1,419,700 KZT outflow)"
BRG-041,100000008238989100,detached,"terminal, depth=2, seed=False; inside this formation receives 200,000 KZT and sends 0 KZT (0% of its 0 KZT outflow)"
BRG-041,100000008474391100,detached,"terminal, depth=3, seed=False; inside this formation receives 20,000 KZT and sends 0 KZT (0% of its 0 KZT outflow)"
BRG-042,100000000611474100,detached,"terminal, depth=3, seed=False; inside this formation receives 32,000 KZT and sends 0 KZT (0% of its 0 KZT outflow)"
BRG-042,100000001822623100,detached,"terminal, depth=2, seed=False; inside this formation receives 201,300 KZT and sends 0 KZT (0% of its 0 KZT outflow)"
BRG-042,100000003104347100,detached,"abstained_single_observation, depth=2, seed=False; inside this formation receives 418,000 KZT and sends 32,000 KZT (100% of its 32,000 KZT outflow)"
BRG-042,100000003824464100,detached,"terminal, depth=2, seed=False; inside this formation receives 200,000 KZT and sends 0 KZT (0% of its 0 KZT outflow)"
BRG-042,100000008137435100,cut_vertex,"peripheral, depth=1, seed=False; inside this formation receives 0 KZT and sends 1,019,300 KZT (72% of its 1,419,700 KZT outflow) [breaking point]"
BRG-042,100000008238989100,detached,"terminal, depth=2, seed=False; inside this formation receives 200,000 KZT and sends 0 KZT (0% of its 0 KZT outflow)"
BRG-043,100000000625169100,detached,"terminal, depth=2, seed=False; inside this formation receives 10,000 KZT and sends 0 KZT (0% of its 0 KZT outflow)"
BRG-043,100000000703902100,detached,"terminal, depth=1, seed=False; inside this formation receives 25,499 KZT and sends 0 KZT (0% of its 0 KZT outflow)"
BRG-043,100000000718427100,detached,"terminal, depth=2, seed=False; inside this formation receives 6,000 KZT and sends 0 KZT (0% of its 0 KZT outflow)"
BRG-043,100000000907277100,detached,"terminal, depth=1, seed=False; inside this formation receives 17,534 KZT and sends 0 KZT (0% of its 0 KZT outflow)"
BRG-043,100000000968253100,detached,"terminal, depth=1, seed=False; inside this formation receives 15,000 KZT and sends 0 KZT (0% of its 0 KZT outflow)"
BRG-043,100000000978041100,detached,"terminal, depth=1, seed=False; inside this formation receives 44,445 KZT and sends 0 KZT (0% of its 0 KZT outflow)"
BRG-043,100000000979567100,detached,"terminal, depth=2, seed=False; inside this formation receives 10,000 KZT and sends 0 KZT (0% of its 0 KZT outflow)"
BRG-043,100000001103905100,detached,"terminal, depth=1, seed=False; inside this formation receives 18,000 KZT and sends 0 KZT (0% of its 0 KZT outflow)"
BRG-043,100000001111763100,detached,"terminal, depth=1, seed=False; inside this formation receives 17,144 KZT and sends 0 KZT (0% of its 0 KZT outflow)"
BRG-043,100000001166289100,detached,"peripheral, depth=2, seed=False; inside this formation receives 721,039 KZT and sends 25,000 KZT (100% of its 25,000 KZT outflow)"
BRG-043,100000001307612100,detached,"terminal, depth=1, seed=False; inside this formation receives 38,483 KZT and sends 0 KZT (0% of its 0 KZT outflow)"
BRG-043,100000001308856100,detached,"terminal, depth=2, seed=False; inside this formation receives 27,000 KZT and sends 0 KZT (0% of its 0 KZT outflow)"
BRG-043,100000001389255100,detached,"terminal, depth=1, seed=False; inside this formation receives 16,136 KZT and sends 0 KZT (0% of its 0 KZT outflow)"
BRG-043,100000001418900100,detached,"terminal, depth=2, seed=False; inside this formation receives 40,140 KZT and sends 0 KZT (0% of its 0 KZT outflow)"
BRG-043,100000001697501100,cut_vertex,"distributor, depth=1, seed=False; inside this formation receives 50,000 KZT and sends 1,362,606 KZT (92% of its 1,482,606 KZT outflow) [breaking point]"
BRG-043,100000001716579100,detached,"terminal, depth=1, seed=False; inside this formation receives 13,916 KZT and sends 0 KZT (0% of its 0 KZT outflow)"
BRG-043,100000001870116100,detached,"terminal, depth=1, seed=False; inside this formation receives 24,000 KZT and sends 0 KZT (0% of its 0 KZT outflow)"
BRG-043,100000001952325100,detached,"terminal, depth=1, seed=False; inside this formation receives 77,888 KZT and sends 0 KZT (0% of its 0 KZT outflow)"
BRG-043,100000001953577100,detached,"terminal, depth=1, seed=False; inside this formation receives 15,600 KZT and sends 0 KZT (0% of its 0 KZT outflow)"
BRG-043,100000002158488100,detached,"terminal, depth=1, seed=False; inside this formation receives 31,723 KZT and sends 0 KZT (0% of its 0 KZT outflow)"
BRG-043,100000002199091100,detached,"terminal, depth=2, seed=False; inside this formation receives 65,000 KZT and sends 0 KZT (0% of its 0 KZT outflow)"
BRG-043,100000002211413100,detached,"terminal, depth=1, seed=False; inside this formation receives 37,000 KZT and sends 0 KZT (0% of its 0 KZT outflow)"
BRG-043,100000002214570100,detached,"terminal, depth=1, seed=False; inside this formation receives 26,471 KZT and sends 0 KZT (0% of its 0 KZT outflow)"
BRG-043,100000002243354100,detached,"terminal, depth=1, seed=False; inside this formation receives 20,879 KZT and sends 0 KZT (0% of its 0 KZT outflow)"
BRG-043,100000002289937100,detached,"terminal, depth=1, seed=False; inside this formation receives 20,000 KZT and sends 0 KZT (0% of its 0 KZT outflow)"
BRG-043,100000002527114100,detached,"distributor, depth=0, seed=True; inside this formation receives 129,000 KZT and sends 3,289,249 KZT (100% of its 3,289,249 KZT outflow)"
BRG-043,100000002733905100,detached,"peripheral, depth=2, seed=False; inside this formation receives 100,000 KZT and sends 717,839 KZT (100% of its 717,839 KZT outflow)"
BRG-043,100000002810870100,detached,"terminal, depth=1, seed=False; inside this formation receives 33,677 KZT and sends 0 KZT (0% of its 0 KZT outflow)"
BRG-043,100000002830055100,detached,"terminal, depth=1, seed=False; inside this formation receives 14,000 KZT and sends 0 KZT (0% of its 0 KZT outflow)"
BRG-043,100000002858835100,detached,"terminal, depth=1, seed=False; inside this formation receives 24,400 KZT and sends 0 KZT (0% of its 0 KZT outflow)"
BRG-043,100000002863356100,detached,"abstained_single_observation, depth=2, seed=False; inside this formation receives 45,000 KZT and sends 20,000 KZT (100% of its 20,000 KZT outflow)"
BRG-043,100000002982252100,detached,"terminal, depth=1, seed=False; inside this formation receives 20,320 KZT and sends 0 KZT (0% of its 0 KZT outflow)"
BRG-043,100000002992171100,detached,"terminal, depth=1, seed=False; inside this formation receives 14,627 KZT and sends 0 KZT (0% of its 0 KZT outflow)"
BRG-043,100000003119550100,detached,"terminal, depth=1, seed=False; inside this formation receives 21,000 KZT and sends 0 KZT (0% of its 0 KZT outflow)"
BRG-043,100000003187359100,detached,"terminal, depth=1, seed=False; inside this formation receives 19,072 KZT and sends 0 KZT (0% of its 0 KZT outflow)"
BRG-043,100000003336565100,detached,"terminal, depth=2, seed=False; inside this formation receives 16,550 KZT and sends 0 KZT (0% of its 0 KZT outflow)"
BRG-043,100000003567087100,detached,"terminal, depth=1, seed=False; inside this formation receives 62,115 KZT and sends 0 KZT (0% of its 0 KZT outflow)"
BRG-043,100000003942602100,detached,"transit, depth=1, seed=False; inside this formation receives 30,000 KZT and sends 30,000 KZT (100% of its 30,000 KZT outflow)"
BRG-043,100000004058740100,detached,"terminal, depth=1, seed=False; inside this formation receives 30,000 KZT and sends 0 KZT (0% of its 0 KZT outflow)"
BRG-043,100000004213658100,detached,"terminal, depth=1, seed=False; inside this formation receives 25,347 KZT and sends 0 KZT (0% of its 0 KZT outflow)"
BRG-043,100000004218576100,detached,"terminal, depth=1, seed=False; inside this formation receives 26,144 KZT and sends 0 KZT (0% of its 0 KZT outflow)"
BRG-043,100000004254434100,detached,"terminal, depth=1, seed=False; inside this formation receives 44,445 KZT and sends 0 KZT (0% of its 0 KZT outflow)"
BRG-043,100000004388209100,detached,"terminal, depth=1, seed=False; inside this formation receives 11,800 KZT and sends 0 KZT (0% of its 0 KZT outflow)"
BRG-043,100000004435304100,detached,"terminal, depth=2, seed=False; inside this formation receives 26,200 KZT and sends 0 KZT (0% of its 0 KZT outflow)"
BRG-043,100000004491881100,detached,"terminal, depth=1, seed=False; inside this formation receives 17,144 KZT and sends 0 KZT (0% of its 0 KZT outflow)"
BRG-043,100000004494983100,detached,"terminal, depth=1, seed=False; inside this formation receives 35,000 KZT and sends 0 KZT (0% of its 0 KZT outflow)"
BRG-043,100000004497606100,detached,"terminal, depth=1, seed=False; inside this formation receives 15,534 KZT and sends 0 KZT (0% of its 0 KZT outflow)"
BRG-043,100000004739664100,detached,"transit, depth=1, seed=False; inside this formation receives 12,000 KZT and sends 10,000 KZT (100% of its 10,000 KZT outflow)"
BRG-043,100000004783447100,detached,"terminal, depth=1, seed=False; inside this formation receives 26,200 KZT and sends 0 KZT (0% of its 0 KZT outflow)"
BRG-043,100000004792397100,detached,"terminal, depth=1, seed=False; inside this formation receives 73,520 KZT and sends 0 KZT (0% of its 0 KZT outflow)"
BRG-043,100000004825069100,detached,"terminal, depth=2, seed=False; inside this formation receives 30,000 KZT and sends 0 KZT (0% of its 0 KZT outflow)"
BRG-043,100000004841728100,detached,"terminal, depth=1, seed=False; inside this formation receives 52,208 KZT and sends 0 KZT (0% of its 0 KZT outflow)"
BRG-043,100000005092518100,detached,"terminal, depth=1, seed=False; inside this formation receives 26,144 KZT and sends 0 KZT (0% of its 0 KZT outflow)"
BRG-043,100000005228059100,detached,"terminal, depth=1, seed=False; inside this formation receives 26,000 KZT and sends 0 KZT (0% of its 0 KZT outflow)"
BRG-043,100000005342513100,detached,"peripheral, depth=3, seed=False; inside this formation receives 235,000 KZT and sends 30,000 KZT (100% of its 30,000 KZT outflow)"
BRG-043,100000005756535100,detached,"terminal, depth=3, seed=False; inside this formation receives 20,000 KZT and sends 0 KZT (0% of its 0 KZT outflow)"
BRG-043,100000005877725100,detached,"terminal, depth=1, seed=False; inside this formation receives 70,000 KZT and sends 0 KZT (0% of its 0 KZT outflow)"
BRG-043,100000005901606100,detached,"terminal, depth=1, seed=False; inside this formation receives 35,660 KZT and sends 0 KZT (0% of its 0 KZT outflow)"
BRG-043,100000005961971100,detached,"terminal, depth=1, seed=False; inside this formation receives 47,353 KZT and sends 0 KZT (0% of its 0 KZT outflow)"
BRG-043,100000006030946100,detached,"terminal, depth=1, seed=False; inside this formation receives 73,289 KZT and sends 0 KZT (0% of its 0 KZT outflow)"
BRG-043,100000006326645100,detached,"terminal, depth=1, seed=False; inside this formation receives 25,264 KZT and sends 0 KZT (0% of its 0 KZT outflow)"
BRG-043,100000006369769100,detached,"terminal, depth=1, seed=False; inside this formation receives 40,000 KZT and sends 0 KZT (0% of its 0 KZT outflow)"
BRG-043,100000006612238100,detached,"abstained_single_observation, depth=2, seed=False; inside this formation receives 160,000 KZT and sends 25,000 KZT (100% of its 25,000 KZT outflow)"
BRG-043,100000006656003100,detached,"abstained_single_observation, depth=1, seed=False; inside this formation receives 20,000 KZT and sends 9,000 KZT (100% of its 9,000 KZT outflow)"
BRG-043,100000007337374100,detached,"terminal, depth=2, seed=False; inside this formation receives 20,000 KZT and sends 0 KZT (0% of its 0 KZT outflow)"
BRG-043,100000007631637100,detached,"terminal, depth=1, seed=False; inside this formation receives 15,341 KZT and sends 0 KZT (0% of its 0 KZT outflow)"
BRG-043,100000007938486100,detached,"terminal, depth=1, seed=False; inside this formation receives 39,500 KZT and sends 0 KZT (0% of its 0 KZT outflow)"
BRG-043,100000007982908100,detached,"terminal, depth=2, seed=False; inside this formation receives 31,080 KZT and sends 0 KZT (0% of its 0 KZT outflow)"
BRG-043,100000008028628100,detached,"terminal, depth=1, seed=False; inside this formation receives 57,224 KZT and sends 0 KZT (0% of its 0 KZT outflow)"
BRG-043,100000008283183100,detached,"terminal, depth=2, seed=False; inside this formation receives 29,000 KZT and sends 0 KZT (0% of its 0 KZT outflow)"
BRG-043,100000008470470100,detached,"terminal, depth=1, seed=False; inside this formation receives 33,547 KZT and sends 0 KZT (0% of its 0 KZT outflow)"
BRG-043,100000008478414100,detached,"terminal, depth=2, seed=False; inside this formation receives 10,000 KZT and sends 0 KZT (0% of its 0 KZT outflow)"
BRG-043,100000008557672100,detached,"terminal, depth=2, seed=False; inside this formation receives 49,125 KZT and sends 0 KZT (0% of its 0 KZT outflow)"
BRG-043,100000008656043100,detached,"terminal, depth=2, seed=False; inside this formation receives 26,200 KZT and sends 0 KZT (0% of its 0 KZT outflow)"
BRG-043,100000008661585100,detached,"terminal, depth=1, seed=False; inside this formation receives 43,141 KZT and sends 0 KZT (0% of its 0 KZT outflow)"
BRG-043,100000008663007100,detached,"terminal, depth=1, seed=False; inside this formation receives 14,000 KZT and sends 0 KZT (0% of its 0 KZT outflow)"
BRG-043,100000008666075100,detached,"terminal, depth=1, seed=False; inside this formation receives 26,217 KZT and sends 0 KZT (0% of its 0 KZT outflow)"
BRG-043,100000008667058100,detached,"terminal, depth=1, seed=False; inside this formation receives 17,534 KZT and sends 0 KZT (0% of its 0 KZT outflow)"
BRG-043,100000008670667100,detached,"terminal, depth=1, seed=False; inside this formation receives 15,534 KZT and sends 0 KZT (0% of its 0 KZT outflow)"
BRG-043,100000008671026100,detached,"terminal, depth=1, seed=False; inside this formation receives 23,534 KZT and sends 0 KZT (0% of its 0 KZT outflow)"
BRG-043,100000008672162100,detached,"terminal, depth=1, seed=False; inside this formation receives 15,550 KZT and sends 0 KZT (0% of its 0 KZT outflow)"
BRG-043,100000008672200100,detached,"terminal, depth=1, seed=False; inside this formation receives 8,511 KZT and sends 0 KZT (0% of its 0 KZT outflow)"
BRG-043,100000008672480100,detached,"terminal, depth=2, seed=False; inside this formation receives 13,000 KZT and sends 0 KZT (0% of its 0 KZT outflow)"
BRG-043,100000008672762100,detached,"terminal, depth=2, seed=False; inside this formation receives 13,000 KZT and sends 0 KZT (0% of its 0 KZT outflow)"
BRG-043,100000008679986100,detached,"terminal, depth=1, seed=False; inside this formation receives 19,000 KZT and sends 0 KZT (0% of its 0 KZT outflow)"
BRG-043,100000008680451100,detached,"terminal, depth=1, seed=False; inside this formation receives 23,534 KZT and sends 0 KZT (0% of its 0 KZT outflow)"
BRG-043,100000008683818100,detached,"terminal, depth=2, seed=False; inside this formation receives 17,400 KZT and sends 0 KZT (0% of its 0 KZT outflow)"
BRG-043,100000008687492100,detached,"terminal, depth=2, seed=False; inside this formation receives 15,000 KZT and sends 0 KZT (0% of its 0 KZT outflow)"
BRG-043,100000008687671100,detached,"terminal, depth=1, seed=False; inside this formation receives 37,500 KZT and sends 0 KZT (0% of its 0 KZT outflow)"
BRG-043,100000008688476100,detached,"terminal, depth=2, seed=False; inside this formation receives 24,000 KZT and sends 0 KZT (0% of its 0 KZT outflow)"
BRG-043,100000008688881100,detached,"terminal, depth=2, seed=False; inside this formation receives 44,211 KZT and sends 0 KZT (0% of its 0 KZT outflow)"
BRG-043,100000008690932100,detached,"terminal, depth=1, seed=False; inside this formation receives 23,000 KZT and sends 0 KZT (0% of its 0 KZT outflow)"
BRG-043,100000008691027100,detached,"terminal, depth=1, seed=False; inside this formation receives 17,534 KZT and sends 0 KZT (0% of its 0 KZT outflow)"
BRG-043,100000008691168100,detached,"terminal, depth=2, seed=False; inside this formation receives 24,000 KZT and sends 0 KZT (0% of its 0 KZT outflow)"
BRG-043,100000008691330100,detached,"terminal, depth=1, seed=False; inside this formation receives 21,440 KZT and sends 0 KZT (0% of its 0 KZT outflow)"
BRG-043,100000008691495100,detached,"terminal, depth=1, seed=False; inside this formation receives 27,000 KZT and sends 0 KZT (0% of its 0 KZT outflow)"
BRG-043,100000008693069100,detached,"terminal, depth=1, seed=False; inside this formation receives 20,000 KZT and sends 0 KZT (0% of its 0 KZT outflow)"
BRG-043,100000008695495100,detached,"terminal, depth=1, seed=False; inside this formation receives 21,000 KZT and sends 0 KZT (0% of its 0 KZT outflow)"
BRG-043,100000008696692100,detached,"terminal, depth=2, seed=False; inside this formation receives 19,000 KZT and sends 0 KZT (0% of its 0 KZT outflow)"
BRG-043,100000008696919100,detached,"terminal, depth=1, seed=False; inside this formation receives 31,945 KZT and sends 0 KZT (0% of its 0 KZT outflow)"
BRG-043,100000008708368100,detached,"terminal, depth=1, seed=False; inside this formation receives 23,677 KZT and sends 0 KZT (0% of its 0 KZT outflow)"
BRG-043,100000008716222100,detached,"terminal, depth=1, seed=False; inside this formation receives 18,000 KZT and sends 0 KZT (0% of its 0 KZT outflow)"
BRG-043,100000008716439100,detached,"terminal, depth=1, seed=False; inside this formation receives 12,267 KZT and sends 0 KZT (0% of its 0 KZT outflow)"
BRG-043,100000008716773100,detached,"terminal, depth=1, seed=False; inside this formation receives 15,677 KZT and sends 0 KZT (0% of its 0 KZT outflow)"
BRG-043,100000008717340100,detached,"terminal, depth=1, seed=False; inside this formation receives 41,500 KZT and sends 0 KZT (0% of its 0 KZT outflow)"
BRG-043,100000008717341100,detached,"terminal, depth=1, seed=False; inside this formation receives 14,627 KZT and sends 0 KZT (0% of its 0 KZT outflow)"
BRG-043,100000008718089100,detached,"terminal, depth=1, seed=False; inside this formation receives 15,534 KZT and sends 0 KZT (0% of its 0 KZT outflow)"
BRG-043,100000008720798100,detached,"terminal, depth=1, seed=False; inside this formation receives 15,534 KZT and sends 0 KZT (0% of its 0 KZT outflow)"
BRG-043,100000008722328100,detached,"terminal, depth=1, seed=False; inside this formation receives 23,677 KZT and sends 0 KZT (0% of its 0 KZT outflow)"
BRG-043,100000008729801100,detached,"terminal, depth=1, seed=False; inside this formation receives 17,534 KZT and sends 0 KZT (0% of its 0 KZT outflow)"
BRG-043,100000008732098100,detached,"terminal, depth=1, seed=False; inside this formation receives 15,677 KZT and sends 0 KZT (0% of its 0 KZT outflow)"
BRG-043,100000008734364100,detached,"terminal, depth=2, seed=False; inside this formation receives 26,200 KZT and sends 0 KZT (0% of its 0 KZT outflow)"
BRG-043,100000008735384100,detached,"terminal, depth=1, seed=False; inside this formation receives 39,220 KZT and sends 0 KZT (0% of its 0 KZT outflow)"
BRG-043,100000008736173100,detached,"terminal, depth=1, seed=False; inside this formation receives 31,060 KZT and sends 0 KZT (0% of its 0 KZT outflow)"
BRG-043,100000008736394100,detached,"terminal, depth=2, seed=False; inside this formation receives 16,000 KZT and sends 0 KZT (0% of its 0 KZT outflow)"
BRG-043,100000008736760100,detached,"terminal, depth=1, seed=False; inside this formation receives 54,757 KZT and sends 0 KZT (0% of its 0 KZT outflow)"
BRG-043,100000008737422100,detached,"terminal, depth=1, seed=False; inside this formation receives 76,903 KZT and sends 0 KZT (0% of its 0 KZT outflow)"
BRG-043,100000008737958100,detached,"terminal, depth=1, seed=False; inside this formation receives 53,373 KZT and sends 0 KZT (0% of its 0 KZT outflow)"
BRG-043,100000008741372100,detached,"terminal, depth=1, seed=False; inside this formation receives 35,975 KZT and sends 0 KZT (0% of its 0 KZT outflow)"
BRG-043,100000008742266100,detached,"terminal, depth=2, seed=False; inside this formation receives 21,000 KZT and sends 0 KZT (0% of its 0 KZT outflow)"
BRG-043,100000008744849100,detached,"terminal, depth=1, seed=False; inside this formation receives 44,445 KZT and sends 0 KZT (0% of its 0 KZT outflow)"
BRG-043,100000008745474100,detached,"terminal, depth=1, seed=False; inside this formation receives 40,559 KZT and sends 0 KZT (0% of its 0 KZT outflow)"
BRG-043,100000008745489100,detached,"terminal, depth=1, seed=False; inside this formation receives 55,539 KZT and sends 0 KZT (0% of its 0 KZT outflow)"
BRG-043,100000008745643100,detached,"terminal, depth=1, seed=False; inside this formation receives 20,313 KZT and sends 0 KZT (0% of its 0 KZT outflow)"
BRG-043,100000008745725100,detached,"terminal, depth=1, seed=False; inside this formation receives 47,060 KZT and sends 0 KZT (0% of its 0 KZT outflow)"
BRG-043,100000008746025100,detached,"terminal, depth=1, seed=False; inside this formation receives 22,000 KZT and sends 0 KZT (0% of its 0 KZT outflow)"
BRG-043,100000008746673100,detached,"terminal, depth=1, seed=False; inside this formation receives 53,048 KZT and sends 0 KZT (0% of its 0 KZT outflow)"
BRG-043,100000008749063100,detached,"terminal, depth=1, seed=False; inside this formation receives 19,000 KZT and sends 0 KZT (0% of its 0 KZT outflow)"
BRG-043,100000008749406100,detached,"terminal, depth=1, seed=False; inside this formation receives 17,144 KZT and sends 0 KZT (0% of its 0 KZT outflow)"
BRG-043,100000008749618100,detached,"terminal, depth=1, seed=False; inside this formation receives 47,280 KZT and sends 0 KZT (0% of its 0 KZT outflow)"
BRG-043,100000008749989100,detached,"terminal, depth=2, seed=False; inside this formation receives 16,000 KZT and sends 0 KZT (0% of its 0 KZT outflow)"
BRG-043,100000008753193100,detached,"terminal, depth=1, seed=False; inside this formation receives 35,225 KZT and sends 0 KZT (0% of its 0 KZT outflow)"
BRG-043,100000008755361100,detached,"terminal, depth=1, seed=False; inside this formation receives 14,627 KZT and sends 0 KZT (0% of its 0 KZT outflow)"
BRG-043,100000008764436100,detached,"terminal, depth=2, seed=False; inside this formation receives 13,100 KZT and sends 0 KZT (0% of its 0 KZT outflow)"
BRG-043,100000008765494100,detached,"terminal, depth=2, seed=False; inside this formation receives 24,000 KZT and sends 0 KZT (0% of its 0 KZT outflow)"
BRG-043,100000008767925100,detached,"terminal, depth=1, seed=False; inside this formation receives 17,144 KZT and sends 0 KZT (0% of its 0 KZT outflow)"
BRG-043,100000008768896100,detached,"terminal, depth=1, seed=False; inside this formation receives 47,060 KZT and sends 0 KZT (0% of its 0 KZT outflow)"
BRG-043,100000008769636100,detached,"terminal, depth=1, seed=False; inside this formation receives 23,118 KZT and sends 0 KZT (0% of its 0 KZT outflow)"
BRG-043,100000008771627100,detached,"terminal, depth=2, seed=False; inside this formation receives 16,500 KZT and sends 0 KZT (0% of its 0 KZT outflow)"
BRG-043,100000008771814100,detached,"terminal, depth=2, seed=False; inside this formation receives 23,700 KZT and sends 0 KZT (0% of its 0 KZT outflow)"
BRG-043,100000008771819100,detached,"terminal, depth=1, seed=False; inside this formation receives 38,900 KZT and sends 0 KZT (0% of its 0 KZT outflow)"
BRG-043,100000008772058100,detached,"terminal, depth=2, seed=False; inside this formation receives 50,000 KZT and sends 0 KZT (0% of its 0 KZT outflow)"
BRG-043,100000008773876100,detached,"terminal, depth=1, seed=False; inside this formation receives 26,120 KZT and sends 0 KZT (0% of its 0 KZT outflow)"
BRG-043,100000008776298100,detached,"terminal, depth=1, seed=False; inside this formation receives 42,800 KZT and sends 0 KZT (0% of its 0 KZT outflow)"
BRG-043,100000008776576100,detached,"terminal, depth=1, seed=False; inside this formation receives 14,765 KZT and sends 0 KZT (0% of its 0 KZT outflow)"
BRG-043,100000008777088100,detached,"terminal, depth=1, seed=False; inside this formation receives 18,000 KZT and sends 0 KZT (0% of its 0 KZT outflow)"
BRG-043,100000008779584100,detached,"terminal, depth=1, seed=False; inside this formation receives 31,400 KZT and sends 0 KZT (0% of its 0 KZT outflow)"
BRG-043,100000008782056100,detached,"terminal, depth=1, seed=False; inside this formation receives 29,082 KZT and sends 0 KZT (0% of its 0 KZT outflow)"
BRG-043,100000008782421100,detached,"terminal, depth=1, seed=False; inside this formation receives 49,680 KZT and sends 0 KZT (0% of its 0 KZT outflow)"
BRG-043,100000008782800100,detached,"terminal, depth=1, seed=False; inside this formation receives 43,381 KZT and sends 0 KZT (0% of its 0 KZT outflow)"
BRG-044,100000000640800100,detached,"peripheral, depth=3, seed=False; inside this formation receives 80,000 KZT and sends 474,696 KZT (92% of its 518,135 KZT outflow)"
BRG-044,100000001378288100,detached,"abstained_boundary, depth=4, seed=False; inside this formation receives 268,000 KZT and sends 0 KZT (0% of its 0 KZT outflow)"
BRG-044,100000001857829100,cut_vertex,"coordinator, depth=2, seed=False; inside this formation receives 0 KZT and sends 1,299,423 KZT (54% of its 2,390,993 KZT outflow) [breaking point]"
BRG-044,100000002481974100,detached,"peripheral, depth=3, seed=False; inside this formation receives 64,447 KZT and sends 318,000 KZT (100% of its 318,000 KZT outflow)"
BRG-044,100000002550141100,detached,"terminal, depth=3, seed=False; inside this formation receives 100,586 KZT and sends 0 KZT (0% of its 0 KZT outflow)"
BRG-044,100000002713974100,detached,"abstained_boundary, depth=4, seed=False; inside this formation receives 50,000 KZT and sends 0 KZT (0% of its 0 KZT outflow)"
BRG-044,100000003177533100,detached,"abstained_boundary, depth=4, seed=False; inside this formation receives 20,000 KZT and sends 0 KZT (0% of its 0 KZT outflow)"
BRG-044,100000003345947100,detached,"abstained_boundary, depth=4, seed=False; inside this formation receives 79,500 KZT and sends 0 KZT (0% of its 0 KZT outflow)"
BRG-044,100000003899325100,detached,"terminal, depth=3, seed=False; inside this formation receives 50,120 KZT and sends 0 KZT (0% of its 0 KZT outflow)"
BRG-044,100000004689658100,detached,"abstained_single_observation, depth=3, seed=False; inside this formation receives 456,100 KZT and sends 7,092 KZT (100% of its 7,092 KZT outflow)"
BRG-044,100000005010159100,detached,"abstained_boundary, depth=4, seed=False; inside this formation receives 7,092 KZT and sends 0 KZT (0% of its 0 KZT outflow)"
BRG-044,100000005079473100,detached,"abstained_boundary, depth=4, seed=False; inside this formation receives 39,312 KZT and sends 0 KZT (0% of its 0 KZT outflow)"
BRG-044,100000005133757100,detached,"terminal, depth=1, seed=False; inside this formation receives 40,000 KZT and sends 0 KZT (0% of its 0 KZT outflow)"
BRG-044,100000005360814100,detached,"abstained_boundary, depth=4, seed=False; inside this formation receives 144,000 KZT and sends 0 KZT (0% of its 0 KZT outflow)"
BRG-044,100000005553088100,detached,"abstained_boundary, depth=4, seed=False; inside this formation receives 17,500 KZT and sends 0 KZT (0% of its 0 KZT outflow)"
BRG-044,100000005661528100,detached,"terminal, depth=3, seed=False; inside this formation receives 25,000 KZT and sends 0 KZT (0% of its 0 KZT outflow)"
BRG-044,100000007170072100,detached,"transit, depth=3, seed=False; inside this formation receives 100,000 KZT and sends 99,500 KZT (100% of its 99,500 KZT outflow)"
BRG-044,100000008121806100,detached,"peripheral, depth=3, seed=False; inside this formation receives 67,000 KZT and sends 183,312 KZT (74% of its 248,509 KZT outflow)"
BRG-044,100000008223756100,detached,"terminal, depth=3, seed=False; inside this formation receives 316,170 KZT and sends 0 KZT (0% of its 0 KZT outflow)"
BRG-044,100000008695157100,detached,"abstained_boundary, depth=4, seed=False; inside this formation receives 425,546 KZT and sends 0 KZT (0% of its 0 KZT outflow)"
BRG-044,100000008734279100,detached,"abstained_boundary, depth=4, seed=False; inside this formation receives 31,650 KZT and sends 0 KZT (0% of its 0 KZT outflow)"
BRG-045,100000000640800100,cut_vertex,"peripheral, depth=3, seed=False; inside this formation receives 0 KZT and sends 474,696 KZT (92% of its 518,135 KZT outflow) [breaking point]"
BRG-045,100000005553088100,detached,"abstained_boundary, depth=4, seed=False; inside this formation receives 17,500 KZT and sends 0 KZT (0% of its 0 KZT outflow)"
BRG-045,100000008695157100,detached,"abstained_boundary, depth=4, seed=False; inside this formation receives 425,546 KZT and sends 0 KZT (0% of its 0 KZT outflow)"
BRG-045,100000008734279100,detached,"abstained_boundary, depth=4, seed=False; inside this formation receives 31,650 KZT and sends 0 KZT (0% of its 0 KZT outflow)"
BRG-046,100000000655469100,detached,"abstained_boundary, depth=4, seed=False; inside this formation receives 20,000 KZT and sends 0 KZT (0% of its 0 KZT outflow)"
BRG-046,100000001427082100,detached,"peripheral, depth=3, seed=False; inside this formation receives 0 KZT and sends 124,900 KZT (100% of its 124,900 KZT outflow)"
BRG-046,100000002185328100,cut_vertex,"peripheral, depth=3, seed=False; inside this formation receives 0 KZT and sends 55,000 KZT (100% of its 55,000 KZT outflow) [breaking point]"
BRG-046,100000002227989100,detached,"abstained_boundary, depth=4, seed=False; inside this formation receives 20,000 KZT and sends 0 KZT (0% of its 0 KZT outflow)"
BRG-046,100000002229615100,detached,"abstained_boundary, depth=4, seed=False; inside this formation receives 25,000 KZT and sends 0 KZT (0% of its 0 KZT outflow)"
BRG-046,100000002231144100,detached,"abstained_boundary, depth=4, seed=False; inside this formation receives 15,000 KZT and sends 0 KZT (0% of its 0 KZT outflow)"
BRG-046,100000002448088100,detached,"peripheral, depth=3, seed=False; inside this formation receives 15,000 KZT and sends 25,000 KZT (100% of its 25,000 KZT outflow)"
BRG-046,100000002478829100,detached,"abstained_boundary, depth=4, seed=False; inside this formation receives 34,000 KZT and sends 0 KZT (0% of its 0 KZT outflow)"
BRG-046,100000002726055100,detached,"abstained_boundary, depth=4, seed=False; inside this formation receives 10,000 KZT and sends 0 KZT (0% of its 0 KZT outflow)"
BRG-046,100000004777215100,detached,"abstained_boundary, depth=4, seed=False; inside this formation receives 60,000 KZT and sends 0 KZT (0% of its 0 KZT outflow)"
BRG-046,100000008321975100,detached,"abstained_boundary, depth=4, seed=False; inside this formation receives 5,900 KZT and sends 0 KZT (0% of its 0 KZT outflow)"
BRG-047,100000000655469100,detached,"abstained_boundary, depth=4, seed=False; inside this formation receives 20,000 KZT and sends 0 KZT (0% of its 0 KZT outflow)"
BRG-047,100000001427082100,detached,"peripheral, depth=3, seed=False; inside this formation receives 0 KZT and sends 124,900 KZT (100% of its 124,900 KZT outflow)"
BRG-047,100000002229615100,detached,"abstained_boundary, depth=4, seed=False; inside this formation receives 25,000 KZT and sends 0 KZT (0% of its 0 KZT outflow)"
BRG-047,100000002448088100,cut_vertex,"peripheral, depth=3, seed=False; inside this formation receives 5,000 KZT and sends 25,000 KZT (100% of its 25,000 KZT outflow) [breaking point]"
BRG-047,100000002478829100,detached,"abstained_boundary, depth=4, seed=False; inside this formation receives 34,000 KZT and sends 0 KZT (0% of its 0 KZT outflow)"
BRG-047,100000004777215100,detached,"abstained_boundary, depth=4, seed=False; inside this formation receives 60,000 KZT and sends 0 KZT (0% of its 0 KZT outflow)"
BRG-047,100000008321975100,detached,"abstained_boundary, depth=4, seed=False; inside this formation receives 5,900 KZT and sends 0 KZT (0% of its 0 KZT outflow)"
BRG-048,100000000655469100,detached,"abstained_boundary, depth=4, seed=False; inside this formation receives 20,000 KZT and sends 0 KZT (0% of its 0 KZT outflow)"
BRG-048,100000001427082100,cut_vertex,"peripheral, depth=3, seed=False; inside this formation receives 0 KZT and sends 119,900 KZT (96% of its 124,900 KZT outflow) [breaking point]"
BRG-048,100000002478829100,detached,"abstained_boundary, depth=4, seed=False; inside this formation receives 34,000 KZT and sends 0 KZT (0% of its 0 KZT outflow)"
BRG-048,100000004777215100,detached,"abstained_boundary, depth=4, seed=False; inside this formation receives 60,000 KZT and sends 0 KZT (0% of its 0 KZT outflow)"
BRG-048,100000008321975100,detached,"abstained_boundary, depth=4, seed=False; inside this formation receives 5,900 KZT and sends 0 KZT (0% of its 0 KZT outflow)"
BRG-049,100000000656682100,detached,"transit, depth=3, seed=False; inside this formation receives 71,000 KZT and sends 80,000 KZT (100% of its 80,000 KZT outflow)"
BRG-049,100000000749118100,detached,"abstained_single_observation, depth=3, seed=False; inside this formation receives 10,330 KZT and sends 16,500 KZT (100% of its 16,500 KZT outflow)"
BRG-049,100000000981693100,detached,"abstained_boundary, depth=4, seed=False; inside this formation receives 16,500 KZT and sends 0 KZT (0% of its 0 KZT outflow)"
BRG-049,100000001130176100,detached,"terminal, depth=3, seed=False; inside this formation receives 25,000 KZT and sends 0 KZT (0% of its 0 KZT outflow)"
BRG-049,100000001329153100,detached,"terminal, depth=3, seed=False; inside this formation receives 150,687 KZT and sends 0 KZT (0% of its 0 KZT outflow)"
BRG-049,100000001530709100,detached,"terminal, depth=3, seed=False; inside this formation receives 53,961 KZT and sends 0 KZT (0% of its 0 KZT outflow)"
BRG-049,100000001733216100,detached,"abstained_boundary, depth=4, seed=False; inside this formation receives 60,000 KZT and sends 0 KZT (0% of its 0 KZT outflow)"
BRG-049,100000001934935100,detached,"terminal, depth=3, seed=False; inside this formation receives 118,935 KZT and sends 0 KZT (0% of its 0 KZT outflow)"
BRG-049,100000002194329100,detached,"terminal, depth=3, seed=False; inside this formation receives 25,170 KZT and sends 0 KZT (0% of its 0 KZT outflow)"
BRG-049,100000002435265100,detached,"terminal, depth=3, seed=False; inside this formation receives 132,628 KZT and sends 0 KZT (0% of its 0 KZT outflow)"
BRG-049,100000002505277100,detached,"abstained_boundary, depth=4, seed=False; inside this formation receives 60,000 KZT and sends 0 KZT (0% of its 0 KZT outflow)"
BRG-049,100000002521039100,detached,"terminal, depth=3, seed=False; inside this formation receives 349,370 KZT and sends 0 KZT (0% of its 0 KZT outflow)"
BRG-049,100000002597623100,detached,"terminal, depth=3, seed=False; inside this formation receives 16,418 KZT and sends 0 KZT (0% of its 0 KZT outflow)"
BRG-049,100000002599729100,detached,"abstained_boundary, depth=4, seed=False; inside this formation receives 65,000 KZT and sends 0 KZT (0% of its 0 KZT outflow)"
BRG-049,100000002970466100,detached,"peripheral, depth=3, seed=False; inside this formation receives 23,317 KZT and sends 93,000 KZT (100% of its 93,000 KZT outflow)"
BRG-049,100000003068941100,detached,"peripheral, depth=2, seed=False; inside this formation receives 50,000 KZT and sends 25,000 KZT (100% of its 25,000 KZT outflow)"
BRG-049,100000003093299100,detached,"terminal, depth=3, seed=False; inside this formation receives 15,000 KZT and sends 0 KZT (0% of its 0 KZT outflow)"
BRG-049,100000003218308100,detached,"terminal, depth=3, seed=False; inside this formation receives 11,165 KZT and sends 0 KZT (0% of its 0 KZT outflow)"
BRG-049,100000003221510100,detached,"peripheral, depth=3, seed=False; inside this formation receives 24,000 KZT and sends 120,000 KZT (100% of its 120,000 KZT outflow)"
BRG-049,100000003254277100,detached,"transit, depth=3, seed=False; inside this formation receives 49,200 KZT and sends 44,997 KZT (100% of its 44,997 KZT outflow)"
BRG-049,100000003574895100,detached,"abstained_single_observation, depth=3, seed=False; inside this formation receives 27,968 KZT and sends 20,000 KZT (100% of its 20,000 KZT outflow)"
BRG-049,100000003581109100,detached,"terminal, depth=3, seed=False; inside this formation receives 42,750 KZT and sends 0 KZT (0% of its 0 KZT outflow)"
BRG-049,100000003943247100,detached,"terminal, depth=3, seed=False; inside this formation receives 40,000 KZT and sends 0 KZT (0% of its 0 KZT outflow)"
BRG-049,100000004241142100,detached,"abstained_boundary, depth=4, seed=False; inside this formation receives 27,102 KZT and sends 0 KZT (0% of its 0 KZT outflow)"
BRG-049,100000004291560100,detached,"terminal, depth=3, seed=False; inside this formation receives 47,190 KZT and sends 0 KZT (0% of its 0 KZT outflow)"
BRG-049,100000004400305100,cut_vertex,"distributor, depth=2, seed=False; inside this formation receives 0 KZT and sends 2,347,301 KZT (40% of its 5,830,181 KZT outflow) [breaking point]"
BRG-049,100000004433250100,detached,"abstained_boundary, depth=4, seed=False; inside this formation receives 8,000 KZT and sends 0 KZT (0% of its 0 KZT outflow)"
BRG-049,100000004611571100,detached,"terminal, depth=3, seed=False; inside this formation receives 22,550 KZT and sends 0 KZT (0% of its 0 KZT outflow)"
BRG-049,100000004676985100,detached,"transit, depth=3, seed=False; inside this formation receives 32,260 KZT and sends 27,102 KZT (100% of its 27,102 KZT outflow)"
BRG-049,100000004713684100,detached,"terminal, depth=3, seed=False; inside this formation receives 37,500 KZT and sends 0 KZT (0% of its 0 KZT outflow)"
BRG-049,100000004779204100,detached,"peripheral, depth=3, seed=False; inside this formation receives 30,450 KZT and sends 20,000 KZT (100% of its 20,000 KZT outflow)"
BRG-049,100000004791226100,detached,"abstained_boundary, depth=4, seed=False; inside this formation receives 20,000 KZT and sends 0 KZT (0% of its 0 KZT outflow)"
BRG-049,100000004889043100,detached,"terminal, depth=3, seed=False; inside this formation receives 172,000 KZT and sends 0 KZT (0% of its 0 KZT outflow)"
BRG-049,100000004988240100,detached,"abstained_boundary, depth=4, seed=False; inside this formation receives 20,000 KZT and sends 0 KZT (0% of its 0 KZT outflow)"
BRG-049,100000005186131100,detached,"transit, depth=3, seed=False; inside this formation receives 10,000 KZT and sends 10,000 KZT (100% of its 10,000 KZT outflow)"
BRG-049,100000005357034100,detached,"terminal, depth=3, seed=False; inside this formation receives 9,754 KZT and sends 0 KZT (0% of its 0 KZT outflow)"
BRG-049,100000005375968100,detached,"peripheral, depth=3, seed=False; inside this formation receives 170,082 KZT and sends 86,000 KZT (100% of its 86,000 KZT outflow)"
BRG-049,100000006171671100,detached,"abstained_boundary, depth=4, seed=False; inside this formation receives 10,000 KZT and sends 0 KZT (0% of its 0 KZT outflow)"
BRG-049,100000006492770100,detached,"abstained_single_observation, depth=3, seed=False; inside this formation receives 269,000 KZT and sends 20,000 KZT (100% of its 20,000 KZT outflow)"
BRG-049,100000006512787100,detached,"abstained_boundary, depth=4, seed=False; inside this formation receives 20,000 KZT and sends 0 KZT (0% of its 0 KZT outflow)"
BRG-049,100000006706519100,detached,"abstained_boundary, depth=4, seed=False; inside this formation receives 36,000 KZT and sends 0 KZT (0% of its 0 KZT outflow)"
BRG-049,100000006919124100,detached,"terminal, depth=3, seed=False; inside this formation receives 25,000 KZT and sends 0 KZT (0% of its 0 KZT outflow)"
BRG-049,100000007153161100,detached,"abstained_boundary, depth=4, seed=False; inside this formation receives 44,997 KZT and sends 0 KZT (0% of its 0 KZT outflow)"
BRG-049,100000008308418100,detached,"abstained_boundary, depth=4, seed=False; inside this formation receives 50,000 KZT and sends 0 KZT (0% of its 0 KZT outflow)"
BRG-049,100000008422226100,detached,"terminal, depth=3, seed=False; inside this formation receives 87,450 KZT and sends 0 KZT (0% of its 0 KZT outflow)"
BRG-049,100000008432942100,detached,"terminal, depth=3, seed=False; inside this formation receives 44,542 KZT and sends 0 KZT (0% of its 0 KZT outflow)"
BRG-049,100000008491390100,detached,"terminal, depth=3, seed=False; inside this formation receives 36,000 KZT and sends 0 KZT (0% of its 0 KZT outflow)"
BRG-049,100000008524903100,detached,"abstained_boundary, depth=4, seed=False; inside this formation receives 15,000 KZT and sends 0 KZT (0% of its 0 KZT outflow)"
BRG-049,100000008652094100,detached,"terminal, depth=3, seed=False; inside this formation receives 35,000 KZT and sends 0 KZT (0% of its 0 KZT outflow)"
BRG-049,100000008669310100,detached,"terminal, depth=3, seed=False; inside this formation receives 59,567 KZT and sends 0 KZT (0% of its 0 KZT outflow)"
BRG-049,100000008735802100,detached,"abstained_boundary, depth=4, seed=False; inside this formation receives 85,000 KZT and sends 0 KZT (0% of its 0 KZT outflow)"
BRG-049,100000008748795100,detached,"terminal, depth=3, seed=False; inside this formation receives 47,057 KZT and sends 0 KZT (0% of its 0 KZT outflow)"
BRG-050,100000000703902100,detached,"terminal, depth=1, seed=False; inside this formation receives 25,499 KZT and sends 0 KZT (0% of its 0 KZT outflow)"
BRG-050,100000000907277100,detached,"terminal, depth=1, seed=False; inside this formation receives 17,534 KZT and sends 0 KZT (0% of its 0 KZT outflow)"
BRG-050,100000000968253100,detached,"terminal, depth=1, seed=False; inside this formation receives 15,000 KZT and sends 0 KZT (0% of its 0 KZT outflow)"
BRG-050,100000000978041100,detached,"terminal, depth=1, seed=False; inside this formation receives 44,445 KZT and sends 0 KZT (0% of its 0 KZT outflow)"
BRG-050,100000000979567100,detached,"terminal, depth=2, seed=False; inside this formation receives 10,000 KZT and sends 0 KZT (0% of its 0 KZT outflow)"
BRG-050,100000001103905100,detached,"terminal, depth=1, seed=False; inside this formation receives 18,000 KZT and sends 0 KZT (0% of its 0 KZT outflow)"
BRG-050,100000001111763100,detached,"terminal, depth=1, seed=False; inside this formation receives 17,144 KZT and sends 0 KZT (0% of its 0 KZT outflow)"
BRG-050,100000001307612100,detached,"terminal, depth=1, seed=False; inside this formation receives 38,483 KZT and sends 0 KZT (0% of its 0 KZT outflow)"
BRG-050,100000001389255100,detached,"terminal, depth=1, seed=False; inside this formation receives 16,136 KZT and sends 0 KZT (0% of its 0 KZT outflow)"
BRG-050,100000001716579100,detached,"terminal, depth=1, seed=False; inside this formation receives 13,916 KZT and sends 0 KZT (0% of its 0 KZT outflow)"
BRG-050,100000001870116100,detached,"terminal, depth=1, seed=False; inside this formation receives 24,000 KZT and sends 0 KZT (0% of its 0 KZT outflow)"
BRG-050,100000001952325100,detached,"terminal, depth=1, seed=False; inside this formation receives 77,888 KZT and sends 0 KZT (0% of its 0 KZT outflow)"
BRG-050,100000001953577100,detached,"terminal, depth=1, seed=False; inside this formation receives 15,600 KZT and sends 0 KZT (0% of its 0 KZT outflow)"
BRG-050,100000002158488100,detached,"terminal, depth=1, seed=False; inside this formation receives 31,723 KZT and sends 0 KZT (0% of its 0 KZT outflow)"
BRG-050,100000002211413100,detached,"terminal, depth=1, seed=False; inside this formation receives 37,000 KZT and sends 0 KZT (0% of its 0 KZT outflow)"
BRG-050,100000002214570100,detached,"terminal, depth=1, seed=False; inside this formation receives 26,471 KZT and sends 0 KZT (0% of its 0 KZT outflow)"
BRG-050,100000002243354100,detached,"terminal, depth=1, seed=False; inside this formation receives 20,879 KZT and sends 0 KZT (0% of its 0 KZT outflow)"
BRG-050,100000002289937100,detached,"terminal, depth=1, seed=False; inside this formation receives 20,000 KZT and sends 0 KZT (0% of its 0 KZT outflow)"
BRG-050,100000002527114100,cut_vertex,"distributor, depth=0, seed=True; inside this formation receives 39,000 KZT and sends 3,232,876 KZT (98% of its 3,289,249 KZT outflow) [breaking point]"
BRG-050,100000002810870100,detached,"terminal, depth=1, seed=False; inside this formation receives 33,677 KZT and sends 0 KZT (0% of its 0 KZT outflow)"
BRG-050,100000002830055100,detached,"terminal, depth=1, seed=False; inside this formation receives 14,000 KZT and sends 0 KZT (0% of its 0 KZT outflow)"
BRG-050,100000002858835100,detached,"terminal, depth=1, seed=False; inside this formation receives 24,400 KZT and sends 0 KZT (0% of its 0 KZT outflow)"
BRG-050,100000002982252100,detached,"terminal, depth=1, seed=False; inside this formation receives 20,320 KZT and sends 0 KZT (0% of its 0 KZT outflow)"
BRG-050,100000002992171100,detached,"terminal, depth=1, seed=False; inside this formation receives 14,627 KZT and sends 0 KZT (0% of its 0 KZT outflow)"
BRG-050,100000003119550100,detached,"terminal, depth=1, seed=False; inside this formation receives 21,000 KZT and sends 0 KZT (0% of its 0 KZT outflow)"
BRG-050,100000003187359100,detached,"terminal, depth=1, seed=False; inside this formation receives 19,072 KZT and sends 0 KZT (0% of its 0 KZT outflow)"
BRG-050,100000003567087100,detached,"terminal, depth=1, seed=False; inside this formation receives 62,115 KZT and sends 0 KZT (0% of its 0 KZT outflow)"
BRG-050,100000003942602100,detached,"transit, depth=1, seed=False; inside this formation receives 30,000 KZT and sends 30,000 KZT (100% of its 30,000 KZT outflow)"
BRG-050,100000004058740100,detached,"terminal, depth=1, seed=False; inside this formation receives 30,000 KZT and sends 0 KZT (0% of its 0 KZT outflow)"
BRG-050,100000004213658100,detached,"terminal, depth=1, seed=False; inside this formation receives 25,347 KZT and sends 0 KZT (0% of its 0 KZT outflow)"
BRG-050,100000004218576100,detached,"terminal, depth=1, seed=False; inside this formation receives 26,144 KZT and sends 0 KZT (0% of its 0 KZT outflow)"
BRG-050,100000004254434100,detached,"terminal, depth=1, seed=False; inside this formation receives 44,445 KZT and sends 0 KZT (0% of its 0 KZT outflow)"
BRG-050,100000004388209100,detached,"terminal, depth=1, seed=False; inside this formation receives 11,800 KZT and sends 0 KZT (0% of its 0 KZT outflow)"
BRG-050,100000004491881100,detached,"terminal, depth=1, seed=False; inside this formation receives 17,144 KZT and sends 0 KZT (0% of its 0 KZT outflow)"
BRG-050,100000004494983100,detached,"terminal, depth=1, seed=False; inside this formation receives 35,000 KZT and sends 0 KZT (0% of its 0 KZT outflow)"
BRG-050,100000004497606100,detached,"terminal, depth=1, seed=False; inside this formation receives 15,534 KZT and sends 0 KZT (0% of its 0 KZT outflow)"
BRG-050,100000004739664100,detached,"transit, depth=1, seed=False; inside this formation receives 12,000 KZT and sends 10,000 KZT (100% of its 10,000 KZT outflow)"
BRG-050,100000004783447100,detached,"terminal, depth=1, seed=False; inside this formation receives 26,200 KZT and sends 0 KZT (0% of its 0 KZT outflow)"
BRG-050,100000004792397100,detached,"terminal, depth=1, seed=False; inside this formation receives 73,520 KZT and sends 0 KZT (0% of its 0 KZT outflow)"
BRG-050,100000004841728100,detached,"terminal, depth=1, seed=False; inside this formation receives 52,208 KZT and sends 0 KZT (0% of its 0 KZT outflow)"
BRG-050,100000005092518100,detached,"terminal, depth=1, seed=False; inside this formation receives 26,144 KZT and sends 0 KZT (0% of its 0 KZT outflow)"
BRG-050,100000005228059100,detached,"terminal, depth=1, seed=False; inside this formation receives 26,000 KZT and sends 0 KZT (0% of its 0 KZT outflow)"
BRG-050,100000005877725100,detached,"terminal, depth=1, seed=False; inside this formation receives 70,000 KZT and sends 0 KZT (0% of its 0 KZT outflow)"
BRG-050,100000005901606100,detached,"terminal, depth=1, seed=False; inside this formation receives 35,660 KZT and sends 0 KZT (0% of its 0 KZT outflow)"
BRG-050,100000005961971100,detached,"terminal, depth=1, seed=False; inside this formation receives 47,353 KZT and sends 0 KZT (0% of its 0 KZT outflow)"
BRG-050,100000006030946100,detached,"terminal, depth=1, seed=False; inside this formation receives 73,289 KZT and sends 0 KZT (0% of its 0 KZT outflow)"
BRG-050,100000006326645100,detached,"terminal, depth=1, seed=False; inside this formation receives 25,264 KZT and sends 0 KZT (0% of its 0 KZT outflow)"
BRG-050,100000006369769100,detached,"terminal, depth=1, seed=False; inside this formation receives 40,000 KZT and sends 0 KZT (0% of its 0 KZT outflow)"
BRG-050,100000006656003100,detached,"abstained_single_observation, depth=1, seed=False; inside this formation receives 20,000 KZT and sends 9,000 KZT (100% of its 9,000 KZT outflow)"
BRG-050,100000007631637100,detached,"terminal, depth=1, seed=False; inside this formation receives 15,341 KZT and sends 0 KZT (0% of its 0 KZT outflow)"
BRG-050,100000007938486100,detached,"terminal, depth=1, seed=False; inside this formation receives 39,500 KZT and sends 0 KZT (0% of its 0 KZT outflow)"
BRG-050,100000008028628100,detached,"terminal, depth=1, seed=False; inside this formation receives 57,224 KZT and sends 0 KZT (0% of its 0 KZT outflow)"
BRG-050,100000008470470100,detached,"terminal, depth=1, seed=False; inside this formation receives 33,547 KZT and sends 0 KZT (0% of its 0 KZT outflow)"
BRG-050,100000008661585100,detached,"terminal, depth=1, seed=False; inside this formation receives 43,141 KZT and sends 0 KZT (0% of its 0 KZT outflow)"
BRG-050,100000008663007100,detached,"terminal, depth=1, seed=False; inside this formation receives 14,000 KZT and sends 0 KZT (0% of its 0 KZT outflow)"
BRG-050,100000008666075100,detached,"terminal, depth=1, seed=False; inside this formation receives 26,217 KZT and sends 0 KZT (0% of its 0 KZT outflow)"
BRG-050,100000008667058100,detached,"terminal, depth=1, seed=False; inside this formation receives 17,534 KZT and sends 0 KZT (0% of its 0 KZT outflow)"
BRG-050,100000008670667100,detached,"terminal, depth=1, seed=False; inside this formation receives 15,534 KZT and sends 0 KZT (0% of its 0 KZT outflow)"
BRG-050,100000008671026100,detached,"terminal, depth=1, seed=False; inside this formation receives 23,534 KZT and sends 0 KZT (0% of its 0 KZT outflow)"
BRG-050,100000008672162100,detached,"terminal, depth=1, seed=False; inside this formation receives 15,550 KZT and sends 0 KZT (0% of its 0 KZT outflow)"
BRG-050,100000008672200100,detached,"terminal, depth=1, seed=False; inside this formation receives 8,511 KZT and sends 0 KZT (0% of its 0 KZT outflow)"
BRG-050,100000008679986100,detached,"terminal, depth=1, seed=False; inside this formation receives 19,000 KZT and sends 0 KZT (0% of its 0 KZT outflow)"
BRG-050,100000008680451100,detached,"terminal, depth=1, seed=False; inside this formation receives 23,534 KZT and sends 0 KZT (0% of its 0 KZT outflow)"
BRG-050,100000008687671100,detached,"terminal, depth=1, seed=False; inside this formation receives 37,500 KZT and sends 0 KZT (0% of its 0 KZT outflow)"
BRG-050,100000008690932100,detached,"terminal, depth=1, seed=False; inside this formation receives 23,000 KZT and sends 0 KZT (0% of its 0 KZT outflow)"
BRG-050,100000008691027100,detached,"terminal, depth=1, seed=False; inside this formation receives 17,534 KZT and sends 0 KZT (0% of its 0 KZT outflow)"
BRG-050,100000008691330100,detached,"terminal, depth=1, seed=False; inside this formation receives 21,440 KZT and sends 0 KZT (0% of its 0 KZT outflow)"
BRG-050,100000008691495100,detached,"terminal, depth=1, seed=False; inside this formation receives 27,000 KZT and sends 0 KZT (0% of its 0 KZT outflow)"
BRG-050,100000008693069100,detached,"terminal, depth=1, seed=False; inside this formation receives 20,000 KZT and sends 0 KZT (0% of its 0 KZT outflow)"
BRG-050,100000008695495100,detached,"terminal, depth=1, seed=False; inside this formation receives 21,000 KZT and sends 0 KZT (0% of its 0 KZT outflow)"
BRG-050,100000008696919100,detached,"terminal, depth=1, seed=False; inside this formation receives 31,945 KZT and sends 0 KZT (0% of its 0 KZT outflow)"
BRG-050,100000008708368100,detached,"terminal, depth=1, seed=False; inside this formation receives 23,677 KZT and sends 0 KZT (0% of its 0 KZT outflow)"
BRG-050,100000008716222100,detached,"terminal, depth=1, seed=False; inside this formation receives 18,000 KZT and sends 0 KZT (0% of its 0 KZT outflow)"
BRG-050,100000008716439100,detached,"terminal, depth=1, seed=False; inside this formation receives 12,267 KZT and sends 0 KZT (0% of its 0 KZT outflow)"
BRG-050,100000008716773100,detached,"terminal, depth=1, seed=False; inside this formation receives 15,677 KZT and sends 0 KZT (0% of its 0 KZT outflow)"
BRG-050,100000008717340100,detached,"terminal, depth=1, seed=False; inside this formation receives 41,500 KZT and sends 0 KZT (0% of its 0 KZT outflow)"
BRG-050,100000008717341100,detached,"terminal, depth=1, seed=False; inside this formation receives 14,627 KZT and sends 0 KZT (0% of its 0 KZT outflow)"
BRG-050,100000008718089100,detached,"terminal, depth=1, seed=False; inside this formation receives 15,534 KZT and sends 0 KZT (0% of its 0 KZT outflow)"
BRG-050,100000008720798100,detached,"terminal, depth=1, seed=False; inside this formation receives 15,534 KZT and sends 0 KZT (0% of its 0 KZT outflow)"
BRG-050,100000008722328100,detached,"terminal, depth=1, seed=False; inside this formation receives 23,677 KZT and sends 0 KZT (0% of its 0 KZT outflow)"
BRG-050,100000008729801100,detached,"terminal, depth=1, seed=False; inside this formation receives 17,534 KZT and sends 0 KZT (0% of its 0 KZT outflow)"
BRG-050,100000008732098100,detached,"terminal, depth=1, seed=False; inside this formation receives 15,677 KZT and sends 0 KZT (0% of its 0 KZT outflow)"
BRG-050,100000008735384100,detached,"terminal, depth=1, seed=False; inside this formation receives 39,220 KZT and sends 0 KZT (0% of its 0 KZT outflow)"
BRG-050,100000008736173100,detached,"terminal, depth=1, seed=False; inside this formation receives 31,060 KZT and sends 0 KZT (0% of its 0 KZT outflow)"
BRG-050,100000008736760100,detached,"terminal, depth=1, seed=False; inside this formation receives 54,757 KZT and sends 0 KZT (0% of its 0 KZT outflow)"
BRG-050,100000008737422100,detached,"terminal, depth=1, seed=False; inside this formation receives 76,903 KZT and sends 0 KZT (0% of its 0 KZT outflow)"
BRG-050,100000008741372100,detached,"terminal, depth=1, seed=False; inside this formation receives 35,975 KZT and sends 0 KZT (0% of its 0 KZT outflow)"
BRG-050,100000008744849100,detached,"terminal, depth=1, seed=False; inside this formation receives 44,445 KZT and sends 0 KZT (0% of its 0 KZT outflow)"
BRG-050,100000008745474100,detached,"terminal, depth=1, seed=False; inside this formation receives 40,559 KZT and sends 0 KZT (0% of its 0 KZT outflow)"
BRG-050,100000008745489100,detached,"terminal, depth=1, seed=False; inside this formation receives 55,539 KZT and sends 0 KZT (0% of its 0 KZT outflow)"
BRG-050,100000008745643100,detached,"terminal, depth=1, seed=False; inside this formation receives 20,313 KZT and sends 0 KZT (0% of its 0 KZT outflow)"
BRG-050,100000008745725100,detached,"terminal, depth=1, seed=False; inside this formation receives 47,060 KZT and sends 0 KZT (0% of its 0 KZT outflow)"
BRG-050,100000008746025100,detached,"terminal, depth=1, seed=False; inside this formation receives 22,000 KZT and sends 0 KZT (0% of its 0 KZT outflow)"
BRG-050,100000008746673100,detached,"terminal, depth=1, seed=False; inside this formation receives 53,048 KZT and sends 0 KZT (0% of its 0 KZT outflow)"
BRG-050,100000008749063100,detached,"terminal, depth=1, seed=False; inside this formation receives 19,000 KZT and sends 0 KZT (0% of its 0 KZT outflow)"
BRG-050,100000008749406100,detached,"terminal, depth=1, seed=False; inside this formation receives 17,144 KZT and sends 0 KZT (0% of its 0 KZT outflow)"
BRG-050,100000008749618100,detached,"terminal, depth=1, seed=False; inside this formation receives 47,280 KZT and sends 0 KZT (0% of its 0 KZT outflow)"
BRG-050,100000008753193100,detached,"terminal, depth=1, seed=False; inside this formation receives 35,225 KZT and sends 0 KZT (0% of its 0 KZT outflow)"
BRG-050,100000008755361100,detached,"terminal, depth=1, seed=False; inside this formation receives 14,627 KZT and sends 0 KZT (0% of its 0 KZT outflow)"
BRG-050,100000008767925100,detached,"terminal, depth=1, seed=False; inside this formation receives 17,144 KZT and sends 0 KZT (0% of its 0 KZT outflow)"
BRG-050,100000008768896100,detached,"terminal, depth=1, seed=False; inside this formation receives 47,060 KZT and sends 0 KZT (0% of its 0 KZT outflow)"
BRG-050,100000008769636100,detached,"terminal, depth=1, seed=False; inside this formation receives 23,118 KZT and sends 0 KZT (0% of its 0 KZT outflow)"
BRG-050,100000008771819100,detached,"terminal, depth=1, seed=False; inside this formation receives 38,900 KZT and sends 0 KZT (0% of its 0 KZT outflow)"
BRG-050,100000008773876100,detached,"terminal, depth=1, seed=False; inside this formation receives 26,120 KZT and sends 0 KZT (0% of its 0 KZT outflow)"
BRG-050,100000008776298100,detached,"terminal, depth=1, seed=False; inside this formation receives 42,800 KZT and sends 0 KZT (0% of its 0 KZT outflow)"
BRG-050,100000008776576100,detached,"terminal, depth=1, seed=False; inside this formation receives 14,765 KZT and sends 0 KZT (0% of its 0 KZT outflow)"
BRG-050,100000008777088100,detached,"terminal, depth=1, seed=False; inside this formation receives 18,000 KZT and sends 0 KZT (0% of its 0 KZT outflow)"
BRG-050,100000008779584100,detached,"terminal, depth=1, seed=False; inside this formation receives 31,400 KZT and sends 0 KZT (0% of its 0 KZT outflow)"
BRG-050,100000008782056100,detached,"terminal, depth=1, seed=False; inside this formation receives 29,082 KZT and sends 0 KZT (0% of its 0 KZT outflow)"
BRG-050,100000008782421100,detached,"terminal, depth=1, seed=False; inside this formation receives 49,680 KZT and sends 0 KZT (0% of its 0 KZT outflow)"
BRG-050,100000008782800100,detached,"terminal, depth=1, seed=False; inside this formation receives 43,381 KZT and sends 0 KZT (0% of its 0 KZT outflow)"
BRG-051,100000000704700100,detached,"abstained_boundary, depth=4, seed=False; inside this formation receives 10,000 KZT and sends 0 KZT (0% of its 0 KZT outflow)"
BRG-051,100000002886166100,detached,"terminal, depth=3, seed=False; inside this formation receives 185,000 KZT and sends 0 KZT (0% of its 0 KZT outflow)"
BRG-051,100000003338583100,detached,"terminal, depth=3, seed=False; inside this formation receives 21,765 KZT and sends 0 KZT (0% of its 0 KZT outflow)"
BRG-051,100000004007197100,detached,"terminal, depth=3, seed=False; inside this formation receives 10,048 KZT and sends 0 KZT (0% of its 0 KZT outflow)"
BRG-051,100000004064431100,detached,"abstained_single_observation, depth=3, seed=False; inside this formation receives 26,000 KZT and sends 10,000 KZT (100% of its 10,000 KZT outflow)"
BRG-051,100000004160650100,cut_vertex,"peripheral, depth=2, seed=False; inside this formation receives 0 KZT and sends 242,813 KZT (16% of its 1,489,827 KZT outflow) [breaking point]"
BRG-052,100000000723383100,cut_vertex,"peripheral, depth=2, seed=False; inside this formation receives 0 KZT and sends 60,000 KZT (80% of its 75,000 KZT outflow) [breaking point]"
BRG-052,100000002227960100,detached,"abstained_boundary, depth=4, seed=False; inside this formation receives 10,000 KZT and sends 0 KZT (0% of its 0 KZT outflow)"
BRG-052,100000002304943100,detached,"abstained_boundary, depth=4, seed=False; inside this formation receives 15,000 KZT and sends 0 KZT (0% of its 0 KZT outflow)"
BRG-052,100000002305477100,detached,"abstained_boundary, depth=4, seed=False; inside this formation receives 20,000 KZT and sends 0 KZT (0% of its 0 KZT outflow)"
BRG-052,100000002723674100,detached,"abstained_boundary, depth=4, seed=False; inside this formation receives 30,000 KZT and sends 0 KZT (0% of its 0 KZT outflow)"
BRG-052,100000003105089100,detached,"abstained_boundary, depth=4, seed=False; inside this formation receives 10,000 KZT and sends 0 KZT (0% of its 0 KZT outflow)"
BRG-052,100000003154105100,detached,"peripheral, depth=3, seed=False; inside this formation receives 60,000 KZT and sends 338,000 KZT (100% of its 338,000 KZT outflow)"
BRG-052,100000006257675100,detached,"abstained_boundary, depth=4, seed=False; inside this formation receives 70,000 KZT and sends 0 KZT (0% of its 0 KZT outflow)"
BRG-052,100000006308406100,detached,"abstained_boundary, depth=4, seed=False; inside this formation receives 183,000 KZT and sends 0 KZT (0% of its 0 KZT outflow)"
BRG-053,100000000724540100,detached,"abstained_single_observation, depth=2, seed=False; inside this formation receives 50,000 KZT and sends 100,000 KZT (100% of its 100,000 KZT outflow)"
BRG-053,100000004134060100,detached,"terminal, depth=2, seed=False; inside this formation receives 88,179 KZT and sends 0 KZT (0% of its 0 KZT outflow)"
BRG-053,100000005241556100,detached,"terminal, depth=3, seed=False; inside this formation receives 100,000 KZT and sends 0 KZT (0% of its 0 KZT outflow)"
BRG-053,100000005527892100,cut_vertex,"peripheral, depth=1, seed=False; inside this formation receives 0 KZT and sends 247,179 KZT (45% of its 552,419 KZT outflow) [breaking point]"
BRG-053,100000008624978100,detached,"terminal, depth=2, seed=False; inside this formation receives 109,000 KZT and sends 0 KZT (0% of its 0 KZT outflow)"
BRG-054,100000000733373100,detached,"terminal, depth=2, seed=False; inside this formation receives 10,710 KZT and sends 0 KZT (0% of its 0 KZT outflow)"
BRG-054,100000004188160100,cut_vertex,"peripheral, depth=1, seed=False; inside this formation receives 0 KZT and sends 109,846 KZT (82% of its 133,846 KZT outflow) [breaking point]"
BRG-054,100000008174521100,detached,"terminal, depth=2, seed=False; inside this formation receives 82,110 KZT and sends 0 KZT (0% of its 0 KZT outflow)"
BRG-054,100000008762728100,detached,"terminal, depth=2, seed=False; inside this formation receives 17,026 KZT and sends 0 KZT (0% of its 0 KZT outflow)"
BRG-055,100000000782285100,detached,"terminal, depth=3, seed=False; inside this formation receives 6,151 KZT and sends 0 KZT (0% of its 0 KZT outflow)"
BRG-055,100000001439416100,detached,"peripheral, depth=3, seed=False; inside this formation receives 10,000 KZT and sends 165,000 KZT (100% of its 165,000 KZT outflow)"
BRG-055,100000002741024100,cut_vertex,"coordinator, depth=2, seed=False; inside this formation receives 15,991 KZT and sends 74,989 KZT (17% of its 434,989 KZT outflow) [breaking point]"
BRG-055,100000003996562100,detached,"terminal, depth=3, seed=False; inside this formation receives 7,700 KZT and sends 0 KZT (0% of its 0 KZT outflow)"
BRG-055,100000006444163100,detached,"terminal, depth=3, seed=False; inside this formation receives 6,026 KZT and sends 0 KZT (0% of its 0 KZT outflow)"
BRG-055,100000007511780100,detached,"abstained_boundary, depth=4, seed=False; inside this formation receives 155,000 KZT and sends 0 KZT (0% of its 0 KZT outflow)"
BRG-055,100000008680912100,detached,"peripheral, depth=3, seed=False; inside this formation receives 45,112 KZT and sends 5,991 KZT (100% of its 5,991 KZT outflow)"
BRG-056,100000000790311100,detached,"terminal, depth=2, seed=False; inside this formation receives 46,300 KZT and sends 0 KZT (0% of its 0 KZT outflow)"
BRG-056,100000000795129100,detached,"terminal, depth=2, seed=False; inside this formation receives 332,000 KZT and sends 0 KZT (0% of its 0 KZT outflow)"
BRG-056,100000001138376100,detached,"terminal, depth=2, seed=False; inside this formation receives 15,300 KZT and sends 0 KZT (0% of its 0 KZT outflow)"
BRG-056,100000001184915100,detached,"terminal, depth=2, seed=False; inside this formation receives 201,000 KZT and sends 0 KZT (0% of its 0 KZT outflow)"
BRG-056,100000001262647100,detached,"terminal, depth=2, seed=False; inside this formation receives 23,650 KZT and sends 0 KZT (0% of its 0 KZT outflow)"
BRG-056,100000001987030100,detached,"peripheral, depth=1, seed=False; inside this formation receives 23,668 KZT and sends 0 KZT (0% of its 19,000 KZT outflow)"
BRG-056,100000002028158100,detached,"terminal, depth=2, seed=False; inside this formation receives 34,800 KZT and sends 0 KZT (0% of its 0 KZT outflow)"
BRG-056,100000002605184100,detached,"terminal, depth=2, seed=False; inside this formation receives 140,000 KZT and sends 0 KZT (0% of its 0 KZT outflow)"
BRG-056,100000002727288100,detached,"terminal, depth=3, seed=False; inside this formation receives 16,000 KZT and sends 0 KZT (0% of its 0 KZT outflow)"
BRG-056,100000002742067100,detached,"terminal, depth=2, seed=False; inside this formation receives 12,730 KZT and sends 0 KZT (0% of its 0 KZT outflow)"
BRG-056,100000002852402100,detached,"terminal, depth=2, seed=False; inside this formation receives 55,000 KZT and sends 0 KZT (0% of its 0 KZT outflow)"
BRG-056,100000002956898100,detached,"terminal, depth=2, seed=False; inside this formation receives 233,000 KZT and sends 0 KZT (0% of its 0 KZT outflow)"
BRG-056,100000003221384100,detached,"terminal, depth=2, seed=False; inside this formation receives 511,200 KZT and sends 0 KZT (0% of its 0 KZT outflow)"
BRG-056,100000003927792100,detached,"terminal, depth=2, seed=False; inside this formation receives 13,067 KZT and sends 0 KZT (0% of its 0 KZT outflow)"
BRG-056,100000004156082100,cut_vertex,"distributor, depth=1, seed=False; inside this formation receives 300,866 KZT and sends 2,084,549 KZT (90% of its 2,319,556 KZT outflow) [breaking point]"
BRG-056,100000004269433100,detached,"peripheral, depth=0, seed=True; inside this formation receives 0 KZT and sends 1,372,000 KZT (100% of its 1,372,000 KZT outflow)"
BRG-056,100000004527381100,detached,"abstained_single_observation, depth=2, seed=False; inside this formation receives 119,333 KZT and sends 273,866 KZT (100% of its 273,866 KZT outflow)"
BRG-056,100000004816564100,detached,"abstained_single_observation, depth=2, seed=False; inside this formation receives 285,480 KZT and sends 5,000 KZT (100% of its 5,000 KZT outflow)"
BRG-056,100000004820260100,detached,"transit, depth=2, seed=False; inside this formation receives 234,200 KZT and sends 215,350 KZT (100% of its 215,350 KZT outflow)"
BRG-056,100000004993576100,detached,"terminal, depth=2, seed=False; inside this formation receives 167,000 KZT and sends 0 KZT (0% of its 0 KZT outflow)"
BRG-056,100000005030592100,detached,"terminal, depth=2, seed=False; inside this formation receives 10,000 KZT and sends 0 KZT (0% of its 0 KZT outflow)"
BRG-056,100000005175148100,detached,"peripheral, depth=2, seed=False; inside this formation receives 79,000 KZT and sends 15,000 KZT (100% of its 15,000 KZT outflow)"
BRG-056,100000005186109100,detached,"terminal, depth=3, seed=False; inside this formation receives 5,000 KZT and sends 0 KZT (0% of its 0 KZT outflow)"
BRG-056,100000005326681100,detached,"terminal, depth=2, seed=False; inside this formation receives 31,228 KZT and sends 0 KZT (0% of its 0 KZT outflow)"
BRG-056,100000005339662100,detached,"coordinator, depth=1, seed=False; inside this formation receives 176,014 KZT and sends 239,200 KZT (81% of its 295,160 KZT outflow)"
BRG-056,100000005395727100,detached,"terminal, depth=0, seed=True; inside this formation receives 17,000 KZT and sends 0 KZT (0% of its 0 KZT outflow)"
BRG-056,100000005481280100,detached,"peripheral, depth=2, seed=False; inside this formation receives 32,700 KZT and sends 33,000 KZT (66% of its 50,000 KZT outflow)"
BRG-056,100000005996909100,detached,"terminal, depth=3, seed=False; inside this formation receives 5,500 KZT and sends 0 KZT (0% of its 0 KZT outflow)"
BRG-056,100000008188026100,detached,"peripheral, depth=1, seed=False; inside this formation receives 0 KZT and sends 337,983 KZT (100% of its 337,983 KZT outflow)"
BRG-056,100000008289539100,detached,"terminal, depth=2, seed=False; inside this formation receives 14,912 KZT and sends 0 KZT (0% of its 0 KZT outflow)"
BRG-056,100000008418835100,detached,"peripheral, depth=0, seed=True; inside this formation receives 1,372,000 KZT and sends 154,679 KZT (83% of its 186,179 KZT outflow)"
BRG-056,100000008701944100,detached,"terminal, depth=1, seed=False; inside this formation receives 52,124 KZT and sends 0 KZT (0% of its 0 KZT outflow)"
BRG-056,100000008730021100,detached,"terminal, depth=1, seed=False; inside this formation receives 75,555 KZT and sends 0 KZT (0% of its 0 KZT outflow)"
BRG-056,100000008733049100,detached,"terminal, depth=2, seed=False; inside this formation receives 10,000 KZT and sends 0 KZT (0% of its 0 KZT outflow)"
BRG-056,100000008737514100,detached,"terminal, depth=2, seed=False; inside this formation receives 85,000 KZT and sends 0 KZT (0% of its 0 KZT outflow)"
BRG-057,100000000803368100,detached,"abstained_boundary, depth=4, seed=False; inside this formation receives 139,503 KZT and sends 0 KZT (0% of its 0 KZT outflow)"
BRG-057,100000001073568100,detached,"peripheral, depth=3, seed=False; inside this formation receives 707,465 KZT and sends 219,503 KZT (100% of its 219,503 KZT outflow)"
BRG-057,100000001549194100,detached,"terminal, depth=3, seed=False; inside this formation receives 46,500 KZT and sends 0 KZT (0% of its 0 KZT outflow)"
BRG-057,100000001550419100,detached,"terminal, depth=3, seed=False; inside this formation receives 23,000 KZT and sends 0 KZT (0% of its 0 KZT outflow)"
BRG-057,100000001597424100,detached,"terminal, depth=3, seed=False; inside this formation receives 48,100 KZT and sends 0 KZT (0% of its 0 KZT outflow)"
BRG-057,100000001969496100,detached,"terminal, depth=3, seed=False; inside this formation receives 22,740 KZT and sends 0 KZT (0% of its 0 KZT outflow)"
BRG-057,100000002132479100,detached,"peripheral, depth=2, seed=False; inside this formation receives 30,000 KZT and sends 20,000 KZT (100% of its 20,000 KZT outflow)"
BRG-057,100000002546921100,detached,"terminal, depth=3, seed=False; inside this formation receives 20,000 KZT and sends 0 KZT (0% of its 0 KZT outflow)"
BRG-057,100000002633108100,detached,"terminal, depth=3, seed=False; inside this formation receives 320,000 KZT and sends 0 KZT (0% of its 0 KZT outflow)"
BRG-057,100000002748581100,detached,"terminal, depth=3, seed=False; inside this formation receives 41,180 KZT and sends 0 KZT (0% of its 0 KZT outflow)"
BRG-057,100000002838519100,detached,"terminal, depth=3, seed=False; inside this formation receives 46,900 KZT and sends 0 KZT (0% of its 0 KZT outflow)"
BRG-057,100000002862113100,detached,"terminal, depth=3, seed=False; inside this formation receives 47,405 KZT and sends 0 KZT (0% of its 0 KZT outflow)"
BRG-057,100000002871199100,detached,"terminal, depth=3, seed=False; inside this formation receives 23,186 KZT and sends 0 KZT (0% of its 0 KZT outflow)"
BRG-057,100000002891765100,detached,"terminal, depth=3, seed=False; inside this formation receives 55,576 KZT and sends 0 KZT (0% of its 0 KZT outflow)"
BRG-057,100000002948492100,detached,"terminal, depth=3, seed=False; inside this formation receives 23,660 KZT and sends 0 KZT (0% of its 0 KZT outflow)"
BRG-057,100000002951898100,detached,"terminal, depth=3, seed=False; inside this formation receives 39,990 KZT and sends 0 KZT (0% of its 0 KZT outflow)"
BRG-057,100000003484058100,detached,"abstained_single_observation, depth=3, seed=False; inside this formation receives 110,000 KZT and sends 6,000 KZT (100% of its 6,000 KZT outflow)"
BRG-057,100000003838587100,detached,"abstained_boundary, depth=4, seed=False; inside this formation receives 6,000 KZT and sends 0 KZT (0% of its 0 KZT outflow)"
BRG-057,100000004159526100,detached,"coordinator, depth=1, seed=False; inside this formation receives 164,082 KZT and sends 68,000 KZT (100% of its 68,000 KZT outflow)"
BRG-057,100000004456564100,detached,"terminal, depth=2, seed=False; inside this formation receives 10,000 KZT and sends 0 KZT (0% of its 0 KZT outflow)"
BRG-057,100000004500444100,detached,"peripheral, depth=3, seed=False; inside this formation receives 180,000 KZT and sends 74,000 KZT (100% of its 74,000 KZT outflow)"
BRG-057,100000004500781100,detached,"abstained_boundary, depth=4, seed=False; inside this formation receives 74,000 KZT and sends 0 KZT (0% of its 0 KZT outflow)"
BRG-057,100000005032294100,detached,"terminal, depth=2, seed=False; inside this formation receives 10,000 KZT and sends 0 KZT (0% of its 0 KZT outflow)"
BRG-057,100000005222360100,detached,"abstained_single_observation, depth=3, seed=False; inside this formation receives 0 KZT and sends 27,000 KZT (100% of its 27,000 KZT outflow)"
BRG-057,100000005933757100,cut_vertex,"distributor, depth=2, seed=False; inside this formation receives 27,000 KZT and sends 2,048,479 KZT (68% of its 3,002,628 KZT outflow) [breaking point]"
BRG-057,100000005941908100,detached,"terminal, depth=3, seed=False; inside this formation receives 10,000 KZT and sends 0 KZT (0% of its 0 KZT outflow)"
BRG-057,100000007020162100,detached,"terminal, depth=3, seed=False; inside this formation receives 86,395 KZT and sends 0 KZT (0% of its 0 KZT outflow)"
BRG-057,100000007953156100,detached,"abstained_single_observation, depth=2, seed=False; inside this formation receives 18,000 KZT and sends 10,000 KZT (100% of its 10,000 KZT outflow)"
BRG-057,100000007999728100,detached,"terminal, depth=3, seed=False; inside this formation receives 23,250 KZT and sends 0 KZT (0% of its 0 KZT outflow)"
BRG-057,100000008259451100,detached,"terminal, depth=3, seed=False; inside this formation receives 55,000 KZT and sends 0 KZT (0% of its 0 KZT outflow)"
BRG-057,100000008416433100,detached,"terminal, depth=3, seed=False; inside this formation receives 20,000 KZT and sends 0 KZT (0% of its 0 KZT outflow)"
BRG-057,100000008454065100,detached,"terminal, depth=3, seed=False; inside this formation receives 24,050 KZT and sends 0 KZT (0% of its 0 KZT outflow)"
BRG-057,100000008682426100,detached,"terminal, depth=3, seed=False; inside this formation receives 20,000 KZT and sends 0 KZT (0% of its 0 KZT outflow)"
BRG-058,100000000806727100,detached,"abstained_single_observation, depth=2, seed=False; inside this formation receives 45,000 KZT and sends 5,000 KZT (100% of its 5,000 KZT outflow)"
BRG-058,100000001346560100,detached,"peripheral, depth=2, seed=False; inside this formation receives 10,000 KZT and sends 22,200 KZT (100% of its 22,200 KZT outflow)"
BRG-058,100000001641951100,detached,"terminal, depth=2, seed=False; inside this formation receives 25,000 KZT and sends 0 KZT (0% of its 0 KZT outflow)"
BRG-058,100000002836052100,detached,"terminal, depth=2, seed=False; inside this formation receives 15,000 KZT and sends 0 KZT (0% of its 0 KZT outflow)"
BRG-058,100000004959752100,detached,"terminal, depth=3, seed=False; inside this formation receives 22,200 KZT and sends 0 KZT (0% of its 0 KZT outflow)"
BRG-058,100000007908818100,cut_vertex,"coordinator, depth=1, seed=False; inside this formation receives 0 KZT and sends 302,000 KZT (100% of its 302,000 KZT outflow) [breaking point]"
BRG-058,100000008060273100,detached,"terminal, depth=2, seed=False; inside this formation receives 10,000 KZT and sends 0 KZT (0% of its 0 KZT outflow)"
BRG-058,100000008473207100,detached,"terminal, depth=2, seed=False; inside this formation receives 202,000 KZT and sends 0 KZT (0% of its 0 KZT outflow)"
BRG-059,100000000821507100,detached,"terminal, depth=2, seed=False; inside this formation receives 400,000 KZT and sends 0 KZT (0% of its 0 KZT outflow)"
BRG-059,100000001961048100,detached,"terminal, depth=2, seed=False; inside this formation receives 150,000 KZT and sends 0 KZT (0% of its 0 KZT outflow)"
BRG-059,100000002454724100,detached,"terminal, depth=2, seed=False; inside this formation receives 125,000 KZT and sends 0 KZT (0% of its 0 KZT outflow)"
BRG-059,100000002911170100,detached,"terminal, depth=2, seed=False; inside this formation receives 300,000 KZT and sends 0 KZT (0% of its 0 KZT outflow)"
BRG-059,100000006567935100,detached,"terminal, depth=2, seed=False; inside this formation receives 200,000 KZT and sends 0 KZT (0% of its 0 KZT outflow)"
BRG-059,100000007173936100,detached,"terminal, depth=2, seed=False; inside this formation receives 10,000 KZT and sends 0 KZT (0% of its 0 KZT outflow)"
BRG-059,100000007442518100,cut_vertex,"coordinator, depth=1, seed=False; inside this formation receives 0 KZT and sends 1,320,000 KZT (30% of its 4,419,999 KZT outflow) [breaking point]"
BRG-059,100000008376089100,detached,"terminal, depth=2, seed=False; inside this formation receives 135,000 KZT and sends 0 KZT (0% of its 0 KZT outflow)"
BRG-060,100000000831684100,detached,"peripheral, depth=2, seed=False; inside this formation receives 15,000 KZT and sends 50,000 KZT (100% of its 50,000 KZT outflow)"
BRG-060,100000000922570100,detached,"transit, depth=1, seed=False; inside this formation receives 47,101 KZT and sends 50,000 KZT (100% of its 50,000 KZT outflow)"
BRG-060,100000001083990100,detached,"terminal, depth=2, seed=False; inside this formation receives 49,900 KZT and sends 0 KZT (0% of its 0 KZT outflow)"
BRG-060,100000002589019100,detached,"terminal, depth=1, seed=False; inside this formation receives 34,710 KZT and sends 0 KZT (0% of its 0 KZT outflow)"
BRG-060,100000002603478100,detached,"terminal, depth=1, seed=False; inside this formation receives 23,500 KZT and sends 0 KZT (0% of its 0 KZT outflow)"
BRG-060,100000002671806100,detached,"terminal, depth=1, seed=False; inside this formation receives 12,440 KZT and sends 0 KZT (0% of its 0 KZT outflow)"
BRG-060,100000002692044100,detached,"terminal, depth=1, seed=False; inside this formation receives 97,000 KZT and sends 0 KZT (0% of its 0 KZT outflow)"
BRG-060,100000002757797100,detached,"terminal, depth=1, seed=False; inside this formation receives 100,000 KZT and sends 0 KZT (0% of its 0 KZT outflow)"
BRG-060,100000002864680100,detached,"terminal, depth=1, seed=False; inside this formation receives 55,932 KZT and sends 0 KZT (0% of its 0 KZT outflow)"
BRG-060,100000002881669100,detached,"terminal, depth=1, seed=False; inside this formation receives 18,600 KZT and sends 0 KZT (0% of its 0 KZT outflow)"
BRG-060,100000002973903100,detached,"terminal, depth=1, seed=False; inside this formation receives 42,680 KZT and sends 0 KZT (0% of its 0 KZT outflow)"
BRG-060,100000002974256100,detached,"terminal, depth=2, seed=False; inside this formation receives 7,200 KZT and sends 0 KZT (0% of its 0 KZT outflow)"
BRG-060,100000003123296100,detached,"terminal, depth=1, seed=False; inside this formation receives 86,200 KZT and sends 0 KZT (0% of its 0 KZT outflow)"
BRG-060,100000003239379100,detached,"terminal, depth=1, seed=False; inside this formation receives 92,500 KZT and sends 0 KZT (0% of its 0 KZT outflow)"
BRG-060,100000003239859100,detached,"terminal, depth=1, seed=False; inside this formation receives 18,600 KZT and sends 0 KZT (0% of its 0 KZT outflow)"
BRG-060,100000003265158100,detached,"transit, depth=1, seed=False; inside this formation receives 127,500 KZT and sends 154,200 KZT (100% of its 154,200 KZT outflow)"
BRG-060,100000003781406100,detached,"terminal, depth=3, seed=False; inside this formation receives 45,000 KZT and sends 0 KZT (0% of its 0 KZT outflow)"
BRG-060,100000003917461100,detached,"peripheral, depth=3, seed=False; inside this formation receives 10,000 KZT and sends 140,000 KZT (100% of its 140,000 KZT outflow)"
BRG-060,100000003922499100,detached,"terminal, depth=2, seed=False; inside this formation receives 50,000 KZT and sends 0 KZT (0% of its 0 KZT outflow)"
BRG-060,100000003943483100,detached,"terminal, depth=2, seed=False; inside this formation receives 10,000 KZT and sends 0 KZT (0% of its 0 KZT outflow)"
BRG-060,100000003970394100,detached,"terminal, depth=1, seed=False; inside this formation receives 85,000 KZT and sends 0 KZT (0% of its 0 KZT outflow)"
BRG-060,100000004200745100,detached,"abstained_boundary, depth=4, seed=False; inside this formation receives 130,000 KZT and sends 0 KZT (0% of its 0 KZT outflow)"
BRG-060,100000004286573100,detached,"terminal, depth=1, seed=False; inside this formation receives 16,590 KZT and sends 0 KZT (0% of its 0 KZT outflow)"
BRG-060,100000004386258100,detached,"peripheral, depth=2, seed=False; inside this formation receives 61,700 KZT and sends 40,000 KZT (100% of its 40,000 KZT outflow)"
BRG-060,100000004386286100,detached,"abstained_boundary, depth=4, seed=False; inside this formation receives 12,500 KZT and sends 0 KZT (0% of its 0 KZT outflow)"
BRG-060,100000004386331100,detached,"transit, depth=3, seed=False; inside this formation receives 20,000 KZT and sends 17,500 KZT (100% of its 17,500 KZT outflow)"
BRG-060,100000004591973100,detached,"abstained_single_observation, depth=3, seed=False; inside this formation receives 10,000 KZT and sends 100,000 KZT (100% of its 100,000 KZT outflow)"
BRG-060,100000004662806100,detached,"peripheral, depth=1, seed=False; inside this formation receives 97,580 KZT and sends 59,900 KZT (100% of its 59,900 KZT outflow)"
BRG-060,100000004692798100,detached,"peripheral, depth=1, seed=False; inside this formation receives 240,305 KZT and sends 15,000 KZT (100% of its 15,000 KZT outflow)"
BRG-060,100000006008169100,detached,"terminal, depth=1, seed=False; inside this formation receives 70,000 KZT and sends 0 KZT (0% of its 0 KZT outflow)"
BRG-060,100000006122699100,detached,"terminal, depth=2, seed=False; inside this formation receives 24,750 KZT and sends 0 KZT (0% of its 0 KZT outflow)"
BRG-060,100000007242833100,detached,"peripheral, depth=2, seed=False; inside this formation receives 107,500 KZT and sends 45,000 KZT (100% of its 45,000 KZT outflow)"
BRG-060,100000007745062100,detached,"abstained_boundary, depth=4, seed=False; inside this formation receives 100,000 KZT and sends 0 KZT (0% of its 0 KZT outflow)"
BRG-060,100000008002020100,detached,"abstained_single_observation, depth=1, seed=False; inside this formation receives 73,860 KZT and sends 0 KZT (0% of its 17,000 KZT outflow)"
BRG-060,100000008229700100,detached,"abstained_single_observation, depth=1, seed=False; inside this formation receives 23,500 KZT and sends 7,200 KZT (100% of its 7,200 KZT outflow)"
BRG-060,100000008304115100,detached,"terminal, depth=1, seed=False; inside this formation receives 51,000 KZT and sends 0 KZT (0% of its 0 KZT outflow)"
BRG-060,100000008586731100,detached,"terminal, depth=1, seed=False; inside this formation receives 12,000 KZT and sends 0 KZT (0% of its 0 KZT outflow)"
BRG-060,100000008636603100,detached,"peripheral, depth=2, seed=False; inside this formation receives 0 KZT and sends 71,550 KZT (45% of its 159,375 KZT outflow)"
BRG-060,100000008680731100,cut_vertex,"peripheral, depth=0, seed=True; inside this formation receives 0 KZT and sends 1,329,798 KZT (91% of its 1,464,354 KZT outflow) [breaking point]"
BRG-061,100000000850297100,detached,"transit, depth=2, seed=False; inside this formation receives 17,520 KZT and sends 17,520 KZT (100% of its 17,520 KZT outflow)"
BRG-061,100000001273783100,detached,"terminal, depth=2, seed=False; inside this formation receives 23,200 KZT and sends 0 KZT (0% of its 0 KZT outflow)"
BRG-061,100000001954903100,detached,"terminal, depth=2, seed=False; inside this formation receives 27,118 KZT and sends 0 KZT (0% of its 0 KZT outflow)"
BRG-061,100000002170580100,detached,"terminal, depth=2, seed=False; inside this formation receives 150,000 KZT and sends 0 KZT (0% of its 0 KZT outflow)"
BRG-061,100000002540623100,detached,"terminal, depth=2, seed=False; inside this formation receives 100,000 KZT and sends 0 KZT (0% of its 0 KZT outflow)"
BRG-061,100000002566204100,detached,"terminal, depth=2, seed=False; inside this formation receives 80,805 KZT and sends 0 KZT (0% of its 0 KZT outflow)"
BRG-061,100000002618492100,cut_vertex,"terminal, depth=1, seed=False; inside this formation receives 118,500 KZT and sends 0 KZT (0% of its 0 KZT outflow) [breaking point]"
BRG-061,100000002952756100,detached,"terminal, depth=3, seed=False; inside this formation receives 47,000 KZT and sends 0 KZT (0% of its 0 KZT outflow)"
BRG-061,100000003194831100,detached,"abstained_boundary, depth=4, seed=False; inside this formation receives 6,265 KZT and sends 0 KZT (0% of its 0 KZT outflow)"
BRG-061,100000003989033100,detached,"abstained_boundary, depth=4, seed=False; inside this formation receives 373,400 KZT and sends 0 KZT (0% of its 0 KZT outflow)"
BRG-061,100000004644615100,detached,"peripheral, depth=3, seed=False; inside this formation receives 50,810 KZT and sends 379,665 KZT (100% of its 379,665 KZT outflow)"
BRG-061,100000004732589100,detached,"terminal, depth=2, seed=False; inside this formation receives 227,520 KZT and sends 0 KZT (0% of its 0 KZT outflow)"
BRG-061,100000005328215100,detached,"terminal, depth=2, seed=False; inside this formation receives 27,000 KZT and sends 0 KZT (0% of its 0 KZT outflow)"
BRG-061,100000006707582100,detached,"peripheral, depth=1, seed=False; inside this formation receives 17,520 KZT and sends 882,663 KZT (92% of its 961,138 KZT outflow)"
BRG-061,100000007534354100,detached,"peripheral, depth=2, seed=False; inside this formation receives 0 KZT and sends 147,810 KZT (100% of its 147,810 KZT outflow)"
BRG-061,100000007793871100,detached,"terminal, depth=3, seed=False; inside this formation receives 26,000 KZT and sends 0 KZT (0% of its 0 KZT outflow)"
BRG-061,100000007998965100,detached,"peripheral, depth=2, seed=False; inside this formation receives 161,000 KZT and sends 26,000 KZT (100% of its 26,000 KZT outflow)"
BRG-062,100000000850297100,detached,"transit, depth=2, seed=False; inside this formation receives 17,520 KZT and sends 17,520 KZT (100% of its 17,520 KZT outflow)"
BRG-062,100000001273783100,detached,"terminal, depth=2, seed=False; inside this formation receives 23,200 KZT and sends 0 KZT (0% of its 0 KZT outflow)"
BRG-062,100000001954903100,detached,"terminal, depth=2, seed=False; inside this formation receives 27,118 KZT and sends 0 KZT (0% of its 0 KZT outflow)"
BRG-062,100000002170580100,detached,"terminal, depth=2, seed=False; inside this formation receives 150,000 KZT and sends 0 KZT (0% of its 0 KZT outflow)"
BRG-062,100000002540623100,detached,"terminal, depth=2, seed=False; inside this formation receives 100,000 KZT and sends 0 KZT (0% of its 0 KZT outflow)"
BRG-062,100000002566204100,detached,"terminal, depth=2, seed=False; inside this formation receives 80,805 KZT and sends 0 KZT (0% of its 0 KZT outflow)"
BRG-062,100000002952756100,detached,"terminal, depth=3, seed=False; inside this formation receives 47,000 KZT and sends 0 KZT (0% of its 0 KZT outflow)"
BRG-062,100000003194831100,detached,"abstained_boundary, depth=4, seed=False; inside this formation receives 6,265 KZT and sends 0 KZT (0% of its 0 KZT outflow)"
BRG-062,100000003989033100,detached,"abstained_boundary, depth=4, seed=False; inside this formation receives 373,400 KZT and sends 0 KZT (0% of its 0 KZT outflow)"
BRG-062,100000004644615100,detached,"peripheral, depth=3, seed=False; inside this formation receives 50,810 KZT and sends 379,665 KZT (100% of its 379,665 KZT outflow)"
BRG-062,100000004732589100,detached,"terminal, depth=2, seed=False; inside this formation receives 227,520 KZT and sends 0 KZT (0% of its 0 KZT outflow)"
BRG-062,100000005328215100,detached,"terminal, depth=2, seed=False; inside this formation receives 27,000 KZT and sends 0 KZT (0% of its 0 KZT outflow)"
BRG-062,100000006707582100,cut_vertex,"peripheral, depth=1, seed=False; inside this formation receives 17,520 KZT and sends 764,163 KZT (80% of its 961,138 KZT outflow) [breaking point]"
BRG-062,100000007534354100,detached,"peripheral, depth=2, seed=False; inside this formation receives 0 KZT and sends 147,810 KZT (100% of its 147,810 KZT outflow)"
BRG-062,100000007793871100,detached,"terminal, depth=3, seed=False; inside this formation receives 26,000 KZT and sends 0 KZT (0% of its 0 KZT outflow)"
BRG-062,100000007998965100,detached,"peripheral, depth=2, seed=False; inside this formation receives 161,000 KZT and sends 26,000 KZT (100% of its 26,000 KZT outflow)"
BRG-063,100000000861294100,detached,"terminal, depth=2, seed=False; inside this formation receives 150,000 KZT and sends 0 KZT (0% of its 0 KZT outflow)"
BRG-063,100000000971908100,detached,"terminal, depth=2, seed=False; inside this formation receives 89,000 KZT and sends 0 KZT (0% of its 0 KZT outflow)"
BRG-063,100000001250022100,detached,"terminal, depth=2, seed=False; inside this formation receives 50,000 KZT and sends 0 KZT (0% of its 0 KZT outflow)"
BRG-063,100000001557930100,detached,"terminal, depth=2, seed=False; inside this formation receives 34,610 KZT and sends 0 KZT (0% of its 0 KZT outflow)"
BRG-063,100000001639766100,detached,"terminal, depth=3, seed=False; inside this formation receives 20,000 KZT and sends 0 KZT (0% of its 0 KZT outflow)"
BRG-063,100000001648936100,detached,"terminal, depth=2, seed=False; inside this formation receives 92,740 KZT and sends 0 KZT (0% of its 0 KZT outflow)"
BRG-063,100000001808684100,detached,"peripheral, depth=3, seed=False; inside this formation receives 48,400 KZT and sends 37,700 KZT (100% of its 37,700 KZT outflow)"
BRG-063,100000001848426100,detached,"terminal, depth=2, seed=False; inside this formation receives 95,530 KZT and sends 0 KZT (0% of its 0 KZT outflow)"
BRG-063,100000001860090100,detached,"terminal, depth=3, seed=False; inside this formation receives 5,000 KZT and sends 0 KZT (0% of its 0 KZT outflow)"
BRG-063,100000001893287100,detached,"peripheral, depth=3, seed=False; inside this formation receives 18,000 KZT and sends 152,700 KZT (100% of its 152,700 KZT outflow)"
BRG-063,100000002488629100,detached,"terminal, depth=2, seed=False; inside this formation receives 73,050 KZT and sends 0 KZT (0% of its 0 KZT outflow)"
BRG-063,100000002692750100,detached,"peripheral, depth=2, seed=False; inside this formation receives 112,830 KZT and sends 77,000 KZT (100% of its 77,000 KZT outflow)"
BRG-063,100000002820010100,detached,"terminal, depth=2, seed=False; inside this formation receives 30,000 KZT and sends 0 KZT (0% of its 0 KZT outflow)"
BRG-063,100000002870463100,detached,"peripheral, depth=2, seed=False; inside this formation receives 157,000 KZT and sends 10,000 KZT (100% of its 10,000 KZT outflow)"
BRG-063,100000002969048100,detached,"terminal, depth=2, seed=False; inside this formation receives 108,470 KZT and sends 0 KZT (0% of its 0 KZT outflow)"
BRG-063,100000003073398100,detached,"terminal, depth=2, seed=False; inside this formation receives 92,960 KZT and sends 0 KZT (0% of its 0 KZT outflow)"
BRG-063,100000003157333100,detached,"terminal, depth=2, seed=False; inside this formation receives 30,000 KZT and sends 0 KZT (0% of its 0 KZT outflow)"
BRG-063,100000003509750100,detached,"transit, depth=2, seed=False; inside this formation receives 82,290 KZT and sends 78,400 KZT (100% of its 78,400 KZT outflow)"
BRG-063,100000003636627100,detached,"peripheral, depth=3, seed=False; inside this formation receives 77,000 KZT and sends 10,000 KZT (100% of its 10,000 KZT outflow)"
BRG-063,100000004491749100,detached,"terminal, depth=3, seed=False; inside this formation receives 50,000 KZT and sends 0 KZT (0% of its 0 KZT outflow)"
BRG-063,100000004697956100,detached,"transit, depth=3, seed=False; inside this formation receives 10,000 KZT and sends 10,000 KZT (100% of its 10,000 KZT outflow)"
BRG-063,100000004698193100,detached,"peripheral, depth=2, seed=False; inside this formation receives 222,700 KZT and sends 38,000 KZT (100% of its 38,000 KZT outflow)"
BRG-063,100000005100475100,detached,"terminal, depth=3, seed=False; inside this formation receives 40,000 KZT and sends 0 KZT (0% of its 0 KZT outflow)"
BRG-063,100000005142492100,detached,"abstained_single_observation, depth=3, seed=False; inside this formation receives 10,000 KZT and sends 57,000 KZT (100% of its 57,000 KZT outflow)"
BRG-063,100000005203590100,detached,"terminal, depth=2, seed=False; inside this formation receives 90,000 KZT and sends 0 KZT (0% of its 0 KZT outflow)"
BRG-063,100000005205745100,detached,"terminal, depth=2, seed=False; inside this formation receives 6,000 KZT and sends 0 KZT (0% of its 0 KZT outflow)"
BRG-063,100000006788200100,detached,"peripheral, depth=1, seed=False; inside this formation receives 93,200 KZT and sends 64,500 KZT (100% of its 64,500 KZT outflow)"
BRG-063,100000006994985100,detached,"peripheral, depth=2, seed=False; inside this formation receives 48,500 KZT and sends 10,200 KZT (100% of its 10,200 KZT outflow)"
BRG-063,100000007140834100,detached,"terminal, depth=3, seed=False; inside this formation receives 10,200 KZT and sends 0 KZT (0% of its 0 KZT outflow)"
BRG-063,100000007982728100,cut_vertex,"peripheral, depth=0, seed=True; inside this formation receives 0 KZT and sends 453,200 KZT (25% of its 1,804,384 KZT outflow) [breaking point]"
BRG-063,100000008008463100,detached,"terminal, depth=2, seed=False; inside this formation receives 54,180 KZT and sends 0 KZT (0% of its 0 KZT outflow)"
BRG-063,100000008547295100,detached,"terminal, depth=3, seed=False; inside this formation receives 15,000 KZT and sends 0 KZT (0% of its 0 KZT outflow)"
BRG-063,100000008596924100,detached,"terminal, depth=3, seed=False; inside this formation receives 100,000 KZT and sends 0 KZT (0% of its 0 KZT outflow)"
BRG-063,100000008713270100,detached,"peripheral, depth=2, seed=False; inside this formation receives 30,000 KZT and sends 190,000 KZT (100% of its 190,000 KZT outflow)"
BRG-063,100000008748408100,detached,"distributor, depth=1, seed=False; inside this formation receives 360,000 KZT and sends 1,377,960 KZT (92% of its 1,499,960 KZT outflow)"
BRG-063,100000008765627100,detached,"terminal, depth=2, seed=False; inside this formation receives 60,000 KZT and sends 0 KZT (0% of its 0 KZT outflow)"
BRG-064,100000000861294100,detached,"terminal, depth=2, seed=False; inside this formation receives 150,000 KZT and sends 0 KZT (0% of its 0 KZT outflow)"
BRG-064,100000000971908100,detached,"terminal, depth=2, seed=False; inside this formation receives 89,000 KZT and sends 0 KZT (0% of its 0 KZT outflow)"
BRG-064,100000001250022100,detached,"terminal, depth=2, seed=False; inside this formation receives 50,000 KZT and sends 0 KZT (0% of its 0 KZT outflow)"
BRG-064,100000001557930100,detached,"terminal, depth=2, seed=False; inside this formation receives 34,610 KZT and sends 0 KZT (0% of its 0 KZT outflow)"
BRG-064,100000001639766100,detached,"terminal, depth=3, seed=False; inside this formation receives 20,000 KZT and sends 0 KZT (0% of its 0 KZT outflow)"
BRG-064,100000001648936100,detached,"terminal, depth=2, seed=False; inside this formation receives 92,740 KZT and sends 0 KZT (0% of its 0 KZT outflow)"
BRG-064,100000001808684100,detached,"peripheral, depth=3, seed=False; inside this formation receives 48,400 KZT and sends 37,700 KZT (100% of its 37,700 KZT outflow)"
BRG-064,100000001848426100,detached,"terminal, depth=2, seed=False; inside this formation receives 95,530 KZT and sends 0 KZT (0% of its 0 KZT outflow)"
BRG-064,100000001860090100,detached,"terminal, depth=3, seed=False; inside this formation receives 5,000 KZT and sends 0 KZT (0% of its 0 KZT outflow)"
BRG-064,100000001893287100,detached,"peripheral, depth=3, seed=False; inside this formation receives 18,000 KZT and sends 152,700 KZT (100% of its 152,700 KZT outflow)"
BRG-064,100000002488629100,detached,"terminal, depth=2, seed=False; inside this formation receives 73,050 KZT and sends 0 KZT (0% of its 0 KZT outflow)"
BRG-064,100000002820010100,detached,"terminal, depth=2, seed=False; inside this formation receives 30,000 KZT and sends 0 KZT (0% of its 0 KZT outflow)"
BRG-064,100000002870463100,detached,"peripheral, depth=2, seed=False; inside this formation receives 157,000 KZT and sends 10,000 KZT (100% of its 10,000 KZT outflow)"
BRG-064,100000002969048100,detached,"terminal, depth=2, seed=False; inside this formation receives 108,470 KZT and sends 0 KZT (0% of its 0 KZT outflow)"
BRG-064,100000003073398100,detached,"terminal, depth=2, seed=False; inside this formation receives 92,960 KZT and sends 0 KZT (0% of its 0 KZT outflow)"
BRG-064,100000003157333100,detached,"terminal, depth=2, seed=False; inside this formation receives 30,000 KZT and sends 0 KZT (0% of its 0 KZT outflow)"
BRG-064,100000003509750100,detached,"transit, depth=2, seed=False; inside this formation receives 82,290 KZT and sends 78,400 KZT (100% of its 78,400 KZT outflow)"
BRG-064,100000004491749100,detached,"terminal, depth=3, seed=False; inside this formation receives 50,000 KZT and sends 0 KZT (0% of its 0 KZT outflow)"
BRG-064,100000004697956100,detached,"transit, depth=3, seed=False; inside this formation receives 10,000 KZT and sends 10,000 KZT (100% of its 10,000 KZT outflow)"
BRG-064,100000004698193100,detached,"peripheral, depth=2, seed=False; inside this formation receives 222,700 KZT and sends 38,000 KZT (100% of its 38,000 KZT outflow)"
BRG-064,100000005100475100,detached,"terminal, depth=3, seed=False; inside this formation receives 40,000 KZT and sends 0 KZT (0% of its 0 KZT outflow)"
BRG-064,100000005142492100,detached,"abstained_single_observation, depth=3, seed=False; inside this formation receives 10,000 KZT and sends 57,000 KZT (100% of its 57,000 KZT outflow)"
BRG-064,100000005203590100,detached,"terminal, depth=2, seed=False; inside this formation receives 90,000 KZT and sends 0 KZT (0% of its 0 KZT outflow)"
BRG-064,100000008008463100,detached,"terminal, depth=2, seed=False; inside this formation receives 54,180 KZT and sends 0 KZT (0% of its 0 KZT outflow)"
BRG-064,100000008547295100,detached,"terminal, depth=3, seed=False; inside this formation receives 15,000 KZT and sends 0 KZT (0% of its 0 KZT outflow)"
BRG-064,100000008596924100,detached,"terminal, depth=3, seed=False; inside this formation receives 100,000 KZT and sends 0 KZT (0% of its 0 KZT outflow)"
BRG-064,100000008713270100,detached,"peripheral, depth=2, seed=False; inside this formation receives 30,000 KZT and sends 190,000 KZT (100% of its 190,000 KZT outflow)"
BRG-064,100000008748408100,cut_vertex,"distributor, depth=1, seed=False; inside this formation receives 0 KZT and sends 1,285,130 KZT (86% of its 1,499,960 KZT outflow) [breaking point]"
BRG-064,100000008765627100,detached,"terminal, depth=2, seed=False; inside this formation receives 60,000 KZT and sends 0 KZT (0% of its 0 KZT outflow)"
BRG-065,100000000870121100,detached,"terminal, depth=3, seed=False; inside this formation receives 12,000 KZT and sends 0 KZT (0% of its 0 KZT outflow)"
BRG-065,100000001065481100,detached,"abstained_boundary, depth=4, seed=False; inside this formation receives 16,000 KZT and sends 0 KZT (0% of its 0 KZT outflow)"
BRG-065,100000001429930100,detached,"terminal, depth=0, seed=True; inside this formation receives 26,000 KZT and sends 0 KZT (0% of its 0 KZT outflow)"
BRG-065,100000003718715100,detached,"abstained_boundary, depth=4, seed=False; inside this formation receives 915,000 KZT and sends 0 KZT (0% of its 0 KZT outflow)"
BRG-065,100000004183610100,detached,"peripheral, depth=3, seed=False; inside this formation receives 22,000 KZT and sends 915,000 KZT (100% of its 915,000 KZT outflow)"
BRG-065,100000005037490100,detached,"peripheral, depth=3, seed=False; inside this formation receives 15,000 KZT and sends 30,000 KZT (100% of its 30,000 KZT outflow)"
BRG-065,100000005370580100,detached,"terminal, depth=0, seed=True; inside this formation receives 24,075 KZT and sends 0 KZT (0% of its 0 KZT outflow)"
BRG-065,100000005454368100,detached,"terminal, depth=0, seed=True; inside this formation receives 29,600 KZT and sends 0 KZT (0% of its 0 KZT outflow)"
BRG-065,100000008733194100,cut_vertex,"coordinator, depth=2, seed=False; inside this formation receives 14,000 KZT and sends 128,675 KZT (81% of its 159,695 KZT outflow) [breaking point]"
BRG-066,100000000896111100,detached,"terminal, depth=3, seed=False; inside this formation receives 287,100 KZT and sends 0 KZT (0% of its 0 KZT outflow)"
BRG-066,100000001965374100,detached,"peripheral, depth=2, seed=False; inside this formation receives 1,759,720 KZT and sends 3,082,100 KZT (100% of its 3,082,100 KZT outflow)"
BRG-066,100000003835149100,cut_vertex,"peripheral, depth=1, seed=False; inside this formation receives 248,500 KZT and sends 1,699,720 KZT (37% of its 4,600,440 KZT outflow) [breaking point]"
BRG-066,100000004399686100,detached,"terminal, depth=3, seed=False; inside this formation receives 806,000 KZT and sends 0 KZT (0% of its 0 KZT outflow)"
BRG-066,100000004784224100,detached,"peripheral, depth=1, seed=False; inside this formation receives 23,500 KZT and sends 100,000 KZT (100% of its 100,000 KZT outflow)"
BRG-066,100000004813068100,detached,"peripheral, depth=0, seed=True; inside this formation receives 0 KZT and sends 297,000 KZT (100% of its 297,000 KZT outflow)"
BRG-066,100000005474472100,detached,"terminal, depth=2, seed=False; inside this formation receives 100,000 KZT and sends 0 KZT (0% of its 0 KZT outflow)"
BRG-066,100000005820746100,detached,"peripheral, depth=3, seed=False; inside this formation receives 1,989,000 KZT and sends 60,000 KZT (100% of its 60,000 KZT outflow)"
BRG-066,100000008383405100,detached,"terminal, depth=1, seed=False; inside this formation receives 25,000 KZT and sends 0 KZT (0% of its 0 KZT outflow)"
BRG-067,100000000896111100,detached,"terminal, depth=3, seed=False; inside this formation receives 287,100 KZT and sends 0 KZT (0% of its 0 KZT outflow)"
BRG-067,100000001965374100,cut_vertex,"peripheral, depth=2, seed=False; inside this formation receives 60,000 KZT and sends 3,082,100 KZT (100% of its 3,082,100 KZT outflow) [breaking point]"
BRG-067,100000004399686100,detached,"terminal, depth=3, seed=False; inside this formation receives 806,000 KZT and sends 0 KZT (0% of its 0 KZT outflow)"
BRG-067,100000005820746100,detached,"peripheral, depth=3, seed=False; inside this formation receives 1,989,000 KZT and sends 60,000 KZT (100% of its 60,000 KZT outflow)"
BRG-068,100000000910216100,detached,"peripheral, depth=2, seed=False; inside this formation receives 71,000 KZT and sends 0 KZT (0% of its 52,010 KZT outflow)"
BRG-068,100000002613776100,detached,"terminal, depth=2, seed=False; inside this formation receives 30,000 KZT and sends 0 KZT (0% of its 0 KZT outflow)"
BRG-068,100000003044431100,detached,"terminal, depth=2, seed=False; inside this formation receives 30,000 KZT and sends 0 KZT (0% of its 0 KZT outflow)"
BRG-068,100000003724440100,detached,"terminal, depth=2, seed=False; inside this formation receives 25,000 KZT and sends 0 KZT (0% of its 0 KZT outflow)"
BRG-068,100000004410489100,detached,"terminal, depth=2, seed=False; inside this formation receives 54,000 KZT and sends 0 KZT (0% of its 0 KZT outflow)"
BRG-068,100000004847758100,cut_vertex,"coordinator, depth=1, seed=False; inside this formation receives 0 KZT and sends 210,000 KZT (43% of its 488,800 KZT outflow) [breaking point]"
BRG-069,100000000913911100,detached,"peripheral, depth=2, seed=False; inside this formation receives 426,000 KZT and sends 600,000 KZT (100% of its 600,000 KZT outflow)"
BRG-069,100000002255058100,detached,"terminal, depth=3, seed=False; inside this formation receives 491,500 KZT and sends 0 KZT (0% of its 0 KZT outflow)"
BRG-069,100000002956779100,detached,"terminal, depth=3, seed=False; inside this formation receives 411,000 KZT and sends 0 KZT (0% of its 0 KZT outflow)"
BRG-069,100000003289405100,detached,"terminal, depth=2, seed=False; inside this formation receives 355,000 KZT and sends 0 KZT (0% of its 0 KZT outflow)"
BRG-069,100000004398811100,detached,"peripheral, depth=2, seed=False; inside this formation receives 426,000 KZT and sends 902,500 KZT (87% of its 1,040,672 KZT outflow)"
BRG-069,100000004592467100,detached,"terminal, depth=2, seed=False; inside this formation receives 7,000 KZT and sends 0 KZT (0% of its 0 KZT outflow)"
BRG-069,100000004723755100,detached,"peripheral, depth=0, seed=True; inside this formation receives 0 KZT and sends 95,000 KZT (100% of its 95,000 KZT outflow)"
BRG-069,100000004737764100,detached,"terminal, depth=3, seed=False; inside this formation receives 600,000 KZT and sends 0 KZT (0% of its 0 KZT outflow)"
BRG-069,100000008748914100,cut_vertex,"peripheral, depth=1, seed=False; inside this formation receives 180,000 KZT and sends 1,364,000 KZT (31% of its 4,471,847 KZT outflow) [breaking point]"
BRG-069,100000008762832100,detached,"peripheral, depth=2, seed=False; inside this formation receives 150,000 KZT and sends 85,000 KZT (100% of its 85,000 KZT outflow)"
BRG-070,100000000917179100,detached,"terminal, depth=2, seed=False; inside this formation receives 94,465 KZT and sends 0 KZT (0% of its 0 KZT outflow)"
BRG-070,100000001904863100,detached,"terminal, depth=2, seed=False; inside this formation receives 500,000 KZT and sends 0 KZT (0% of its 0 KZT outflow)"
BRG-070,100000001937767100,detached,"peripheral, depth=1, seed=False; inside this formation receives 0 KZT and sends 1,880,000 KZT (97% of its 1,933,000 KZT outflow)"
BRG-070,100000001957974100,detached,"abstained_boundary, depth=4, seed=False; inside this formation receives 500,000 KZT and sends 0 KZT (0% of its 0 KZT outflow)"
BRG-070,100000002605308100,detached,"terminal, depth=2, seed=False; inside this formation receives 2,569,522 KZT and sends 0 KZT (0% of its 0 KZT outflow)"
BRG-070,100000002707106100,detached,"abstained_boundary, depth=4, seed=False; inside this formation receives 15,000 KZT and sends 0 KZT (0% of its 0 KZT outflow)"
BRG-070,100000002963189100,cut_vertex,"peripheral, depth=3, seed=False; inside this formation receives 0 KZT and sends 4,059,000 KZT (78% of its 5,219,000 KZT outflow) [breaking point]"
BRG-070,100000003782913100,detached,"abstained_boundary, depth=4, seed=False; inside this formation receives 200,000 KZT and sends 0 KZT (0% of its 0 KZT outflow)"
BRG-070,100000004905207100,detached,"terminal, depth=2, seed=False; inside this formation receives 380,000 KZT and sends 0 KZT (0% of its 0 KZT outflow)"
BRG-070,100000005958064100,detached,"peripheral, depth=1, seed=False; inside this formation receives 0 KZT and sends 163,987 KZT (100% of its 163,987 KZT outflow)"
BRG-070,100000008517061100,detached,"abstained_boundary, depth=4, seed=False; inside this formation receives 1,844,000 KZT and sends 0 KZT (0% of its 0 KZT outflow)"
BRG-071,100000000917179100,detached,"terminal, depth=2, seed=False; inside this formation receives 94,465 KZT and sends 0 KZT (0% of its 0 KZT outflow)"
BRG-071,100000001904863100,detached,"terminal, depth=2, seed=False; inside this formation receives 500,000 KZT and sends 0 KZT (0% of its 0 KZT outflow)"
BRG-071,100000001937767100,detached,"peripheral, depth=1, seed=False; inside this formation receives 0 KZT and sends 1,880,000 KZT (97% of its 1,933,000 KZT outflow)"
BRG-071,100000002605308100,cut_vertex,"terminal, depth=2, seed=False; inside this formation receives 1,069,522 KZT and sends 0 KZT (0% of its 0 KZT outflow) [breaking point]"
BRG-071,100000004905207100,detached,"terminal, depth=2, seed=False; inside this formation receives 380,000 KZT and sends 0 KZT (0% of its 0 KZT outflow)"
BRG-071,100000005958064100,detached,"peripheral, depth=1, seed=False; inside this formation receives 0 KZT and sends 163,987 KZT (100% of its 163,987 KZT outflow)"
BRG-072,100000000933075100,detached,"peripheral, depth=3, seed=False; inside this formation receives 40,000 KZT and sends 55,000 KZT (100% of its 55,000 KZT outflow)"
BRG-072,100000002095257100,detached,"terminal, depth=3, seed=False; inside this formation receives 8,500 KZT and sends 0 KZT (0% of its 0 KZT outflow)"
BRG-072,100000002193259100,cut_vertex,"peripheral, depth=2, seed=False; inside this formation receives 40,000 KZT and sends 48,500 KZT (84% of its 58,000 KZT outflow) [breaking point]"
BRG-072,100000002653187100,detached,"abstained_boundary, depth=4, seed=False; inside this formation receives 15,000 KZT and sends 0 KZT (0% of its 0 KZT outflow)"
BRG-073,100000000942301100,detached,"terminal, depth=3, seed=False; inside this formation receives 57,580 KZT and sends 0 KZT (0% of its 0 KZT outflow)"
BRG-073,100000001110358100,detached,"terminal, depth=3, seed=False; inside this formation receives 23,000 KZT and sends 0 KZT (0% of its 0 KZT outflow)"
BRG-073,100000001270470100,detached,"abstained_boundary, depth=4, seed=False; inside this formation receives 28,300 KZT and sends 0 KZT (0% of its 0 KZT outflow)"
BRG-073,100000002901457100,detached,"peripheral, depth=3, seed=False; inside this formation receives 340,000 KZT and sends 78,000 KZT (66% of its 119,000 KZT outflow)"
BRG-073,100000003061115100,detached,"abstained_boundary, depth=4, seed=False; inside this formation receives 45,000 KZT and sends 0 KZT (0% of its 0 KZT outflow)"
BRG-073,100000003207060100,detached,"abstained_boundary, depth=4, seed=False; inside this formation receives 53,000 KZT and sends 0 KZT (0% of its 0 KZT outflow)"
BRG-073,100000003214786100,detached,"abstained_boundary, depth=4, seed=False; inside this formation receives 5,000 KZT and sends 0 KZT (0% of its 0 KZT outflow)"
BRG-073,100000003635660100,detached,"terminal, depth=3, seed=False; inside this formation receives 18,985 KZT and sends 0 KZT (0% of its 0 KZT outflow)"
BRG-073,100000003736419100,detached,"abstained_single_observation, depth=3, seed=False; inside this formation receives 23,300 KZT and sends 10,000 KZT (100% of its 10,000 KZT outflow)"
BRG-073,100000004097972100,detached,"peripheral, depth=3, seed=False; inside this formation receives 118,878 KZT and sends 10,000 KZT (100% of its 10,000 KZT outflow)"
BRG-073,100000004931931100,detached,"abstained_single_observation, depth=3, seed=False; inside this formation receives 23,938 KZT and sends 45,000 KZT (100% of its 45,000 KZT outflow)"
BRG-073,100000005041147100,detached,"abstained_boundary, depth=4, seed=False; inside this formation receives 10,000 KZT and sends 0 KZT (0% of its 0 KZT outflow)"
BRG-073,100000005209352100,detached,"abstained_boundary, depth=4, seed=False; inside this formation receives 5,000 KZT and sends 0 KZT (0% of its 0 KZT outflow)"
BRG-073,100000005317181100,detached,"abstained_single_observation, depth=3, seed=False; inside this formation receives 141,250 KZT and sends 14,500 KZT (100% of its 14,500 KZT outflow)"
BRG-073,100000005367284100,detached,"peripheral, depth=3, seed=False; inside this formation receives 13,700 KZT and sends 48,300 KZT (100% of its 48,300 KZT outflow)"
BRG-073,100000005495211100,detached,"abstained_boundary, depth=4, seed=False; inside this formation receives 14,500 KZT and sends 0 KZT (0% of its 0 KZT outflow)"
BRG-073,100000006048193100,detached,"terminal, depth=3, seed=False; inside this formation receives 41,559 KZT and sends 0 KZT (0% of its 0 KZT outflow)"
BRG-073,100000007988344100,detached,"abstained_boundary, depth=4, seed=False; inside this formation receives 20,000 KZT and sends 0 KZT (0% of its 0 KZT outflow)"
BRG-073,100000008297199100,detached,"terminal, depth=3, seed=False; inside this formation receives 42,268 KZT and sends 0 KZT (0% of its 0 KZT outflow)"
BRG-073,100000008459449100,detached,"terminal, depth=3, seed=False; inside this formation receives 53,700 KZT and sends 0 KZT (0% of its 0 KZT outflow)"
BRG-073,100000008477350100,cut_vertex,"distributor, depth=2, seed=False; inside this formation receives 0 KZT and sends 1,075,158 KZT (32% of its 3,374,866 KZT outflow) [breaking point]"
BRG-073,100000008588665100,detached,"abstained_boundary, depth=4, seed=False; inside this formation receives 25,000 KZT and sends 0 KZT (0% of its 0 KZT outflow)"
BRG-073,100000008599354100,detached,"peripheral, depth=3, seed=False; inside this formation receives 177,000 KZT and sends 0 KZT (0% of its 38,200 KZT outflow)"
BRG-074,100000000976943100,detached,"transit, depth=3, seed=False; inside this formation receives 70,000 KZT and sends 84,000 KZT (100% of its 84,000 KZT outflow)"
BRG-074,100000002537811100,detached,"abstained_single_observation, depth=3, seed=False; inside this formation receives 52,000 KZT and sends 15,000 KZT (100% of its 15,000 KZT outflow)"
BRG-074,100000003115284100,cut_vertex,"consolidator, depth=1, seed=False; inside this formation receives 215,500 KZT and sends 517,000 KZT (100% of its 517,000 KZT outflow) [breaking point]"
BRG-074,100000003360542100,detached,"peripheral, depth=2, seed=False; inside this formation receives 317,000 KZT and sends 51,800 KZT (100% of its 51,800 KZT outflow)"
BRG-074,100000003390036100,detached,"peripheral, depth=2, seed=False; inside this formation receives 231,300 KZT and sends 62,000 KZT (100% of its 62,000 KZT outflow)"
BRG-074,100000003622955100,detached,"abstained_boundary, depth=4, seed=False; inside this formation receives 15,000 KZT and sends 0 KZT (0% of its 0 KZT outflow)"
BRG-074,100000004571634100,detached,"abstained_boundary, depth=4, seed=False; inside this formation receives 20,000 KZT and sends 0 KZT (0% of its 0 KZT outflow)"
BRG-074,100000004601193100,detached,"abstained_boundary, depth=4, seed=False; inside this formation receives 84,000 KZT and sends 0 KZT (0% of its 0 KZT outflow)"
BRG-074,100000004674389100,detached,"abstained_boundary, depth=4, seed=False; inside this formation receives 15,000 KZT and sends 0 KZT (0% of its 0 KZT outflow)"
BRG-074,100000004674412100,detached,"abstained_boundary, depth=4, seed=False; inside this formation receives 46,000 KZT and sends 0 KZT (0% of its 0 KZT outflow)"
BRG-074,100000005475379100,detached,"peripheral, depth=3, seed=False; inside this formation receives 108,370 KZT and sends 81,000 KZT (100% of its 81,000 KZT outflow)"
BRG-074,100000005873152100,detached,"transit, depth=3, seed=False; inside this formation receives 10,000 KZT and sends 10,000 KZT (100% of its 10,000 KZT outflow)"
BRG-074,100000008730846100,detached,"peripheral, depth=2, seed=False; inside this formation receives 0 KZT and sends 363,370 KZT (100% of its 363,370 KZT outflow)"
BRG-075,100000000976943100,detached,"transit, depth=3, seed=False; inside this formation receives 70,000 KZT and sends 84,000 KZT (100% of its 84,000 KZT outflow)"
BRG-075,100000004571634100,detached,"abstained_boundary, depth=4, seed=False; inside this formation receives 20,000 KZT and sends 0 KZT (0% of its 0 KZT outflow)"
BRG-075,100000004601193100,detached,"abstained_boundary, depth=4, seed=False; inside this formation receives 84,000 KZT and sends 0 KZT (0% of its 0 KZT outflow)"
BRG-075,100000004674389100,detached,"abstained_boundary, depth=4, seed=False; inside this formation receives 15,000 KZT and sends 0 KZT (0% of its 0 KZT outflow)"
BRG-075,100000004674412100,detached,"abstained_boundary, depth=4, seed=False; inside this formation receives 46,000 KZT and sends 0 KZT (0% of its 0 KZT outflow)"
BRG-075,100000005475379100,detached,"peripheral, depth=3, seed=False; inside this formation receives 108,370 KZT and sends 81,000 KZT (100% of its 81,000 KZT outflow)"
BRG-075,100000008730846100,cut_vertex,"peripheral, depth=2, seed=False; inside this formation receives 0 KZT and sends 178,370 KZT (49% of its 363,370 KZT outflow) [breaking point]"
BRG-076,100000001046057100,detached,"terminal, depth=3, seed=False; inside this formation receives 83,420 KZT and sends 0 KZT (0% of its 0 KZT outflow)"
BRG-076,100000001379511100,detached,"terminal, depth=3, seed=False; inside this formation receives 55,000 KZT and sends 0 KZT (0% of its 0 KZT outflow)"
BRG-076,100000002032323100,detached,"peripheral, depth=3, seed=False; inside this formation receives 300,000 KZT and sends 1,050,000 KZT (100% of its 1,050,000 KZT outflow)"
BRG-076,100000002547110100,cut_vertex,"terminal, depth=3, seed=False; inside this formation receives 274,000 KZT and sends 0 KZT (0% of its 0 KZT outflow) [breaking point]"
BRG-076,100000002646887100,detached,"terminal, depth=3, seed=False; inside this formation receives 24,354 KZT and sends 0 KZT (0% of its 0 KZT outflow)"
BRG-076,100000002671326100,detached,"abstained_boundary, depth=4, seed=False; inside this formation receives 1,050,000 KZT and sends 0 KZT (0% of its 0 KZT outflow)"
BRG-076,100000008603331100,detached,"peripheral, depth=2, seed=False; inside this formation receives 0 KZT and sends 736,774 KZT (99% of its 741,774 KZT outflow)"
BRG-077,100000001046057100,detached,"terminal, depth=3, seed=False; inside this formation receives 83,420 KZT and sends 0 KZT (0% of its 0 KZT outflow)"
BRG-077,100000001379511100,detached,"terminal, depth=3, seed=False; inside this formation receives 55,000 KZT and sends 0 KZT (0% of its 0 KZT outflow)"
BRG-077,100000002032323100,detached,"peripheral, depth=3, seed=False; inside this formation receives 300,000 KZT and sends 1,050,000 KZT (100% of its 1,050,000 KZT outflow)"
BRG-077,100000002646887100,detached,"terminal, depth=3, seed=False; inside this formation receives 24,354 KZT and sends 0 KZT (0% of its 0 KZT outflow)"
BRG-077,100000002671326100,detached,"abstained_boundary, depth=4, seed=False; inside this formation receives 1,050,000 KZT and sends 0 KZT (0% of its 0 KZT outflow)"
BRG-077,100000008603331100,cut_vertex,"peripheral, depth=2, seed=False; inside this formation receives 0 KZT and sends 462,774 KZT (62% of its 741,774 KZT outflow) [breaking point]"
BRG-078,100000001049200100,detached,"peripheral, depth=1, seed=False; inside this formation receives 70,610 KZT and sends 0 KZT (0% of its 36,000 KZT outflow)"
BRG-078,100000001052789100,detached,"terminal, depth=3, seed=False; inside this formation receives 70,975 KZT and sends 0 KZT (0% of its 0 KZT outflow)"
BRG-078,100000001688676100,detached,"terminal, depth=3, seed=False; inside this formation receives 133,700 KZT and sends 0 KZT (0% of its 0 KZT outflow)"
BRG-078,100000001690558100,detached,"terminal, depth=3, seed=False; inside this formation receives 740,000 KZT and sends 0 KZT (0% of its 0 KZT outflow)"
BRG-078,100000002799941100,detached,"terminal, depth=3, seed=False; inside this formation receives 600,000 KZT and sends 0 KZT (0% of its 0 KZT outflow)"
BRG-078,100000002906470100,detached,"terminal, depth=3, seed=False; inside this formation receives 130,000 KZT and sends 0 KZT (0% of its 0 KZT outflow)"
BRG-078,100000003060187100,detached,"terminal, depth=3, seed=False; inside this formation receives 93,046 KZT and sends 0 KZT (0% of its 0 KZT outflow)"
BRG-078,100000003497735100,detached,"terminal, depth=3, seed=False; inside this formation receives 125,000 KZT and sends 0 KZT (0% of its 0 KZT outflow)"
BRG-078,100000003854444100,cut_vertex,"peripheral, depth=2, seed=False; inside this formation receives 0 KZT and sends 2,218,366 KZT (95% of its 2,322,909 KZT outflow) [breaking point]"
BRG-078,100000004049912100,detached,"abstained_boundary, depth=4, seed=False; inside this formation receives 10,000 KZT and sends 0 KZT (0% of its 0 KZT outflow)"
BRG-078,100000004066647100,detached,"terminal, depth=3, seed=False; inside this formation receives 51,000 KZT and sends 0 KZT (0% of its 0 KZT outflow)"
BRG-078,100000004350094100,detached,"abstained_boundary, depth=4, seed=False; inside this formation receives 20,000 KZT and sends 0 KZT (0% of its 0 KZT outflow)"
BRG-078,100000004451012100,detached,"peripheral, depth=3, seed=False; inside this formation receives 91,245 KZT and sends 65,740 KZT (100% of its 65,740 KZT outflow)"
BRG-078,100000004502048100,detached,"abstained_boundary, depth=4, seed=False; inside this formation receives 13,888 KZT and sends 0 KZT (0% of its 0 KZT outflow)"
BRG-078,100000005409680100,detached,"terminal, depth=0, seed=True; inside this formation receives 33,000 KZT and sends 0 KZT (0% of its 0 KZT outflow)"
BRG-078,100000005661829100,detached,"transit, depth=3, seed=False; inside this formation receives 37,790 KZT and sends 33,790 KZT (84% of its 40,362 KZT outflow)"
BRG-078,100000006274203100,detached,"peripheral, depth=3, seed=False; inside this formation receives 3,376,312 KZT and sends 72,000 KZT (100% of its 72,000 KZT outflow)"
BRG-078,100000007594394100,detached,"peripheral, depth=2, seed=False; inside this formation receives 80,000 KZT and sends 3,376,312 KZT (100% of its 3,376,312 KZT outflow)"
BRG-078,100000007689942100,detached,"peripheral, depth=3, seed=False; inside this formation receives 5,000 KZT and sends 25,000 KZT (100% of its 25,000 KZT outflow)"
BRG-078,100000007867364100,detached,"abstained_boundary, depth=4, seed=False; inside this formation receives 41,852 KZT and sends 0 KZT (0% of its 0 KZT outflow)"
BRG-078,100000008546855100,detached,"peripheral, depth=2, seed=False; inside this formation receives 43,790 KZT and sends 10,000 KZT (100% of its 10,000 KZT outflow)"
BRG-078,100000008582730100,detached,"transit, depth=3, seed=False; inside this formation receives 5,000 KZT and sends 5,000 KZT (100% of its 5,000 KZT outflow)"
BRG-078,100000008638859100,detached,"abstained_boundary, depth=4, seed=False; inside this formation receives 34,000 KZT and sends 0 KZT (0% of its 0 KZT outflow)"
BRG-079,100000001063678100,detached,"peripheral, depth=3, seed=False; inside this formation receives 35,000 KZT and sends 90,000 KZT (100% of its 90,000 KZT outflow)"
BRG-079,100000001275557100,detached,"abstained_boundary, depth=4, seed=False; inside this formation receives 20,000 KZT and sends 0 KZT (0% of its 0 KZT outflow)"
BRG-079,100000002267998100,cut_vertex,"peripheral, depth=2, seed=False; inside this formation receives 0 KZT and sends 35,000 KZT (3% of its 1,115,000 KZT outflow) [breaking point]"
BRG-079,100000008027922100,detached,"abstained_boundary, depth=4, seed=False; inside this formation receives 70,000 KZT and sends 0 KZT (0% of its 0 KZT outflow)"
BRG-080,100000001066017100,cut_vertex,"peripheral, depth=3, seed=False; inside this formation receives 0 KZT and sends 82,500 KZT (100% of its 82,500 KZT outflow) [breaking point]"
BRG-080,100000002597074100,detached,"abstained_boundary, depth=4, seed=False; inside this formation receives 8,000 KZT and sends 0 KZT (0% of its 0 KZT outflow)"
BRG-080,100000003091142100,detached,"abstained_boundary, depth=4, seed=False; inside this formation receives 40,000 KZT and sends 0 KZT (0% of its 0 KZT outflow)"
BRG-080,100000004788983100,detached,"abstained_boundary, depth=4, seed=False; inside this formation receives 27,000 KZT and sends 0 KZT (0% of its 0 KZT outflow)"
BRG-080,100000004848236100,detached,"abstained_boundary, depth=4, seed=False; inside this formation receives 7,500 KZT and sends 0 KZT (0% of its 0 KZT outflow)"
BRG-081,100000001074553100,detached,"terminal, depth=1, seed=False; inside this formation receives 15,000 KZT and sends 0 KZT (0% of its 0 KZT outflow)"
BRG-081,100000002324543100,detached,"terminal, depth=1, seed=False; inside this formation receives 30,202 KZT and sends 0 KZT (0% of its 0 KZT outflow)"
BRG-081,100000002615479100,detached,"terminal, depth=1, seed=False; inside this formation receives 220,000 KZT and sends 0 KZT (0% of its 0 KZT outflow)"
BRG-081,100000002750332100,detached,"terminal, depth=1, seed=False; inside this formation receives 11,360 KZT and sends 0 KZT (0% of its 0 KZT outflow)"
BRG-081,100000002784085100,detached,"terminal, depth=1, seed=False; inside this formation receives 200,000 KZT and sends 0 KZT (0% of its 0 KZT outflow)"
BRG-081,100000002812641100,detached,"abstained_single_observation, depth=2, seed=False; inside this formation receives 10,000 KZT and sends 7,024 KZT (100% of its 7,024 KZT outflow)"
BRG-081,100000002838861100,detached,"peripheral, depth=1, seed=False; inside this formation receives 296,524 KZT and sends 10,000 KZT (100% of its 10,000 KZT outflow)"
BRG-081,100000002844897100,detached,"terminal, depth=1, seed=False; inside this formation receives 10,800 KZT and sends 0 KZT (0% of its 0 KZT outflow)"
BRG-081,100000002958286100,detached,"terminal, depth=1, seed=False; inside this formation receives 257,000 KZT and sends 0 KZT (0% of its 0 KZT outflow)"
BRG-081,100000002981527100,detached,"terminal, depth=1, seed=False; inside this formation receives 168,000 KZT and sends 0 KZT (0% of its 0 KZT outflow)"
BRG-081,100000005498992100,cut_vertex,"peripheral, depth=0, seed=True; inside this formation receives 0 KZT and sends 1,472,255 KZT (65% of its 2,262,868 KZT outflow) [breaking point]"
BRG-081,100000006385877100,detached,"peripheral, depth=2, seed=False; inside this formation receives 53,707 KZT and sends 36,603 KZT (100% of its 36,603 KZT outflow)"
BRG-081,100000006443391100,detached,"peripheral, depth=1, seed=False; inside this formation receives 86,776 KZT and sends 60,042 KZT (100% of its 60,042 KZT outflow)"
BRG-081,100000006912294100,detached,"peripheral, depth=2, seed=False; inside this formation receives 6,335 KZT and sends 30,000 KZT (100% of its 30,000 KZT outflow)"
BRG-081,100000006972210100,detached,"terminal, depth=1, seed=False; inside this formation receives 245,220 KZT and sends 0 KZT (0% of its 0 KZT outflow)"
BRG-081,100000007510875100,detached,"terminal, depth=3, seed=False; inside this formation receives 5,000 KZT and sends 0 KZT (0% of its 0 KZT outflow)"
BRG-082,100000001089055100,detached,"abstained_boundary, depth=4, seed=False; inside this formation receives 13,000 KZT and sends 0 KZT (0% of its 0 KZT outflow)"
BRG-082,100000001677389100,detached,"abstained_single_observation, depth=3, seed=False; inside this formation receives 11,000 KZT and sends 5,400 KZT (100% of its 5,400 KZT outflow)"
BRG-082,100000002736033100,detached,"abstained_single_observation, depth=3, seed=False; inside this formation receives 34,530 KZT and sends 11,000 KZT (100% of its 11,000 KZT outflow)"
BRG-082,100000003178549100,detached,"peripheral, depth=3, seed=False; inside this formation receives 210,000 KZT and sends 13,000 KZT (15% of its 89,080 KZT outflow)"
BRG-082,100000008255655100,detached,"abstained_boundary, depth=4, seed=False; inside this formation receives 5,400 KZT and sends 0 KZT (0% of its 0 KZT outflow)"
BRG-082,100000008327791100,detached,"abstained_boundary, depth=4, seed=False; inside this formation receives 11,000 KZT and sends 0 KZT (0% of its 0 KZT outflow)"
BRG-082,100000008512552100,cut_vertex,"coordinator, depth=2, seed=False; inside this formation receives 0 KZT and sends 255,530 KZT (20% of its 1,302,275 KZT outflow) [breaking point]"
BRG-083,100000001114385100,detached,"terminal, depth=2, seed=False; inside this formation receives 29,500 KZT and sends 0 KZT (0% of its 0 KZT outflow)"
BRG-083,100000001703168100,detached,"abstained_single_observation, depth=2, seed=False; inside this formation receives 45,000 KZT and sends 90,000 KZT (100% of its 90,000 KZT outflow)"
BRG-083,100000002492277100,detached,"terminal, depth=2, seed=False; inside this formation receives 138,500 KZT and sends 0 KZT (0% of its 0 KZT outflow)"
BRG-083,100000003036198100,detached,"terminal, depth=2, seed=False; inside this formation receives 15,000 KZT and sends 0 KZT (0% of its 0 KZT outflow)"
BRG-083,100000003166755100,detached,"terminal, depth=2, seed=False; inside this formation receives 24,010 KZT and sends 0 KZT (0% of its 0 KZT outflow)"
BRG-083,100000004185681100,detached,"terminal, depth=3, seed=False; inside this formation receives 10,000 KZT and sends 0 KZT (0% of its 0 KZT outflow)"
BRG-083,100000004356593100,detached,"abstained_single_observation, depth=2, seed=False; inside this formation receives 50,000 KZT and sends 10,000 KZT (100% of its 10,000 KZT outflow)"
BRG-083,100000005061890100,detached,"terminal, depth=3, seed=False; inside this formation receives 90,000 KZT and sends 0 KZT (0% of its 0 KZT outflow)"
BRG-083,100000008304139100,cut_vertex,"distributor, depth=1, seed=False; inside this formation receives 0 KZT and sends 302,010 KZT (18% of its 1,692,997 KZT outflow) [breaking point]"
BRG-084,100000001130553100,detached,"abstained_boundary, depth=4, seed=False; inside this formation receives 18,000 KZT and sends 0 KZT (0% of its 0 KZT outflow)"
BRG-084,100000003632533100,detached,"abstained_boundary, depth=4, seed=False; inside this formation receives 10,000 KZT and sends 0 KZT (0% of its 0 KZT outflow)"
BRG-084,100000003792647100,detached,"abstained_boundary, depth=4, seed=False; inside this formation receives 8,000 KZT and sends 0 KZT (0% of its 0 KZT outflow)"
BRG-084,100000006734214100,cut_vertex,"peripheral, depth=3, seed=False; inside this formation receives 0 KZT and sends 36,000 KZT (100% of its 36,000 KZT outflow) [breaking point]"
BRG-085,100000001145749100,detached,"terminal, depth=3, seed=False; inside this formation receives 10,000 KZT and sends 0 KZT (0% of its 0 KZT outflow)"
BRG-085,100000005022964100,detached,"terminal, depth=2, seed=False; inside this formation receives 20,000 KZT and sends 0 KZT (0% of its 0 KZT outflow)"
BRG-085,100000005079754100,cut_vertex,"peripheral, depth=1, seed=False; inside this formation receives 0 KZT and sends 122,000 KZT (100% of its 122,000 KZT outflow) [breaking point]"
BRG-085,100000005539910100,detached,"peripheral, depth=2, seed=False; inside this formation receives 102,000 KZT and sends 22,000 KZT (100% of its 22,000 KZT outflow)"
BRG-085,100000008314863100,detached,"terminal, depth=3, seed=False; inside this formation receives 12,000 KZT and sends 0 KZT (0% of its 0 KZT outflow)"
BRG-086,100000001160401100,detached,"terminal, depth=3, seed=False; inside this formation receives 47,190 KZT and sends 0 KZT (0% of its 0 KZT outflow)"
BRG-086,100000001229743100,detached,"abstained_single_observation, depth=3, seed=False; inside this formation receives 7,000 KZT and sends 9,000 KZT (100% of its 9,000 KZT outflow)"
BRG-086,100000002380341100,detached,"terminal, depth=3, seed=False; inside this formation receives 57,566 KZT and sends 0 KZT (0% of its 0 KZT outflow)"
BRG-086,100000002603371100,detached,"terminal, depth=3, seed=False; inside this formation receives 9,300 KZT and sends 0 KZT (0% of its 0 KZT outflow)"
BRG-086,100000002611334100,detached,"abstained_single_observation, depth=3, seed=False; inside this formation receives 48,288 KZT and sends 15,500 KZT (100% of its 15,500 KZT outflow)"
BRG-086,100000002736316100,detached,"terminal, depth=3, seed=False; inside this formation receives 189,690 KZT and sends 0 KZT (0% of its 0 KZT outflow)"
BRG-086,100000002957787100,cut_vertex,"distributor, depth=2, seed=False; inside this formation receives 24,000 KZT and sends 768,225 KZT (60% of its 1,276,154 KZT outflow) [breaking point]"
BRG-086,100000003481025100,detached,"abstained_boundary, depth=4, seed=False; inside this formation receives 9,000 KZT and sends 0 KZT (0% of its 0 KZT outflow)"
BRG-086,100000004222274100,detached,"abstained_boundary, depth=4, seed=False; inside this formation receives 15,500 KZT and sends 0 KZT (0% of its 0 KZT outflow)"
BRG-086,100000004493586100,detached,"terminal, depth=3, seed=False; inside this formation receives 7,500 KZT and sends 0 KZT (0% of its 0 KZT outflow)"
BRG-086,100000004770073100,detached,"transit, depth=3, seed=False; inside this formation receives 5,462 KZT and sends 5,467 KZT (100% of its 5,467 KZT outflow)"
BRG-086,100000004850609100,detached,"abstained_boundary, depth=4, seed=False; inside this formation receives 10,000 KZT and sends 0 KZT (0% of its 0 KZT outflow)"
BRG-086,100000005008589100,detached,"terminal, depth=3, seed=False; inside this formation receives 42,807 KZT and sends 0 KZT (0% of its 0 KZT outflow)"
BRG-086,100000005172860100,detached,"terminal, depth=3, seed=False; inside this formation receives 15,209 KZT and sends 0 KZT (0% of its 0 KZT outflow)"
BRG-086,100000005268319100,detached,"peripheral, depth=3, seed=False; inside this formation receives 19,713 KZT and sends 39,000 KZT (43% of its 91,000 KZT outflow)"
BRG-086,100000005293969100,detached,"abstained_boundary, depth=4, seed=False; inside this formation receives 5,467 KZT and sends 0 KZT (0% of its 0 KZT outflow)"
BRG-086,100000005314565100,detached,"terminal, depth=3, seed=False; inside this formation receives 218,500 KZT and sends 0 KZT (0% of its 0 KZT outflow)"
BRG-086,100000005370558100,detached,"abstained_boundary, depth=4, seed=False; inside this formation receives 5,000 KZT and sends 0 KZT (0% of its 0 KZT outflow)"
BRG-086,100000006100920100,detached,"terminal, depth=3, seed=False; inside this formation receives 100,000 KZT and sends 0 KZT (0% of its 0 KZT outflow)"
BRG-087,100000001162560100,cut_vertex,"peripheral, depth=1, seed=False; inside this formation receives 0 KZT and sends 2,281,535 KZT (79% of its 2,904,398 KZT outflow) [breaking point]"
BRG-087,100000001380986100,detached,"terminal, depth=2, seed=False; inside this formation receives 70,170 KZT and sends 0 KZT (0% of its 0 KZT outflow)"
BRG-087,100000001541418100,detached,"terminal, depth=2, seed=False; inside this formation receives 50,000 KZT and sends 0 KZT (0% of its 0 KZT outflow)"
BRG-087,100000002633701100,detached,"terminal, depth=2, seed=False; inside this formation receives 266,850 KZT and sends 0 KZT (0% of its 0 KZT outflow)"
BRG-087,100000003034546100,detached,"terminal, depth=2, seed=False; inside this formation receives 486,715 KZT and sends 0 KZT (0% of its 0 KZT outflow)"
BRG-087,100000003089018100,detached,"terminal, depth=2, seed=False; inside this formation receives 230,000 KZT and sends 0 KZT (0% of its 0 KZT outflow)"
BRG-087,100000003132484100,detached,"terminal, depth=3, seed=False; inside this formation receives 90,000 KZT and sends 0 KZT (0% of its 0 KZT outflow)"
BRG-087,100000004225615100,detached,"terminal, depth=2, seed=False; inside this formation receives 90,000 KZT and sends 0 KZT (0% of its 0 KZT outflow)"
BRG-087,100000005402643100,detached,"abstained_single_observation, depth=2, seed=False; inside this formation receives 127,800 KZT and sends 90,000 KZT (100% of its 90,000 KZT outflow)"
BRG-087,100000008418934100,detached,"terminal, depth=2, seed=False; inside this formation receives 360,000 KZT and sends 0 KZT (0% of its 0 KZT outflow)"
BRG-087,100000008497298100,detached,"terminal, depth=2, seed=False; inside this formation receives 600,000 KZT and sends 0 KZT (0% of its 0 KZT outflow)"
BRG-088,100000001169666100,detached,"peripheral, depth=3, seed=False; inside this formation receives 220,000 KZT and sends 24,000 KZT (100% of its 24,000 KZT outflow)"
BRG-088,100000001202637100,detached,"abstained_boundary, depth=4, seed=False; inside this formation receives 10,000 KZT and sends 0 KZT (0% of its 0 KZT outflow)"
BRG-088,100000001280798100,detached,"terminal, depth=3, seed=False; inside this formation receives 23,785 KZT and sends 0 KZT (0% of its 0 KZT outflow)"
BRG-088,100000001298099100,detached,"terminal, depth=3, seed=False; inside this formation receives 19,000 KZT and sends 0 KZT (0% of its 0 KZT outflow)"
BRG-088,100000001490461100,detached,"abstained_single_observation, depth=2, seed=False; inside this formation receives 20,000 KZT and sends 5,000 KZT (100% of its 5,000 KZT outflow)"
BRG-088,100000001650895100,detached,"abstained_single_observation, depth=3, seed=False; inside this formation receives 153,500 KZT and sends 10,000 KZT (100% of its 10,000 KZT outflow)"
BRG-088,100000001818442100,detached,"terminal, depth=3, seed=False; inside this formation receives 42,215 KZT and sends 0 KZT (0% of its 0 KZT outflow)"
BRG-088,100000001927599100,detached,"terminal, depth=3, seed=False; inside this formation receives 188,000 KZT and sends 0 KZT (0% of its 0 KZT outflow)"
BRG-088,100000002554175100,detached,"terminal, depth=3, seed=False; inside this formation receives 24,621 KZT and sends 0 KZT (0% of its 0 KZT outflow)"
BRG-088,100000002809896100,detached,"terminal, depth=3, seed=False; inside this formation receives 38,000 KZT and sends 0 KZT (0% of its 0 KZT outflow)"
BRG-088,100000002893020100,detached,"terminal, depth=3, seed=False; inside this formation receives 18,340 KZT and sends 0 KZT (0% of its 0 KZT outflow)"
BRG-088,100000002926970100,detached,"terminal, depth=3, seed=False; inside this formation receives 85,000 KZT and sends 0 KZT (0% of its 0 KZT outflow)"
BRG-088,100000002983426100,detached,"terminal, depth=3, seed=False; inside this formation receives 88,945 KZT and sends 0 KZT (0% of its 0 KZT outflow)"
BRG-088,100000003009900100,detached,"terminal, depth=3, seed=False; inside this formation receives 15,998 KZT and sends 0 KZT (0% of its 0 KZT outflow)"
BRG-088,100000003095610100,detached,"terminal, depth=3, seed=False; inside this formation receives 23,665 KZT and sends 0 KZT (0% of its 0 KZT outflow)"
BRG-088,100000003241965100,detached,"terminal, depth=3, seed=False; inside this formation receives 15,000 KZT and sends 0 KZT (0% of its 0 KZT outflow)"
BRG-088,100000003671721100,detached,"terminal, depth=3, seed=False; inside this formation receives 5,000 KZT and sends 0 KZT (0% of its 0 KZT outflow)"
BRG-088,100000004655046100,detached,"abstained_boundary, depth=4, seed=False; inside this formation receives 24,000 KZT and sends 0 KZT (0% of its 0 KZT outflow)"
BRG-088,100000004979283100,detached,"terminal, depth=3, seed=False; inside this formation receives 40,132 KZT and sends 0 KZT (0% of its 0 KZT outflow)"
BRG-088,100000005362848100,detached,"terminal, depth=3, seed=False; inside this formation receives 29,000 KZT and sends 0 KZT (0% of its 0 KZT outflow)"
BRG-088,100000005473151100,detached,"peripheral, depth=1, seed=False; inside this formation receives 1,060,000 KZT and sends 225,000 KZT (100% of its 225,000 KZT outflow)"
BRG-088,100000005561741100,detached,"terminal, depth=2, seed=False; inside this formation receives 25,000 KZT and sends 0 KZT (0% of its 0 KZT outflow)"
BRG-088,100000005578559100,cut_vertex,"distributor, depth=2, seed=False; inside this formation receives 0 KZT and sends 634,544 KZT (71% of its 893,164 KZT outflow) [breaking point]"
BRG-088,100000008136608100,detached,"abstained_boundary, depth=4, seed=False; inside this formation receives 170,000 KZT and sends 0 KZT (0% of its 0 KZT outflow)"
BRG-088,100000008335401100,detached,"terminal, depth=2, seed=False; inside this formation receives 150,000 KZT and sends 0 KZT (0% of its 0 KZT outflow)"
BRG-088,100000008545727100,detached,"peripheral, depth=2, seed=False; inside this formation receives 30,000 KZT and sends 1,866,500 KZT (100% of its 1,866,500 KZT outflow)"
BRG-088,100000008571243100,detached,"terminal, depth=3, seed=False; inside this formation receives 134,000 KZT and sends 0 KZT (0% of its 0 KZT outflow)"
BRG-088,100000008583360100,detached,"abstained_single_observation, depth=3, seed=False; inside this formation receives 112,843 KZT and sends 170,000 KZT (100% of its 170,000 KZT outflow)"
BRG-088,100000008714412100,detached,"terminal, depth=3, seed=False; inside this formation receives 169,000 KZT and sends 0 KZT (0% of its 0 KZT outflow)"
BRG-089,100000001169666100,detached,"peripheral, depth=3, seed=False; inside this formation receives 220,000 KZT and sends 24,000 KZT (100% of its 24,000 KZT outflow)"
BRG-089,100000001202637100,detached,"abstained_boundary, depth=4, seed=False; inside this formation receives 10,000 KZT and sends 0 KZT (0% of its 0 KZT outflow)"
BRG-089,100000001490461100,detached,"abstained_single_observation, depth=2, seed=False; inside this formation receives 20,000 KZT and sends 5,000 KZT (100% of its 5,000 KZT outflow)"
BRG-089,100000001650895100,detached,"abstained_single_observation, depth=3, seed=False; inside this formation receives 153,500 KZT and sends 10,000 KZT (100% of its 10,000 KZT outflow)"
BRG-089,100000001927599100,cut_vertex,"terminal, depth=3, seed=False; inside this formation receives 130,000 KZT and sends 0 KZT (0% of its 0 KZT outflow) [breaking point]"
BRG-089,100000003671721100,detached,"terminal, depth=3, seed=False; inside this formation receives 5,000 KZT and sends 0 KZT (0% of its 0 KZT outflow)"
BRG-089,100000004655046100,detached,"abstained_boundary, depth=4, seed=False; inside this formation receives 24,000 KZT and sends 0 KZT (0% of its 0 KZT outflow)"
BRG-089,100000005473151100,detached,"peripheral, depth=1, seed=False; inside this formation receives 1,060,000 KZT and sends 225,000 KZT (100% of its 225,000 KZT outflow)"
BRG-089,100000005561741100,detached,"terminal, depth=2, seed=False; inside this formation receives 25,000 KZT and sends 0 KZT (0% of its 0 KZT outflow)"
BRG-089,100000008335401100,detached,"terminal, depth=2, seed=False; inside this formation receives 150,000 KZT and sends 0 KZT (0% of its 0 KZT outflow)"
BRG-089,100000008545727100,detached,"peripheral, depth=2, seed=False; inside this formation receives 30,000 KZT and sends 1,866,500 KZT (100% of its 1,866,500 KZT outflow)"
BRG-089,100000008571243100,detached,"terminal, depth=3, seed=False; inside this formation receives 134,000 KZT and sends 0 KZT (0% of its 0 KZT outflow)"
BRG-089,100000008714412100,detached,"terminal, depth=3, seed=False; inside this formation receives 169,000 KZT and sends 0 KZT (0% of its 0 KZT outflow)"
BRG-090,100000001169666100,detached,"peripheral, depth=3, seed=False; inside this formation receives 220,000 KZT and sends 24,000 KZT (100% of its 24,000 KZT outflow)"
BRG-090,100000001202637100,detached,"abstained_boundary, depth=4, seed=False; inside this formation receives 10,000 KZT and sends 0 KZT (0% of its 0 KZT outflow)"
BRG-090,100000001490461100,detached,"abstained_single_observation, depth=2, seed=False; inside this formation receives 20,000 KZT and sends 5,000 KZT (100% of its 5,000 KZT outflow)"
BRG-090,100000001650895100,detached,"abstained_single_observation, depth=3, seed=False; inside this formation receives 153,500 KZT and sends 10,000 KZT (100% of its 10,000 KZT outflow)"
BRG-090,100000003671721100,detached,"terminal, depth=3, seed=False; inside this formation receives 5,000 KZT and sends 0 KZT (0% of its 0 KZT outflow)"
BRG-090,100000004655046100,detached,"abstained_boundary, depth=4, seed=False; inside this formation receives 24,000 KZT and sends 0 KZT (0% of its 0 KZT outflow)"
BRG-090,100000005473151100,detached,"peripheral, depth=1, seed=False; inside this formation receives 1,060,000 KZT and sends 225,000 KZT (100% of its 225,000 KZT outflow)"
BRG-090,100000005561741100,detached,"terminal, depth=2, seed=False; inside this formation receives 25,000 KZT and sends 0 KZT (0% of its 0 KZT outflow)"
BRG-090,100000008335401100,detached,"terminal, depth=2, seed=False; inside this formation receives 150,000 KZT and sends 0 KZT (0% of its 0 KZT outflow)"
BRG-090,100000008545727100,cut_vertex,"peripheral, depth=2, seed=False; inside this formation receives 30,000 KZT and sends 1,736,500 KZT (93% of its 1,866,500 KZT outflow) [breaking point]"
BRG-090,100000008571243100,detached,"terminal, depth=3, seed=False; inside this formation receives 134,000 KZT and sends 0 KZT (0% of its 0 KZT outflow)"
BRG-090,100000008714412100,detached,"terminal, depth=3, seed=False; inside this formation receives 169,000 KZT and sends 0 KZT (0% of its 0 KZT outflow)"
BRG-091,100000001246806100,detached,"abstained_boundary, depth=4, seed=False; inside this formation receives 130,000 KZT and sends 0 KZT (0% of its 0 KZT outflow)"
BRG-091,100000001275752100,detached,"terminal, depth=3, seed=False; inside this formation receives 151,500 KZT and sends 0 KZT (0% of its 0 KZT outflow)"
BRG-091,100000001724740100,detached,"abstained_boundary, depth=4, seed=False; inside this formation receives 185,000 KZT and sends 0 KZT (0% of its 0 KZT outflow)"
BRG-091,100000002530224100,detached,"terminal, depth=3, seed=False; inside this formation receives 113,000 KZT and sends 0 KZT (0% of its 0 KZT outflow)"
BRG-091,100000002621434100,detached,"terminal, depth=3, seed=False; inside this formation receives 81,000 KZT and sends 0 KZT (0% of its 0 KZT outflow)"
BRG-091,100000002883402100,detached,"terminal, depth=3, seed=False; inside this formation receives 150,000 KZT and sends 0 KZT (0% of its 0 KZT outflow)"
BRG-091,100000002954780100,detached,"terminal, depth=3, seed=False; inside this formation receives 133,400 KZT and sends 0 KZT (0% of its 0 KZT outflow)"
BRG-091,100000003071649100,detached,"terminal, depth=3, seed=False; inside this formation receives 189,500 KZT and sends 0 KZT (0% of its 0 KZT outflow)"
BRG-091,100000003147719100,detached,"terminal, depth=3, seed=False; inside this formation receives 100,000 KZT and sends 0 KZT (0% of its 0 KZT outflow)"
BRG-091,100000008561016100,detached,"transit, depth=3, seed=False; inside this formation receives 180,000 KZT and sends 185,000 KZT (100% of its 185,000 KZT outflow)"
BRG-091,100000008710791100,cut_vertex,"distributor, depth=2, seed=False; inside this formation receives 0 KZT and sends 1,198,511 KZT (22% of its 5,521,511 KZT outflow) [breaking point]"
BRG-091,100000008724461100,detached,"abstained_single_observation, depth=3, seed=False; inside this formation receives 100,111 KZT and sends 130,000 KZT (100% of its 130,000 KZT outflow)"
BRG-092,100000001256409100,detached,"abstained_boundary, depth=4, seed=False; inside this formation receives 8,000 KZT and sends 0 KZT (0% of its 0 KZT outflow)"
BRG-092,100000001669260100,detached,"abstained_boundary, depth=4, seed=False; inside this formation receives 500,000 KZT and sends 0 KZT (0% of its 0 KZT outflow)"
BRG-092,100000002475601100,detached,"terminal, depth=3, seed=False; inside this formation receives 232,301 KZT and sends 0 KZT (0% of its 0 KZT outflow)"
BRG-092,100000002508637100,detached,"abstained_single_observation, depth=3, seed=False; inside this formation receives 306,410 KZT and sends 8,000 KZT (100% of its 8,000 KZT outflow)"
BRG-092,100000002528544100,detached,"terminal, depth=3, seed=False; inside this formation receives 192,912 KZT and sends 0 KZT (0% of its 0 KZT outflow)"
BRG-092,100000002531406100,detached,"transit, depth=3, seed=False; inside this formation receives 520,000 KZT and sends 500,000 KZT (100% of its 500,000 KZT outflow)"
BRG-092,100000002914245100,detached,"terminal, depth=3, seed=False; inside this formation receives 140,611 KZT and sends 0 KZT (0% of its 0 KZT outflow)"
BRG-092,100000003031761100,detached,"terminal, depth=3, seed=False; inside this formation receives 460,408 KZT and sends 0 KZT (0% of its 0 KZT outflow)"
BRG-092,100000003087877100,detached,"terminal, depth=3, seed=False; inside this formation receives 91,486 KZT and sends 0 KZT (0% of its 0 KZT outflow)"
BRG-092,100000003216073100,detached,"abstained_single_observation, depth=3, seed=False; inside this formation receives 37,001 KZT and sends 70,000 KZT (100% of its 70,000 KZT outflow)"
BRG-092,100000004030553100,detached,"abstained_boundary, depth=4, seed=False; inside this formation receives 70,000 KZT and sends 0 KZT (0% of its 0 KZT outflow)"
BRG-092,100000004797167100,detached,"abstained_boundary, depth=4, seed=False; inside this formation receives 31,000 KZT and sends 0 KZT (0% of its 0 KZT outflow)"
BRG-092,100000005878334100,detached,"abstained_boundary, depth=4, seed=False; inside this formation receives 76,400 KZT and sends 0 KZT (0% of its 0 KZT outflow)"
BRG-092,100000006977207100,cut_vertex,"peripheral, depth=2, seed=False; inside this formation receives 0 KZT and sends 2,656,445 KZT (64% of its 4,157,018 KZT outflow) [breaking point]"
BRG-092,100000008343415100,detached,"abstained_boundary, depth=4, seed=False; inside this formation receives 100,000 KZT and sends 0 KZT (0% of its 0 KZT outflow)"
BRG-092,100000008343874100,detached,"peripheral, depth=3, seed=False; inside this formation receives 175,350 KZT and sends 176,400 KZT (100% of its 176,400 KZT outflow)"
BRG-092,100000008514970100,detached,"abstained_single_observation, depth=3, seed=False; inside this formation receives 379,966 KZT and sends 31,000 KZT (100% of its 31,000 KZT outflow)"
BRG-092,100000008598972100,detached,"terminal, depth=3, seed=False; inside this formation receives 120,000 KZT and sends 0 KZT (0% of its 0 KZT outflow)"
BRG-093,100000001262647100,detached,"terminal, depth=2, seed=False; inside this formation receives 23,650 KZT and sends 0 KZT (0% of its 0 KZT outflow)"
BRG-093,100000002605184100,detached,"terminal, depth=2, seed=False; inside this formation receives 140,000 KZT and sends 0 KZT (0% of its 0 KZT outflow)"
BRG-093,100000002852402100,detached,"terminal, depth=2, seed=False; inside this formation receives 55,000 KZT and sends 0 KZT (0% of its 0 KZT outflow)"
BRG-093,100000004527381100,cut_vertex,"abstained_single_observation, depth=2, seed=False; inside this formation receives 119,333 KZT and sends 0 KZT (0% of its 273,866 KZT outflow) [breaking point]"
BRG-093,100000008188026100,detached,"peripheral, depth=1, seed=False; inside this formation receives 0 KZT and sends 337,983 KZT (100% of its 337,983 KZT outflow)"
BRG-094,100000001262647100,detached,"terminal, depth=2, seed=False; inside this formation receives 23,650 KZT and sends 0 KZT (0% of its 0 KZT outflow)"
BRG-094,100000002605184100,detached,"terminal, depth=2, seed=False; inside this formation receives 140,000 KZT and sends 0 KZT (0% of its 0 KZT outflow)"
BRG-094,100000002852402100,detached,"terminal, depth=2, seed=False; inside this formation receives 55,000 KZT and sends 0 KZT (0% of its 0 KZT outflow)"
BRG-094,100000008188026100,cut_vertex,"peripheral, depth=1, seed=False; inside this formation receives 0 KZT and sends 218,650 KZT (65% of its 337,983 KZT outflow) [breaking point]"
BRG-095,100000001270349100,detached,"terminal, depth=3, seed=False; inside this formation receives 200,000 KZT and sends 0 KZT (0% of its 0 KZT outflow)"
BRG-095,100000002391278100,detached,"peripheral, depth=3, seed=False; inside this formation receives 30,000 KZT and sends 52,700 KZT (100% of its 52,700 KZT outflow)"
BRG-095,100000002757791100,detached,"terminal, depth=3, seed=False; inside this formation receives 73,050 KZT and sends 0 KZT (0% of its 0 KZT outflow)"
BRG-095,100000003111305100,detached,"terminal, depth=3, seed=False; inside this formation receives 164,965 KZT and sends 0 KZT (0% of its 0 KZT outflow)"
BRG-095,100000004221668100,detached,"peripheral, depth=2, seed=False; inside this formation receives 1,036,300 KZT and sends 731,440 KZT (100% of its 731,440 KZT outflow)"
BRG-095,100000004321983100,detached,"peripheral, depth=3, seed=False; inside this formation receives 10,840 KZT and sends 36,200 KZT (100% of its 36,200 KZT outflow)"
BRG-095,100000005171642100,detached,"transit, depth=3, seed=False; inside this formation receives 696,800 KZT and sends 683,600 KZT (100% of its 683,600 KZT outflow)"
BRG-095,100000006240939100,cut_vertex,"peripheral, depth=2, seed=False; inside this formation receives 0 KZT and sends 738,015 KZT (95% of its 778,015 KZT outflow) [breaking point]"
BRG-095,100000008727982100,detached,"abstained_boundary, depth=4, seed=False; inside this formation receives 30,000 KZT and sends 0 KZT (0% of its 0 KZT outflow)"
BRG-096,100000001279875100,detached,"terminal, depth=2, seed=False; inside this formation receives 49,235 KZT and sends 0 KZT (0% of its 0 KZT outflow)"
BRG-096,100000002308091100,detached,"terminal, depth=3, seed=False; inside this formation receives 186,720 KZT and sends 0 KZT (0% of its 0 KZT outflow)"
BRG-096,100000002680477100,detached,"terminal, depth=2, seed=False; inside this formation receives 25,000 KZT and sends 0 KZT (0% of its 0 KZT outflow)"
BRG-096,100000002748180100,cut_vertex,"peripheral, depth=1, seed=False; inside this formation receives 0 KZT and sends 324,743 KZT (48% of its 679,743 KZT outflow) [breaking point]"
BRG-096,100000003054328100,detached,"peripheral, depth=2, seed=False; inside this formation receives 140,000 KZT and sends 193,720 KZT (100% of its 193,720 KZT outflow)"
BRG-096,100000005237935150,detached,"terminal, depth=2, seed=False; inside this formation receives 34,508 KZT and sends 0 KZT (0% of its 0 KZT outflow)"
BRG-096,100000005931985100,detached,"terminal, depth=2, seed=False; inside this formation receives 76,000 KZT and sends 0 KZT (0% of its 0 KZT outflow)"
BRG-096,100000008755754100,detached,"terminal, depth=3, seed=False; inside this formation receives 7,000 KZT and sends 0 KZT (0% of its 0 KZT outflow)"
BRG-097,100000001282143100,cut_vertex,"terminal, depth=3, seed=False; inside this formation receives 500,000 KZT and sends 0 KZT (0% of its 0 KZT outflow) [breaking point]"
BRG-097,100000001537524100,detached,"abstained_boundary, depth=4, seed=False; inside this formation receives 150,000 KZT and sends 0 KZT (0% of its 0 KZT outflow)"
BRG-097,100000001538095100,detached,"terminal, depth=3, seed=False; inside this formation receives 180,000 KZT and sends 0 KZT (0% of its 0 KZT outflow)"
BRG-097,100000002443664100,detached,"terminal, depth=2, seed=False; inside this formation receives 420,000 KZT and sends 0 KZT (0% of its 0 KZT outflow)"
BRG-097,100000002529877100,detached,"abstained_boundary, depth=4, seed=False; inside this formation receives 232,000 KZT and sends 0 KZT (0% of its 0 KZT outflow)"
BRG-097,100000002559089100,detached,"terminal, depth=3, seed=False; inside this formation receives 650,000 KZT and sends 0 KZT (0% of its 0 KZT outflow)"
BRG-097,100000002712416100,detached,"terminal, depth=3, seed=False; inside this formation receives 101,500 KZT and sends 0 KZT (0% of its 0 KZT outflow)"
BRG-097,100000002956769100,detached,"terminal, depth=3, seed=False; inside this formation receives 780,000 KZT and sends 0 KZT (0% of its 0 KZT outflow)"
BRG-097,100000003031003100,detached,"terminal, depth=3, seed=False; inside this formation receives 185,000 KZT and sends 0 KZT (0% of its 0 KZT outflow)"
BRG-097,100000004403641100,detached,"abstained_boundary, depth=4, seed=False; inside this formation receives 171,500 KZT and sends 0 KZT (0% of its 0 KZT outflow)"
BRG-097,100000004671609100,detached,"terminal, depth=3, seed=False; inside this formation receives 100,000 KZT and sends 0 KZT (0% of its 0 KZT outflow)"
BRG-097,100000005783452100,detached,"abstained_boundary, depth=4, seed=False; inside this formation receives 200,000 KZT and sends 0 KZT (0% of its 0 KZT outflow)"
BRG-097,100000008512827100,detached,"peripheral, depth=2, seed=False; inside this formation receives 0 KZT and sends 1,391,500 KZT (72% of its 1,944,500 KZT outflow)"
BRG-097,100000008699083100,detached,"abstained_boundary, depth=4, seed=False; inside this formation receives 238,500 KZT and sends 0 KZT (0% of its 0 KZT outflow)"
BRG-097,100000008742053100,detached,"peripheral, depth=3, seed=False; inside this formation receives 0 KZT and sends 2,517,000 KZT (90% of its 2,789,000 KZT outflow)"
BRG-098,100000001287955100,cut_vertex,"peripheral, depth=2, seed=False; inside this formation receives 0 KZT and sends 17,500 KZT (6% of its 310,000 KZT outflow) [breaking point]"
BRG-098,100000003047800100,detached,"abstained_boundary, depth=4, seed=False; inside this formation receives 12,212 KZT and sends 0 KZT (0% of its 0 KZT outflow)"
BRG-098,100000007333038100,detached,"peripheral, depth=3, seed=False; inside this formation receives 17,500 KZT and sends 34,994 KZT (100% of its 34,994 KZT outflow)"
BRG-098,100000008130868100,detached,"abstained_boundary, depth=4, seed=False; inside this formation receives 22,782 KZT and sends 0 KZT (0% of its 0 KZT outflow)"
BRG-099,100000001299323100,detached,"abstained_boundary, depth=4, seed=False; inside this formation receives 109,000 KZT and sends 0 KZT (0% of its 0 KZT outflow)"
BRG-099,100000002835874100,detached,"abstained_boundary, depth=4, seed=False; inside this formation receives 58,700 KZT and sends 0 KZT (0% of its 0 KZT outflow)"
BRG-099,100000003074515100,detached,"abstained_boundary, depth=4, seed=False; inside this formation receives 105,000 KZT and sends 0 KZT (0% of its 0 KZT outflow)"
BRG-099,100000003180820100,detached,"abstained_boundary, depth=4, seed=False; inside this formation receives 101,000 KZT and sends 0 KZT (0% of its 0 KZT outflow)"
BRG-099,100000003230329100,detached,"abstained_boundary, depth=4, seed=False; inside this formation receives 110,000 KZT and sends 0 KZT (0% of its 0 KZT outflow)"
BRG-099,100000004526651100,detached,"abstained_boundary, depth=4, seed=False; inside this formation receives 33,000 KZT and sends 0 KZT (0% of its 0 KZT outflow)"
BRG-099,100000005888829100,detached,"abstained_boundary, depth=4, seed=False; inside this formation receives 197,000 KZT and sends 0 KZT (0% of its 0 KZT outflow)"
BRG-099,100000008489922100,cut_vertex,"distributor, depth=3, seed=False; inside this formation receives 0 KZT and sends 1,058,700 KZT (28% of its 3,789,900 KZT outflow) [breaking point]"
BRG-099,100000008740295100,detached,"abstained_boundary, depth=4, seed=False; inside this formation receives 300,000 KZT and sends 0 KZT (0% of its 0 KZT outflow)"
BRG-099,100000008758106100,detached,"abstained_boundary, depth=4, seed=False; inside this formation receives 10,000 KZT and sends 0 KZT (0% of its 0 KZT outflow)"
BRG-099,100000008758607100,detached,"abstained_boundary, depth=4, seed=False; inside this formation receives 5,000 KZT and sends 0 KZT (0% of its 0 KZT outflow)"
BRG-099,100000008761132100,detached,"abstained_boundary, depth=4, seed=False; inside this formation receives 10,000 KZT and sends 0 KZT (0% of its 0 KZT outflow)"
BRG-099,100000008761220100,detached,"abstained_boundary, depth=4, seed=False; inside this formation receives 10,000 KZT and sends 0 KZT (0% of its 0 KZT outflow)"
BRG-099,100000008766764100,detached,"abstained_boundary, depth=4, seed=False; inside this formation receives 5,000 KZT and sends 0 KZT (0% of its 0 KZT outflow)"
BRG-099,100000008775747100,detached,"abstained_boundary, depth=4, seed=False; inside this formation receives 5,000 KZT and sends 0 KZT (0% of its 0 KZT outflow)"
BRG-100,100000001299443100,detached,"abstained_boundary, depth=4, seed=False; inside this formation receives 8,000 KZT and sends 0 KZT (0% of its 0 KZT outflow)"
BRG-100,100000001325618100,detached,"abstained_boundary, depth=4, seed=False; inside this formation receives 9,300 KZT and sends 0 KZT (0% of its 0 KZT outflow)"
BRG-100,100000001590795100,detached,"abstained_boundary, depth=4, seed=False; inside this formation receives 5,060 KZT and sends 0 KZT (0% of its 0 KZT outflow)"
BRG-100,100000001714883100,detached,"abstained_boundary, depth=4, seed=False; inside this formation receives 6,900 KZT and sends 0 KZT (0% of its 0 KZT outflow)"
BRG-100,100000001991973100,detached,"abstained_boundary, depth=4, seed=False; inside this formation receives 20,800 KZT and sends 0 KZT (0% of its 0 KZT outflow)"
BRG-100,100000002474570100,detached,"abstained_boundary, depth=4, seed=False; inside this formation receives 6,750 KZT and sends 0 KZT (0% of its 0 KZT outflow)"
BRG-100,100000002512742100,detached,"abstained_boundary, depth=4, seed=False; inside this formation receives 6,000 KZT and sends 0 KZT (0% of its 0 KZT outflow)"
BRG-100,100000002635746100,detached,"abstained_boundary, depth=4, seed=False; inside this formation receives 5,300 KZT and sends 0 KZT (0% of its 0 KZT outflow)"
BRG-100,100000002645046100,detached,"abstained_boundary, depth=4, seed=False; inside this formation receives 12,000 KZT and sends 0 KZT (0% of its 0 KZT outflow)"
BRG-100,100000002670463100,detached,"abstained_boundary, depth=4, seed=False; inside this formation receives 31,500 KZT and sends 0 KZT (0% of its 0 KZT outflow)"
BRG-100,100000002706810100,detached,"abstained_boundary, depth=4, seed=False; inside this formation receives 45,000 KZT and sends 0 KZT (0% of its 0 KZT outflow)"
BRG-100,100000002876914100,detached,"abstained_boundary, depth=4, seed=False; inside this formation receives 12,000 KZT and sends 0 KZT (0% of its 0 KZT outflow)"
BRG-100,100000002878483100,detached,"abstained_boundary, depth=4, seed=False; inside this formation receives 6,000 KZT and sends 0 KZT (0% of its 0 KZT outflow)"
BRG-100,100000002986245100,detached,"abstained_boundary, depth=4, seed=False; inside this formation receives 5,750 KZT and sends 0 KZT (0% of its 0 KZT outflow)"
BRG-100,100000003005167100,detached,"abstained_boundary, depth=4, seed=False; inside this formation receives 7,000 KZT and sends 0 KZT (0% of its 0 KZT outflow)"
BRG-100,100000004263867100,detached,"abstained_boundary, depth=4, seed=False; inside this formation receives 9,000 KZT and sends 0 KZT (0% of its 0 KZT outflow)"
BRG-100,100000004268036100,detached,"abstained_boundary, depth=4, seed=False; inside this formation receives 5,500 KZT and sends 0 KZT (0% of its 0 KZT outflow)"
BRG-100,100000004449824100,detached,"abstained_boundary, depth=4, seed=False; inside this formation receives 9,000 KZT and sends 0 KZT (0% of its 0 KZT outflow)"
BRG-100,100000004780327100,detached,"abstained_boundary, depth=4, seed=False; inside this formation receives 12,000 KZT and sends 0 KZT (0% of its 0 KZT outflow)"
BRG-100,100000004891562100,detached,"abstained_boundary, depth=4, seed=False; inside this formation receives 103,400 KZT and sends 0 KZT (0% of its 0 KZT outflow)"
BRG-100,100000006412162100,detached,"abstained_boundary, depth=4, seed=False; inside this formation receives 15,000 KZT and sends 0 KZT (0% of its 0 KZT outflow)"
BRG-100,100000006491963100,detached,"abstained_boundary, depth=4, seed=False; inside this formation receives 16,000 KZT and sends 0 KZT (0% of its 0 KZT outflow)"
BRG-100,100000008460102100,cut_vertex,"distributor, depth=3, seed=False; inside this formation receives 0 KZT and sends 438,810 KZT (92% of its 476,570 KZT outflow) [breaking point]"
BRG-100,100000008554390100,detached,"abstained_boundary, depth=4, seed=False; inside this formation receives 14,000 KZT and sends 0 KZT (0% of its 0 KZT outflow)"
BRG-100,100000008631800100,detached,"abstained_boundary, depth=4, seed=False; inside this formation receives 12,850 KZT and sends 0 KZT (0% of its 0 KZT outflow)"
BRG-100,100000008648783100,detached,"abstained_boundary, depth=4, seed=False; inside this formation receives 5,200 KZT and sends 0 KZT (0% of its 0 KZT outflow)"
BRG-100,100000008715513100,detached,"abstained_boundary, depth=4, seed=False; inside this formation receives 32,500 KZT and sends 0 KZT (0% of its 0 KZT outflow)"
BRG-100,100000008759795100,detached,"abstained_boundary, depth=4, seed=False; inside this formation receives 17,000 KZT and sends 0 KZT (0% of its 0 KZT outflow)"
BRG-101,100000001380054100,cut_vertex,"peripheral, depth=1, seed=False; inside this formation receives 7,050 KZT and sends 200,000 KZT (56% of its 360,000 KZT outflow) [breaking point]"
BRG-101,100000001782980100,detached,"peripheral, depth=2, seed=False; inside this formation receives 50,000 KZT and sends 596,200 KZT (100% of its 596,200 KZT outflow)"
BRG-101,100000003164661100,detached,"terminal, depth=3, seed=False; inside this formation receives 596,200 KZT and sends 0 KZT (0% of its 0 KZT outflow)"
BRG-101,100000005055454100,detached,"terminal, depth=3, seed=False; inside this formation receives 6,500 KZT and sends 0 KZT (0% of its 0 KZT outflow)"
BRG-101,100000005077484100,detached,"peripheral, depth=2, seed=False; inside this formation receives 150,000 KZT and sends 13,550 KZT (100% of its 13,550 KZT outflow)"
BRG-102,100000001420847100,detached,"terminal, depth=2, seed=False; inside this formation receives 20,000 KZT and sends 0 KZT (0% of its 0 KZT outflow)"
BRG-102,100000002769809100,detached,"terminal, depth=3, seed=False; inside this formation receives 113,422 KZT and sends 0 KZT (0% of its 0 KZT outflow)"
BRG-102,100000002831727100,detached,"peripheral, depth=2, seed=False; inside this formation receives 6,000 KZT and sends 77,000 KZT (100% of its 77,000 KZT outflow)"
BRG-102,100000003873332100,cut_vertex,"peripheral, depth=1, seed=False; inside this formation receives 0 KZT and sends 76,000 KZT (27% of its 286,000 KZT outflow) [breaking point]"
BRG-102,100000005628518100,detached,"terminal, depth=3, seed=False; inside this formation receives 77,000 KZT and sends 0 KZT (0% of its 0 KZT outflow)"
BRG-102,100000008647905100,detached,"peripheral, depth=2, seed=False; inside this formation receives 50,000 KZT and sends 344,222 KZT (100% of its 344,222 KZT outflow)"
BRG-102,100000008676812100,detached,"terminal, depth=3, seed=False; inside this formation receives 230,800 KZT and sends 0 KZT (0% of its 0 KZT outflow)"
BRG-103,100000001471706100,detached,"abstained_boundary, depth=4, seed=False; inside this formation receives 377,000 KZT and sends 0 KZT (0% of its 0 KZT outflow)"
BRG-103,100000002258492100,detached,"abstained_boundary, depth=4, seed=False; inside this formation receives 9,000 KZT and sends 0 KZT (0% of its 0 KZT outflow)"
BRG-103,100000003190207100,detached,"peripheral, depth=3, seed=False; inside this formation receives 5,000 KZT and sends 377,000 KZT (100% of its 377,000 KZT outflow)"
BRG-103,100000005265073100,detached,"abstained_single_observation, depth=3, seed=False; inside this formation receives 5,000 KZT and sends 9,000 KZT (100% of its 9,000 KZT outflow)"
BRG-103,100000008254069100,cut_vertex,"peripheral, depth=2, seed=False; inside this formation receives 0 KZT and sends 10,000 KZT (9% of its 107,500 KZT outflow) [breaking point]"
BRG-104,100000001477796100,detached,"terminal, depth=1, seed=False; inside this formation receives 182,000 KZT and sends 0 KZT (0% of its 0 KZT outflow)"
BRG-104,100000001696818100,detached,"terminal, depth=1, seed=False; inside this formation receives 53,550 KZT and sends 0 KZT (0% of its 0 KZT outflow)"
BRG-104,100000002479804100,detached,"peripheral, depth=1, seed=False; inside this formation receives 46,000 KZT and sends 12,300 KZT (35% of its 35,300 KZT outflow)"
BRG-104,100000002662768100,detached,"terminal, depth=1, seed=False; inside this formation receives 84,300 KZT and sends 0 KZT (0% of its 0 KZT outflow)"
BRG-104,100000004358004100,cut_vertex,"peripheral, depth=0, seed=True; inside this formation receives 0 KZT and sends 365,850 KZT (37% of its 980,850 KZT outflow) [breaking point]"
BRG-104,100000007289427100,detached,"terminal, depth=2, seed=False; inside this formation receives 12,300 KZT and sends 0 KZT (0% of its 0 KZT outflow)"
BRG-105,100000001490461100,detached,"abstained_single_observation, depth=2, seed=False; inside this formation receives 20,000 KZT and sends 5,000 KZT (100% of its 5,000 KZT outflow)"
BRG-105,100000003671721100,detached,"terminal, depth=3, seed=False; inside this formation receives 5,000 KZT and sends 0 KZT (0% of its 0 KZT outflow)"
BRG-105,100000005473151100,cut_vertex,"peripheral, depth=1, seed=False; inside this formation receives 0 KZT and sends 195,000 KZT (87% of its 225,000 KZT outflow) [breaking point]"
BRG-105,100000005561741100,detached,"terminal, depth=2, seed=False; inside this formation receives 25,000 KZT and sends 0 KZT (0% of its 0 KZT outflow)"
BRG-105,100000008335401100,detached,"terminal, depth=2, seed=False; inside this formation receives 150,000 KZT and sends 0 KZT (0% of its 0 KZT outflow)"
BRG-106,100000001530983100,cut_vertex,"coordinator, depth=1, seed=False; inside this formation receives 0 KZT and sends 1,819,538 KZT (99% of its 1,829,538 KZT outflow) [breaking point]"
BRG-106,100000001578517100,detached,"terminal, depth=2, seed=False; inside this formation receives 30,000 KZT and sends 0 KZT (0% of its 0 KZT outflow)"
BRG-106,100000002173070100,detached,"terminal, depth=2, seed=False; inside this formation receives 30,000 KZT and sends 0 KZT (0% of its 0 KZT outflow)"
BRG-106,100000002469065100,detached,"terminal, depth=2, seed=False; inside this formation receives 200,000 KZT and sends 0 KZT (0% of its 0 KZT outflow)"
BRG-106,100000002939838100,detached,"terminal, depth=1, seed=False; inside this formation receives 340,000 KZT and sends 0 KZT (0% of its 0 KZT outflow)"
BRG-106,100000003112436100,detached,"terminal, depth=2, seed=False; inside this formation receives 100,000 KZT and sends 0 KZT (0% of its 0 KZT outflow)"
BRG-106,100000004400361100,detached,"terminal, depth=2, seed=False; inside this formation receives 10,000 KZT and sends 0 KZT (0% of its 0 KZT outflow)"
BRG-106,100000004756901100,detached,"terminal, depth=2, seed=False; inside this formation receives 153,248 KZT and sends 0 KZT (0% of its 0 KZT outflow)"
BRG-106,100000006248077100,detached,"terminal, depth=2, seed=False; inside this formation receives 50,000 KZT and sends 0 KZT (0% of its 0 KZT outflow)"
BRG-106,100000007617808100,detached,"terminal, depth=2, seed=False; inside this formation receives 450,000 KZT and sends 0 KZT (0% of its 0 KZT outflow)"
BRG-106,100000007777377100,detached,"peripheral, depth=2, seed=False; inside this formation receives 456,290 KZT and sends 0 KZT (0% of its 10,000 KZT outflow)"
BRG-107,100000001537524100,detached,"abstained_boundary, depth=4, seed=False; inside this formation receives 150,000 KZT and sends 0 KZT (0% of its 0 KZT outflow)"
BRG-107,100000002443664100,detached,"terminal, depth=2, seed=False; inside this formation receives 420,000 KZT and sends 0 KZT (0% of its 0 KZT outflow)"
BRG-107,100000002529877100,detached,"abstained_boundary, depth=4, seed=False; inside this formation receives 232,000 KZT and sends 0 KZT (0% of its 0 KZT outflow)"
BRG-107,100000003031003100,detached,"terminal, depth=3, seed=False; inside this formation receives 185,000 KZT and sends 0 KZT (0% of its 0 KZT outflow)"
BRG-107,100000004403641100,detached,"abstained_boundary, depth=4, seed=False; inside this formation receives 171,500 KZT and sends 0 KZT (0% of its 0 KZT outflow)"
BRG-107,100000005783452100,detached,"abstained_boundary, depth=4, seed=False; inside this formation receives 200,000 KZT and sends 0 KZT (0% of its 0 KZT outflow)"
BRG-107,100000008699083100,detached,"abstained_boundary, depth=4, seed=False; inside this formation receives 238,500 KZT and sends 0 KZT (0% of its 0 KZT outflow)"
BRG-107,100000008742053100,cut_vertex,"peripheral, depth=3, seed=False; inside this formation receives 0 KZT and sends 1,597,000 KZT (57% of its 2,789,000 KZT outflow) [breaking point]"
BRG-108,100000001538095100,detached,"terminal, depth=3, seed=False; inside this formation receives 180,000 KZT and sends 0 KZT (0% of its 0 KZT outflow)"
BRG-108,100000002559089100,detached,"terminal, depth=3, seed=False; inside this formation receives 650,000 KZT and sends 0 KZT (0% of its 0 KZT outflow)"
BRG-108,100000002712416100,detached,"terminal, depth=3, seed=False; inside this formation receives 101,500 KZT and sends 0 KZT (0% of its 0 KZT outflow)"
BRG-108,100000004671609100,detached,"terminal, depth=3, seed=False; inside this formation receives 100,000 KZT and sends 0 KZT (0% of its 0 KZT outflow)"
BRG-108,100000008512827100,cut_vertex,"peripheral, depth=2, seed=False; inside this formation receives 0 KZT and sends 1,031,500 KZT (53% of its 1,944,500 KZT outflow) [breaking point]"
BRG-109,100000001639766100,detached,"terminal, depth=3, seed=False; inside this formation receives 20,000 KZT and sends 0 KZT (0% of its 0 KZT outflow)"
BRG-109,100000001808684100,detached,"peripheral, depth=3, seed=False; inside this formation receives 48,400 KZT and sends 37,700 KZT (100% of its 37,700 KZT outflow)"
BRG-109,100000003509750100,cut_vertex,"transit, depth=2, seed=False; inside this formation receives 47,700 KZT and sends 78,400 KZT (100% of its 78,400 KZT outflow) [breaking point]"
BRG-109,100000004697956100,detached,"transit, depth=3, seed=False; inside this formation receives 10,000 KZT and sends 10,000 KZT (100% of its 10,000 KZT outflow)"
BRG-110,100000001674850100,detached,"terminal, depth=3, seed=False; inside this formation receives 190,000 KZT and sends 0 KZT (0% of its 0 KZT outflow)"
BRG-110,100000003134550100,detached,"abstained_boundary, depth=4, seed=False; inside this formation receives 100,000 KZT and sends 0 KZT (0% of its 0 KZT outflow)"
BRG-110,100000003252446100,detached,"abstained_boundary, depth=4, seed=False; inside this formation receives 108,600 KZT and sends 0 KZT (0% of its 0 KZT outflow)"
BRG-110,100000008465789100,cut_vertex,"peripheral, depth=3, seed=False; inside this formation receives 0 KZT and sends 473,600 KZT (25% of its 1,858,100 KZT outflow) [breaking point]"
BRG-110,100000008703533100,detached,"abstained_boundary, depth=4, seed=False; inside this formation receives 75,000 KZT and sends 0 KZT (0% of its 0 KZT outflow)"
BRG-111,100000001677929100,detached,"peripheral, depth=2, seed=False; inside this formation receives 126,777 KZT and sends 286,098 KZT (100% of its 286,098 KZT outflow)"
BRG-111,100000001740277100,detached,"abstained_single_observation, depth=3, seed=False; inside this formation receives 8,700 KZT and sends 5,000 KZT (100% of its 5,000 KZT outflow)"
BRG-111,100000002394199100,detached,"peripheral, depth=3, seed=False; inside this formation receives 277,398 KZT and sends 76,777 KZT (100% of its 76,777 KZT outflow)"
BRG-111,100000004950490100,detached,"terminal, depth=2, seed=False; inside this formation receives 10,000 KZT and sends 0 KZT (0% of its 0 KZT outflow)"
BRG-111,100000007536804100,cut_vertex,"peripheral, depth=1, seed=False; inside this formation receives 0 KZT and sends 55,000 KZT (100% of its 55,000 KZT outflow) [breaking point]"
BRG-112,100000001680944100,detached,"terminal, depth=3, seed=False; inside this formation receives 393,000 KZT and sends 0 KZT (0% of its 0 KZT outflow)"
BRG-112,100000001714173100,detached,"terminal, depth=3, seed=False; inside this formation receives 638,905 KZT and sends 0 KZT (0% of its 0 KZT outflow)"
BRG-112,100000002748532100,detached,"peripheral, depth=2, seed=False; inside this formation receives 174,600 KZT and sends 638,905 KZT (99% of its 646,685 KZT outflow)"
BRG-112,100000003097324100,detached,"terminal, depth=3, seed=False; inside this formation receives 240,000 KZT and sends 0 KZT (0% of its 0 KZT outflow)"
BRG-112,100000008743913100,cut_vertex,"peripheral, depth=2, seed=False; inside this formation receives 0 KZT and sends 822,600 KZT (44% of its 1,850,600 KZT outflow) [breaking point]"
BRG-112,100000008767027100,detached,"terminal, depth=3, seed=False; inside this formation receives 5,000 KZT and sends 0 KZT (0% of its 0 KZT outflow)"
BRG-112,100000008767065100,detached,"terminal, depth=3, seed=False; inside this formation receives 10,000 KZT and sends 0 KZT (0% of its 0 KZT outflow)"
BRG-113,100000001686328100,detached,"terminal, depth=3, seed=False; inside this formation receives 140,000 KZT and sends 0 KZT (0% of its 0 KZT outflow)"
BRG-113,100000002593344100,detached,"terminal, depth=3, seed=False; inside this formation receives 290,000 KZT and sends 0 KZT (0% of its 0 KZT outflow)"
BRG-113,100000008417029100,detached,"terminal, depth=3, seed=False; inside this formation receives 100,000 KZT and sends 0 KZT (0% of its 0 KZT outflow)"
BRG-113,100000008752616100,cut_vertex,"peripheral, depth=2, seed=False; inside this formation receives 0 KZT and sends 530,000 KZT (42% of its 1,265,000 KZT outflow) [breaking point]"
BRG-114,100000001732159100,detached,"peripheral, depth=0, seed=True; inside this formation receives 2,378,100 KZT and sends 1,505,966 KZT (100% of its 1,505,966 KZT outflow)"
BRG-114,100000002681449100,detached,"peripheral, depth=1, seed=False; inside this formation receives 0 KZT and sends 120,000 KZT (90% of its 133,000 KZT outflow)"
BRG-114,100000003404627100,detached,"terminal, depth=1, seed=False; inside this formation receives 877,700 KZT and sends 0 KZT (0% of its 0 KZT outflow)"
BRG-114,100000005940652100,detached,"terminal, depth=1, seed=False; inside this formation receives 8,395 KZT and sends 0 KZT (0% of its 0 KZT outflow)"
BRG-114,100000008223661100,cut_vertex,"peripheral, depth=3, seed=False; inside this formation receives 0 KZT and sends 154,700 KZT (59% of its 262,580 KZT outflow) [breaking point]"
BRG-114,100000008232832100,detached,"peripheral, depth=1, seed=False; inside this formation receives 337,000 KZT and sends 138,000 KZT (100% of its 138,000 KZT outflow)"
BRG-114,100000008314203100,detached,"transit, depth=0, seed=True; inside this formation receives 382,076 KZT and sends 327,000 KZT (100% of its 327,000 KZT outflow)"
BRG-114,100000008637537100,detached,"peripheral, depth=0, seed=True; inside this formation receives 613,890 KZT and sends 2,351,495 KZT (100% of its 2,351,495 KZT outflow)"
BRG-115,100000001732159100,detached,"peripheral, depth=0, seed=True; inside this formation receives 2,378,100 KZT and sends 1,505,966 KZT (100% of its 1,505,966 KZT outflow)"
BRG-115,100000002681449100,detached,"peripheral, depth=1, seed=False; inside this formation receives 0 KZT and sends 120,000 KZT (90% of its 133,000 KZT outflow)"
BRG-115,100000003404627100,cut_vertex,"terminal, depth=1, seed=False; inside this formation receives 723,000 KZT and sends 0 KZT (0% of its 0 KZT outflow) [breaking point]"
BRG-115,100000005940652100,detached,"terminal, depth=1, seed=False; inside this formation receives 8,395 KZT and sends 0 KZT (0% of its 0 KZT outflow)"
BRG-115,100000008232832100,detached,"peripheral, depth=1, seed=False; inside this formation receives 337,000 KZT and sends 138,000 KZT (100% of its 138,000 KZT outflow)"
BRG-115,100000008314203100,detached,"transit, depth=0, seed=True; inside this formation receives 382,076 KZT and sends 327,000 KZT (100% of its 327,000 KZT outflow)"
BRG-115,100000008637537100,detached,"peripheral, depth=0, seed=True; inside this formation receives 613,890 KZT and sends 2,351,495 KZT (100% of its 2,351,495 KZT outflow)"
BRG-116,100000001732159100,cut_vertex,"peripheral, depth=0, seed=True; inside this formation receives 2,378,100 KZT and sends 703,966 KZT (47% of its 1,505,966 KZT outflow) [breaking point]"
BRG-116,100000005940652100,detached,"terminal, depth=1, seed=False; inside this formation receives 8,395 KZT and sends 0 KZT (0% of its 0 KZT outflow)"
BRG-116,100000008314203100,detached,"transit, depth=0, seed=True; inside this formation receives 382,076 KZT and sends 327,000 KZT (100% of its 327,000 KZT outflow)"
BRG-116,100000008637537100,detached,"peripheral, depth=0, seed=True; inside this formation receives 613,890 KZT and sends 2,351,495 KZT (100% of its 2,351,495 KZT outflow)"
BRG-117,100000001733687100,detached,"terminal, depth=3, seed=False; inside this formation receives 300,000 KZT and sends 0 KZT (0% of its 0 KZT outflow)"
BRG-117,100000002815005100,detached,"terminal, depth=3, seed=False; inside this formation receives 476,500 KZT and sends 0 KZT (0% of its 0 KZT outflow)"
BRG-117,100000002958139100,detached,"terminal, depth=3, seed=False; inside this formation receives 209,500 KZT and sends 0 KZT (0% of its 0 KZT outflow)"
BRG-117,100000003031633100,detached,"terminal, depth=3, seed=False; inside this formation receives 414,000 KZT and sends 0 KZT (0% of its 0 KZT outflow)"
BRG-117,100000008070101100,detached,"terminal, depth=3, seed=False; inside this formation receives 100,000 KZT and sends 0 KZT (0% of its 0 KZT outflow)"
BRG-117,100000008547948100,cut_vertex,"distributor, depth=2, seed=False; inside this formation receives 0 KZT and sends 1,838,000 KZT (35% of its 5,185,600 KZT outflow) [breaking point]"
BRG-117,100000008751380100,detached,"terminal, depth=3, seed=False; inside this formation receives 338,000 KZT and sends 0 KZT (0% of its 0 KZT outflow)"
BRG-118,100000001737722100,detached,"terminal, depth=2, seed=False; inside this formation receives 60,460 KZT and sends 0 KZT (0% of its 0 KZT outflow)"
BRG-118,100000002457464100,detached,"terminal, depth=2, seed=False; inside this formation receives 66,647 KZT and sends 0 KZT (0% of its 0 KZT outflow)"
BRG-118,100000002964966100,detached,"terminal, depth=2, seed=False; inside this formation receives 200,000 KZT and sends 0 KZT (0% of its 0 KZT outflow)"
BRG-118,100000004192107100,detached,"terminal, depth=2, seed=False; inside this formation receives 25,000 KZT and sends 0 KZT (0% of its 0 KZT outflow)"
BRG-118,100000005612411100,cut_vertex,"peripheral, depth=1, seed=False; inside this formation receives 0 KZT and sends 456,997 KZT (90% of its 506,997 KZT outflow) [breaking point]"
BRG-118,100000008629581100,detached,"terminal, depth=2, seed=False; inside this formation receives 54,184 KZT and sends 0 KZT (0% of its 0 KZT outflow)"
BRG-118,100000008672603100,detached,"terminal, depth=2, seed=False; inside this formation receives 21,200 KZT and sends 0 KZT (0% of its 0 KZT outflow)"
BRG-118,100000008717375100,detached,"terminal, depth=2, seed=False; inside this formation receives 29,506 KZT and sends 0 KZT (0% of its 0 KZT outflow)"
BRG-119,100000001788284100,cut_vertex,"peripheral, depth=3, seed=False; inside this formation receives 0 KZT and sends 47,800 KZT (16% of its 296,700 KZT outflow) [breaking point]"
BRG-119,100000004041294100,detached,"abstained_boundary, depth=4, seed=False; inside this formation receives 17,800 KZT and sends 0 KZT (0% of its 0 KZT outflow)"
BRG-119,100000004674178100,detached,"abstained_boundary, depth=4, seed=False; inside this formation receives 20,000 KZT and sends 0 KZT (0% of its 0 KZT outflow)"
BRG-119,100000008778753100,detached,"abstained_boundary, depth=4, seed=False; inside this formation receives 10,000 KZT and sends 0 KZT (0% of its 0 KZT outflow)"
BRG-120,100000001822650100,detached,"abstained_boundary, depth=4, seed=False; inside this formation receives 112,000 KZT and sends 0 KZT (0% of its 0 KZT outflow)"
BRG-120,100000008517538100,cut_vertex,"peripheral, depth=3, seed=False; inside this formation receives 0 KZT and sends 131,000 KZT (9% of its 1,439,000 KZT outflow) [breaking point]"
BRG-120,100000008710913100,detached,"abstained_boundary, depth=4, seed=False; inside this formation receives 14,000 KZT and sends 0 KZT (0% of its 0 KZT outflow)"
BRG-120,100000008766031100,detached,"abstained_boundary, depth=4, seed=False; inside this formation receives 5,000 KZT and sends 0 KZT (0% of its 0 KZT outflow)"
BRG-121,100000001860090100,detached,"terminal, depth=3, seed=False; inside this formation receives 5,000 KZT and sends 0 KZT (0% of its 0 KZT outflow)"
BRG-121,100000001893287100,detached,"peripheral, depth=3, seed=False; inside this formation receives 18,000 KZT and sends 152,700 KZT (100% of its 152,700 KZT outflow)"
BRG-121,100000004698193100,cut_vertex,"peripheral, depth=2, seed=False; inside this formation receives 152,700 KZT and sends 38,000 KZT (100% of its 38,000 KZT outflow) [breaking point]"
BRG-121,100000008547295100,detached,"terminal, depth=3, seed=False; inside this formation receives 15,000 KZT and sends 0 KZT (0% of its 0 KZT outflow)"
BRG-122,100000001954534100,detached,"abstained_single_observation, depth=3, seed=False; inside this formation receives 13,000 KZT and sends 40,000 KZT (100% of its 40,000 KZT outflow)"
BRG-122,100000003289281100,detached,"abstained_boundary, depth=4, seed=False; inside this formation receives 40,000 KZT and sends 0 KZT (0% of its 0 KZT outflow)"
BRG-122,100000004759121100,cut_vertex,"peripheral, depth=1, seed=False; inside this formation receives 175,000 KZT and sends 312,000 KZT (100% of its 312,000 KZT outflow) [breaking point]"
BRG-122,100000005105153100,detached,"terminal, depth=2, seed=False; inside this formation receives 30,000 KZT and sends 0 KZT (0% of its 0 KZT outflow)"
BRG-122,100000006844768100,detached,"peripheral, depth=2, seed=False; inside this formation receives 282,000 KZT and sends 188,000 KZT (100% of its 188,000 KZT outflow)"
BRG-123,100000001985793100,detached,"terminal, depth=2, seed=False; inside this formation receives 420,000 KZT and sends 0 KZT (0% of its 0 KZT outflow)"
BRG-123,100000002152857100,cut_vertex,"peripheral, depth=1, seed=False; inside this formation receives 0 KZT and sends 920,000 KZT (75% of its 1,230,000 KZT outflow) [breaking point]"
BRG-123,100000002459093100,detached,"peripheral, depth=2, seed=False; inside this formation receives 500,000 KZT and sends 55,000 KZT (100% of its 55,000 KZT outflow)"
BRG-123,100000005087923100,detached,"abstained_boundary, depth=4, seed=False; inside this formation receives 20,000 KZT and sends 0 KZT (0% of its 0 KZT outflow)"
BRG-123,100000005636951100,detached,"abstained_boundary, depth=4, seed=False; inside this formation receives 40,000 KZT and sends 0 KZT (0% of its 0 KZT outflow)"
BRG-123,100000006664478100,detached,"transit, depth=3, seed=False; inside this formation receives 55,000 KZT and sends 60,000 KZT (100% of its 60,000 KZT outflow)"
BRG-124,100000002121357100,detached,"peripheral, depth=3, seed=False; inside this formation receives 148,300 KZT and sends 113,000 KZT (100% of its 113,000 KZT outflow)"
BRG-124,100000002632742100,detached,"terminal, depth=3, seed=False; inside this formation receives 135,500 KZT and sends 0 KZT (0% of its 0 KZT outflow)"
BRG-124,100000002877262100,detached,"terminal, depth=3, seed=False; inside this formation receives 100,000 KZT and sends 0 KZT (0% of its 0 KZT outflow)"
BRG-124,100000002943472100,detached,"terminal, depth=3, seed=False; inside this formation receives 170,000 KZT and sends 0 KZT (0% of its 0 KZT outflow)"
BRG-124,100000003089553100,detached,"terminal, depth=3, seed=False; inside this formation receives 150,000 KZT and sends 0 KZT (0% of its 0 KZT outflow)"
BRG-124,100000006532229100,detached,"terminal, depth=3, seed=False; inside this formation receives 105,000 KZT and sends 0 KZT (0% of its 0 KZT outflow)"
BRG-124,100000008547844100,cut_vertex,"peripheral, depth=2, seed=False; inside this formation receives 0 KZT and sends 1,144,800 KZT (56% of its 2,042,199 KZT outflow) [breaking point]"
BRG-124,100000008634520100,detached,"terminal, depth=3, seed=False; inside this formation receives 90,000 KZT and sends 0 KZT (0% of its 0 KZT outflow)"
BRG-124,100000008659950100,detached,"terminal, depth=3, seed=False; inside this formation receives 246,000 KZT and sends 0 KZT (0% of its 0 KZT outflow)"
BRG-124,100000008730238100,detached,"abstained_boundary, depth=4, seed=False; inside this formation receives 113,000 KZT and sends 0 KZT (0% of its 0 KZT outflow)"
BRG-125,100000002132479100,detached,"peripheral, depth=2, seed=False; inside this formation receives 30,000 KZT and sends 20,000 KZT (100% of its 20,000 KZT outflow)"
BRG-125,100000004159526100,cut_vertex,"coordinator, depth=1, seed=False; inside this formation receives 20,000 KZT and sends 68,000 KZT (100% of its 68,000 KZT outflow) [breaking point]"
BRG-125,100000004456564100,detached,"terminal, depth=2, seed=False; inside this formation receives 10,000 KZT and sends 0 KZT (0% of its 0 KZT outflow)"
BRG-125,100000005032294100,detached,"terminal, depth=2, seed=False; inside this formation receives 10,000 KZT and sends 0 KZT (0% of its 0 KZT outflow)"
BRG-125,100000005941908100,detached,"terminal, depth=3, seed=False; inside this formation receives 10,000 KZT and sends 0 KZT (0% of its 0 KZT outflow)"
BRG-125,100000007953156100,detached,"abstained_single_observation, depth=2, seed=False; inside this formation receives 18,000 KZT and sends 10,000 KZT (100% of its 10,000 KZT outflow)"
BRG-126,100000002227960100,detached,"abstained_boundary, depth=4, seed=False; inside this formation receives 10,000 KZT and sends 0 KZT (0% of its 0 KZT outflow)"
BRG-126,100000002304943100,detached,"abstained_boundary, depth=4, seed=False; inside this formation receives 15,000 KZT and sends 0 KZT (0% of its 0 KZT outflow)"
BRG-126,100000002305477100,detached,"abstained_boundary, depth=4, seed=False; inside this formation receives 20,000 KZT and sends 0 KZT (0% of its 0 KZT outflow)"
BRG-126,100000002723674100,detached,"abstained_boundary, depth=4, seed=False; inside this formation receives 30,000 KZT and sends 0 KZT (0% of its 0 KZT outflow)"
BRG-126,100000003105089100,detached,"abstained_boundary, depth=4, seed=False; inside this formation receives 10,000 KZT and sends 0 KZT (0% of its 0 KZT outflow)"
BRG-126,100000003154105100,cut_vertex,"peripheral, depth=3, seed=False; inside this formation receives 0 KZT and sends 338,000 KZT (100% of its 338,000 KZT outflow) [breaking point]"
BRG-126,100000006257675100,detached,"abstained_boundary, depth=4, seed=False; inside this formation receives 70,000 KZT and sends 0 KZT (0% of its 0 KZT outflow)"
BRG-126,100000006308406100,detached,"abstained_boundary, depth=4, seed=False; inside this formation receives 183,000 KZT and sends 0 KZT (0% of its 0 KZT outflow)"
BRG-127,100000002236528100,detached,"terminal, depth=3, seed=False; inside this formation receives 66,000 KZT and sends 0 KZT (0% of its 0 KZT outflow)"
BRG-127,100000002681544100,detached,"terminal, depth=3, seed=False; inside this formation receives 130,965 KZT and sends 0 KZT (0% of its 0 KZT outflow)"
BRG-127,100000003677936100,detached,"peripheral, depth=3, seed=False; inside this formation receives 71,000 KZT and sends 13,000 KZT (100% of its 13,000 KZT outflow)"
BRG-127,100000003920950100,detached,"terminal, depth=3, seed=False; inside this formation receives 323,290 KZT and sends 0 KZT (0% of its 0 KZT outflow)"
BRG-127,100000005532138100,detached,"terminal, depth=3, seed=False; inside this formation receives 25,046 KZT and sends 0 KZT (0% of its 0 KZT outflow)"
BRG-127,100000005778283100,cut_vertex,"terminal, depth=1, seed=False; inside this formation receives 270,000 KZT and sends 0 KZT (0% of its 0 KZT outflow) [breaking point]"
BRG-127,100000005782781100,detached,"coordinator, depth=2, seed=False; inside this formation receives 0 KZT and sends 1,134,880 KZT (90% of its 1,263,597 KZT outflow)"
BRG-127,100000005849862100,detached,"abstained_boundary, depth=4, seed=False; inside this formation receives 13,000 KZT and sends 0 KZT (0% of its 0 KZT outflow)"
BRG-127,100000006209210100,detached,"terminal, depth=3, seed=False; inside this formation receives 229,111 KZT and sends 0 KZT (0% of its 0 KZT outflow)"
BRG-127,100000008633099100,detached,"abstained_single_observation, depth=3, seed=False; inside this formation receives 19,468 KZT and sends 13,500 KZT (100% of its 13,500 KZT outflow)"
BRG-127,100000008677368100,detached,"abstained_boundary, depth=4, seed=False; inside this formation receives 13,500 KZT and sends 0 KZT (0% of its 0 KZT outflow)"
BRG-128,100000002236528100,detached,"terminal, depth=3, seed=False; inside this formation receives 66,000 KZT and sends 0 KZT (0% of its 0 KZT outflow)"
BRG-128,100000002681544100,detached,"terminal, depth=3, seed=False; inside this formation receives 130,965 KZT and sends 0 KZT (0% of its 0 KZT outflow)"
BRG-128,100000003677936100,detached,"peripheral, depth=3, seed=False; inside this formation receives 71,000 KZT and sends 13,000 KZT (100% of its 13,000 KZT outflow)"
BRG-128,100000003920950100,detached,"terminal, depth=3, seed=False; inside this formation receives 323,290 KZT and sends 0 KZT (0% of its 0 KZT outflow)"
BRG-128,100000005532138100,detached,"terminal, depth=3, seed=False; inside this formation receives 25,046 KZT and sends 0 KZT (0% of its 0 KZT outflow)"
BRG-128,100000005782781100,cut_vertex,"coordinator, depth=2, seed=False; inside this formation receives 0 KZT and sends 864,880 KZT (68% of its 1,263,597 KZT outflow) [breaking point]"
BRG-128,100000005849862100,detached,"abstained_boundary, depth=4, seed=False; inside this formation receives 13,000 KZT and sends 0 KZT (0% of its 0 KZT outflow)"
BRG-128,100000006209210100,detached,"terminal, depth=3, seed=False; inside this formation receives 229,111 KZT and sends 0 KZT (0% of its 0 KZT outflow)"
BRG-128,100000008633099100,detached,"abstained_single_observation, depth=3, seed=False; inside this formation receives 19,468 KZT and sends 13,500 KZT (100% of its 13,500 KZT outflow)"
BRG-128,100000008677368100,detached,"abstained_boundary, depth=4, seed=False; inside this formation receives 13,500 KZT and sends 0 KZT (0% of its 0 KZT outflow)"
BRG-129,100000002293421100,detached,"transit, depth=2, seed=False; inside this formation receives 41,000 KZT and sends 47,000 KZT (100% of its 47,000 KZT outflow)"
BRG-129,100000004180097100,cut_vertex,"peripheral, depth=1, seed=False; inside this formation receives 28,000 KZT and sends 41,000 KZT (86% of its 47,800 KZT outflow) [breaking point]"
BRG-129,100000004765639100,detached,"peripheral, depth=2, seed=False; inside this formation receives 5,000 KZT and sends 11,000 KZT (100% of its 11,000 KZT outflow)"
BRG-129,100000008502995100,detached,"terminal, depth=3, seed=False; inside this formation receives 25,000 KZT and sends 0 KZT (0% of its 0 KZT outflow)"
BRG-130,100000002320495100,detached,"abstained_boundary, depth=4, seed=False; inside this formation receives 13,526 KZT and sends 0 KZT (0% of its 0 KZT outflow)"
BRG-130,100000002570206100,detached,"terminal, depth=2, seed=False; inside this formation receives 85,813 KZT and sends 0 KZT (0% of its 0 KZT outflow)"
BRG-130,100000002686226100,detached,"abstained_boundary, depth=4, seed=False; inside this formation receives 430,000 KZT and sends 0 KZT (0% of its 0 KZT outflow)"
BRG-130,100000002713074100,cut_vertex,"peripheral, depth=3, seed=False; inside this formation receives 450,000 KZT and sends 430,000 KZT (100% of its 430,000 KZT outflow) [breaking point]"
BRG-130,100000002975287100,detached,"terminal, depth=3, seed=False; inside this formation receives 15,000 KZT and sends 0 KZT (0% of its 0 KZT outflow)"
BRG-130,100000003060517100,detached,"terminal, depth=3, seed=False; inside this formation receives 315,955 KZT and sends 0 KZT (0% of its 0 KZT outflow)"
BRG-130,100000003072676100,detached,"terminal, depth=3, seed=False; inside this formation receives 31,545 KZT and sends 0 KZT (0% of its 0 KZT outflow)"
BRG-130,100000003986141100,detached,"terminal, depth=3, seed=False; inside this formation receives 5,286 KZT and sends 0 KZT (0% of its 0 KZT outflow)"
BRG-130,100000005233755100,detached,"abstained_single_observation, depth=3, seed=False; inside this formation receives 25,000 KZT and sends 5,000 KZT (100% of its 5,000 KZT outflow)"
BRG-130,100000006967370100,detached,"abstained_single_observation, depth=3, seed=False; inside this formation receives 33,225 KZT and sends 13,526 KZT (100% of its 13,526 KZT outflow)"
BRG-130,100000007618425100,detached,"terminal, depth=3, seed=False; inside this formation receives 39,348 KZT and sends 0 KZT (0% of its 0 KZT outflow)"
BRG-130,100000008011573100,detached,"terminal, depth=3, seed=False; inside this formation receives 15,000 KZT and sends 0 KZT (0% of its 0 KZT outflow)"
BRG-130,100000008413748100,detached,"peripheral, depth=2, seed=False; inside this formation receives 0 KZT and sends 1,025,672 KZT (74% of its 1,377,320 KZT outflow)"
BRG-130,100000008612257100,detached,"terminal, depth=3, seed=False; inside this formation receives 9,500 KZT and sends 0 KZT (0% of its 0 KZT outflow)"
BRG-130,100000008649416100,detached,"abstained_boundary, depth=4, seed=False; inside this formation receives 5,000 KZT and sends 0 KZT (0% of its 0 KZT outflow)"
BRG-131,100000002320495100,detached,"abstained_boundary, depth=4, seed=False; inside this formation receives 13,526 KZT and sends 0 KZT (0% of its 0 KZT outflow)"
BRG-131,100000002570206100,detached,"terminal, depth=2, seed=False; inside this formation receives 85,813 KZT and sends 0 KZT (0% of its 0 KZT outflow)"
BRG-131,100000002975287100,detached,"terminal, depth=3, seed=False; inside this formation receives 15,000 KZT and sends 0 KZT (0% of its 0 KZT outflow)"
BRG-131,100000003060517100,detached,"terminal, depth=3, seed=False; inside this formation receives 315,955 KZT and sends 0 KZT (0% of its 0 KZT outflow)"
BRG-131,100000003072676100,detached,"terminal, depth=3, seed=False; inside this formation receives 31,545 KZT and sends 0 KZT (0% of its 0 KZT outflow)"
BRG-131,100000003986141100,detached,"terminal, depth=3, seed=False; inside this formation receives 5,286 KZT and sends 0 KZT (0% of its 0 KZT outflow)"
BRG-131,100000005233755100,detached,"abstained_single_observation, depth=3, seed=False; inside this formation receives 25,000 KZT and sends 5,000 KZT (100% of its 5,000 KZT outflow)"
BRG-131,100000006967370100,detached,"abstained_single_observation, depth=3, seed=False; inside this formation receives 33,225 KZT and sends 13,526 KZT (100% of its 13,526 KZT outflow)"
BRG-131,100000007618425100,detached,"terminal, depth=3, seed=False; inside this formation receives 39,348 KZT and sends 0 KZT (0% of its 0 KZT outflow)"
BRG-131,100000008011573100,detached,"terminal, depth=3, seed=False; inside this formation receives 15,000 KZT and sends 0 KZT (0% of its 0 KZT outflow)"
BRG-131,100000008413748100,cut_vertex,"peripheral, depth=2, seed=False; inside this formation receives 0 KZT and sends 575,672 KZT (42% of its 1,377,320 KZT outflow) [breaking point]"
BRG-131,100000008612257100,detached,"terminal, depth=3, seed=False; inside this formation receives 9,500 KZT and sends 0 KZT (0% of its 0 KZT outflow)"
BRG-131,100000008649416100,detached,"abstained_boundary, depth=4, seed=False; inside this formation receives 5,000 KZT and sends 0 KZT (0% of its 0 KZT outflow)"
BRG-132,100000002391278100,detached,"peripheral, depth=3, seed=False; inside this formation receives 30,000 KZT and sends 52,700 KZT (100% of its 52,700 KZT outflow)"
BRG-132,100000004221668100,cut_vertex,"peripheral, depth=2, seed=False; inside this formation receives 736,300 KZT and sends 731,440 KZT (100% of its 731,440 KZT outflow) [breaking point]"
BRG-132,100000004321983100,detached,"peripheral, depth=3, seed=False; inside this formation receives 10,840 KZT and sends 36,200 KZT (100% of its 36,200 KZT outflow)"
BRG-132,100000005171642100,detached,"transit, depth=3, seed=False; inside this formation receives 696,800 KZT and sends 683,600 KZT (100% of its 683,600 KZT outflow)"
BRG-132,100000008727982100,detached,"abstained_boundary, depth=4, seed=False; inside this formation receives 30,000 KZT and sends 0 KZT (0% of its 0 KZT outflow)"
BRG-133,100000002459093100,cut_vertex,"peripheral, depth=2, seed=False; inside this formation receives 0 KZT and sends 55,000 KZT (100% of its 55,000 KZT outflow) [breaking point]"
BRG-133,100000005087923100,detached,"abstained_boundary, depth=4, seed=False; inside this formation receives 20,000 KZT and sends 0 KZT (0% of its 0 KZT outflow)"
BRG-133,100000005636951100,detached,"abstained_boundary, depth=4, seed=False; inside this formation receives 40,000 KZT and sends 0 KZT (0% of its 0 KZT outflow)"
BRG-133,100000006664478100,detached,"transit, depth=3, seed=False; inside this formation receives 55,000 KZT and sends 60,000 KZT (100% of its 60,000 KZT outflow)"
BRG-134,100000002459164100,detached,"terminal, depth=3, seed=False; inside this formation receives 20,000 KZT and sends 0 KZT (0% of its 0 KZT outflow)"
BRG-134,100000002703376100,detached,"terminal, depth=2, seed=False; inside this formation receives 46,501 KZT and sends 0 KZT (0% of its 0 KZT outflow)"
BRG-134,100000003971049100,detached,"terminal, depth=2, seed=False; inside this formation receives 55,900 KZT and sends 0 KZT (0% of its 0 KZT outflow)"
BRG-134,100000004351795100,cut_vertex,"peripheral, depth=1, seed=False; inside this formation receives 0 KZT and sends 208,261 KZT (12% of its 1,715,161 KZT outflow) [breaking point]"
BRG-134,100000007382152100,detached,"terminal, depth=2, seed=False; inside this formation receives 5,860 KZT and sends 0 KZT (0% of its 0 KZT outflow)"
BRG-134,100000007797290100,detached,"abstained_single_observation, depth=2, seed=False; inside this formation receives 100,000 KZT and sends 20,000 KZT (100% of its 20,000 KZT outflow)"
BRG-135,100000002487222100,detached,"abstained_boundary, depth=4, seed=False; inside this formation receives 90,000 KZT and sends 0 KZT (0% of its 0 KZT outflow)"
BRG-135,100000002981489100,detached,"abstained_boundary, depth=4, seed=False; inside this formation receives 10,000 KZT and sends 0 KZT (0% of its 0 KZT outflow)"
BRG-135,100000005049404100,detached,"abstained_boundary, depth=4, seed=False; inside this formation receives 98,000 KZT and sends 0 KZT (0% of its 0 KZT outflow)"
BRG-135,100000005616568100,detached,"abstained_boundary, depth=4, seed=False; inside this formation receives 530,000 KZT and sends 0 KZT (0% of its 0 KZT outflow)"
BRG-135,100000008050986100,detached,"abstained_boundary, depth=4, seed=False; inside this formation receives 95,000 KZT and sends 0 KZT (0% of its 0 KZT outflow)"
BRG-135,100000008490127100,cut_vertex,"peripheral, depth=3, seed=False; inside this formation receives 0 KZT and sends 923,000 KZT (100% of its 923,000 KZT outflow) [breaking point]"
BRG-135,100000008560263100,detached,"abstained_boundary, depth=4, seed=False; inside this formation receives 100,000 KZT and sends 0 KZT (0% of its 0 KZT outflow)"
BRG-136,100000002529880100,detached,"terminal, depth=3, seed=False; inside this formation receives 120,000 KZT and sends 0 KZT (0% of its 0 KZT outflow)"
BRG-136,100000002677201100,detached,"abstained_single_observation, depth=3, seed=False; inside this formation receives 150,000 KZT and sends 87,750 KZT (100% of its 87,750 KZT outflow)"
BRG-136,100000003016438100,detached,"peripheral, depth=3, seed=False; inside this formation receives 200,000 KZT and sends 300,000 KZT (100% of its 300,000 KZT outflow)"
BRG-136,100000003125997100,detached,"abstained_boundary, depth=4, seed=False; inside this formation receives 87,750 KZT and sends 0 KZT (0% of its 0 KZT outflow)"
BRG-136,100000004006327100,detached,"abstained_boundary, depth=4, seed=False; inside this formation receives 300,000 KZT and sends 0 KZT (0% of its 0 KZT outflow)"
BRG-136,100000004418967100,detached,"abstained_boundary, depth=4, seed=False; inside this formation receives 100,000 KZT and sends 0 KZT (0% of its 0 KZT outflow)"
BRG-136,100000004908173100,detached,"abstained_boundary, depth=4, seed=False; inside this formation receives 21,000 KZT and sends 0 KZT (0% of its 0 KZT outflow)"
BRG-136,100000005723580100,detached,"abstained_boundary, depth=4, seed=False; inside this formation receives 35,000 KZT and sends 0 KZT (0% of its 0 KZT outflow)"
BRG-136,100000006111442100,detached,"terminal, depth=3, seed=False; inside this formation receives 64,000 KZT and sends 0 KZT (0% of its 0 KZT outflow)"
BRG-136,100000008466579100,cut_vertex,"peripheral, depth=2, seed=False; inside this formation receives 0 KZT and sends 609,000 KZT (32% of its 1,933,000 KZT outflow) [breaking point]"
BRG-136,100000008692291100,detached,"transit, depth=3, seed=False; inside this formation receives 75,000 KZT and sends 156,000 KZT (100% of its 156,000 KZT outflow)"
BRG-137,100000002534091100,detached,"terminal, depth=3, seed=False; inside this formation receives 22,200 KZT and sends 0 KZT (0% of its 0 KZT outflow)"
BRG-137,100000002723538100,cut_vertex,"peripheral, depth=2, seed=False; inside this formation receives 0 KZT and sends 127,200 KZT (23% of its 560,499 KZT outflow) [breaking point]"
BRG-137,100000004981068100,detached,"abstained_boundary, depth=4, seed=False; inside this formation receives 10,000 KZT and sends 0 KZT (0% of its 0 KZT outflow)"
BRG-137,100000008620570100,detached,"peripheral, depth=3, seed=False; inside this formation receives 80,000 KZT and sends 10,000 KZT (31% of its 31,800 KZT outflow)"
BRG-137,100000008686214100,detached,"terminal, depth=3, seed=False; inside this formation receives 25,000 KZT and sends 0 KZT (0% of its 0 KZT outflow)"
BRG-138,100000002539625100,detached,"terminal, depth=2, seed=False; inside this formation receives 94,700 KZT and sends 0 KZT (0% of its 0 KZT outflow)"
BRG-138,100000003016773100,detached,"terminal, depth=2, seed=False; inside this formation receives 46,555 KZT and sends 0 KZT (0% of its 0 KZT outflow)"
BRG-138,100000003062895100,detached,"terminal, depth=2, seed=False; inside this formation receives 178,444 KZT and sends 0 KZT (0% of its 0 KZT outflow)"
BRG-138,100000003589877100,cut_vertex,"peripheral, depth=1, seed=False; inside this formation receives 0 KZT and sends 342,914 KZT (82% of its 416,129 KZT outflow) [breaking point]"
BRG-138,100000005367445100,detached,"transit, depth=3, seed=False; inside this formation receives 5,000 KZT and sends 5,000 KZT (100% of its 5,000 KZT outflow)"
BRG-138,100000005413948100,detached,"peripheral, depth=2, seed=False; inside this formation receives 28,215 KZT and sends 5,000 KZT (100% of its 5,000 KZT outflow)"
BRG-139,100000002659265100,detached,"abstained_boundary, depth=4, seed=False; inside this formation receives 141,000 KZT and sends 0 KZT (0% of its 0 KZT outflow)"
BRG-139,100000002734815100,detached,"abstained_boundary, depth=4, seed=False; inside this formation receives 110,000 KZT and sends 0 KZT (0% of its 0 KZT outflow)"
BRG-139,100000003128638100,detached,"abstained_boundary, depth=4, seed=False; inside this formation receives 300,000 KZT and sends 0 KZT (0% of its 0 KZT outflow)"
BRG-139,100000008336318100,detached,"abstained_boundary, depth=4, seed=False; inside this formation receives 170,000 KZT and sends 0 KZT (0% of its 0 KZT outflow)"
BRG-139,100000008746449100,cut_vertex,"peripheral, depth=3, seed=False; inside this formation receives 0 KZT and sends 740,000 KZT (73% of its 1,009,000 KZT outflow) [breaking point]"
BRG-139,100000008762005100,detached,"abstained_boundary, depth=4, seed=False; inside this formation receives 5,000 KZT and sends 0 KZT (0% of its 0 KZT outflow)"
BRG-139,100000008762843100,detached,"abstained_boundary, depth=4, seed=False; inside this formation receives 7,000 KZT and sends 0 KZT (0% of its 0 KZT outflow)"
BRG-139,100000008762885100,detached,"abstained_boundary, depth=4, seed=False; inside this formation receives 7,000 KZT and sends 0 KZT (0% of its 0 KZT outflow)"
BRG-140,100000002737980100,detached,"terminal, depth=3, seed=False; inside this formation receives 32,900 KZT and sends 0 KZT (0% of its 0 KZT outflow)"
BRG-140,100000003486846100,detached,"abstained_boundary, depth=4, seed=False; inside this formation receives 27,000 KZT and sends 0 KZT (0% of its 0 KZT outflow)"
BRG-140,100000003896956100,detached,"peripheral, depth=3, seed=False; inside this formation receives 10,000 KZT and sends 27,000 KZT (100% of its 27,000 KZT outflow)"
BRG-140,100000003899899100,detached,"peripheral, depth=3, seed=False; inside this formation receives 218,500 KZT and sends 10,000 KZT (100% of its 10,000 KZT outflow)"
BRG-140,100000004150593100,cut_vertex,"peripheral, depth=2, seed=False; inside this formation receives 0 KZT and sends 520,400 KZT (60% of its 871,165 KZT outflow) [breaking point]"
BRG-140,100000004260869100,detached,"abstained_boundary, depth=4, seed=False; inside this formation receives 10,000 KZT and sends 0 KZT (0% of its 0 KZT outflow)"
BRG-140,100000004635886100,detached,"terminal, depth=3, seed=False; inside this formation receives 23,000 KZT and sends 0 KZT (0% of its 0 KZT outflow)"
BRG-140,100000005022552100,detached,"peripheral, depth=3, seed=False; inside this formation receives 241,000 KZT and sends 5,000 KZT (100% of its 5,000 KZT outflow)"
BRG-141,100000002916006100,detached,"peripheral, depth=0, seed=True; inside this formation receives 0 KZT and sends 32,000 KZT (100% of its 32,000 KZT outflow)"
BRG-141,100000004744306100,detached,"peripheral, depth=1, seed=False; inside this formation receives 69,000 KZT and sends 92,000 KZT (100% of its 92,000 KZT outflow)"
BRG-141,100000005264990100,cut_vertex,"peripheral, depth=0, seed=True; inside this formation receives 0 KZT and sends 69,000 KZT (57% of its 122,000 KZT outflow) [breaking point]"
BRG-141,100000005394708100,detached,"abstained_single_observation, depth=1, seed=False; inside this formation receives 26,000 KZT and sends 65,000 KZT (100% of its 65,000 KZT outflow)"
BRG-141,100000005417257100,detached,"peripheral, depth=0, seed=True; inside this formation receives 0 KZT and sends 106,000 KZT (100% of its 106,000 KZT outflow)"
BRG-141,100000008406609100,detached,"terminal, depth=2, seed=False; inside this formation receives 34,000 KZT and sends 0 KZT (0% of its 0 KZT outflow)"
BRG-141,100000008516839100,detached,"terminal, depth=0, seed=True; inside this formation receives 155,000 KZT and sends 0 KZT (0% of its 0 KZT outflow)"
BRG-141,100000008673001100,detached,"terminal, depth=0, seed=True; inside this formation receives 80,000 KZT and sends 0 KZT (0% of its 0 KZT outflow)"
BRG-142,100000002916006100,detached,"peripheral, depth=0, seed=True; inside this formation receives 0 KZT and sends 32,000 KZT (100% of its 32,000 KZT outflow)"
BRG-142,100000004744306100,cut_vertex,"peripheral, depth=1, seed=False; inside this formation receives 0 KZT and sends 92,000 KZT (100% of its 92,000 KZT outflow) [breaking point]"
BRG-142,100000005394708100,detached,"abstained_single_observation, depth=1, seed=False; inside this formation receives 26,000 KZT and sends 65,000 KZT (100% of its 65,000 KZT outflow)"
BRG-142,100000005417257100,detached,"peripheral, depth=0, seed=True; inside this formation receives 0 KZT and sends 106,000 KZT (100% of its 106,000 KZT outflow)"
BRG-142,100000008406609100,detached,"terminal, depth=2, seed=False; inside this formation receives 34,000 KZT and sends 0 KZT (0% of its 0 KZT outflow)"
BRG-142,100000008516839100,detached,"terminal, depth=0, seed=True; inside this formation receives 155,000 KZT and sends 0 KZT (0% of its 0 KZT outflow)"
BRG-142,100000008673001100,detached,"terminal, depth=0, seed=True; inside this formation receives 80,000 KZT and sends 0 KZT (0% of its 0 KZT outflow)"
BRG-143,100000002916006100,detached,"peripheral, depth=0, seed=True; inside this formation receives 0 KZT and sends 32,000 KZT (100% of its 32,000 KZT outflow)"
BRG-143,100000005394708100,detached,"abstained_single_observation, depth=1, seed=False; inside this formation receives 26,000 KZT and sends 65,000 KZT (100% of its 65,000 KZT outflow)"
BRG-143,100000005417257100,detached,"peripheral, depth=0, seed=True; inside this formation receives 0 KZT and sends 106,000 KZT (100% of its 106,000 KZT outflow)"
BRG-143,100000008516839100,cut_vertex,"terminal, depth=0, seed=True; inside this formation receives 97,000 KZT and sends 0 KZT (0% of its 0 KZT outflow) [breaking point]"
BRG-143,100000008673001100,detached,"terminal, depth=0, seed=True; inside this formation receives 80,000 KZT and sends 0 KZT (0% of its 0 KZT outflow)"
BRG-144,100000002952756100,detached,"terminal, depth=3, seed=False; inside this formation receives 47,000 KZT and sends 0 KZT (0% of its 0 KZT outflow)"
BRG-144,100000003194831100,detached,"abstained_boundary, depth=4, seed=False; inside this formation receives 6,265 KZT and sends 0 KZT (0% of its 0 KZT outflow)"
BRG-144,100000003989033100,detached,"abstained_boundary, depth=4, seed=False; inside this formation receives 373,400 KZT and sends 0 KZT (0% of its 0 KZT outflow)"
BRG-144,100000004644615100,detached,"peripheral, depth=3, seed=False; inside this formation receives 50,810 KZT and sends 379,665 KZT (100% of its 379,665 KZT outflow)"
BRG-144,100000007534354100,cut_vertex,"peripheral, depth=2, seed=False; inside this formation receives 0 KZT and sends 97,810 KZT (66% of its 147,810 KZT outflow) [breaking point]"
BRG-145,100000002952756100,detached,"terminal, depth=3, seed=False; inside this formation receives 47,000 KZT and sends 0 KZT (0% of its 0 KZT outflow)"
BRG-145,100000003194831100,detached,"abstained_boundary, depth=4, seed=False; inside this formation receives 6,265 KZT and sends 0 KZT (0% of its 0 KZT outflow)"
BRG-145,100000003989033100,detached,"abstained_boundary, depth=4, seed=False; inside this formation receives 373,400 KZT and sends 0 KZT (0% of its 0 KZT outflow)"
BRG-145,100000004644615100,detached,"peripheral, depth=3, seed=False; inside this formation receives 50,810 KZT and sends 379,665 KZT (100% of its 379,665 KZT outflow)"
BRG-145,100000007534354100,detached,"peripheral, depth=2, seed=False; inside this formation receives 0 KZT and sends 147,810 KZT (100% of its 147,810 KZT outflow)"
BRG-145,100000007793871100,detached,"terminal, depth=3, seed=False; inside this formation receives 26,000 KZT and sends 0 KZT (0% of its 0 KZT outflow)"
BRG-145,100000007998965100,cut_vertex,"peripheral, depth=2, seed=False; inside this formation receives 50,000 KZT and sends 26,000 KZT (100% of its 26,000 KZT outflow) [breaking point]"
BRG-146,100000002988894100,cut_vertex,"peripheral, depth=1, seed=False; inside this formation receives 0 KZT and sends 77,500 KZT (100% of its 77,500 KZT outflow) [breaking point]"
BRG-146,100000003003821100,detached,"terminal, depth=2, seed=False; inside this formation receives 40,000 KZT and sends 0 KZT (0% of its 0 KZT outflow)"
BRG-146,100000003024542100,detached,"terminal, depth=2, seed=False; inside this formation receives 8,500 KZT and sends 0 KZT (0% of its 0 KZT outflow)"
BRG-146,100000007629121100,detached,"terminal, depth=2, seed=False; inside this formation receives 29,000 KZT and sends 0 KZT (0% of its 0 KZT outflow)"
BRG-147,100000003039473100,detached,"terminal, depth=2, seed=False; inside this formation receives 23,000 KZT and sends 0 KZT (0% of its 0 KZT outflow)"
BRG-147,100000005660203100,detached,"peripheral, depth=2, seed=False; inside this formation receives 572,899 KZT and sends 41,000 KZT (100% of its 41,000 KZT outflow)"
BRG-147,100000006518161100,cut_vertex,"transit, depth=1, seed=False; inside this formation receives 23,000 KZT and sends 595,899 KZT (100% of its 595,899 KZT outflow) [breaking point]"
BRG-147,100000006882208100,detached,"terminal, depth=3, seed=False; inside this formation receives 18,000 KZT and sends 0 KZT (0% of its 0 KZT outflow)"
BRG-148,100000003097947100,detached,"abstained_boundary, depth=4, seed=False; inside this formation receives 52,980 KZT and sends 0 KZT (0% of its 0 KZT outflow)"
BRG-148,100000005357705100,cut_vertex,"peripheral, depth=3, seed=False; inside this formation receives 0 KZT and sends 387,080 KZT (100% of its 387,080 KZT outflow) [breaking point]"
BRG-148,100000005979037100,detached,"abstained_boundary, depth=4, seed=False; inside this formation receives 60,300 KZT and sends 0 KZT (0% of its 0 KZT outflow)"
BRG-148,100000008172721100,detached,"abstained_boundary, depth=4, seed=False; inside this formation receives 168,335 KZT and sends 0 KZT (0% of its 0 KZT outflow)"
BRG-148,100000008337304100,detached,"abstained_boundary, depth=4, seed=False; inside this formation receives 105,465 KZT and sends 0 KZT (0% of its 0 KZT outflow)"
BRG-149,100000003146511100,detached,"abstained_boundary, depth=4, seed=False; inside this formation receives 10,000 KZT and sends 0 KZT (0% of its 0 KZT outflow)"
BRG-149,100000003232675100,detached,"abstained_boundary, depth=4, seed=False; inside this formation receives 44,000 KZT and sends 0 KZT (0% of its 0 KZT outflow)"
BRG-149,100000004877085100,cut_vertex,"peripheral, depth=3, seed=False; inside this formation receives 0 KZT and sends 95,600 KZT (100% of its 95,600 KZT outflow) [breaking point]"
BRG-149,100000006490615100,detached,"abstained_boundary, depth=4, seed=False; inside this formation receives 41,600 KZT and sends 0 KZT (0% of its 0 KZT outflow)"
BRG-150,100000003199390100,detached,"abstained_boundary, depth=4, seed=False; inside this formation receives 260,000 KZT and sends 0 KZT (0% of its 0 KZT outflow)"
BRG-150,100000004235471100,detached,"abstained_boundary, depth=4, seed=False; inside this formation receives 180,000 KZT and sends 0 KZT (0% of its 0 KZT outflow)"
BRG-150,100000008722417100,cut_vertex,"peripheral, depth=3, seed=False; inside this formation receives 0 KZT and sends 720,000 KZT (100% of its 720,000 KZT outflow) [breaking point]"
BRG-150,100000008722541100,detached,"abstained_boundary, depth=4, seed=False; inside this formation receives 280,000 KZT and sends 0 KZT (0% of its 0 KZT outflow)"
BRG-151,100000003254723100,detached,"terminal, depth=2, seed=False; inside this formation receives 269,850 KZT and sends 0 KZT (0% of its 0 KZT outflow)"
BRG-151,100000004480280100,cut_vertex,"peripheral, depth=1, seed=False; inside this formation receives 0 KZT and sends 295,850 KZT (100% of its 295,850 KZT outflow) [breaking point]"
BRG-151,100000005493505100,detached,"terminal, depth=0, seed=True; inside this formation receives 36,000 KZT and sends 0 KZT (0% of its 0 KZT outflow)"
BRG-151,100000005543136100,detached,"peripheral, depth=0, seed=True; inside this formation receives 0 KZT and sends 10,000 KZT (100% of its 10,000 KZT outflow)"
BRG-152,100000003265158100,cut_vertex,"transit, depth=1, seed=False; inside this formation receives 46,800 KZT and sends 154,200 KZT (100% of its 154,200 KZT outflow) [breaking point]"
BRG-152,100000003781406100,detached,"terminal, depth=3, seed=False; inside this formation receives 45,000 KZT and sends 0 KZT (0% of its 0 KZT outflow)"
BRG-152,100000003917461100,detached,"peripheral, depth=3, seed=False; inside this formation receives 10,000 KZT and sends 140,000 KZT (100% of its 140,000 KZT outflow)"
BRG-152,100000004200745100,detached,"abstained_boundary, depth=4, seed=False; inside this formation receives 130,000 KZT and sends 0 KZT (0% of its 0 KZT outflow)"
BRG-152,100000004386258100,detached,"peripheral, depth=2, seed=False; inside this formation receives 61,700 KZT and sends 40,000 KZT (100% of its 40,000 KZT outflow)"
BRG-152,100000004386286100,detached,"abstained_boundary, depth=4, seed=False; inside this formation receives 12,500 KZT and sends 0 KZT (0% of its 0 KZT outflow)"
BRG-152,100000004386331100,detached,"transit, depth=3, seed=False; inside this formation receives 20,000 KZT and sends 17,500 KZT (100% of its 17,500 KZT outflow)"
BRG-152,100000004591973100,detached,"abstained_single_observation, depth=3, seed=False; inside this formation receives 10,000 KZT and sends 100,000 KZT (100% of its 100,000 KZT outflow)"
BRG-152,100000006122699100,detached,"terminal, depth=2, seed=False; inside this formation receives 24,750 KZT and sends 0 KZT (0% of its 0 KZT outflow)"
BRG-152,100000007242833100,detached,"peripheral, depth=2, seed=False; inside this formation receives 107,500 KZT and sends 45,000 KZT (100% of its 45,000 KZT outflow)"
BRG-152,100000007745062100,detached,"abstained_boundary, depth=4, seed=False; inside this formation receives 100,000 KZT and sends 0 KZT (0% of its 0 KZT outflow)"
BRG-152,100000008636603100,detached,"peripheral, depth=2, seed=False; inside this formation receives 0 KZT and sends 71,550 KZT (45% of its 159,375 KZT outflow)"
BRG-153,100000003292191100,detached,"terminal, depth=3, seed=False; inside this formation receives 112,000 KZT and sends 0 KZT (0% of its 0 KZT outflow)"
BRG-153,100000008183752100,detached,"abstained_boundary, depth=4, seed=False; inside this formation receives 140,000 KZT and sends 0 KZT (0% of its 0 KZT outflow)"
BRG-153,100000008468762100,detached,"terminal, depth=3, seed=False; inside this formation receives 140,000 KZT and sends 0 KZT (0% of its 0 KZT outflow)"
BRG-153,100000008536546100,detached,"terminal, depth=3, seed=False; inside this formation receives 200,000 KZT and sends 0 KZT (0% of its 0 KZT outflow)"
BRG-153,100000008710843100,cut_vertex,"peripheral, depth=2, seed=False; inside this formation receives 0 KZT and sends 1,047,000 KZT (53% of its 1,985,500 KZT outflow) [breaking point]"
BRG-153,100000008738526100,detached,"abstained_single_observation, depth=3, seed=False; inside this formation receives 15,000 KZT and sends 140,000 KZT (100% of its 140,000 KZT outflow)"
BRG-153,100000008775471100,detached,"terminal, depth=3, seed=False; inside this formation receives 580,000 KZT and sends 0 KZT (0% of its 0 KZT outflow)"
BRG-154,100000003292979100,detached,"terminal, depth=2, seed=False; inside this formation receives 48,950 KZT and sends 0 KZT (0% of its 0 KZT outflow)"
BRG-154,100000003366154100,cut_vertex,"peripheral, depth=1, seed=False; inside this formation receives 0 KZT and sends 289,170 KZT (100% of its 289,170 KZT outflow) [breaking point]"
BRG-154,100000004105288100,detached,"terminal, depth=1, seed=False; inside this formation receives 190,000 KZT and sends 0 KZT (0% of its 0 KZT outflow)"
BRG-154,100000008352542100,detached,"terminal, depth=2, seed=False; inside this formation receives 50,220 KZT and sends 0 KZT (0% of its 0 KZT outflow)"
BRG-155,100000003470579100,detached,"abstained_boundary, depth=4, seed=False; inside this formation receives 357,000 KZT and sends 0 KZT (0% of its 0 KZT outflow)"
BRG-155,100000006704530100,cut_vertex,"transit, depth=3, seed=False; inside this formation receives 0 KZT and sends 428,000 KZT (100% of its 428,000 KZT outflow) [breaking point]"
BRG-155,100000008151098100,detached,"abstained_boundary, depth=4, seed=False; inside this formation receives 30,000 KZT and sends 0 KZT (0% of its 0 KZT outflow)"
BRG-155,100000008331280100,detached,"abstained_boundary, depth=4, seed=False; inside this formation receives 41,000 KZT and sends 0 KZT (0% of its 0 KZT outflow)"
BRG-156,100000003904497100,detached,"abstained_boundary, depth=4, seed=False; inside this formation receives 10,000 KZT and sends 0 KZT (0% of its 0 KZT outflow)"
BRG-156,100000004997515100,cut_vertex,"coordinator, depth=3, seed=False; inside this formation receives 0 KZT and sends 54,500 KZT (100% of its 54,500 KZT outflow) [breaking point]"
BRG-156,100000005226217100,detached,"abstained_boundary, depth=4, seed=False; inside this formation receives 17,500 KZT and sends 0 KZT (0% of its 0 KZT outflow)"
BRG-156,100000005782886100,detached,"abstained_boundary, depth=4, seed=False; inside this formation receives 14,000 KZT and sends 0 KZT (0% of its 0 KZT outflow)"
BRG-156,100000007997939100,detached,"abstained_boundary, depth=4, seed=False; inside this formation receives 13,000 KZT and sends 0 KZT (0% of its 0 KZT outflow)"
BRG-157,100000003917461100,detached,"peripheral, depth=3, seed=False; inside this formation receives 10,000 KZT and sends 140,000 KZT (100% of its 140,000 KZT outflow)"
BRG-157,100000004200745100,detached,"abstained_boundary, depth=4, seed=False; inside this formation receives 130,000 KZT and sends 0 KZT (0% of its 0 KZT outflow)"
BRG-157,100000004386258100,cut_vertex,"peripheral, depth=2, seed=False; inside this formation receives 15,000 KZT and sends 40,000 KZT (100% of its 40,000 KZT outflow) [breaking point]"
BRG-157,100000004386286100,detached,"abstained_boundary, depth=4, seed=False; inside this formation receives 12,500 KZT and sends 0 KZT (0% of its 0 KZT outflow)"
BRG-157,100000004386331100,detached,"transit, depth=3, seed=False; inside this formation receives 20,000 KZT and sends 17,500 KZT (100% of its 17,500 KZT outflow)"
BRG-157,100000004591973100,detached,"abstained_single_observation, depth=3, seed=False; inside this formation receives 10,000 KZT and sends 100,000 KZT (100% of its 100,000 KZT outflow)"
BRG-157,100000007745062100,detached,"abstained_boundary, depth=4, seed=False; inside this formation receives 100,000 KZT and sends 0 KZT (0% of its 0 KZT outflow)"
BRG-158,100000004041163100,detached,"peripheral, depth=0, seed=True; inside this formation receives 50,000 KZT and sends 866,000 KZT (100% of its 866,000 KZT outflow)"
BRG-158,100000005382566100,cut_vertex,"peripheral, depth=0, seed=True; inside this formation receives 245,066 KZT and sends 50,000 KZT (100% of its 50,000 KZT outflow) [breaking point]"
BRG-158,100000005386383100,detached,"peripheral, depth=0, seed=True; inside this formation receives 0 KZT and sends 29,000 KZT (100% of its 29,000 KZT outflow)"
BRG-158,100000005523088100,detached,"terminal, depth=0, seed=True; inside this formation receives 700,000 KZT and sends 0 KZT (0% of its 0 KZT outflow)"
BRG-158,100000005744674100,detached,"peripheral, depth=0, seed=True; inside this formation receives 0 KZT and sends 50,066 KZT (100% of its 50,066 KZT outflow)"
BRG-159,100000004049912100,detached,"abstained_boundary, depth=4, seed=False; inside this formation receives 10,000 KZT and sends 0 KZT (0% of its 0 KZT outflow)"
BRG-159,100000004451012100,cut_vertex,"peripheral, depth=3, seed=False; inside this formation receives 0 KZT and sends 65,740 KZT (100% of its 65,740 KZT outflow) [breaking point]"
BRG-159,100000004502048100,detached,"abstained_boundary, depth=4, seed=False; inside this formation receives 13,888 KZT and sends 0 KZT (0% of its 0 KZT outflow)"
BRG-159,100000007867364100,detached,"abstained_boundary, depth=4, seed=False; inside this formation receives 41,852 KZT and sends 0 KZT (0% of its 0 KZT outflow)"
BRG-160,100000004269433100,detached,"peripheral, depth=0, seed=True; inside this formation receives 0 KZT and sends 1,372,000 KZT (100% of its 1,372,000 KZT outflow)"
BRG-160,100000008418835100,cut_vertex,"peripheral, depth=0, seed=True; inside this formation receives 1,372,000 KZT and sends 127,679 KZT (69% of its 186,179 KZT outflow) [breaking point]"
BRG-160,100000008701944100,detached,"terminal, depth=1, seed=False; inside this formation receives 52,124 KZT and sends 0 KZT (0% of its 0 KZT outflow)"
BRG-160,100000008730021100,detached,"terminal, depth=1, seed=False; inside this formation receives 75,555 KZT and sends 0 KZT (0% of its 0 KZT outflow)"
BRG-161,100000004350094100,detached,"abstained_boundary, depth=4, seed=False; inside this formation receives 20,000 KZT and sends 0 KZT (0% of its 0 KZT outflow)"
BRG-161,100000005661829100,cut_vertex,"transit, depth=3, seed=False; inside this formation receives 0 KZT and sends 33,790 KZT (84% of its 40,362 KZT outflow) [breaking point]"
BRG-161,100000007689942100,detached,"peripheral, depth=3, seed=False; inside this formation receives 5,000 KZT and sends 25,000 KZT (100% of its 25,000 KZT outflow)"
BRG-161,100000008546855100,detached,"peripheral, depth=2, seed=False; inside this formation receives 43,790 KZT and sends 10,000 KZT (100% of its 10,000 KZT outflow)"
BRG-161,100000008582730100,detached,"transit, depth=3, seed=False; inside this formation receives 5,000 KZT and sends 5,000 KZT (100% of its 5,000 KZT outflow)"
BRG-162,100000004350094100,detached,"abstained_boundary, depth=4, seed=False; inside this formation receives 20,000 KZT and sends 0 KZT (0% of its 0 KZT outflow)"
BRG-162,100000007689942100,detached,"peripheral, depth=3, seed=False; inside this formation receives 5,000 KZT and sends 25,000 KZT (100% of its 25,000 KZT outflow)"
BRG-162,100000008546855100,cut_vertex,"peripheral, depth=2, seed=False; inside this formation receives 10,000 KZT and sends 10,000 KZT (100% of its 10,000 KZT outflow) [breaking point]"
BRG-162,100000008582730100,detached,"transit, depth=3, seed=False; inside this formation receives 5,000 KZT and sends 5,000 KZT (100% of its 5,000 KZT outflow)"
BRG-163,100000004418967100,detached,"abstained_boundary, depth=4, seed=False; inside this formation receives 100,000 KZT and sends 0 KZT (0% of its 0 KZT outflow)"
BRG-163,100000004908173100,detached,"abstained_boundary, depth=4, seed=False; inside this formation receives 21,000 KZT and sends 0 KZT (0% of its 0 KZT outflow)"
BRG-163,100000005723580100,detached,"abstained_boundary, depth=4, seed=False; inside this formation receives 35,000 KZT and sends 0 KZT (0% of its 0 KZT outflow)"
BRG-163,100000008692291100,cut_vertex,"transit, depth=3, seed=False; inside this formation receives 0 KZT and sends 156,000 KZT (100% of its 156,000 KZT outflow) [breaking point]"
BRG-164,100000004491749100,detached,"terminal, depth=3, seed=False; inside this formation receives 50,000 KZT and sends 0 KZT (0% of its 0 KZT outflow)"
BRG-164,100000005100475100,detached,"terminal, depth=3, seed=False; inside this formation receives 40,000 KZT and sends 0 KZT (0% of its 0 KZT outflow)"
BRG-164,100000008596924100,detached,"terminal, depth=3, seed=False; inside this formation receives 100,000 KZT and sends 0 KZT (0% of its 0 KZT outflow)"
BRG-164,100000008713270100,cut_vertex,"peripheral, depth=2, seed=False; inside this formation receives 0 KZT and sends 190,000 KZT (100% of its 190,000 KZT outflow) [breaking point]"
BRG-165,100000004553349100,detached,"terminal, depth=3, seed=False; inside this formation receives 7,755 KZT and sends 0 KZT (0% of its 0 KZT outflow)"
BRG-165,100000005187208100,detached,"terminal, depth=3, seed=False; inside this formation receives 14,160 KZT and sends 0 KZT (0% of its 0 KZT outflow)"
BRG-165,100000005665181100,cut_vertex,"coordinator, depth=2, seed=False; inside this formation receives 0 KZT and sends 58,935 KZT (32% of its 181,915 KZT outflow) [breaking point]"
BRG-165,100000006522972100,detached,"terminal, depth=3, seed=False; inside this formation receives 9,515 KZT and sends 0 KZT (0% of its 0 KZT outflow)"
BRG-165,100000007005380100,detached,"terminal, depth=3, seed=False; inside this formation receives 9,400 KZT and sends 0 KZT (0% of its 0 KZT outflow)"
BRG-165,100000007539296100,detached,"abstained_boundary, depth=4, seed=False; inside this formation receives 46,000 KZT and sends 0 KZT (0% of its 0 KZT outflow)"
BRG-165,100000008720856100,detached,"peripheral, depth=3, seed=False; inside this formation receives 18,105 KZT and sends 46,000 KZT (100% of its 46,000 KZT outflow)"
BRG-166,100000004564736100,detached,"terminal, depth=3, seed=False; inside this formation receives 15,000 KZT and sends 0 KZT (0% of its 0 KZT outflow)"
BRG-166,100000004580202100,cut_vertex,"peripheral, depth=2, seed=False; inside this formation receives 0 KZT and sends 45,000 KZT (100% of its 45,000 KZT outflow) [breaking point]"
BRG-166,100000004991812100,detached,"terminal, depth=3, seed=False; inside this formation receives 10,000 KZT and sends 0 KZT (0% of its 0 KZT outflow)"
BRG-166,100000008474391100,detached,"terminal, depth=3, seed=False; inside this formation receives 20,000 KZT and sends 0 KZT (0% of its 0 KZT outflow)"
BRG-167,100000004571634100,detached,"abstained_boundary, depth=4, seed=False; inside this formation receives 20,000 KZT and sends 0 KZT (0% of its 0 KZT outflow)"
BRG-167,100000004674389100,detached,"abstained_boundary, depth=4, seed=False; inside this formation receives 15,000 KZT and sends 0 KZT (0% of its 0 KZT outflow)"
BRG-167,100000004674412100,detached,"abstained_boundary, depth=4, seed=False; inside this formation receives 46,000 KZT and sends 0 KZT (0% of its 0 KZT outflow)"
BRG-167,100000005475379100,cut_vertex,"peripheral, depth=3, seed=False; inside this formation receives 0 KZT and sends 81,000 KZT (100% of its 81,000 KZT outflow) [breaking point]"
BRG-168,100000004784224100,detached,"peripheral, depth=1, seed=False; inside this formation receives 23,500 KZT and sends 100,000 KZT (100% of its 100,000 KZT outflow)"
BRG-168,100000004813068100,cut_vertex,"peripheral, depth=0, seed=True; inside this formation receives 0 KZT and sends 48,500 KZT (16% of its 297,000 KZT outflow) [breaking point]"
BRG-168,100000005474472100,detached,"terminal, depth=2, seed=False; inside this formation receives 100,000 KZT and sends 0 KZT (0% of its 0 KZT outflow)"
BRG-168,100000008383405100,detached,"terminal, depth=1, seed=False; inside this formation receives 25,000 KZT and sends 0 KZT (0% of its 0 KZT outflow)"
BRG-169,100000004820260100,detached,"transit, depth=2, seed=False; inside this formation receives 234,200 KZT and sends 215,350 KZT (100% of its 215,350 KZT outflow)"
BRG-169,100000005175148100,detached,"peripheral, depth=2, seed=False; inside this formation receives 79,000 KZT and sends 15,000 KZT (100% of its 15,000 KZT outflow)"
BRG-169,100000005339662100,cut_vertex,"coordinator, depth=1, seed=False; inside this formation receives 150,850 KZT and sends 239,200 KZT (81% of its 295,160 KZT outflow) [breaking point]"
BRG-169,100000005996909100,detached,"terminal, depth=3, seed=False; inside this formation receives 5,500 KZT and sends 0 KZT (0% of its 0 KZT outflow)"
BRG-170,100000005205745100,detached,"terminal, depth=2, seed=False; inside this formation receives 6,000 KZT and sends 0 KZT (0% of its 0 KZT outflow)"
BRG-170,100000006788200100,cut_vertex,"peripheral, depth=1, seed=False; inside this formation receives 0 KZT and sends 54,500 KZT (84% of its 64,500 KZT outflow) [breaking point]"
BRG-170,100000006994985100,detached,"peripheral, depth=2, seed=False; inside this formation receives 48,500 KZT and sends 10,200 KZT (100% of its 10,200 KZT outflow)"
BRG-170,100000007140834100,detached,"terminal, depth=3, seed=False; inside this formation receives 10,200 KZT and sends 0 KZT (0% of its 0 KZT outflow)"
BRG-171,100000005409680100,detached,"terminal, depth=0, seed=True; inside this formation receives 33,000 KZT and sends 0 KZT (0% of its 0 KZT outflow)"
BRG-171,100000006274203100,detached,"peripheral, depth=3, seed=False; inside this formation receives 3,376,312 KZT and sends 72,000 KZT (100% of its 72,000 KZT outflow)"
BRG-171,100000007594394100,cut_vertex,"peripheral, depth=2, seed=False; inside this formation receives 5,000 KZT and sends 3,376,312 KZT (100% of its 3,376,312 KZT outflow) [breaking point]"
BRG-171,100000008638859100,detached,"abstained_boundary, depth=4, seed=False; inside this formation receives 34,000 KZT and sends 0 KZT (0% of its 0 KZT outflow)"
BRG-172,100000006385877100,detached,"peripheral, depth=2, seed=False; inside this formation receives 53,707 KZT and sends 36,603 KZT (100% of its 36,603 KZT outflow)"
BRG-172,100000006443391100,cut_vertex,"peripheral, depth=1, seed=False; inside this formation receives 61,603 KZT and sends 60,042 KZT (100% of its 60,042 KZT outflow) [breaking point]"
BRG-172,100000006912294100,detached,"peripheral, depth=2, seed=False; inside this formation receives 6,335 KZT and sends 30,000 KZT (100% of its 30,000 KZT outflow)"
BRG-172,100000007510875100,detached,"terminal, depth=3, seed=False; inside this formation receives 5,000 KZT and sends 0 KZT (0% of its 0 KZT outflow)"
CHN-001,100000000201868100,origin,"transit, depth=2, seed=False; inside this formation receives 190,000 KZT and sends 190,000 KZT (100% of its 190,000 KZT outflow)"
CHN-001,100000003192220100,step,"terminal, depth=2, seed=False; inside this formation receives 60,000 KZT and sends 0 KZT (0% of its 0 KZT outflow)"
CHN-001,100000006069103100,chain_terminal,"transit, depth=1, seed=False; inside this formation receives 190,000 KZT and sends 250,000 KZT (93% of its 270,000 KZT outflow) [breaking point]"
CHN-002,100000000291906100,origin,"transit, depth=2, seed=False; inside this formation receives 388,000 KZT and sends 160,354 KZT (35% of its 455,854 KZT outflow) [breaking point]"
CHN-002,100000002214301100,step,"abstained_single_observation, depth=1, seed=False; inside this formation receives 0 KZT and sends 8,000 KZT (100% of its 8,000 KZT outflow)"
CHN-002,100000004670388100,step,"peripheral, depth=3, seed=False; inside this formation receives 160,354 KZT and sends 720,000 KZT (100% of its 720,000 KZT outflow)"
CHN-002,100000004722630100,chain_terminal,"abstained_boundary, depth=4, seed=False; inside this formation receives 340,000 KZT and sends 0 KZT (0% of its 0 KZT outflow)"
CHN-003,100000000481716100,origin,"terminal, depth=3, seed=False; inside this formation receives 8,000 KZT and sends 0 KZT (0% of its 0 KZT outflow)"
CHN-003,100000002609774100,step,"abstained_single_observation, depth=1, seed=False; inside this formation receives 7,700 KZT and sends 27,500 KZT (100% of its 27,500 KZT outflow) [breaking point]"
CHN-003,100000003016635100,step,"distributor, depth=0, seed=True; inside this formation receives 0 KZT and sends 7,700 KZT (0% of its 9,414,081 KZT outflow)"
CHN-003,100000008104567100,chain_terminal,"peripheral, depth=2, seed=False; inside this formation receives 27,500 KZT and sends 8,000 KZT (20% of its 40,000 KZT outflow)"
CHN-004,100000000489417100,origin,"transit, depth=2, seed=False; inside this formation receives 25,000 KZT and sends 80,000 KZT (100% of its 80,000 KZT outflow)"
CHN-004,100000001236706100,step,"peripheral, depth=3, seed=False; inside this formation receives 80,000 KZT and sends 0 KZT (0% of its 36,000 KZT outflow)"
CHN-004,100000006866783100,step,"distributor, depth=0, seed=True; inside this formation receives 0 KZT and sends 19,550 KZT (0% of its 3,948,037 KZT outflow)"
CHN-004,100000007648946100,chain_terminal,"abstained_single_observation, depth=1, seed=False; inside this formation receives 19,550 KZT and sends 25,000 KZT (100% of its 25,000 KZT outflow) [breaking point]"
CHN-005,100000000507799100,origin,"abstained_single_observation, depth=1, seed=False; inside this formation receives 5,132 KZT and sends 8,000 KZT (100% of its 8,000 KZT outflow) [breaking point]"
CHN-005,100000002217806100,step,"abstained_boundary, depth=4, seed=False; inside this formation receives 55,000 KZT and sends 0 KZT (0% of its 0 KZT outflow)"
CHN-005,100000003016635100,step,"distributor, depth=0, seed=True; inside this formation receives 0 KZT and sends 5,132 KZT (0% of its 9,414,081 KZT outflow)"
CHN-005,100000004508696100,step,"peripheral, depth=3, seed=False; inside this formation receives 7,000 KZT and sends 62,000 KZT (56% of its 111,000 KZT outflow)"
CHN-005,100000005911352100,chain_terminal,"peripheral, depth=2, seed=False; inside this formation receives 15,000 KZT and sends 7,000 KZT (29% of its 24,000 KZT outflow)"
CHN-006,100000000533217100,origin,"terminal, depth=2, seed=False; inside this formation receives 53,587 KZT and sends 0 KZT (0% of its 0 KZT outflow)"
CHN-006,100000001382002100,step,"transit, depth=2, seed=False; inside this formation receives 55,000 KZT and sends 56,500 KZT (100% of its 56,500 KZT outflow)"
CHN-006,100000005584222100,chain_terminal,"peripheral, depth=1, seed=False; inside this formation receives 56,500 KZT and sends 108,587 KZT (100% of its 108,587 KZT outflow) [breaking point]"
CHN-007,100000000580561100,origin,"peripheral, depth=0, seed=True; inside this formation receives 27,980 KZT and sends 807,177 KZT (54% of its 1,488,077 KZT outflow) [breaking point]"
CHN-007,100000000955444100,step,"terminal, depth=2, seed=False; inside this formation receives 6,910 KZT and sends 0 KZT (0% of its 0 KZT outflow)"
CHN-007,100000003888271100,step,"peripheral, depth=1, seed=False; inside this formation receives 12,177 KZT and sends 25,590 KZT (100% of its 25,590 KZT outflow)"
CHN-007,100000007939160100,chain_terminal,"peripheral, depth=1, seed=False; inside this formation receives 795,000 KZT and sends 9,300 KZT (65% of its 14,300 KZT outflow)"
CHN-008,100000000600707100,origin,"abstained_boundary, depth=4, seed=False; inside this formation receives 89,000 KZT and sends 0 KZT (0% of its 0 KZT outflow)"
CHN-008,100000002479804100,step,"peripheral, depth=1, seed=False; inside this formation receives 46,000 KZT and sends 23,000 KZT (65% of its 35,300 KZT outflow) [breaking point]"
CHN-008,100000002612809100,step,"peripheral, depth=3, seed=False; inside this formation receives 30,000 KZT and sends 104,000 KZT (91% of its 114,000 KZT outflow)"
CHN-008,100000004358004100,step,"peripheral, depth=0, seed=True; inside this formation receives 0 KZT and sends 46,000 KZT (5% of its 980,850 KZT outflow)"
CHN-008,100000005507142100,chain_terminal,"peripheral, depth=2, seed=False; inside this formation receives 38,000 KZT and sends 30,000 KZT (30% of its 100,000 KZT outflow)"
CHN-009,100000000607941100,origin,"peripheral, depth=2, seed=False; inside this formation receives 50,000 KZT and sends 70,000 KZT (100% of its 70,000 KZT outflow) [breaking point]"
CHN-009,100000002748511100,step,"abstained_boundary, depth=4, seed=False; inside this formation receives 20,000 KZT and sends 0 KZT (0% of its 0 KZT outflow)"
CHN-009,100000003406094100,step,"peripheral, depth=3, seed=False; inside this formation receives 70,000 KZT and sends 40,000 KZT (85% of its 47,000 KZT outflow)"
CHN-009,100000005287097100,chain_terminal,"peripheral, depth=1, seed=False; inside this formation receives 0 KZT and sends 30,000 KZT (4% of its 697,300 KZT outflow)"
CHN-010,100000000785800100,origin,"transit, depth=2, seed=False; inside this formation receives 19,000 KZT and sends 19,000 KZT (100% of its 19,000 KZT outflow)"
CHN-010,100000001872484100,step,"peripheral, depth=1, seed=False; inside this formation receives 871,400 KZT and sends 514,580 KZT (100% of its 514,580 KZT outflow)"
CHN-010,100000002459163100,step,"terminal, depth=2, seed=False; inside this formation receives 20,180 KZT and sends 0 KZT (0% of its 0 KZT outflow)"
CHN-010,100000008601794100,chain_terminal,"peripheral, depth=0, seed=True; inside this formation receives 494,400 KZT and sends 871,400 KZT (100% of its 871,400 KZT outflow) [breaking point]"
CHN-011,100000000838385100,origin,"peripheral, depth=3, seed=False; inside this formation receives 436,900 KZT and sends 145,000 KZT (82% of its 177,500 KZT outflow)"
CHN-011,100000007382543100,step,"peripheral, depth=2, seed=False; inside this formation receives 0 KZT and sends 47,000 KZT (11% of its 427,000 KZT outflow)"
CHN-011,100000008213966100,step,"peripheral, depth=2, seed=False; inside this formation receives 164,004 KZT and sends 436,900 KZT (100% of its 436,900 KZT outflow)"
CHN-011,100000008655779100,chain_terminal,"peripheral, depth=3, seed=False; inside this formation receives 47,000 KZT and sends 19,004 KZT (77% of its 24,704 KZT outflow) [breaking point]"
CHN-012,100000000933075100,origin,"peripheral, depth=3, seed=False; inside this formation receives 40,000 KZT and sends 40,000 KZT (73% of its 55,000 KZT outflow)"
CHN-012,100000002095257100,step,"terminal, depth=3, seed=False; inside this formation receives 8,500 KZT and sends 0 KZT (0% of its 0 KZT outflow)"
CHN-012,100000002193259100,chain_terminal,"peripheral, depth=2, seed=False; inside this formation receives 40,000 KZT and sends 48,500 KZT (84% of its 58,000 KZT outflow) [breaking point]"
CHN-013,100000001063678100,origin,"peripheral, depth=3, seed=False; inside this formation receives 35,000 KZT and sends 70,000 KZT (78% of its 90,000 KZT outflow)"
CHN-013,100000002267998100,step,"peripheral, depth=2, seed=False; inside this formation receives 220,000 KZT and sends 885,000 KZT (79% of its 1,115,000 KZT outflow) [breaking point]"
CHN-013,100000003701161100,step,"peripheral, depth=1, seed=False; inside this formation receives 850,000 KZT and sends 220,000 KZT (63% of its 349,000 KZT outflow)"
CHN-013,100000008027922100,chain_terminal,"abstained_boundary, depth=4, seed=False; inside this formation receives 70,000 KZT and sends 0 KZT (0% of its 0 KZT outflow)"
CHN-014,100000001223977100,origin,"abstained_single_observation, depth=3, seed=False; inside this formation receives 5,000 KZT and sends 18,000 KZT (100% of its 18,000 KZT outflow)"
CHN-014,100000001746925100,step,"abstained_single_observation, depth=1, seed=False; inside this formation receives 0 KZT and sends 5,000 KZT (100% of its 5,000 KZT outflow)"
CHN-014,100000005031696100,step,"peripheral, depth=2, seed=False; inside this formation receives 5,000 KZT and sends 5,000 KZT (4% of its 115,000 KZT outflow) [breaking point]"
CHN-014,100000008461217100,chain_terminal,"abstained_boundary, depth=4, seed=False; inside this formation receives 18,000 KZT and sends 0 KZT (0% of its 0 KZT outflow)"
CHN-015,100000001380054100,origin,"peripheral, depth=1, seed=False; inside this formation receives 120,000 KZT and sends 210,000 KZT (58% of its 360,000 KZT outflow) [breaking point]"
CHN-015,100000001782980100,step,"peripheral, depth=2, seed=False; inside this formation receives 50,000 KZT and sends 596,200 KZT (100% of its 596,200 KZT outflow)"
CHN-015,100000003164661100,step,"terminal, depth=3, seed=False; inside this formation receives 596,200 KZT and sends 0 KZT (0% of its 0 KZT outflow)"
CHN-015,100000006232815100,chain_terminal,"peripheral, depth=0, seed=True; inside this formation receives 160,000 KZT and sends 120,000 KZT (40% of its 296,500 KZT outflow)"
CHN-016,100000001601320100,origin,"transit, depth=2, seed=False; inside this formation receives 9,500 KZT and sends 46,200 KZT (100% of its 46,200 KZT outflow)"
CHN-016,100000003188607100,step,"abstained_single_observation, depth=2, seed=False; inside this formation receives 0 KZT and sends 5,000 KZT (100% of its 5,000 KZT outflow)"
CHN-016,100000004096559100,step,"terminal, depth=3, seed=False; inside this formation receives 46,200 KZT and sends 0 KZT (0% of its 0 KZT outflow)"
CHN-016,100000004613582100,chain_terminal,"abstained_single_observation, depth=3, seed=False; inside this formation receives 5,000 KZT and sends 9,500 KZT (100% of its 9,500 KZT outflow) [breaking point]"
CHN-017,100000001677929100,origin,"peripheral, depth=2, seed=False; inside this formation receives 50,000 KZT and sends 8,700 KZT (3% of its 286,098 KZT outflow)"
CHN-017,100000001740277100,step,"abstained_single_observation, depth=3, seed=False; inside this formation receives 8,700 KZT and sends 5,000 KZT (100% of its 5,000 KZT outflow)"
CHN-017,100000007536804100,step,"peripheral, depth=1, seed=False; inside this formation receives 100,000 KZT and sends 45,000 KZT (82% of its 55,000 KZT outflow) [breaking point]"
CHN-017,100000007747786100,chain_terminal,"peripheral, depth=0, seed=True; inside this formation receives 0 KZT and sends 100,000 KZT (2% of its 4,238,009 KZT outflow)"
CHN-018,100000001732159100,origin,"peripheral, depth=0, seed=True; inside this formation receives 2,378,100 KZT and sends 703,966 KZT (47% of its 1,505,966 KZT outflow)"
CHN-018,100000005940652100,step,"terminal, depth=1, seed=False; inside this formation receives 8,395 KZT and sends 0 KZT (0% of its 0 KZT outflow)"
CHN-018,100000008314203100,step,"transit, depth=0, seed=True; inside this formation receives 382,076 KZT and sends 327,000 KZT (100% of its 327,000 KZT outflow)"
CHN-018,100000008637537100,chain_terminal,"peripheral, depth=0, seed=True; inside this formation receives 613,890 KZT and sends 2,351,495 KZT (100% of its 2,351,495 KZT outflow) [breaking point]"
CHN-019,100000001808684100,origin,"peripheral, depth=3, seed=False; inside this formation receives 48,400 KZT and sends 37,700 KZT (100% of its 37,700 KZT outflow)"
CHN-019,100000003509750100,step,"transit, depth=2, seed=False; inside this formation receives 47,700 KZT and sends 58,400 KZT (74% of its 78,400 KZT outflow) [breaking point]"
CHN-019,100000004697956100,chain_terminal,"transit, depth=3, seed=False; inside this formation receives 10,000 KZT and sends 10,000 KZT (100% of its 10,000 KZT outflow)"
CHN-020,100000001825934100,origin,"abstained_single_observation, depth=3, seed=False; inside this formation receives 40,000 KZT and sends 97,000 KZT (100% of its 97,000 KZT outflow)"
CHN-020,100000002214207100,step,"abstained_boundary, depth=4, seed=False; inside this formation receives 97,000 KZT and sends 0 KZT (0% of its 0 KZT outflow)"
CHN-020,100000002479804100,step,"peripheral, depth=1, seed=False; inside this formation receives 46,000 KZT and sends 23,000 KZT (65% of its 35,300 KZT outflow) [breaking point]"
CHN-020,100000004358004100,step,"peripheral, depth=0, seed=True; inside this formation receives 0 KZT and sends 46,000 KZT (5% of its 980,850 KZT outflow)"
CHN-020,100000005507142100,chain_terminal,"peripheral, depth=2, seed=False; inside this formation receives 23,000 KZT and sends 40,000 KZT (40% of its 100,000 KZT outflow)"
CHN-021,100000001825934100,origin,"abstained_single_observation, depth=3, seed=False; inside this formation receives 40,000 KZT and sends 97,000 KZT (100% of its 97,000 KZT outflow)"
CHN-021,100000002214207100,step,"abstained_boundary, depth=4, seed=False; inside this formation receives 97,000 KZT and sends 0 KZT (0% of its 0 KZT outflow)"
CHN-021,100000002612809100,step,"peripheral, depth=3, seed=False; inside this formation receives 30,000 KZT and sends 15,000 KZT (13% of its 114,000 KZT outflow)"
CHN-021,100000005507142100,chain_terminal,"peripheral, depth=2, seed=False; inside this formation receives 15,000 KZT and sends 70,000 KZT (70% of its 100,000 KZT outflow) [breaking point]"
CHN-022,100000001825934100,origin,"abstained_single_observation, depth=3, seed=False; inside this formation receives 40,000 KZT and sends 97,000 KZT (100% of its 97,000 KZT outflow)"
CHN-022,100000002214207100,step,"abstained_boundary, depth=4, seed=False; inside this formation receives 97,000 KZT and sends 0 KZT (0% of its 0 KZT outflow)"
CHN-022,100000005264874100,step,"peripheral, depth=3, seed=False; inside this formation receives 30,000 KZT and sends 13,000 KZT (17% of its 78,000 KZT outflow)"
CHN-022,100000005507142100,chain_terminal,"peripheral, depth=2, seed=False; inside this formation receives 13,000 KZT and sends 70,000 KZT (70% of its 100,000 KZT outflow) [breaking point]"
CHN-023,100000001852140100,origin,"terminal, depth=3, seed=False; inside this formation receives 30,000 KZT and sends 0 KZT (0% of its 0 KZT outflow)"
CHN-023,100000003148220100,step,"peripheral, depth=1, seed=False; inside this formation receives 5,650 KZT and sends 43,400 KZT (100% of its 43,400 KZT outflow) [breaking point]"
CHN-023,100000004971871100,step,"peripheral, depth=0, seed=True; inside this formation receives 25,400 KZT and sends 5,650 KZT (100% of its 5,650 KZT outflow)"
CHN-023,100000006888238100,chain_terminal,"abstained_single_observation, depth=2, seed=False; inside this formation receives 18,000 KZT and sends 30,000 KZT (100% of its 30,000 KZT outflow)"
CHN-024,100000001887715100,origin,"peripheral, depth=3, seed=False; inside this formation receives 696,000 KZT and sends 750,000 KZT (100% of its 750,000 KZT outflow)"
CHN-024,100000002622822100,step,"abstained_boundary, depth=4, seed=False; inside this formation receives 750,000 KZT and sends 0 KZT (0% of its 0 KZT outflow)"
CHN-024,100000008743913100,step,"peripheral, depth=2, seed=False; inside this formation receives 0 KZT and sends 5,000 KZT (0% of its 1,850,600 KZT outflow)"
CHN-024,100000008759857100,chain_terminal,"peripheral, depth=3, seed=False; inside this formation receives 5,000 KZT and sends 696,000 KZT (70% of its 994,000 KZT outflow) [breaking point]"
CHN-025,100000001887715100,origin,"peripheral, depth=3, seed=False; inside this formation receives 390,000 KZT and sends 750,000 KZT (100% of its 750,000 KZT outflow)"
CHN-025,100000002622822100,step,"abstained_boundary, depth=4, seed=False; inside this formation receives 750,000 KZT and sends 0 KZT (0% of its 0 KZT outflow)"
CHN-025,100000008743913100,step,"peripheral, depth=2, seed=False; inside this formation receives 0 KZT and sends 7,000 KZT (0% of its 1,850,600 KZT outflow)"
CHN-025,100000008760098100,chain_terminal,"abstained_single_observation, depth=3, seed=False; inside this formation receives 7,000 KZT and sends 390,000 KZT (100% of its 390,000 KZT outflow) [breaking point]"
CHN-026,100000001954534100,origin,"abstained_single_observation, depth=3, seed=False; inside this formation receives 13,000 KZT and sends 40,000 KZT (100% of its 40,000 KZT outflow)"
CHN-026,100000003289281100,step,"abstained_boundary, depth=4, seed=False; inside this formation receives 40,000 KZT and sends 0 KZT (0% of its 0 KZT outflow)"
CHN-026,100000004759121100,step,"peripheral, depth=1, seed=False; inside this formation receives 175,000 KZT and sends 282,000 KZT (90% of its 312,000 KZT outflow)"
CHN-026,100000006844768100,chain_terminal,"peripheral, depth=2, seed=False; inside this formation receives 282,000 KZT and sends 188,000 KZT (100% of its 188,000 KZT outflow) [breaking point]"
CHN-027,100000001965374100,origin,"peripheral, depth=2, seed=False; inside this formation receives 1,699,720 KZT and sends 806,000 KZT (26% of its 3,082,100 KZT outflow)"
CHN-027,100000003835149100,step,"peripheral, depth=1, seed=False; inside this formation receives 248,500 KZT and sends 1,699,720 KZT (37% of its 4,600,440 KZT outflow) [breaking point]"
CHN-027,100000004399686100,step,"terminal, depth=3, seed=False; inside this formation receives 806,000 KZT and sends 0 KZT (0% of its 0 KZT outflow)"
CHN-027,100000004813068100,chain_terminal,"peripheral, depth=0, seed=True; inside this formation receives 0 KZT and sends 248,500 KZT (84% of its 297,000 KZT outflow)"
CHN-028,100000002293421100,origin,"transit, depth=2, seed=False; inside this formation receives 41,000 KZT and sends 47,000 KZT (100% of its 47,000 KZT outflow) [breaking point]"
CHN-028,100000004180097100,step,"peripheral, depth=1, seed=False; inside this formation receives 28,000 KZT and sends 41,000 KZT (86% of its 47,800 KZT outflow)"
CHN-028,100000004765639100,step,"peripheral, depth=2, seed=False; inside this formation receives 5,000 KZT and sends 11,000 KZT (100% of its 11,000 KZT outflow)"
CHN-028,100000008502995100,chain_terminal,"terminal, depth=3, seed=False; inside this formation receives 25,000 KZT and sends 0 KZT (0% of its 0 KZT outflow)"
CHN-029,100000002479804100,origin,"peripheral, depth=1, seed=False; inside this formation receives 46,000 KZT and sends 23,000 KZT (65% of its 35,300 KZT outflow) [breaking point]"
CHN-029,100000004066370100,step,"abstained_boundary, depth=4, seed=False; inside this formation receives 65,000 KZT and sends 0 KZT (0% of its 0 KZT outflow)"
CHN-029,100000004358004100,step,"peripheral, depth=0, seed=True; inside this formation receives 0 KZT and sends 46,000 KZT (5% of its 980,850 KZT outflow)"
CHN-029,100000005264874100,step,"peripheral, depth=3, seed=False; inside this formation receives 30,000 KZT and sends 78,000 KZT (100% of its 78,000 KZT outflow)"
CHN-029,100000005507142100,chain_terminal,"peripheral, depth=2, seed=False; inside this formation receives 36,000 KZT and sends 30,000 KZT (30% of its 100,000 KZT outflow)"
CHN-030,100000002612809100,origin,"peripheral, depth=3, seed=False; inside this formation receives 30,000 KZT and sends 15,000 KZT (13% of its 114,000 KZT outflow)"
CHN-030,100000004066370100,step,"abstained_boundary, depth=4, seed=False; inside this formation receives 65,000 KZT and sends 0 KZT (0% of its 0 KZT outflow)"
CHN-030,100000005264874100,step,"peripheral, depth=3, seed=False; inside this formation receives 30,000 KZT and sends 78,000 KZT (100% of its 78,000 KZT outflow)"
CHN-030,100000005507142100,chain_terminal,"peripheral, depth=2, seed=False; inside this formation receives 28,000 KZT and sends 60,000 KZT (60% of its 100,000 KZT outflow) [breaking point]"
CHN-031,100000002705460100,origin,"terminal, depth=3, seed=False; inside this formation receives 95,000 KZT and sends 0 KZT (0% of its 0 KZT outflow)"
CHN-031,100000003016635100,step,"distributor, depth=0, seed=True; inside this formation receives 0 KZT and sends 45,504 KZT (0% of its 9,414,081 KZT outflow)"
CHN-031,100000005539201100,step,"abstained_single_observation, depth=1, seed=False; inside this formation receives 45,504 KZT and sends 25,000 KZT (100% of its 25,000 KZT outflow) [breaking point]"
CHN-031,100000008531133100,chain_terminal,"peripheral, depth=2, seed=False; inside this formation receives 25,000 KZT and sends 95,000 KZT (60% of its 158,272 KZT outflow)"
CHN-032,100000002731501100,origin,"peripheral, depth=1, seed=False; inside this formation receives 20,000 KZT and sends 201,960 KZT (24% of its 833,960 KZT outflow)"
CHN-032,100000003616818100,step,"peripheral, depth=1, seed=False; inside this formation receives 50,000 KZT and sends 40,000 KZT (17% of its 240,100 KZT outflow)"
CHN-032,100000004005964100,step,"peripheral, depth=1, seed=False; inside this formation receives 50,000 KZT and sends 72,000 KZT (100% of its 72,000 KZT outflow)"
CHN-032,100000004007116100,chain_terminal,"peripheral, depth=0, seed=True; inside this formation receives 228,960 KZT and sends 35,000 KZT (24% of its 148,000 KZT outflow) [breaking point]"
CHN-033,100000002738256100,origin,"transit, depth=2, seed=False; inside this formation receives 150,200 KZT and sends 175,000 KZT (100% of its 175,000 KZT outflow)"
CHN-033,100000004135268100,step,"transit, depth=1, seed=False; inside this formation receives 1,239,000 KZT and sends 300,200 KZT (30% of its 1,000,200 KZT outflow) [breaking point]"
CHN-033,100000007507343100,step,"terminal, depth=1, seed=False; inside this formation receives 370,000 KZT and sends 0 KZT (0% of its 0 KZT outflow)"
CHN-033,100000008571433100,chain_terminal,"peripheral, depth=0, seed=True; inside this formation receives 150,000 KZT and sends 1,434,000 KZT (100% of its 1,434,000 KZT outflow)"
CHN-034,100000002748180100,origin,"peripheral, depth=1, seed=False; inside this formation receives 0 KZT and sends 50,000 KZT (7% of its 679,743 KZT outflow)"
CHN-034,100000003989033100,step,"abstained_boundary, depth=4, seed=False; inside this formation receives 373,400 KZT and sends 0 KZT (0% of its 0 KZT outflow)"
CHN-034,100000004644615100,step,"peripheral, depth=3, seed=False; inside this formation receives 50,810 KZT and sends 373,400 KZT (98% of its 379,665 KZT outflow)"
CHN-034,100000007534354100,chain_terminal,"peripheral, depth=2, seed=False; inside this formation receives 50,000 KZT and sends 50,810 KZT (34% of its 147,810 KZT outflow) [breaking point]"
CHN-035,100000003265158100,origin,"transit, depth=1, seed=False; inside this formation receives 80,700 KZT and sends 46,700 KZT (30% of its 154,200 KZT outflow) [breaking point]"
CHN-035,100000003917461100,step,"peripheral, depth=3, seed=False; inside this formation receives 10,000 KZT and sends 140,000 KZT (100% of its 140,000 KZT outflow)"
CHN-035,100000004200745100,step,"abstained_boundary, depth=4, seed=False; inside this formation receives 130,000 KZT and sends 0 KZT (0% of its 0 KZT outflow)"
CHN-035,100000004386258100,step,"peripheral, depth=2, seed=False; inside this formation receives 56,700 KZT and sends 10,000 KZT (25% of its 40,000 KZT outflow)"
CHN-035,100000008680731100,chain_terminal,"peripheral, depth=0, seed=True; inside this formation receives 0 KZT and sends 80,700 KZT (6% of its 1,464,354 KZT outflow)"
CHN-036,100000003265158100,origin,"transit, depth=1, seed=False; inside this formation receives 80,700 KZT and sends 46,700 KZT (30% of its 154,200 KZT outflow) [breaking point]"
CHN-036,100000004386258100,step,"peripheral, depth=2, seed=False; inside this formation receives 51,700 KZT and sends 20,000 KZT (50% of its 40,000 KZT outflow)"
CHN-036,100000004386286100,step,"abstained_boundary, depth=4, seed=False; inside this formation receives 12,500 KZT and sends 0 KZT (0% of its 0 KZT outflow)"
CHN-036,100000004386331100,step,"transit, depth=3, seed=False; inside this formation receives 20,000 KZT and sends 17,500 KZT (100% of its 17,500 KZT outflow)"
CHN-036,100000008680731100,chain_terminal,"peripheral, depth=0, seed=True; inside this formation receives 0 KZT and sends 80,700 KZT (6% of its 1,464,354 KZT outflow)"
CHN-037,100000003265158100,origin,"transit, depth=1, seed=False; inside this formation receives 80,700 KZT and sends 46,700 KZT (30% of its 154,200 KZT outflow) [breaking point]"
CHN-037,100000004386258100,step,"peripheral, depth=2, seed=False; inside this formation receives 46,700 KZT and sends 10,000 KZT (25% of its 40,000 KZT outflow)"
CHN-037,100000004591973100,step,"abstained_single_observation, depth=3, seed=False; inside this formation receives 10,000 KZT and sends 100,000 KZT (100% of its 100,000 KZT outflow)"
CHN-037,100000007745062100,step,"abstained_boundary, depth=4, seed=False; inside this formation receives 100,000 KZT and sends 0 KZT (0% of its 0 KZT outflow)"
CHN-037,100000008680731100,chain_terminal,"peripheral, depth=0, seed=True; inside this formation receives 0 KZT and sends 80,700 KZT (6% of its 1,464,354 KZT outflow)"
CHN-038,100000003635170100,origin,"transit, depth=1, seed=False; inside this formation receives 11,000 KZT and sends 5,000 KZT (2% of its 253,500 KZT outflow)"
CHN-038,100000005602999100,step,"peripheral, depth=2, seed=False; inside this formation receives 5,000 KZT and sends 16,000 KZT (100% of its 16,000 KZT outflow) [breaking point]"
CHN-038,100000005910895100,step,"abstained_boundary, depth=4, seed=False; inside this formation receives 5,100 KZT and sends 0 KZT (0% of its 0 KZT outflow)"
CHN-038,100000008501413100,chain_terminal,"transit, depth=3, seed=False; inside this formation receives 5,000 KZT and sends 5,100 KZT (100% of its 5,100 KZT outflow)"
CHN-039,100000003684369100,origin,"distributor, depth=0, seed=True; inside this formation receives 0 KZT and sends 113,757 KZT (1% of its 8,588,655 KZT outflow)"
CHN-039,100000003946524100,step,"transit, depth=1, seed=False; inside this formation receives 133,757 KZT and sends 24,750 KZT (17% of its 144,750 KZT outflow) [breaking point]"
CHN-039,100000007898453100,step,"peripheral, depth=2, seed=False; inside this formation receives 24,750 KZT and sends 320,000 KZT (100% of its 320,000 KZT outflow)"
CHN-039,100000008427027100,chain_terminal,"terminal, depth=3, seed=False; inside this formation receives 300,000 KZT and sends 0 KZT (0% of its 0 KZT outflow)"
CHN-040,100000003823811100,origin,"peripheral, depth=2, seed=False; inside this formation receives 30,000 KZT and sends 17,070 KZT (26% of its 66,130 KZT outflow) [breaking point]"
CHN-040,100000004403675100,step,"coordinator, depth=1, seed=False; inside this formation receives 0 KZT and sends 30,000 KZT (11% of its 264,699 KZT outflow)"
CHN-040,100000004744306100,step,"peripheral, depth=1, seed=False; inside this formation receives 69,000 KZT and sends 58,000 KZT (63% of its 92,000 KZT outflow)"
CHN-040,100000005264990100,step,"peripheral, depth=0, seed=True; inside this formation receives 17,070 KZT and sends 69,000 KZT (57% of its 122,000 KZT outflow)"
CHN-040,100000008516839100,chain_terminal,"terminal, depth=0, seed=True; inside this formation receives 58,000 KZT and sends 0 KZT (0% of its 0 KZT outflow)"
CHN-041,100000003917461100,origin,"peripheral, depth=3, seed=False; inside this formation receives 10,000 KZT and sends 10,000 KZT (7% of its 140,000 KZT outflow)"
CHN-041,100000004386258100,step,"peripheral, depth=2, seed=False; inside this formation receives 15,000 KZT and sends 30,000 KZT (75% of its 40,000 KZT outflow) [breaking point]"
CHN-041,100000004386286100,step,"abstained_boundary, depth=4, seed=False; inside this formation receives 12,500 KZT and sends 0 KZT (0% of its 0 KZT outflow)"
CHN-041,100000004386331100,chain_terminal,"transit, depth=3, seed=False; inside this formation receives 20,000 KZT and sends 17,500 KZT (100% of its 17,500 KZT outflow)"
CHN-042,100000003917461100,origin,"peripheral, depth=3, seed=False; inside this formation receives 10,000 KZT and sends 10,000 KZT (7% of its 140,000 KZT outflow)"
CHN-042,100000004386258100,step,"peripheral, depth=2, seed=False; inside this formation receives 10,000 KZT and sends 20,000 KZT (50% of its 40,000 KZT outflow) [breaking point]"
CHN-042,100000004591973100,step,"abstained_single_observation, depth=3, seed=False; inside this formation receives 10,000 KZT and sends 100,000 KZT (100% of its 100,000 KZT outflow)"
CHN-042,100000007745062100,chain_terminal,"abstained_boundary, depth=4, seed=False; inside this formation receives 100,000 KZT and sends 0 KZT (0% of its 0 KZT outflow)"
CHN-043,100000003934614100,origin,"peripheral, depth=3, seed=False; inside this formation receives 17,000 KZT and sends 11,500 KZT (100% of its 11,500 KZT outflow)"
CHN-043,100000004017410100,step,"peripheral, depth=3, seed=False; inside this formation receives 193,650 KZT and sends 210,915 KZT (16% of its 1,330,915 KZT outflow)"
CHN-043,100000004076740100,step,"peripheral, depth=1, seed=False; inside this formation receives 40,000 KZT and sends 40,000 KZT (32% of its 125,000 KZT outflow)"
CHN-043,100000004336312100,step,"transit, depth=2, seed=False; inside this formation receives 90,415 KZT and sends 72,650 KZT (100% of its 72,650 KZT outflow)"
CHN-043,100000005519998100,chain_terminal,"transit, depth=2, seed=False; inside this formation receives 182,000 KZT and sends 188,000 KZT (100% of its 188,000 KZT outflow) [breaking point]"
CHN-044,100000003975102100,origin,"peripheral, depth=0, seed=True; inside this formation receives 25,650 KZT and sends 56,500 KZT (64% of its 88,500 KZT outflow) [breaking point]"
CHN-044,100000004019124100,step,"terminal, depth=0, seed=True; inside this formation receives 99,000 KZT and sends 0 KZT (0% of its 0 KZT outflow)"
CHN-044,100000004707703100,step,"transit, depth=1, seed=False; inside this formation receives 0 KZT and sends 48,650 KZT (21% of its 231,650 KZT outflow)"
CHN-044,100000005519347100,step,"peripheral, depth=0, seed=True; inside this formation receives 73,100 KZT and sends 99,000 KZT (100% of its 99,000 KZT outflow)"
CHN-044,100000008650785100,chain_terminal,"peripheral, depth=0, seed=True; inside this formation receives 56,500 KZT and sends 50,100 KZT (42% of its 120,120 KZT outflow)"
CHN-045,100000004156082100,origin,"distributor, depth=1, seed=False; inside this formation receives 0 KZT and sends 32,700 KZT (1% of its 2,319,556 KZT outflow)"
CHN-045,100000005382566100,step,"peripheral, depth=0, seed=True; inside this formation receives 29,000 KZT and sends 0 KZT (0% of its 50,000 KZT outflow)"
CHN-045,100000005386383100,step,"peripheral, depth=0, seed=True; inside this formation receives 17,000 KZT and sends 29,000 KZT (100% of its 29,000 KZT outflow)"
CHN-045,100000005481280100,chain_terminal,"peripheral, depth=2, seed=False; inside this formation receives 32,700 KZT and sends 17,000 KZT (34% of its 50,000 KZT outflow) [breaking point]"
CHN-046,100000004221668100,origin,"peripheral, depth=2, seed=False; inside this formation receives 683,600 KZT and sends 701,440 KZT (96% of its 731,440 KZT outflow) [breaking point]"
CHN-046,100000004321983100,step,"peripheral, depth=3, seed=False; inside this formation receives 10,840 KZT and sends 6,200 KZT (17% of its 36,200 KZT outflow)"
CHN-046,100000005171642100,chain_terminal,"transit, depth=3, seed=False; inside this formation receives 696,800 KZT and sends 683,600 KZT (100% of its 683,600 KZT outflow)"
CHN-047,100000004386258100,origin,"peripheral, depth=2, seed=False; inside this formation receives 5,000 KZT and sends 30,000 KZT (75% of its 40,000 KZT outflow) [breaking point]"
CHN-047,100000004386331100,step,"transit, depth=3, seed=False; inside this formation receives 20,000 KZT and sends 5,000 KZT (29% of its 17,500 KZT outflow)"
CHN-047,100000004591973100,step,"abstained_single_observation, depth=3, seed=False; inside this formation receives 10,000 KZT and sends 100,000 KZT (100% of its 100,000 KZT outflow)"
CHN-047,100000007745062100,chain_terminal,"abstained_boundary, depth=4, seed=False; inside this formation receives 100,000 KZT and sends 0 KZT (0% of its 0 KZT outflow)"
CHN-048,100000005382566100,origin,"peripheral, depth=0, seed=True; inside this formation receives 29,000 KZT and sends 0 KZT (0% of its 50,000 KZT outflow)"
CHN-048,100000005386383100,step,"peripheral, depth=0, seed=True; inside this formation receives 20,500 KZT and sends 29,000 KZT (100% of its 29,000 KZT outflow)"
CHN-048,100000006020215100,step,"transit, depth=3, seed=False; inside this formation receives 30,000 KZT and sends 20,500 KZT (61% of its 33,800 KZT outflow) [breaking point]"
CHN-048,100000008346837100,chain_terminal,"distributor, depth=2, seed=False; inside this formation receives 0 KZT and sends 30,000 KZT (2% of its 1,258,643 KZT outflow)"
CHN-049,100000005834479100,origin,"peripheral, depth=2, seed=False; inside this formation receives 7,500 KZT and sends 9,000 KZT (62% of its 14,470 KZT outflow) [breaking point]"
CHN-049,100000006641671100,step,"transit, depth=3, seed=False; inside this formation receives 9,000 KZT and sends 25,000 KZT (100% of its 25,000 KZT outflow)"
CHN-049,100000008097580100,step,"terminal, depth=3, seed=False; inside this formation receives 25,000 KZT and sends 0 KZT (0% of its 0 KZT outflow)"
CHN-049,100000008304139100,chain_terminal,"distributor, depth=1, seed=False; inside this formation receives 0 KZT and sends 7,500 KZT (0% of its 1,692,997 KZT outflow)"
CHN-050,100000006385877100,origin,"peripheral, depth=2, seed=False; inside this formation receives 53,707 KZT and sends 36,603 KZT (100% of its 36,603 KZT outflow)"
CHN-050,100000006443391100,step,"peripheral, depth=1, seed=False; inside this formation receives 61,603 KZT and sends 60,042 KZT (100% of its 60,042 KZT outflow) [breaking point]"
CHN-050,100000006912294100,step,"peripheral, depth=2, seed=False; inside this formation receives 6,335 KZT and sends 30,000 KZT (100% of its 30,000 KZT outflow)"
CHN-050,100000007510875100,chain_terminal,"terminal, depth=3, seed=False; inside this formation receives 5,000 KZT and sends 0 KZT (0% of its 0 KZT outflow)"
CHN-051,100000006866783100,origin,"distributor, depth=0, seed=True; inside this formation receives 0 KZT and sends 24,500 KZT (1% of its 3,948,037 KZT outflow)"
CHN-051,100000008443341100,step,"peripheral, depth=1, seed=False; inside this formation receives 34,500 KZT and sends 14,000 KZT (28% of its 50,000 KZT outflow) [breaking point]"
CHN-051,100000008474308100,chain_terminal,"peripheral, depth=2, seed=False; inside this formation receives 14,000 KZT and sends 10,000 KZT (100% of its 10,000 KZT outflow)"
FAN-001,100000000041368100,receiver,"terminal, depth=1, seed=False; inside this formation receives 160,000 KZT and sends 0 KZT (0% of its 0 KZT outflow)"
FAN-001,100000000941942100,receiver,"terminal, depth=1, seed=False; inside this formation receives 130,000 KZT and sends 0 KZT (0% of its 0 KZT outflow)"
FAN-001,100000000998559100,receiver,"terminal, depth=1, seed=False; inside this formation receives 100,000 KZT and sends 0 KZT (0% of its 0 KZT outflow)"
FAN-001,100000001072022100,receiver,"terminal, depth=1, seed=False; inside this formation receives 740,000 KZT and sends 0 KZT (0% of its 0 KZT outflow)"
FAN-001,100000001194266100,receiver,"terminal, depth=1, seed=False; inside this formation receives 50,000 KZT and sends 0 KZT (0% of its 0 KZT outflow)"
FAN-001,100000001362940100,receiver,"terminal, depth=1, seed=False; inside this formation receives 81,000 KZT and sends 0 KZT (0% of its 0 KZT outflow)"
FAN-001,100000001527186100,receiver,"terminal, depth=1, seed=False; inside this formation receives 678,000 KZT and sends 0 KZT (0% of its 0 KZT outflow)"
FAN-001,100000001554432100,receiver,"terminal, depth=1, seed=False; inside this formation receives 53,920 KZT and sends 0 KZT (0% of its 0 KZT outflow)"
FAN-001,100000001924185100,receiver,"terminal, depth=1, seed=False; inside this formation receives 36,000 KZT and sends 0 KZT (0% of its 0 KZT outflow)"
FAN-001,100000002188829100,receiver,"terminal, depth=1, seed=False; inside this formation receives 400,000 KZT and sends 0 KZT (0% of its 0 KZT outflow)"
FAN-001,100000002480800100,receiver,"terminal, depth=1, seed=False; inside this formation receives 230,000 KZT and sends 0 KZT (0% of its 0 KZT outflow)"
FAN-001,100000002565277100,receiver,"terminal, depth=1, seed=False; inside this formation receives 483,319 KZT and sends 0 KZT (0% of its 0 KZT outflow)"
FAN-001,100000002621949100,receiver,"terminal, depth=1, seed=False; inside this formation receives 164,612 KZT and sends 0 KZT (0% of its 0 KZT outflow)"
FAN-001,100000002666248100,receiver,"terminal, depth=1, seed=False; inside this formation receives 70,032 KZT and sends 0 KZT (0% of its 0 KZT outflow)"
FAN-001,100000002847207100,receiver,"terminal, depth=1, seed=False; inside this formation receives 46,243 KZT and sends 0 KZT (0% of its 0 KZT outflow)"
FAN-001,100000002864256100,receiver,"terminal, depth=1, seed=False; inside this formation receives 135,780 KZT and sends 0 KZT (0% of its 0 KZT outflow)"
FAN-001,100000002939838100,receiver,"terminal, depth=1, seed=False; inside this formation receives 93,061 KZT and sends 0 KZT (0% of its 0 KZT outflow)"
FAN-001,100000002957306100,receiver,"terminal, depth=1, seed=False; inside this formation receives 188,990 KZT and sends 0 KZT (0% of its 0 KZT outflow)"
FAN-001,100000003022835100,receiver,"terminal, depth=1, seed=False; inside this formation receives 125,000 KZT and sends 0 KZT (0% of its 0 KZT outflow)"
FAN-001,100000003037660100,receiver,"terminal, depth=1, seed=False; inside this formation receives 53,000 KZT and sends 0 KZT (0% of its 0 KZT outflow)"
FAN-001,100000003131693100,receiver,"terminal, depth=1, seed=False; inside this formation receives 353,277 KZT and sends 0 KZT (0% of its 0 KZT outflow)"
FAN-001,100000003205210100,receiver,"terminal, depth=1, seed=False; inside this formation receives 137,563 KZT and sends 0 KZT (0% of its 0 KZT outflow)"
FAN-001,100000003284932100,receiver,"terminal, depth=1, seed=False; inside this formation receives 69,925 KZT and sends 0 KZT (0% of its 0 KZT outflow)"
FAN-001,100000003476560100,receiver,"terminal, depth=1, seed=False; inside this formation receives 50,000 KZT and sends 0 KZT (0% of its 0 KZT outflow)"
FAN-001,100000003684369100,distributor,"distributor, depth=0, seed=True; inside this formation receives 0 KZT and sends 6,147,823 KZT (72% of its 8,588,655 KZT outflow) [breaking point]"
FAN-001,100000003739818100,receiver,"terminal, depth=1, seed=False; inside this formation receives 57,293 KZT and sends 0 KZT (0% of its 0 KZT outflow)"
FAN-001,100000003832231100,receiver,"terminal, depth=1, seed=False; inside this formation receives 35,000 KZT and sends 0 KZT (0% of its 0 KZT outflow)"
FAN-001,100000003877908100,receiver,"terminal, depth=1, seed=False; inside this formation receives 40,000 KZT and sends 0 KZT (0% of its 0 KZT outflow)"
FAN-001,100000004004621100,receiver,"terminal, depth=1, seed=False; inside this formation receives 25,000 KZT and sends 0 KZT (0% of its 0 KZT outflow)"
FAN-001,100000004226848100,receiver,"terminal, depth=1, seed=False; inside this formation receives 301,866 KZT and sends 0 KZT (0% of its 0 KZT outflow)"
FAN-001,100000004509286100,receiver,"terminal, depth=1, seed=False; inside this formation receives 40,000 KZT and sends 0 KZT (0% of its 0 KZT outflow)"
FAN-001,100000005093521100,receiver,"terminal, depth=1, seed=False; inside this formation receives 15,200 KZT and sends 0 KZT (0% of its 0 KZT outflow)"
FAN-001,100000005133757100,receiver,"terminal, depth=1, seed=False; inside this formation receives 25,000 KZT and sends 0 KZT (0% of its 0 KZT outflow)"
FAN-001,100000005432267100,receiver,"terminal, depth=1, seed=False; inside this formation receives 250,000 KZT and sends 0 KZT (0% of its 0 KZT outflow)"
FAN-001,100000005852946100,receiver,"terminal, depth=1, seed=False; inside this formation receives 23,746 KZT and sends 0 KZT (0% of its 0 KZT outflow)"
FAN-001,100000006446271100,receiver,"terminal, depth=1, seed=False; inside this formation receives 50,000 KZT and sends 0 KZT (0% of its 0 KZT outflow)"
FAN-001,100000007181706100,receiver,"terminal, depth=1, seed=False; inside this formation receives 163,772 KZT and sends 0 KZT (0% of its 0 KZT outflow)"
FAN-001,100000007274584100,receiver,"terminal, depth=1, seed=False; inside this formation receives 38,000 KZT and sends 0 KZT (0% of its 0 KZT outflow)"
FAN-001,100000008237827100,receiver,"terminal, depth=1, seed=False; inside this formation receives 40,001 KZT and sends 0 KZT (0% of its 0 KZT outflow)"
FAN-001,100000008556318100,receiver,"terminal, depth=1, seed=False; inside this formation receives 116,632 KZT and sends 0 KZT (0% of its 0 KZT outflow)"
FAN-001,100000008566737100,receiver,"terminal, depth=1, seed=False; inside this formation receives 104,000 KZT and sends 0 KZT (0% of its 0 KZT outflow)"
FAN-001,100000008664469100,receiver,"terminal, depth=1, seed=False; inside this formation receives 25,000 KZT and sends 0 KZT (0% of its 0 KZT outflow)"
FAN-001,100000008671929100,receiver,"terminal, depth=1, seed=False; inside this formation receives 75,000 KZT and sends 0 KZT (0% of its 0 KZT outflow)"
FAN-001,100000008747113100,receiver,"terminal, depth=1, seed=False; inside this formation receives 92,591 KZT and sends 0 KZT (0% of its 0 KZT outflow)"
FAN-002,100000000287768100,receiver,"terminal, depth=3, seed=False; inside this formation receives 35,168 KZT and sends 0 KZT (0% of its 0 KZT outflow)"
FAN-002,100000000437046100,distributor,"distributor, depth=2, seed=False; inside this formation receives 0 KZT and sends 2,280,184 KZT (30% of its 7,606,224 KZT outflow) [breaking point]"
FAN-002,100000000802149100,receiver,"terminal, depth=3, seed=False; inside this formation receives 104,128 KZT and sends 0 KZT (0% of its 0 KZT outflow)"
FAN-002,100000001726614100,receiver,"terminal, depth=3, seed=False; inside this formation receives 138,717 KZT and sends 0 KZT (0% of its 0 KZT outflow)"
FAN-002,100000001745217100,receiver,"terminal, depth=3, seed=False; inside this formation receives 50,000 KZT and sends 0 KZT (0% of its 0 KZT outflow)"
FAN-002,100000001784279100,receiver,"terminal, depth=3, seed=False; inside this formation receives 35,674 KZT and sends 0 KZT (0% of its 0 KZT outflow)"
FAN-002,100000001837130100,receiver,"terminal, depth=3, seed=False; inside this formation receives 172,900 KZT and sends 0 KZT (0% of its 0 KZT outflow)"
FAN-002,100000002663511100,receiver,"terminal, depth=3, seed=False; inside this formation receives 268,940 KZT and sends 0 KZT (0% of its 0 KZT outflow)"
FAN-002,100000003795588100,receiver,"terminal, depth=3, seed=False; inside this formation receives 400,000 KZT and sends 0 KZT (0% of its 0 KZT outflow)"
FAN-002,100000004184158100,receiver,"terminal, depth=3, seed=False; inside this formation receives 203,805 KZT and sends 0 KZT (0% of its 0 KZT outflow)"
FAN-002,100000004587414100,receiver,"terminal, depth=3, seed=False; inside this formation receives 213,403 KZT and sends 0 KZT (0% of its 0 KZT outflow)"
FAN-002,100000006894637100,receiver,"terminal, depth=3, seed=False; inside this formation receives 52,831 KZT and sends 0 KZT (0% of its 0 KZT outflow)"
FAN-002,100000006989232100,receiver,"terminal, depth=3, seed=False; inside this formation receives 22,194 KZT and sends 0 KZT (0% of its 0 KZT outflow)"
FAN-002,100000007754369100,receiver,"terminal, depth=3, seed=False; inside this formation receives 82,424 KZT and sends 0 KZT (0% of its 0 KZT outflow)"
FAN-002,100000008730371100,receiver,"terminal, depth=3, seed=False; inside this formation receives 500,000 KZT and sends 0 KZT (0% of its 0 KZT outflow)"
FAN-003,100000000331309100,distributor,"distributor, depth=2, seed=False; inside this formation receives 0 KZT and sends 9,978,336 KZT (43% of its 23,001,375 KZT outflow) [breaking point]"
FAN-003,100000000878006100,receiver,"terminal, depth=3, seed=False; inside this formation receives 47,003 KZT and sends 0 KZT (0% of its 0 KZT outflow)"
FAN-003,100000001009583100,receiver,"terminal, depth=3, seed=False; inside this formation receives 393,740 KZT and sends 0 KZT (0% of its 0 KZT outflow)"
FAN-003,100000001046626100,receiver,"terminal, depth=3, seed=False; inside this formation receives 150,000 KZT and sends 0 KZT (0% of its 0 KZT outflow)"
FAN-003,100000001072022100,receiver,"terminal, depth=1, seed=False; inside this formation receives 624,000 KZT and sends 0 KZT (0% of its 0 KZT outflow)"
FAN-003,100000001227106100,receiver,"terminal, depth=3, seed=False; inside this formation receives 164,765 KZT and sends 0 KZT (0% of its 0 KZT outflow)"
FAN-003,100000001611488100,receiver,"terminal, depth=3, seed=False; inside this formation receives 506,300 KZT and sends 0 KZT (0% of its 0 KZT outflow)"
FAN-003,100000001689968100,receiver,"terminal, depth=3, seed=False; inside this formation receives 188,767 KZT and sends 0 KZT (0% of its 0 KZT outflow)"
FAN-003,100000001714413100,receiver,"terminal, depth=3, seed=False; inside this formation receives 250,172 KZT and sends 0 KZT (0% of its 0 KZT outflow)"
FAN-003,100000001835625100,receiver,"terminal, depth=3, seed=False; inside this formation receives 75,130 KZT and sends 0 KZT (0% of its 0 KZT outflow)"
FAN-003,100000001875167100,receiver,"terminal, depth=3, seed=False; inside this formation receives 1,000,000 KZT and sends 0 KZT (0% of its 0 KZT outflow)"
FAN-003,100000002015633100,receiver,"terminal, depth=3, seed=False; inside this formation receives 94,970 KZT and sends 0 KZT (0% of its 0 KZT outflow)"
FAN-003,100000002284426100,receiver,"terminal, depth=3, seed=False; inside this formation receives 90,000 KZT and sends 0 KZT (0% of its 0 KZT outflow)"
FAN-003,100000002459240100,receiver,"terminal, depth=3, seed=False; inside this formation receives 150,000 KZT and sends 0 KZT (0% of its 0 KZT outflow)"
FAN-003,100000002556775100,receiver,"terminal, depth=3, seed=False; inside this formation receives 300,000 KZT and sends 0 KZT (0% of its 0 KZT outflow)"
FAN-003,100000002567887100,receiver,"terminal, depth=3, seed=False; inside this formation receives 50,915 KZT and sends 0 KZT (0% of its 0 KZT outflow)"
FAN-003,100000002581346100,receiver,"terminal, depth=3, seed=False; inside this formation receives 166,400 KZT and sends 0 KZT (0% of its 0 KZT outflow)"
FAN-003,100000002653948100,receiver,"terminal, depth=3, seed=False; inside this formation receives 85,200 KZT and sends 0 KZT (0% of its 0 KZT outflow)"
FAN-003,100000002704875100,receiver,"terminal, depth=1, seed=False; inside this formation receives 101,665 KZT and sends 0 KZT (0% of its 0 KZT outflow)"
FAN-003,100000002755292100,receiver,"terminal, depth=3, seed=False; inside this formation receives 203,400 KZT and sends 0 KZT (0% of its 0 KZT outflow)"
FAN-003,100000002807334100,receiver,"terminal, depth=3, seed=False; inside this formation receives 54,715 KZT and sends 0 KZT (0% of its 0 KZT outflow)"
FAN-003,100000002842321100,receiver,"terminal, depth=3, seed=False; inside this formation receives 160,000 KZT and sends 0 KZT (0% of its 0 KZT outflow)"
FAN-003,100000002983879100,receiver,"terminal, depth=2, seed=False; inside this formation receives 85,950 KZT and sends 0 KZT (0% of its 0 KZT outflow)"
FAN-003,100000002990675100,receiver,"terminal, depth=3, seed=False; inside this formation receives 51,143 KZT and sends 0 KZT (0% of its 0 KZT outflow)"
FAN-003,100000003044431100,receiver,"terminal, depth=2, seed=False; inside this formation receives 30,000 KZT and sends 0 KZT (0% of its 0 KZT outflow)"
FAN-003,100000003116106100,receiver,"terminal, depth=3, seed=False; inside this formation receives 494,050 KZT and sends 0 KZT (0% of its 0 KZT outflow)"
FAN-003,100000003134474100,receiver,"terminal, depth=3, seed=False; inside this formation receives 116,000 KZT and sends 0 KZT (0% of its 0 KZT outflow)"
FAN-003,100000003149149100,receiver,"terminal, depth=3, seed=False; inside this formation receives 245,000 KZT and sends 0 KZT (0% of its 0 KZT outflow)"
FAN-003,100000003242795100,receiver,"terminal, depth=3, seed=False; inside this formation receives 111,000 KZT and sends 0 KZT (0% of its 0 KZT outflow)"
FAN-003,100000003293377100,receiver,"terminal, depth=3, seed=False; inside this formation receives 50,000 KZT and sends 0 KZT (0% of its 0 KZT outflow)"
FAN-003,100000003486970100,receiver,"terminal, depth=3, seed=False; inside this formation receives 150,000 KZT and sends 0 KZT (0% of its 0 KZT outflow)"
FAN-003,100000003610172100,receiver,"terminal, depth=3, seed=False; inside this formation receives 70,000 KZT and sends 0 KZT (0% of its 0 KZT outflow)"
FAN-003,100000003647799100,receiver,"terminal, depth=3, seed=False; inside this formation receives 100,000 KZT and sends 0 KZT (0% of its 0 KZT outflow)"
FAN-003,100000003760160100,receiver,"terminal, depth=3, seed=False; inside this formation receives 104,470 KZT and sends 0 KZT (0% of its 0 KZT outflow)"
FAN-003,100000003814002100,receiver,"terminal, depth=3, seed=False; inside this formation receives 30,000 KZT and sends 0 KZT (0% of its 0 KZT outflow)"
FAN-003,100000003888197100,receiver,"terminal, depth=3, seed=False; inside this formation receives 83,167 KZT and sends 0 KZT (0% of its 0 KZT outflow)"
FAN-003,100000004004621100,receiver,"terminal, depth=1, seed=False; inside this formation receives 25,028 KZT and sends 0 KZT (0% of its 0 KZT outflow)"
FAN-003,100000004114962100,receiver,"terminal, depth=3, seed=False; inside this formation receives 140,000 KZT and sends 0 KZT (0% of its 0 KZT outflow)"
FAN-003,100000004587414100,receiver,"terminal, depth=3, seed=False; inside this formation receives 320,200 KZT and sends 0 KZT (0% of its 0 KZT outflow)"
FAN-003,100000004657034100,receiver,"terminal, depth=3, seed=False; inside this formation receives 141,250 KZT and sends 0 KZT (0% of its 0 KZT outflow)"
FAN-003,100000004889043100,receiver,"terminal, depth=3, seed=False; inside this formation receives 100,000 KZT and sends 0 KZT (0% of its 0 KZT outflow)"
FAN-003,100000004917367100,receiver,"terminal, depth=3, seed=False; inside this formation receives 100,000 KZT and sends 0 KZT (0% of its 0 KZT outflow)"
FAN-003,100000005182219100,receiver,"terminal, depth=3, seed=False; inside this formation receives 30,000 KZT and sends 0 KZT (0% of its 0 KZT outflow)"
FAN-003,100000005409156100,receiver,"terminal, depth=3, seed=False; inside this formation receives 189,160 KZT and sends 0 KZT (0% of its 0 KZT outflow)"
FAN-003,100000005893892100,receiver,"terminal, depth=3, seed=False; inside this formation receives 102,780 KZT and sends 0 KZT (0% of its 0 KZT outflow)"
FAN-003,100000006126743100,receiver,"terminal, depth=3, seed=False; inside this formation receives 55,000 KZT and sends 0 KZT (0% of its 0 KZT outflow)"
FAN-003,100000006530134100,receiver,"terminal, depth=3, seed=False; inside this formation receives 121,240 KZT and sends 0 KZT (0% of its 0 KZT outflow)"
FAN-003,100000007597382100,receiver,"terminal, depth=3, seed=False; inside this formation receives 15,700 KZT and sends 0 KZT (0% of its 0 KZT outflow)"
FAN-003,100000007863304100,receiver,"terminal, depth=3, seed=False; inside this formation receives 25,000 KZT and sends 0 KZT (0% of its 0 KZT outflow)"
FAN-003,100000008038077100,receiver,"terminal, depth=3, seed=False; inside this formation receives 499,850 KZT and sends 0 KZT (0% of its 0 KZT outflow)"
FAN-003,100000008238112100,receiver,"terminal, depth=3, seed=False; inside this formation receives 190,000 KZT and sends 0 KZT (0% of its 0 KZT outflow)"
FAN-003,100000008295429100,receiver,"terminal, depth=3, seed=False; inside this formation receives 352,000 KZT and sends 0 KZT (0% of its 0 KZT outflow)"
FAN-003,100000008472324100,receiver,"terminal, depth=3, seed=False; inside this formation receives 205,200 KZT and sends 0 KZT (0% of its 0 KZT outflow)"
FAN-003,100000008532050100,receiver,"terminal, depth=3, seed=False; inside this formation receives 455,156 KZT and sends 0 KZT (0% of its 0 KZT outflow)"
FAN-003,100000008568512100,receiver,"terminal, depth=3, seed=False; inside this formation receives 199,640 KZT and sends 0 KZT (0% of its 0 KZT outflow)"
FAN-003,100000008576528100,receiver,"terminal, depth=3, seed=False; inside this formation receives 28,000 KZT and sends 0 KZT (0% of its 0 KZT outflow)"
FAN-003,100000008747113100,receiver,"terminal, depth=1, seed=False; inside this formation receives 105,210 KZT and sends 0 KZT (0% of its 0 KZT outflow)"
FAN-004,100000000343175100,distributor,"distributor, depth=0, seed=True; inside this formation receives 0 KZT and sends 2,704,074 KZT (68% of its 4,000,039 KZT outflow) [breaking point]"
FAN-004,100000000979923100,receiver,"terminal, depth=1, seed=False; inside this formation receives 97,900 KZT and sends 0 KZT (0% of its 0 KZT outflow)"
FAN-004,100000001463701100,receiver,"terminal, depth=1, seed=False; inside this formation receives 248,000 KZT and sends 0 KZT (0% of its 0 KZT outflow)"
FAN-004,100000001924185100,receiver,"terminal, depth=1, seed=False; inside this formation receives 115,000 KZT and sends 0 KZT (0% of its 0 KZT outflow)"
FAN-004,100000002596035100,receiver,"terminal, depth=1, seed=False; inside this formation receives 231,570 KZT and sends 0 KZT (0% of its 0 KZT outflow)"
FAN-004,100000002605548100,receiver,"terminal, depth=1, seed=False; inside this formation receives 93,480 KZT and sends 0 KZT (0% of its 0 KZT outflow)"
FAN-004,100000002618492100,receiver,"terminal, depth=1, seed=False; inside this formation receives 178,000 KZT and sends 0 KZT (0% of its 0 KZT outflow)"
FAN-004,100000002720627100,receiver,"terminal, depth=1, seed=False; inside this formation receives 199,300 KZT and sends 0 KZT (0% of its 0 KZT outflow)"
FAN-004,100000002760175100,receiver,"terminal, depth=1, seed=False; inside this formation receives 187,410 KZT and sends 0 KZT (0% of its 0 KZT outflow)"
FAN-004,100000002774456100,receiver,"terminal, depth=1, seed=False; inside this formation receives 50,363 KZT and sends 0 KZT (0% of its 0 KZT outflow)"
FAN-004,100000002894076100,receiver,"terminal, depth=1, seed=False; inside this formation receives 80,000 KZT and sends 0 KZT (0% of its 0 KZT outflow)"
FAN-004,100000002957306100,receiver,"terminal, depth=1, seed=False; inside this formation receives 209,500 KZT and sends 0 KZT (0% of its 0 KZT outflow)"
FAN-004,100000003014659100,receiver,"terminal, depth=1, seed=False; inside this formation receives 280,000 KZT and sends 0 KZT (0% of its 0 KZT outflow)"
FAN-004,100000004105288100,receiver,"terminal, depth=1, seed=False; inside this formation receives 25,000 KZT and sends 0 KZT (0% of its 0 KZT outflow)"
FAN-004,100000004318918100,receiver,"terminal, depth=1, seed=False; inside this formation receives 75,600 KZT and sends 0 KZT (0% of its 0 KZT outflow)"
FAN-004,100000004388353100,receiver,"terminal, depth=1, seed=False; inside this formation receives 34,960 KZT and sends 0 KZT (0% of its 0 KZT outflow)"
FAN-004,100000005897462100,receiver,"terminal, depth=1, seed=False; inside this formation receives 98,400 KZT and sends 0 KZT (0% of its 0 KZT outflow)"
FAN-004,100000006445501100,receiver,"terminal, depth=1, seed=False; inside this formation receives 91,000 KZT and sends 0 KZT (0% of its 0 KZT outflow)"
FAN-004,100000006745291100,receiver,"terminal, depth=1, seed=False; inside this formation receives 82,534 KZT and sends 0 KZT (0% of its 0 KZT outflow)"
FAN-004,100000006789108100,receiver,"terminal, depth=1, seed=False; inside this formation receives 37,500 KZT and sends 0 KZT (0% of its 0 KZT outflow)"
FAN-004,100000006972210100,receiver,"terminal, depth=1, seed=False; inside this formation receives 93,555 KZT and sends 0 KZT (0% of its 0 KZT outflow)"
FAN-004,100000007334196100,receiver,"terminal, depth=1, seed=False; inside this formation receives 150,002 KZT and sends 0 KZT (0% of its 0 KZT outflow)"
FAN-004,100000008728457100,receiver,"terminal, depth=1, seed=False; inside this formation receives 45,000 KZT and sends 0 KZT (0% of its 0 KZT outflow)"
FAN-005,100000000440392100,receiver,"terminal, depth=1, seed=False; inside this formation receives 105,705 KZT and sends 0 KZT (0% of its 0 KZT outflow)"
FAN-005,100000001164648100,receiver,"terminal, depth=1, seed=False; inside this formation receives 6,400 KZT and sends 0 KZT (0% of its 0 KZT outflow)"
FAN-005,100000001567366100,receiver,"terminal, depth=1, seed=False; inside this formation receives 824,070 KZT and sends 0 KZT (0% of its 0 KZT outflow)"
FAN-005,100000001684867100,receiver,"terminal, depth=1, seed=False; inside this formation receives 30,550 KZT and sends 0 KZT (0% of its 0 KZT outflow)"
FAN-005,100000001805543100,receiver,"terminal, depth=1, seed=False; inside this formation receives 59,000 KZT and sends 0 KZT (0% of its 0 KZT outflow)"
FAN-005,100000001851289100,receiver,"terminal, depth=1, seed=False; inside this formation receives 109,510 KZT and sends 0 KZT (0% of its 0 KZT outflow)"
FAN-005,100000002173161100,receiver,"terminal, depth=1, seed=False; inside this formation receives 869,500 KZT and sends 0 KZT (0% of its 0 KZT outflow)"
FAN-005,100000002600345100,receiver,"terminal, depth=1, seed=False; inside this formation receives 47,400 KZT and sends 0 KZT (0% of its 0 KZT outflow)"
FAN-005,100000002704875100,receiver,"terminal, depth=1, seed=False; inside this formation receives 30,550 KZT and sends 0 KZT (0% of its 0 KZT outflow)"
FAN-005,100000002778085100,receiver,"terminal, depth=1, seed=False; inside this formation receives 66,208 KZT and sends 0 KZT (0% of its 0 KZT outflow)"
FAN-005,100000002793851100,receiver,"terminal, depth=1, seed=False; inside this formation receives 11,052 KZT and sends 0 KZT (0% of its 0 KZT outflow)"
FAN-005,100000002861485100,receiver,"terminal, depth=1, seed=False; inside this formation receives 29,323 KZT and sends 0 KZT (0% of its 0 KZT outflow)"
FAN-005,100000002890167100,receiver,"terminal, depth=1, seed=False; inside this formation receives 118,150 KZT and sends 0 KZT (0% of its 0 KZT outflow)"
FAN-005,100000002952631100,receiver,"terminal, depth=1, seed=False; inside this formation receives 48,050 KZT and sends 0 KZT (0% of its 0 KZT outflow)"
FAN-005,100000003016635100,distributor,"distributor, depth=0, seed=True; inside this formation receives 0 KZT and sends 4,728,475 KZT (50% of its 9,414,081 KZT outflow) [breaking point]"
FAN-005,100000003042994100,receiver,"terminal, depth=1, seed=False; inside this formation receives 286,086 KZT and sends 0 KZT (0% of its 0 KZT outflow)"
FAN-005,100000003057225100,receiver,"terminal, depth=1, seed=False; inside this formation receives 236,000 KZT and sends 0 KZT (0% of its 0 KZT outflow)"
FAN-005,100000003134937100,receiver,"terminal, depth=1, seed=False; inside this formation receives 10,286 KZT and sends 0 KZT (0% of its 0 KZT outflow)"
FAN-005,100000003713616100,receiver,"terminal, depth=1, seed=False; inside this formation receives 15,893 KZT and sends 0 KZT (0% of its 0 KZT outflow)"
FAN-005,100000003900547100,receiver,"terminal, depth=1, seed=False; inside this formation receives 23,700 KZT and sends 0 KZT (0% of its 0 KZT outflow)"
FAN-005,100000004206046100,receiver,"terminal, depth=1, seed=False; inside this formation receives 11,075 KZT and sends 0 KZT (0% of its 0 KZT outflow)"
FAN-005,100000004360785100,receiver,"terminal, depth=1, seed=False; inside this formation receives 94,705 KZT and sends 0 KZT (0% of its 0 KZT outflow)"
FAN-005,100000004408683100,receiver,"terminal, depth=1, seed=False; inside this formation receives 81,148 KZT and sends 0 KZT (0% of its 0 KZT outflow)"
FAN-005,100000004559194100,receiver,"terminal, depth=1, seed=False; inside this formation receives 282,145 KZT and sends 0 KZT (0% of its 0 KZT outflow)"
FAN-005,100000004588479100,receiver,"terminal, depth=1, seed=False; inside this formation receives 177,633 KZT and sends 0 KZT (0% of its 0 KZT outflow)"
FAN-005,100000004664905100,receiver,"terminal, depth=1, seed=False; inside this formation receives 234,620 KZT and sends 0 KZT (0% of its 0 KZT outflow)"
FAN-005,100000004741837100,receiver,"terminal, depth=1, seed=False; inside this formation receives 25,596 KZT and sends 0 KZT (0% of its 0 KZT outflow)"
FAN-005,100000004790991100,receiver,"terminal, depth=1, seed=False; inside this formation receives 239,413 KZT and sends 0 KZT (0% of its 0 KZT outflow)"
FAN-005,100000004948177100,receiver,"terminal, depth=1, seed=False; inside this formation receives 341,163 KZT and sends 0 KZT (0% of its 0 KZT outflow)"
FAN-005,100000006177176100,receiver,"terminal, depth=1, seed=False; inside this formation receives 8,911 KZT and sends 0 KZT (0% of its 0 KZT outflow)"
FAN-005,100000006658598100,receiver,"terminal, depth=1, seed=False; inside this formation receives 9,000 KZT and sends 0 KZT (0% of its 0 KZT outflow)"
FAN-005,100000006952718100,receiver,"terminal, depth=1, seed=False; inside this formation receives 71,489 KZT and sends 0 KZT (0% of its 0 KZT outflow)"
FAN-005,100000007281639100,receiver,"terminal, depth=1, seed=False; inside this formation receives 147,000 KZT and sends 0 KZT (0% of its 0 KZT outflow)"
FAN-005,100000007641183100,receiver,"terminal, depth=1, seed=False; inside this formation receives 28,000 KZT and sends 0 KZT (0% of its 0 KZT outflow)"
FAN-005,100000008116374100,receiver,"terminal, depth=1, seed=False; inside this formation receives 31,284 KZT and sends 0 KZT (0% of its 0 KZT outflow)"
FAN-005,100000008173359100,receiver,"terminal, depth=1, seed=False; inside this formation receives 6,110 KZT and sends 0 KZT (0% of its 0 KZT outflow)"
FAN-005,100000008724279100,receiver,"terminal, depth=1, seed=False; inside this formation receives 11,750 KZT and sends 0 KZT (0% of its 0 KZT outflow)"
FAN-006,100000000555721100,receiver,"terminal, depth=1, seed=False; inside this formation receives 18,000 KZT and sends 0 KZT (0% of its 0 KZT outflow)"
FAN-006,100000000942301100,receiver,"terminal, depth=3, seed=False; inside this formation receives 57,580 KZT and sends 0 KZT (0% of its 0 KZT outflow)"
FAN-006,100000001110358100,receiver,"terminal, depth=3, seed=False; inside this formation receives 23,000 KZT and sends 0 KZT (0% of its 0 KZT outflow)"
FAN-006,100000002603769100,receiver,"terminal, depth=1, seed=False; inside this formation receives 276,400 KZT and sends 0 KZT (0% of its 0 KZT outflow)"
FAN-006,100000002697752100,receiver,"terminal, depth=3, seed=False; inside this formation receives 90,465 KZT and sends 0 KZT (0% of its 0 KZT outflow)"
FAN-006,100000003635660100,receiver,"terminal, depth=3, seed=False; inside this formation receives 18,985 KZT and sends 0 KZT (0% of its 0 KZT outflow)"
FAN-006,100000004917367100,receiver,"terminal, depth=3, seed=False; inside this formation receives 20,000 KZT and sends 0 KZT (0% of its 0 KZT outflow)"
FAN-006,100000005844459100,receiver,"terminal, depth=1, seed=False; inside this formation receives 93,400 KZT and sends 0 KZT (0% of its 0 KZT outflow)"
FAN-006,100000005857058100,receiver,"terminal, depth=3, seed=False; inside this formation receives 39,212 KZT and sends 0 KZT (0% of its 0 KZT outflow)"
FAN-006,100000006048193100,receiver,"terminal, depth=3, seed=False; inside this formation receives 41,559 KZT and sends 0 KZT (0% of its 0 KZT outflow)"
FAN-006,100000007484343100,receiver,"terminal, depth=3, seed=False; inside this formation receives 10,057 KZT and sends 0 KZT (0% of its 0 KZT outflow)"
FAN-006,100000008297199100,receiver,"terminal, depth=3, seed=False; inside this formation receives 42,268 KZT and sends 0 KZT (0% of its 0 KZT outflow)"
FAN-006,100000008459449100,receiver,"terminal, depth=3, seed=False; inside this formation receives 53,700 KZT and sends 0 KZT (0% of its 0 KZT outflow)"
FAN-006,100000008477350100,distributor,"distributor, depth=2, seed=False; inside this formation receives 0 KZT and sends 784,626 KZT (23% of its 3,374,866 KZT outflow) [breaking point]"
FAN-007,100000000555721100,receiver,"terminal, depth=1, seed=False; inside this formation receives 95,000 KZT and sends 0 KZT (0% of its 0 KZT outflow)"
FAN-007,100000000945428100,receiver,"terminal, depth=1, seed=False; inside this formation receives 89,629 KZT and sends 0 KZT (0% of its 0 KZT outflow)"
FAN-007,100000000961900100,receiver,"terminal, depth=1, seed=False; inside this formation receives 27,000 KZT and sends 0 KZT (0% of its 0 KZT outflow)"
FAN-007,100000001524952100,receiver,"terminal, depth=1, seed=False; inside this formation receives 103,807 KZT and sends 0 KZT (0% of its 0 KZT outflow)"
FAN-007,100000001550388100,receiver,"terminal, depth=1, seed=False; inside this formation receives 50,000 KZT and sends 0 KZT (0% of its 0 KZT outflow)"
FAN-007,100000002182176100,receiver,"terminal, depth=1, seed=False; inside this formation receives 42,465 KZT and sends 0 KZT (0% of its 0 KZT outflow)"
FAN-007,100000002511825100,receiver,"terminal, depth=1, seed=False; inside this formation receives 65,000 KZT and sends 0 KZT (0% of its 0 KZT outflow)"
FAN-007,100000002603769100,receiver,"terminal, depth=1, seed=False; inside this formation receives 149,968 KZT and sends 0 KZT (0% of its 0 KZT outflow)"
FAN-007,100000002645609100,receiver,"terminal, depth=1, seed=False; inside this formation receives 46,987 KZT and sends 0 KZT (0% of its 0 KZT outflow)"
FAN-007,100000002750956100,receiver,"terminal, depth=1, seed=False; inside this formation receives 47,416 KZT and sends 0 KZT (0% of its 0 KZT outflow)"
FAN-007,100000002809568100,receiver,"terminal, depth=1, seed=False; inside this formation receives 10,000 KZT and sends 0 KZT (0% of its 0 KZT outflow)"
FAN-007,100000002845605100,receiver,"terminal, depth=1, seed=False; inside this formation receives 57,567 KZT and sends 0 KZT (0% of its 0 KZT outflow)"
FAN-007,100000002934441100,receiver,"terminal, depth=1, seed=False; inside this formation receives 36,068 KZT and sends 0 KZT (0% of its 0 KZT outflow)"
FAN-007,100000003066385100,receiver,"terminal, depth=1, seed=False; inside this formation receives 10,000 KZT and sends 0 KZT (0% of its 0 KZT outflow)"
FAN-007,100000003102157100,receiver,"terminal, depth=1, seed=False; inside this formation receives 96,746 KZT and sends 0 KZT (0% of its 0 KZT outflow)"
FAN-007,100000003235780100,receiver,"terminal, depth=1, seed=False; inside this formation receives 15,000 KZT and sends 0 KZT (0% of its 0 KZT outflow)"
FAN-007,100000003449074100,receiver,"terminal, depth=1, seed=False; inside this formation receives 10,000 KZT and sends 0 KZT (0% of its 0 KZT outflow)"
FAN-007,100000004664515100,receiver,"terminal, depth=1, seed=False; inside this formation receives 37,691 KZT and sends 0 KZT (0% of its 0 KZT outflow)"
FAN-007,100000005496254100,receiver,"terminal, depth=1, seed=False; inside this formation receives 12,700 KZT and sends 0 KZT (0% of its 0 KZT outflow)"
FAN-007,100000005620225100,receiver,"terminal, depth=1, seed=False; inside this formation receives 43,923 KZT and sends 0 KZT (0% of its 0 KZT outflow)"
FAN-007,100000005844459100,receiver,"terminal, depth=1, seed=False; inside this formation receives 150,000 KZT and sends 0 KZT (0% of its 0 KZT outflow)"
FAN-007,100000006687202100,receiver,"terminal, depth=1, seed=False; inside this formation receives 50,000 KZT and sends 0 KZT (0% of its 0 KZT outflow)"
FAN-007,100000006866783100,distributor,"distributor, depth=0, seed=True; inside this formation receives 0 KZT and sends 1,523,033 KZT (39% of its 3,948,037 KZT outflow) [breaking point]"
FAN-007,100000008066326100,receiver,"terminal, depth=1, seed=False; inside this formation receives 19,320 KZT and sends 0 KZT (0% of its 0 KZT outflow)"
FAN-007,100000008071620100,receiver,"terminal, depth=1, seed=False; inside this formation receives 46,968 KZT and sends 0 KZT (0% of its 0 KZT outflow)"
FAN-007,100000008094734100,receiver,"terminal, depth=1, seed=False; inside this formation receives 150,000 KZT and sends 0 KZT (0% of its 0 KZT outflow)"
FAN-007,100000008221543100,receiver,"terminal, depth=1, seed=False; inside this formation receives 20,000 KZT and sends 0 KZT (0% of its 0 KZT outflow)"
FAN-007,100000008686234100,receiver,"terminal, depth=1, seed=False; inside this formation receives 39,778 KZT and sends 0 KZT (0% of its 0 KZT outflow)"
FAN-008,100000000625169100,receiver,"terminal, depth=2, seed=False; inside this formation receives 10,000 KZT and sends 0 KZT (0% of its 0 KZT outflow)"
FAN-008,100000000718427100,receiver,"terminal, depth=2, seed=False; inside this formation receives 6,000 KZT and sends 0 KZT (0% of its 0 KZT outflow)"
FAN-008,100000001308856100,receiver,"terminal, depth=2, seed=False; inside this formation receives 27,000 KZT and sends 0 KZT (0% of its 0 KZT outflow)"
FAN-008,100000001418900100,receiver,"terminal, depth=2, seed=False; inside this formation receives 40,140 KZT and sends 0 KZT (0% of its 0 KZT outflow)"
FAN-008,100000001697501100,distributor,"distributor, depth=1, seed=False; inside this formation receives 0 KZT and sends 784,406 KZT (53% of its 1,482,606 KZT outflow) [breaking point]"
FAN-008,100000002199091100,receiver,"terminal, depth=2, seed=False; inside this formation receives 65,000 KZT and sends 0 KZT (0% of its 0 KZT outflow)"
FAN-008,100000003336565100,receiver,"terminal, depth=2, seed=False; inside this formation receives 16,550 KZT and sends 0 KZT (0% of its 0 KZT outflow)"
FAN-008,100000004435304100,receiver,"terminal, depth=2, seed=False; inside this formation receives 26,200 KZT and sends 0 KZT (0% of its 0 KZT outflow)"
FAN-008,100000004825069100,receiver,"terminal, depth=2, seed=False; inside this formation receives 30,000 KZT and sends 0 KZT (0% of its 0 KZT outflow)"
FAN-008,100000007337374100,receiver,"terminal, depth=2, seed=False; inside this formation receives 20,000 KZT and sends 0 KZT (0% of its 0 KZT outflow)"
FAN-008,100000007982908100,receiver,"terminal, depth=2, seed=False; inside this formation receives 31,080 KZT and sends 0 KZT (0% of its 0 KZT outflow)"
FAN-008,100000008283183100,receiver,"terminal, depth=2, seed=False; inside this formation receives 29,000 KZT and sends 0 KZT (0% of its 0 KZT outflow)"
FAN-008,100000008478414100,receiver,"terminal, depth=2, seed=False; inside this formation receives 10,000 KZT and sends 0 KZT (0% of its 0 KZT outflow)"
FAN-008,100000008557672100,receiver,"terminal, depth=2, seed=False; inside this formation receives 49,125 KZT and sends 0 KZT (0% of its 0 KZT outflow)"
FAN-008,100000008656043100,receiver,"terminal, depth=2, seed=False; inside this formation receives 26,200 KZT and sends 0 KZT (0% of its 0 KZT outflow)"
FAN-008,100000008672480100,receiver,"terminal, depth=2, seed=False; inside this formation receives 13,000 KZT and sends 0 KZT (0% of its 0 KZT outflow)"
FAN-008,100000008672762100,receiver,"terminal, depth=2, seed=False; inside this formation receives 13,000 KZT and sends 0 KZT (0% of its 0 KZT outflow)"
FAN-008,100000008683818100,receiver,"terminal, depth=2, seed=False; inside this formation receives 17,400 KZT and sends 0 KZT (0% of its 0 KZT outflow)"
FAN-008,100000008687492100,receiver,"terminal, depth=2, seed=False; inside this formation receives 15,000 KZT and sends 0 KZT (0% of its 0 KZT outflow)"
FAN-008,100000008688476100,receiver,"terminal, depth=2, seed=False; inside this formation receives 24,000 KZT and sends 0 KZT (0% of its 0 KZT outflow)"
FAN-008,100000008688881100,receiver,"terminal, depth=2, seed=False; inside this formation receives 44,211 KZT and sends 0 KZT (0% of its 0 KZT outflow)"
FAN-008,100000008691168100,receiver,"terminal, depth=2, seed=False; inside this formation receives 24,000 KZT and sends 0 KZT (0% of its 0 KZT outflow)"
FAN-008,100000008696692100,receiver,"terminal, depth=2, seed=False; inside this formation receives 19,000 KZT and sends 0 KZT (0% of its 0 KZT outflow)"
FAN-008,100000008734364100,receiver,"terminal, depth=2, seed=False; inside this formation receives 26,200 KZT and sends 0 KZT (0% of its 0 KZT outflow)"
FAN-008,100000008736394100,receiver,"terminal, depth=2, seed=False; inside this formation receives 16,000 KZT and sends 0 KZT (0% of its 0 KZT outflow)"
FAN-008,100000008737958100,receiver,"terminal, depth=1, seed=False; inside this formation receives 22,000 KZT and sends 0 KZT (0% of its 0 KZT outflow)"
FAN-008,100000008742266100,receiver,"terminal, depth=2, seed=False; inside this formation receives 21,000 KZT and sends 0 KZT (0% of its 0 KZT outflow)"
FAN-008,100000008749989100,receiver,"terminal, depth=2, seed=False; inside this formation receives 16,000 KZT and sends 0 KZT (0% of its 0 KZT outflow)"
FAN-008,100000008764436100,receiver,"terminal, depth=2, seed=False; inside this formation receives 13,100 KZT and sends 0 KZT (0% of its 0 KZT outflow)"
FAN-008,100000008765494100,receiver,"terminal, depth=2, seed=False; inside this formation receives 24,000 KZT and sends 0 KZT (0% of its 0 KZT outflow)"
FAN-008,100000008771627100,receiver,"terminal, depth=2, seed=False; inside this formation receives 16,500 KZT and sends 0 KZT (0% of its 0 KZT outflow)"
FAN-008,100000008771814100,receiver,"terminal, depth=2, seed=False; inside this formation receives 23,700 KZT and sends 0 KZT (0% of its 0 KZT outflow)"
FAN-008,100000008772058100,receiver,"terminal, depth=2, seed=False; inside this formation receives 50,000 KZT and sends 0 KZT (0% of its 0 KZT outflow)"
FAN-009,100000000629812100,receiver,"terminal, depth=2, seed=False; inside this formation receives 10,000 KZT and sends 0 KZT (0% of its 0 KZT outflow)"
FAN-009,100000001530983100,distributor,"coordinator, depth=1, seed=False; inside this formation receives 0 KZT and sends 1,373,248 KZT (75% of its 1,829,538 KZT outflow) [breaking point]"
FAN-009,100000001578517100,receiver,"terminal, depth=2, seed=False; inside this formation receives 30,000 KZT and sends 0 KZT (0% of its 0 KZT outflow)"
FAN-009,100000002173070100,receiver,"terminal, depth=2, seed=False; inside this formation receives 30,000 KZT and sends 0 KZT (0% of its 0 KZT outflow)"
FAN-009,100000002469065100,receiver,"terminal, depth=2, seed=False; inside this formation receives 200,000 KZT and sends 0 KZT (0% of its 0 KZT outflow)"
FAN-009,100000002939838100,receiver,"terminal, depth=1, seed=False; inside this formation receives 340,000 KZT and sends 0 KZT (0% of its 0 KZT outflow)"
FAN-009,100000003112436100,receiver,"terminal, depth=2, seed=False; inside this formation receives 100,000 KZT and sends 0 KZT (0% of its 0 KZT outflow)"
FAN-009,100000004400361100,receiver,"terminal, depth=2, seed=False; inside this formation receives 10,000 KZT and sends 0 KZT (0% of its 0 KZT outflow)"
FAN-009,100000004756901100,receiver,"terminal, depth=2, seed=False; inside this formation receives 153,248 KZT and sends 0 KZT (0% of its 0 KZT outflow)"
FAN-009,100000006248077100,receiver,"terminal, depth=2, seed=False; inside this formation receives 50,000 KZT and sends 0 KZT (0% of its 0 KZT outflow)"
FAN-009,100000007617808100,receiver,"terminal, depth=2, seed=False; inside this formation receives 450,000 KZT and sends 0 KZT (0% of its 0 KZT outflow)"
FAN-010,100000000661131100,receiver,"terminal, depth=3, seed=False; inside this formation receives 15,600 KZT and sends 0 KZT (0% of its 0 KZT outflow)"
FAN-010,100000001149815100,receiver,"terminal, depth=3, seed=False; inside this formation receives 12,000 KZT and sends 0 KZT (0% of its 0 KZT outflow)"
FAN-010,100000001155773100,receiver,"terminal, depth=3, seed=False; inside this formation receives 21,500 KZT and sends 0 KZT (0% of its 0 KZT outflow)"
FAN-010,100000001632325100,receiver,"terminal, depth=3, seed=False; inside this formation receives 85,600 KZT and sends 0 KZT (0% of its 0 KZT outflow)"
FAN-010,100000002103448100,receiver,"terminal, depth=3, seed=False; inside this formation receives 27,000 KZT and sends 0 KZT (0% of its 0 KZT outflow)"
FAN-010,100000002116705100,receiver,"terminal, depth=3, seed=False; inside this formation receives 17,600 KZT and sends 0 KZT (0% of its 0 KZT outflow)"
FAN-010,100000002216999100,receiver,"terminal, depth=3, seed=False; inside this formation receives 23,677 KZT and sends 0 KZT (0% of its 0 KZT outflow)"
FAN-010,100000002305007100,receiver,"terminal, depth=3, seed=False; inside this formation receives 56,000 KZT and sends 0 KZT (0% of its 0 KZT outflow)"
FAN-010,100000002346166100,receiver,"terminal, depth=3, seed=False; inside this formation receives 6,000 KZT and sends 0 KZT (0% of its 0 KZT outflow)"
FAN-010,100000002369443100,receiver,"terminal, depth=3, seed=False; inside this formation receives 50,000 KZT and sends 0 KZT (0% of its 0 KZT outflow)"
FAN-010,100000002369510100,receiver,"terminal, depth=3, seed=False; inside this formation receives 37,150 KZT and sends 0 KZT (0% of its 0 KZT outflow)"
FAN-010,100000002373386100,receiver,"terminal, depth=3, seed=False; inside this formation receives 24,000 KZT and sends 0 KZT (0% of its 0 KZT outflow)"
FAN-010,100000002511581100,receiver,"terminal, depth=3, seed=False; inside this formation receives 17,600 KZT and sends 0 KZT (0% of its 0 KZT outflow)"
FAN-010,100000002578405100,distributor,"distributor, depth=2, seed=False; inside this formation receives 0 KZT and sends 2,965,277 KZT (95% of its 3,108,352 KZT outflow) [breaking point]"
FAN-010,100000002614095100,receiver,"terminal, depth=3, seed=False; inside this formation receives 5,300 KZT and sends 0 KZT (0% of its 0 KZT outflow)"
FAN-010,100000002646745100,receiver,"terminal, depth=3, seed=False; inside this formation receives 12,300 KZT and sends 0 KZT (0% of its 0 KZT outflow)"
FAN-010,100000002908521100,receiver,"terminal, depth=3, seed=False; inside this formation receives 44,500 KZT and sends 0 KZT (0% of its 0 KZT outflow)"
FAN-010,100000002913340100,receiver,"terminal, depth=3, seed=False; inside this formation receives 23,600 KZT and sends 0 KZT (0% of its 0 KZT outflow)"
FAN-010,100000004140994100,receiver,"terminal, depth=3, seed=False; inside this formation receives 18,650 KZT and sends 0 KZT (0% of its 0 KZT outflow)"
FAN-010,100000004257714100,receiver,"terminal, depth=3, seed=False; inside this formation receives 52,220 KZT and sends 0 KZT (0% of its 0 KZT outflow)"
FAN-010,100000004292885100,receiver,"terminal, depth=3, seed=False; inside this formation receives 112,700 KZT and sends 0 KZT (0% of its 0 KZT outflow)"
FAN-010,100000004634420100,receiver,"terminal, depth=3, seed=False; inside this formation receives 26,150 KZT and sends 0 KZT (0% of its 0 KZT outflow)"
FAN-010,100000005089460100,receiver,"terminal, depth=3, seed=False; inside this formation receives 12,300 KZT and sends 0 KZT (0% of its 0 KZT outflow)"
FAN-010,100000005198498100,receiver,"terminal, depth=3, seed=False; inside this formation receives 28,800 KZT and sends 0 KZT (0% of its 0 KZT outflow)"
FAN-010,100000005674387100,receiver,"terminal, depth=3, seed=False; inside this formation receives 26,200 KZT and sends 0 KZT (0% of its 0 KZT outflow)"
FAN-010,100000005847078100,receiver,"terminal, depth=3, seed=False; inside this formation receives 16,300 KZT and sends 0 KZT (0% of its 0 KZT outflow)"
FAN-010,100000005995391100,receiver,"terminal, depth=3, seed=False; inside this formation receives 17,200 KZT and sends 0 KZT (0% of its 0 KZT outflow)"
FAN-010,100000006471232100,receiver,"terminal, depth=3, seed=False; inside this formation receives 41,800 KZT and sends 0 KZT (0% of its 0 KZT outflow)"
FAN-010,100000006491272100,receiver,"terminal, depth=3, seed=False; inside this formation receives 26,200 KZT and sends 0 KZT (0% of its 0 KZT outflow)"
FAN-010,100000006701983100,receiver,"terminal, depth=3, seed=False; inside this formation receives 27,000 KZT and sends 0 KZT (0% of its 0 KZT outflow)"
FAN-010,100000006710485100,receiver,"terminal, depth=3, seed=False; inside this formation receives 20,000 KZT and sends 0 KZT (0% of its 0 KZT outflow)"
FAN-010,100000006746688100,receiver,"terminal, depth=3, seed=False; inside this formation receives 41,000 KZT and sends 0 KZT (0% of its 0 KZT outflow)"
FAN-010,100000007022818100,receiver,"terminal, depth=3, seed=False; inside this formation receives 17,200 KZT and sends 0 KZT (0% of its 0 KZT outflow)"
FAN-010,100000007303047100,receiver,"terminal, depth=3, seed=False; inside this formation receives 52,250 KZT and sends 0 KZT (0% of its 0 KZT outflow)"
FAN-010,100000008055972100,receiver,"terminal, depth=3, seed=False; inside this formation receives 28,300 KZT and sends 0 KZT (0% of its 0 KZT outflow)"
FAN-010,100000008190442100,receiver,"terminal, depth=3, seed=False; inside this formation receives 13,000 KZT and sends 0 KZT (0% of its 0 KZT outflow)"
FAN-010,100000008309514100,receiver,"terminal, depth=3, seed=False; inside this formation receives 17,200 KZT and sends 0 KZT (0% of its 0 KZT outflow)"
FAN-010,100000008463968100,receiver,"terminal, depth=3, seed=False; inside this formation receives 10,000 KZT and sends 0 KZT (0% of its 0 KZT outflow)"
FAN-010,100000008488166100,receiver,"terminal, depth=3, seed=False; inside this formation receives 5,600 KZT and sends 0 KZT (0% of its 0 KZT outflow)"
FAN-010,100000008489604100,receiver,"terminal, depth=3, seed=False; inside this formation receives 11,000 KZT and sends 0 KZT (0% of its 0 KZT outflow)"
FAN-010,100000008507703100,receiver,"terminal, depth=3, seed=False; inside this formation receives 28,500 KZT and sends 0 KZT (0% of its 0 KZT outflow)"
FAN-010,100000008537380100,receiver,"terminal, depth=3, seed=False; inside this formation receives 8,000 KZT and sends 0 KZT (0% of its 0 KZT outflow)"
FAN-010,100000008548853100,receiver,"terminal, depth=3, seed=False; inside this formation receives 14,000 KZT and sends 0 KZT (0% of its 0 KZT outflow)"
FAN-010,100000008653041100,receiver,"terminal, depth=3, seed=False; inside this formation receives 28,000 KZT and sends 0 KZT (0% of its 0 KZT outflow)"
FAN-010,100000008661550100,receiver,"terminal, depth=3, seed=False; inside this formation receives 22,800 KZT and sends 0 KZT (0% of its 0 KZT outflow)"
FAN-010,100000008662216100,receiver,"terminal, depth=3, seed=False; inside this formation receives 26,200 KZT and sends 0 KZT (0% of its 0 KZT outflow)"
FAN-010,100000008662805100,receiver,"terminal, depth=3, seed=False; inside this formation receives 16,500 KZT and sends 0 KZT (0% of its 0 KZT outflow)"
FAN-010,100000008663723100,receiver,"terminal, depth=3, seed=False; inside this formation receives 15,600 KZT and sends 0 KZT (0% of its 0 KZT outflow)"
FAN-010,100000008664774100,receiver,"terminal, depth=3, seed=False; inside this formation receives 16,300 KZT and sends 0 KZT (0% of its 0 KZT outflow)"
FAN-010,100000008667795100,receiver,"terminal, depth=3, seed=False; inside this formation receives 34,000 KZT and sends 0 KZT (0% of its 0 KZT outflow)"
FAN-010,100000008667799100,receiver,"terminal, depth=3, seed=False; inside this formation receives 34,000 KZT and sends 0 KZT (0% of its 0 KZT outflow)"
FAN-010,100000008668099100,receiver,"terminal, depth=3, seed=False; inside this formation receives 15,700 KZT and sends 0 KZT (0% of its 0 KZT outflow)"
FAN-010,100000008671081100,receiver,"terminal, depth=3, seed=False; inside this formation receives 37,200 KZT and sends 0 KZT (0% of its 0 KZT outflow)"
FAN-010,100000008671129100,receiver,"terminal, depth=3, seed=False; inside this formation receives 26,200 KZT and sends 0 KZT (0% of its 0 KZT outflow)"
FAN-010,100000008672493100,receiver,"terminal, depth=3, seed=False; inside this formation receives 14,000 KZT and sends 0 KZT (0% of its 0 KZT outflow)"
FAN-010,100000008677518100,receiver,"terminal, depth=3, seed=False; inside this formation receives 48,700 KZT and sends 0 KZT (0% of its 0 KZT outflow)"
FAN-010,100000008684452100,receiver,"terminal, depth=3, seed=False; inside this formation receives 51,800 KZT and sends 0 KZT (0% of its 0 KZT outflow)"
FAN-010,100000008684767100,receiver,"terminal, depth=3, seed=False; inside this formation receives 31,100 KZT and sends 0 KZT (0% of its 0 KZT outflow)"
FAN-010,100000008684951100,receiver,"terminal, depth=3, seed=False; inside this formation receives 17,200 KZT and sends 0 KZT (0% of its 0 KZT outflow)"
FAN-010,100000008686494100,receiver,"terminal, depth=3, seed=False; inside this formation receives 15,700 KZT and sends 0 KZT (0% of its 0 KZT outflow)"
FAN-010,100000008687617100,receiver,"terminal, depth=3, seed=False; inside this formation receives 43,350 KZT and sends 0 KZT (0% of its 0 KZT outflow)"
FAN-010,100000008687733100,receiver,"terminal, depth=3, seed=False; inside this formation receives 14,650 KZT and sends 0 KZT (0% of its 0 KZT outflow)"
FAN-010,100000008687990100,receiver,"terminal, depth=3, seed=False; inside this formation receives 17,600 KZT and sends 0 KZT (0% of its 0 KZT outflow)"
FAN-010,100000008688109100,receiver,"terminal, depth=3, seed=False; inside this formation receives 12,800 KZT and sends 0 KZT (0% of its 0 KZT outflow)"
FAN-010,100000008688155100,receiver,"terminal, depth=3, seed=False; inside this formation receives 23,600 KZT and sends 0 KZT (0% of its 0 KZT outflow)"
FAN-010,100000008690762100,receiver,"terminal, depth=3, seed=False; inside this formation receives 26,750 KZT and sends 0 KZT (0% of its 0 KZT outflow)"
FAN-010,100000008695133100,receiver,"terminal, depth=3, seed=False; inside this formation receives 36,610 KZT and sends 0 KZT (0% of its 0 KZT outflow)"
FAN-010,100000008695566100,receiver,"terminal, depth=3, seed=False; inside this formation receives 33,700 KZT and sends 0 KZT (0% of its 0 KZT outflow)"
FAN-010,100000008695689100,receiver,"terminal, depth=3, seed=False; inside this formation receives 26,200 KZT and sends 0 KZT (0% of its 0 KZT outflow)"
FAN-010,100000008697670100,receiver,"terminal, depth=3, seed=False; inside this formation receives 25,350 KZT and sends 0 KZT (0% of its 0 KZT outflow)"
FAN-010,100000008706846100,receiver,"terminal, depth=3, seed=False; inside this formation receives 14,200 KZT and sends 0 KZT (0% of its 0 KZT outflow)"
FAN-010,100000008706947100,receiver,"terminal, depth=3, seed=False; inside this formation receives 17,200 KZT and sends 0 KZT (0% of its 0 KZT outflow)"
FAN-010,100000008707810100,receiver,"terminal, depth=3, seed=False; inside this formation receives 26,200 KZT and sends 0 KZT (0% of its 0 KZT outflow)"
FAN-010,100000008708061100,receiver,"terminal, depth=3, seed=False; inside this formation receives 8,650 KZT and sends 0 KZT (0% of its 0 KZT outflow)"
FAN-010,100000008708595100,receiver,"terminal, depth=3, seed=False; inside this formation receives 17,200 KZT and sends 0 KZT (0% of its 0 KZT outflow)"
FAN-010,100000008708743100,receiver,"terminal, depth=3, seed=False; inside this formation receives 15,550 KZT and sends 0 KZT (0% of its 0 KZT outflow)"
FAN-010,100000008712036100,receiver,"terminal, depth=3, seed=False; inside this formation receives 21,000 KZT and sends 0 KZT (0% of its 0 KZT outflow)"
FAN-010,100000008712184100,receiver,"terminal, depth=3, seed=False; inside this formation receives 18,000 KZT and sends 0 KZT (0% of its 0 KZT outflow)"
FAN-010,100000008712827100,receiver,"terminal, depth=3, seed=False; inside this formation receives 76,000 KZT and sends 0 KZT (0% of its 0 KZT outflow)"
FAN-010,100000008712991100,receiver,"terminal, depth=3, seed=False; inside this formation receives 66,100 KZT and sends 0 KZT (0% of its 0 KZT outflow)"
FAN-010,100000008713685100,receiver,"terminal, depth=3, seed=False; inside this formation receives 49,700 KZT and sends 0 KZT (0% of its 0 KZT outflow)"
FAN-010,100000008715887100,receiver,"terminal, depth=3, seed=False; inside this formation receives 18,000 KZT and sends 0 KZT (0% of its 0 KZT outflow)"
FAN-010,100000008716072100,receiver,"terminal, depth=3, seed=False; inside this formation receives 12,100 KZT and sends 0 KZT (0% of its 0 KZT outflow)"
FAN-010,100000008717802100,receiver,"terminal, depth=3, seed=False; inside this formation receives 26,150 KZT and sends 0 KZT (0% of its 0 KZT outflow)"
FAN-010,100000008718811100,receiver,"terminal, depth=3, seed=False; inside this formation receives 73,300 KZT and sends 0 KZT (0% of its 0 KZT outflow)"
FAN-010,100000008720668100,receiver,"terminal, depth=3, seed=False; inside this formation receives 16,000 KZT and sends 0 KZT (0% of its 0 KZT outflow)"
FAN-010,100000008735832100,receiver,"terminal, depth=3, seed=False; inside this formation receives 17,600 KZT and sends 0 KZT (0% of its 0 KZT outflow)"
FAN-010,100000008738658100,receiver,"terminal, depth=3, seed=False; inside this formation receives 29,920 KZT and sends 0 KZT (0% of its 0 KZT outflow)"
FAN-010,100000008740793100,receiver,"terminal, depth=3, seed=False; inside this formation receives 21,000 KZT and sends 0 KZT (0% of its 0 KZT outflow)"
FAN-010,100000008744364100,receiver,"terminal, depth=3, seed=False; inside this formation receives 23,700 KZT and sends 0 KZT (0% of its 0 KZT outflow)"
FAN-010,100000008744799100,receiver,"terminal, depth=3, seed=False; inside this formation receives 12,600 KZT and sends 0 KZT (0% of its 0 KZT outflow)"
FAN-010,100000008745863100,receiver,"terminal, depth=3, seed=False; inside this formation receives 22,900 KZT and sends 0 KZT (0% of its 0 KZT outflow)"
FAN-010,100000008745884100,receiver,"terminal, depth=3, seed=False; inside this formation receives 20,000 KZT and sends 0 KZT (0% of its 0 KZT outflow)"
FAN-010,100000008749405100,receiver,"terminal, depth=3, seed=False; inside this formation receives 37,150 KZT and sends 0 KZT (0% of its 0 KZT outflow)"
FAN-010,100000008749900100,receiver,"terminal, depth=3, seed=False; inside this formation receives 17,150 KZT and sends 0 KZT (0% of its 0 KZT outflow)"
FAN-010,100000008750464100,receiver,"terminal, depth=3, seed=False; inside this formation receives 8,500 KZT and sends 0 KZT (0% of its 0 KZT outflow)"
FAN-010,100000008753061100,receiver,"terminal, depth=3, seed=False; inside this formation receives 28,400 KZT and sends 0 KZT (0% of its 0 KZT outflow)"
FAN-010,100000008753897100,receiver,"terminal, depth=3, seed=False; inside this formation receives 24,050 KZT and sends 0 KZT (0% of its 0 KZT outflow)"
FAN-010,100000008754608100,receiver,"terminal, depth=3, seed=False; inside this formation receives 12,300 KZT and sends 0 KZT (0% of its 0 KZT outflow)"
FAN-010,100000008754747100,receiver,"terminal, depth=3, seed=False; inside this formation receives 45,500 KZT and sends 0 KZT (0% of its 0 KZT outflow)"
FAN-010,100000008754997100,receiver,"terminal, depth=3, seed=False; inside this formation receives 18,000 KZT and sends 0 KZT (0% of its 0 KZT outflow)"
FAN-010,100000008755168100,receiver,"terminal, depth=3, seed=False; inside this formation receives 17,600 KZT and sends 0 KZT (0% of its 0 KZT outflow)"
FAN-010,100000008755580100,receiver,"terminal, depth=3, seed=False; inside this formation receives 16,000 KZT and sends 0 KZT (0% of its 0 KZT outflow)"
FAN-010,100000008763688100,receiver,"terminal, depth=3, seed=False; inside this formation receives 21,000 KZT and sends 0 KZT (0% of its 0 KZT outflow)"
FAN-010,100000008764654100,receiver,"terminal, depth=3, seed=False; inside this formation receives 26,150 KZT and sends 0 KZT (0% of its 0 KZT outflow)"
FAN-010,100000008767950100,receiver,"terminal, depth=3, seed=False; inside this formation receives 17,350 KZT and sends 0 KZT (0% of its 0 KZT outflow)"
FAN-010,100000008769097100,receiver,"terminal, depth=3, seed=False; inside this formation receives 31,100 KZT and sends 0 KZT (0% of its 0 KZT outflow)"
FAN-010,100000008772246100,receiver,"terminal, depth=3, seed=False; inside this formation receives 44,500 KZT and sends 0 KZT (0% of its 0 KZT outflow)"
FAN-010,100000008776310100,receiver,"terminal, depth=3, seed=False; inside this formation receives 19,200 KZT and sends 0 KZT (0% of its 0 KZT outflow)"
FAN-010,100000008776420100,receiver,"terminal, depth=3, seed=False; inside this formation receives 69,500 KZT and sends 0 KZT (0% of its 0 KZT outflow)"
FAN-010,100000008776720100,receiver,"terminal, depth=3, seed=False; inside this formation receives 26,150 KZT and sends 0 KZT (0% of its 0 KZT outflow)"
FAN-011,100000000703902100,receiver,"terminal, depth=1, seed=False; inside this formation receives 25,499 KZT and sends 0 KZT (0% of its 0 KZT outflow)"
FAN-011,100000000907277100,receiver,"terminal, depth=1, seed=False; inside this formation receives 17,534 KZT and sends 0 KZT (0% of its 0 KZT outflow)"
FAN-011,100000000968253100,receiver,"terminal, depth=1, seed=False; inside this formation receives 15,000 KZT and sends 0 KZT (0% of its 0 KZT outflow)"
FAN-011,100000000978041100,receiver,"terminal, depth=1, seed=False; inside this formation receives 44,445 KZT and sends 0 KZT (0% of its 0 KZT outflow)"
FAN-011,100000001103905100,receiver,"terminal, depth=1, seed=False; inside this formation receives 18,000 KZT and sends 0 KZT (0% of its 0 KZT outflow)"
FAN-011,100000001111763100,receiver,"terminal, depth=1, seed=False; inside this formation receives 17,144 KZT and sends 0 KZT (0% of its 0 KZT outflow)"
FAN-011,100000001307612100,receiver,"terminal, depth=1, seed=False; inside this formation receives 38,483 KZT and sends 0 KZT (0% of its 0 KZT outflow)"
FAN-011,100000001389255100,receiver,"terminal, depth=1, seed=False; inside this formation receives 16,136 KZT and sends 0 KZT (0% of its 0 KZT outflow)"
FAN-011,100000001716579100,receiver,"terminal, depth=1, seed=False; inside this formation receives 13,916 KZT and sends 0 KZT (0% of its 0 KZT outflow)"
FAN-011,100000001870116100,receiver,"terminal, depth=1, seed=False; inside this formation receives 24,000 KZT and sends 0 KZT (0% of its 0 KZT outflow)"
FAN-011,100000001952325100,receiver,"terminal, depth=1, seed=False; inside this formation receives 77,888 KZT and sends 0 KZT (0% of its 0 KZT outflow)"
FAN-011,100000001953577100,receiver,"terminal, depth=1, seed=False; inside this formation receives 15,600 KZT and sends 0 KZT (0% of its 0 KZT outflow)"
FAN-011,100000002158488100,receiver,"terminal, depth=1, seed=False; inside this formation receives 31,723 KZT and sends 0 KZT (0% of its 0 KZT outflow)"
FAN-011,100000002211413100,receiver,"terminal, depth=1, seed=False; inside this formation receives 37,000 KZT and sends 0 KZT (0% of its 0 KZT outflow)"
FAN-011,100000002214570100,receiver,"terminal, depth=1, seed=False; inside this formation receives 26,471 KZT and sends 0 KZT (0% of its 0 KZT outflow)"
FAN-011,100000002243354100,receiver,"terminal, depth=1, seed=False; inside this formation receives 20,879 KZT and sends 0 KZT (0% of its 0 KZT outflow)"
FAN-011,100000002289937100,receiver,"terminal, depth=1, seed=False; inside this formation receives 20,000 KZT and sends 0 KZT (0% of its 0 KZT outflow)"
FAN-011,100000002527114100,distributor,"distributor, depth=0, seed=True; inside this formation receives 0 KZT and sends 3,202,249 KZT (97% of its 3,289,249 KZT outflow) [breaking point]"
FAN-011,100000002810870100,receiver,"terminal, depth=1, seed=False; inside this formation receives 33,677 KZT and sends 0 KZT (0% of its 0 KZT outflow)"
FAN-011,100000002830055100,receiver,"terminal, depth=1, seed=False; inside this formation receives 14,000 KZT and sends 0 KZT (0% of its 0 KZT outflow)"
FAN-011,100000002858835100,receiver,"terminal, depth=1, seed=False; inside this formation receives 24,400 KZT and sends 0 KZT (0% of its 0 KZT outflow)"
FAN-011,100000002982252100,receiver,"terminal, depth=1, seed=False; inside this formation receives 20,320 KZT and sends 0 KZT (0% of its 0 KZT outflow)"
FAN-011,100000002992171100,receiver,"terminal, depth=1, seed=False; inside this formation receives 14,627 KZT and sends 0 KZT (0% of its 0 KZT outflow)"
FAN-011,100000003119550100,receiver,"terminal, depth=1, seed=False; inside this formation receives 21,000 KZT and sends 0 KZT (0% of its 0 KZT outflow)"
FAN-011,100000003187359100,receiver,"terminal, depth=1, seed=False; inside this formation receives 19,072 KZT and sends 0 KZT (0% of its 0 KZT outflow)"
FAN-011,100000003567087100,receiver,"terminal, depth=1, seed=False; inside this formation receives 62,115 KZT and sends 0 KZT (0% of its 0 KZT outflow)"
FAN-011,100000004058740100,receiver,"terminal, depth=1, seed=False; inside this formation receives 30,000 KZT and sends 0 KZT (0% of its 0 KZT outflow)"
FAN-011,100000004213658100,receiver,"terminal, depth=1, seed=False; inside this formation receives 25,347 KZT and sends 0 KZT (0% of its 0 KZT outflow)"
FAN-011,100000004218576100,receiver,"terminal, depth=1, seed=False; inside this formation receives 26,144 KZT and sends 0 KZT (0% of its 0 KZT outflow)"
FAN-011,100000004254434100,receiver,"terminal, depth=1, seed=False; inside this formation receives 44,445 KZT and sends 0 KZT (0% of its 0 KZT outflow)"
FAN-011,100000004388209100,receiver,"terminal, depth=1, seed=False; inside this formation receives 11,800 KZT and sends 0 KZT (0% of its 0 KZT outflow)"
FAN-011,100000004491881100,receiver,"terminal, depth=1, seed=False; inside this formation receives 17,144 KZT and sends 0 KZT (0% of its 0 KZT outflow)"
FAN-011,100000004494983100,receiver,"terminal, depth=1, seed=False; inside this formation receives 35,000 KZT and sends 0 KZT (0% of its 0 KZT outflow)"
FAN-011,100000004497606100,receiver,"terminal, depth=1, seed=False; inside this formation receives 15,534 KZT and sends 0 KZT (0% of its 0 KZT outflow)"
FAN-011,100000004783447100,receiver,"terminal, depth=1, seed=False; inside this formation receives 26,200 KZT and sends 0 KZT (0% of its 0 KZT outflow)"
FAN-011,100000004792397100,receiver,"terminal, depth=1, seed=False; inside this formation receives 73,520 KZT and sends 0 KZT (0% of its 0 KZT outflow)"
FAN-011,100000004841728100,receiver,"terminal, depth=1, seed=False; inside this formation receives 52,208 KZT and sends 0 KZT (0% of its 0 KZT outflow)"
FAN-011,100000005092518100,receiver,"terminal, depth=1, seed=False; inside this formation receives 26,144 KZT and sends 0 KZT (0% of its 0 KZT outflow)"
FAN-011,100000005228059100,receiver,"terminal, depth=1, seed=False; inside this formation receives 26,000 KZT and sends 0 KZT (0% of its 0 KZT outflow)"
FAN-011,100000005877725100,receiver,"terminal, depth=1, seed=False; inside this formation receives 70,000 KZT and sends 0 KZT (0% of its 0 KZT outflow)"
FAN-011,100000005901606100,receiver,"terminal, depth=1, seed=False; inside this formation receives 35,660 KZT and sends 0 KZT (0% of its 0 KZT outflow)"
FAN-011,100000005961971100,receiver,"terminal, depth=1, seed=False; inside this formation receives 47,353 KZT and sends 0 KZT (0% of its 0 KZT outflow)"
FAN-011,100000006030946100,receiver,"terminal, depth=1, seed=False; inside this formation receives 73,289 KZT and sends 0 KZT (0% of its 0 KZT outflow)"
FAN-011,100000006326645100,receiver,"terminal, depth=1, seed=False; inside this formation receives 25,264 KZT and sends 0 KZT (0% of its 0 KZT outflow)"
FAN-011,100000006369769100,receiver,"terminal, depth=1, seed=False; inside this formation receives 40,000 KZT and sends 0 KZT (0% of its 0 KZT outflow)"
FAN-011,100000007631637100,receiver,"terminal, depth=1, seed=False; inside this formation receives 15,341 KZT and sends 0 KZT (0% of its 0 KZT outflow)"
FAN-011,100000007938486100,receiver,"terminal, depth=1, seed=False; inside this formation receives 39,500 KZT and sends 0 KZT (0% of its 0 KZT outflow)"
FAN-011,100000008028628100,receiver,"terminal, depth=1, seed=False; inside this formation receives 57,224 KZT and sends 0 KZT (0% of its 0 KZT outflow)"
FAN-011,100000008470470100,receiver,"terminal, depth=1, seed=False; inside this formation receives 33,547 KZT and sends 0 KZT (0% of its 0 KZT outflow)"
FAN-011,100000008661585100,receiver,"terminal, depth=1, seed=False; inside this formation receives 43,141 KZT and sends 0 KZT (0% of its 0 KZT outflow)"
FAN-011,100000008663007100,receiver,"terminal, depth=1, seed=False; inside this formation receives 14,000 KZT and sends 0 KZT (0% of its 0 KZT outflow)"
FAN-011,100000008666075100,receiver,"terminal, depth=1, seed=False; inside this formation receives 26,217 KZT and sends 0 KZT (0% of its 0 KZT outflow)"
FAN-011,100000008667058100,receiver,"terminal, depth=1, seed=False; inside this formation receives 17,534 KZT and sends 0 KZT (0% of its 0 KZT outflow)"
FAN-011,100000008670667100,receiver,"terminal, depth=1, seed=False; inside this formation receives 15,534 KZT and sends 0 KZT (0% of its 0 KZT outflow)"
FAN-011,100000008671026100,receiver,"terminal, depth=1, seed=False; inside this formation receives 23,534 KZT and sends 0 KZT (0% of its 0 KZT outflow)"
FAN-011,100000008672162100,receiver,"terminal, depth=1, seed=False; inside this formation receives 15,550 KZT and sends 0 KZT (0% of its 0 KZT outflow)"
FAN-011,100000008672200100,receiver,"terminal, depth=1, seed=False; inside this formation receives 8,511 KZT and sends 0 KZT (0% of its 0 KZT outflow)"
FAN-011,100000008679986100,receiver,"terminal, depth=1, seed=False; inside this formation receives 19,000 KZT and sends 0 KZT (0% of its 0 KZT outflow)"
FAN-011,100000008680451100,receiver,"terminal, depth=1, seed=False; inside this formation receives 23,534 KZT and sends 0 KZT (0% of its 0 KZT outflow)"
FAN-011,100000008687671100,receiver,"terminal, depth=1, seed=False; inside this formation receives 37,500 KZT and sends 0 KZT (0% of its 0 KZT outflow)"
FAN-011,100000008690932100,receiver,"terminal, depth=1, seed=False; inside this formation receives 23,000 KZT and sends 0 KZT (0% of its 0 KZT outflow)"
FAN-011,100000008691027100,receiver,"terminal, depth=1, seed=False; inside this formation receives 17,534 KZT and sends 0 KZT (0% of its 0 KZT outflow)"
FAN-011,100000008691330100,receiver,"terminal, depth=1, seed=False; inside this formation receives 21,440 KZT and sends 0 KZT (0% of its 0 KZT outflow)"
FAN-011,100000008691495100,receiver,"terminal, depth=1, seed=False; inside this formation receives 27,000 KZT and sends 0 KZT (0% of its 0 KZT outflow)"
FAN-011,100000008693069100,receiver,"terminal, depth=1, seed=False; inside this formation receives 20,000 KZT and sends 0 KZT (0% of its 0 KZT outflow)"
FAN-011,100000008695495100,receiver,"terminal, depth=1, seed=False; inside this formation receives 21,000 KZT and sends 0 KZT (0% of its 0 KZT outflow)"
FAN-011,100000008696919100,receiver,"terminal, depth=1, seed=False; inside this formation receives 31,945 KZT and sends 0 KZT (0% of its 0 KZT outflow)"
FAN-011,100000008708368100,receiver,"terminal, depth=1, seed=False; inside this formation receives 23,677 KZT and sends 0 KZT (0% of its 0 KZT outflow)"
FAN-011,100000008716222100,receiver,"terminal, depth=1, seed=False; inside this formation receives 18,000 KZT and sends 0 KZT (0% of its 0 KZT outflow)"
FAN-011,100000008716439100,receiver,"terminal, depth=1, seed=False; inside this formation receives 12,267 KZT and sends 0 KZT (0% of its 0 KZT outflow)"
FAN-011,100000008716773100,receiver,"terminal, depth=1, seed=False; inside this formation receives 15,677 KZT and sends 0 KZT (0% of its 0 KZT outflow)"
FAN-011,100000008717340100,receiver,"terminal, depth=1, seed=False; inside this formation receives 41,500 KZT and sends 0 KZT (0% of its 0 KZT outflow)"
FAN-011,100000008717341100,receiver,"terminal, depth=1, seed=False; inside this formation receives 14,627 KZT and sends 0 KZT (0% of its 0 KZT outflow)"
FAN-011,100000008718089100,receiver,"terminal, depth=1, seed=False; inside this formation receives 15,534 KZT and sends 0 KZT (0% of its 0 KZT outflow)"
FAN-011,100000008720798100,receiver,"terminal, depth=1, seed=False; inside this formation receives 15,534 KZT and sends 0 KZT (0% of its 0 KZT outflow)"
FAN-011,100000008722328100,receiver,"terminal, depth=1, seed=False; inside this formation receives 23,677 KZT and sends 0 KZT (0% of its 0 KZT outflow)"
FAN-011,100000008729801100,receiver,"terminal, depth=1, seed=False; inside this formation receives 17,534 KZT and sends 0 KZT (0% of its 0 KZT outflow)"
FAN-011,100000008732098100,receiver,"terminal, depth=1, seed=False; inside this formation receives 15,677 KZT and sends 0 KZT (0% of its 0 KZT outflow)"
FAN-011,100000008735384100,receiver,"terminal, depth=1, seed=False; inside this formation receives 39,220 KZT and sends 0 KZT (0% of its 0 KZT outflow)"
FAN-011,100000008736173100,receiver,"terminal, depth=1, seed=False; inside this formation receives 31,060 KZT and sends 0 KZT (0% of its 0 KZT outflow)"
FAN-011,100000008736760100,receiver,"terminal, depth=1, seed=False; inside this formation receives 54,757 KZT and sends 0 KZT (0% of its 0 KZT outflow)"
FAN-011,100000008737422100,receiver,"terminal, depth=1, seed=False; inside this formation receives 76,903 KZT and sends 0 KZT (0% of its 0 KZT outflow)"
FAN-011,100000008737958100,receiver,"terminal, depth=1, seed=False; inside this formation receives 31,373 KZT and sends 0 KZT (0% of its 0 KZT outflow)"
FAN-011,100000008741372100,receiver,"terminal, depth=1, seed=False; inside this formation receives 35,975 KZT and sends 0 KZT (0% of its 0 KZT outflow)"
FAN-011,100000008744849100,receiver,"terminal, depth=1, seed=False; inside this formation receives 44,445 KZT and sends 0 KZT (0% of its 0 KZT outflow)"
FAN-011,100000008745474100,receiver,"terminal, depth=1, seed=False; inside this formation receives 40,559 KZT and sends 0 KZT (0% of its 0 KZT outflow)"
FAN-011,100000008745489100,receiver,"terminal, depth=1, seed=False; inside this formation receives 55,539 KZT and sends 0 KZT (0% of its 0 KZT outflow)"
FAN-011,100000008745643100,receiver,"terminal, depth=1, seed=False; inside this formation receives 20,313 KZT and sends 0 KZT (0% of its 0 KZT outflow)"
FAN-011,100000008745725100,receiver,"terminal, depth=1, seed=False; inside this formation receives 47,060 KZT and sends 0 KZT (0% of its 0 KZT outflow)"
FAN-011,100000008746025100,receiver,"terminal, depth=1, seed=False; inside this formation receives 22,000 KZT and sends 0 KZT (0% of its 0 KZT outflow)"
FAN-011,100000008746673100,receiver,"terminal, depth=1, seed=False; inside this formation receives 53,048 KZT and sends 0 KZT (0% of its 0 KZT outflow)"
FAN-011,100000008749063100,receiver,"terminal, depth=1, seed=False; inside this formation receives 19,000 KZT and sends 0 KZT (0% of its 0 KZT outflow)"
FAN-011,100000008749406100,receiver,"terminal, depth=1, seed=False; inside this formation receives 17,144 KZT and sends 0 KZT (0% of its 0 KZT outflow)"
FAN-011,100000008749618100,receiver,"terminal, depth=1, seed=False; inside this formation receives 47,280 KZT and sends 0 KZT (0% of its 0 KZT outflow)"
FAN-011,100000008753193100,receiver,"terminal, depth=1, seed=False; inside this formation receives 35,225 KZT and sends 0 KZT (0% of its 0 KZT outflow)"
FAN-011,100000008755361100,receiver,"terminal, depth=1, seed=False; inside this formation receives 14,627 KZT and sends 0 KZT (0% of its 0 KZT outflow)"
FAN-011,100000008767925100,receiver,"terminal, depth=1, seed=False; inside this formation receives 17,144 KZT and sends 0 KZT (0% of its 0 KZT outflow)"
FAN-011,100000008768896100,receiver,"terminal, depth=1, seed=False; inside this formation receives 47,060 KZT and sends 0 KZT (0% of its 0 KZT outflow)"
FAN-011,100000008769636100,receiver,"terminal, depth=1, seed=False; inside this formation receives 23,118 KZT and sends 0 KZT (0% of its 0 KZT outflow)"
FAN-011,100000008771819100,receiver,"terminal, depth=1, seed=False; inside this formation receives 38,900 KZT and sends 0 KZT (0% of its 0 KZT outflow)"
FAN-011,100000008773876100,receiver,"terminal, depth=1, seed=False; inside this formation receives 26,120 KZT and sends 0 KZT (0% of its 0 KZT outflow)"
FAN-011,100000008776298100,receiver,"terminal, depth=1, seed=False; inside this formation receives 42,800 KZT and sends 0 KZT (0% of its 0 KZT outflow)"
FAN-011,100000008776576100,receiver,"terminal, depth=1, seed=False; inside this formation receives 14,765 KZT and sends 0 KZT (0% of its 0 KZT outflow)"
FAN-011,100000008777088100,receiver,"terminal, depth=1, seed=False; inside this formation receives 18,000 KZT and sends 0 KZT (0% of its 0 KZT outflow)"
FAN-011,100000008779584100,receiver,"terminal, depth=1, seed=False; inside this formation receives 31,400 KZT and sends 0 KZT (0% of its 0 KZT outflow)"
FAN-011,100000008782056100,receiver,"terminal, depth=1, seed=False; inside this formation receives 29,082 KZT and sends 0 KZT (0% of its 0 KZT outflow)"
FAN-011,100000008782421100,receiver,"terminal, depth=1, seed=False; inside this formation receives 49,680 KZT and sends 0 KZT (0% of its 0 KZT outflow)"
FAN-011,100000008782800100,receiver,"terminal, depth=1, seed=False; inside this formation receives 43,381 KZT and sends 0 KZT (0% of its 0 KZT outflow)"
FAN-012,100000000790311100,receiver,"terminal, depth=2, seed=False; inside this formation receives 46,300 KZT and sends 0 KZT (0% of its 0 KZT outflow)"
FAN-012,100000000795129100,receiver,"terminal, depth=2, seed=False; inside this formation receives 332,000 KZT and sends 0 KZT (0% of its 0 KZT outflow)"
FAN-012,100000001138376100,receiver,"terminal, depth=2, seed=False; inside this formation receives 15,300 KZT and sends 0 KZT (0% of its 0 KZT outflow)"
FAN-012,100000001184915100,receiver,"terminal, depth=2, seed=False; inside this formation receives 201,000 KZT and sends 0 KZT (0% of its 0 KZT outflow)"
FAN-012,100000002028158100,receiver,"terminal, depth=2, seed=False; inside this formation receives 34,800 KZT and sends 0 KZT (0% of its 0 KZT outflow)"
FAN-012,100000002742067100,receiver,"terminal, depth=2, seed=False; inside this formation receives 12,730 KZT and sends 0 KZT (0% of its 0 KZT outflow)"
FAN-012,100000002956898100,receiver,"terminal, depth=2, seed=False; inside this formation receives 233,000 KZT and sends 0 KZT (0% of its 0 KZT outflow)"
FAN-012,100000003221384100,receiver,"terminal, depth=2, seed=False; inside this formation receives 511,200 KZT and sends 0 KZT (0% of its 0 KZT outflow)"
FAN-012,100000003927792100,receiver,"terminal, depth=2, seed=False; inside this formation receives 13,067 KZT and sends 0 KZT (0% of its 0 KZT outflow)"
FAN-012,100000004156082100,distributor,"distributor, depth=1, seed=False; inside this formation receives 0 KZT and sends 1,787,307 KZT (77% of its 2,319,556 KZT outflow) [breaking point]"
FAN-012,100000004993576100,receiver,"terminal, depth=2, seed=False; inside this formation receives 167,000 KZT and sends 0 KZT (0% of its 0 KZT outflow)"
FAN-012,100000005030592100,receiver,"terminal, depth=2, seed=False; inside this formation receives 10,000 KZT and sends 0 KZT (0% of its 0 KZT outflow)"
FAN-012,100000005326681100,receiver,"terminal, depth=2, seed=False; inside this formation receives 31,228 KZT and sends 0 KZT (0% of its 0 KZT outflow)"
FAN-012,100000007281639100,receiver,"terminal, depth=1, seed=False; inside this formation receives 69,770 KZT and sends 0 KZT (0% of its 0 KZT outflow)"
FAN-012,100000008289539100,receiver,"terminal, depth=2, seed=False; inside this formation receives 14,912 KZT and sends 0 KZT (0% of its 0 KZT outflow)"
FAN-012,100000008733049100,receiver,"terminal, depth=2, seed=False; inside this formation receives 10,000 KZT and sends 0 KZT (0% of its 0 KZT outflow)"
FAN-012,100000008737514100,receiver,"terminal, depth=2, seed=False; inside this formation receives 85,000 KZT and sends 0 KZT (0% of its 0 KZT outflow)"
FAN-013,100000000795374100,receiver,"terminal, depth=3, seed=False; inside this formation receives 50,000 KZT and sends 0 KZT (0% of its 0 KZT outflow)"
FAN-013,100000001853812100,receiver,"terminal, depth=3, seed=False; inside this formation receives 70,000 KZT and sends 0 KZT (0% of its 0 KZT outflow)"
FAN-013,100000002232266100,receiver,"terminal, depth=3, seed=False; inside this formation receives 45,000 KZT and sends 0 KZT (0% of its 0 KZT outflow)"
FAN-013,100000002681544100,receiver,"terminal, depth=3, seed=False; inside this formation receives 35,107 KZT and sends 0 KZT (0% of its 0 KZT outflow)"
FAN-013,100000002697752100,receiver,"terminal, depth=3, seed=False; inside this formation receives 100,320 KZT and sends 0 KZT (0% of its 0 KZT outflow)"
FAN-013,100000002704875100,receiver,"terminal, depth=1, seed=False; inside this formation receives 112,676 KZT and sends 0 KZT (0% of its 0 KZT outflow)"
FAN-013,100000002736316100,receiver,"terminal, depth=3, seed=False; inside this formation receives 47,942 KZT and sends 0 KZT (0% of its 0 KZT outflow)"
FAN-013,100000002936322100,receiver,"terminal, depth=3, seed=False; inside this formation receives 187,167 KZT and sends 0 KZT (0% of its 0 KZT outflow)"
FAN-013,100000003073635100,receiver,"terminal, depth=3, seed=False; inside this formation receives 129,231 KZT and sends 0 KZT (0% of its 0 KZT outflow)"
FAN-013,100000003134934100,receiver,"terminal, depth=2, seed=False; inside this formation receives 93,569 KZT and sends 0 KZT (0% of its 0 KZT outflow)"
FAN-013,100000003271151100,receiver,"terminal, depth=3, seed=False; inside this formation receives 127,294 KZT and sends 0 KZT (0% of its 0 KZT outflow)"
FAN-013,100000003711830100,receiver,"terminal, depth=3, seed=False; inside this formation receives 50,000 KZT and sends 0 KZT (0% of its 0 KZT outflow)"
FAN-013,100000004336228100,receiver,"terminal, depth=3, seed=False; inside this formation receives 51,407 KZT and sends 0 KZT (0% of its 0 KZT outflow)"
FAN-013,100000004488265100,receiver,"terminal, depth=3, seed=False; inside this formation receives 38,740 KZT and sends 0 KZT (0% of its 0 KZT outflow)"
FAN-013,100000004984689100,receiver,"terminal, depth=3, seed=False; inside this formation receives 53,030 KZT and sends 0 KZT (0% of its 0 KZT outflow)"
FAN-013,100000008029279100,receiver,"terminal, depth=3, seed=False; inside this formation receives 17,000 KZT and sends 0 KZT (0% of its 0 KZT outflow)"
FAN-013,100000008077552100,receiver,"terminal, depth=3, seed=False; inside this formation receives 214,000 KZT and sends 0 KZT (0% of its 0 KZT outflow)"
FAN-013,100000008279405100,receiver,"terminal, depth=3, seed=False; inside this formation receives 234,738 KZT and sends 0 KZT (0% of its 0 KZT outflow)"
FAN-013,100000008473765100,receiver,"terminal, depth=3, seed=False; inside this formation receives 30,000 KZT and sends 0 KZT (0% of its 0 KZT outflow)"
FAN-013,100000008503177100,receiver,"terminal, depth=3, seed=False; inside this formation receives 33,951 KZT and sends 0 KZT (0% of its 0 KZT outflow)"
FAN-013,100000008603629100,distributor,"distributor, depth=2, seed=False; inside this formation receives 0 KZT and sends 1,804,262 KZT (36% of its 4,986,156 KZT outflow) [breaking point]"
FAN-013,100000008729597100,receiver,"terminal, depth=3, seed=False; inside this formation receives 83,090 KZT and sends 0 KZT (0% of its 0 KZT outflow)"
FAN-014,100000000821507100,receiver,"terminal, depth=2, seed=False; inside this formation receives 400,000 KZT and sends 0 KZT (0% of its 0 KZT outflow)"
FAN-014,100000001584286100,receiver,"terminal, depth=2, seed=False; inside this formation receives 99,999 KZT and sends 0 KZT (0% of its 0 KZT outflow)"
FAN-014,100000001961048100,receiver,"terminal, depth=2, seed=False; inside this formation receives 150,000 KZT and sends 0 KZT (0% of its 0 KZT outflow)"
FAN-014,100000002454724100,receiver,"terminal, depth=2, seed=False; inside this formation receives 125,000 KZT and sends 0 KZT (0% of its 0 KZT outflow)"
FAN-014,100000002911170100,receiver,"terminal, depth=2, seed=False; inside this formation receives 300,000 KZT and sends 0 KZT (0% of its 0 KZT outflow)"
FAN-014,100000006567935100,receiver,"terminal, depth=2, seed=False; inside this formation receives 200,000 KZT and sends 0 KZT (0% of its 0 KZT outflow)"
FAN-014,100000007173936100,receiver,"terminal, depth=2, seed=False; inside this formation receives 10,000 KZT and sends 0 KZT (0% of its 0 KZT outflow)"
FAN-014,100000007442518100,distributor,"coordinator, depth=1, seed=False; inside this formation receives 0 KZT and sends 1,419,999 KZT (32% of its 4,419,999 KZT outflow) [breaking point]"
FAN-014,100000008376089100,receiver,"terminal, depth=2, seed=False; inside this formation receives 135,000 KZT and sends 0 KZT (0% of its 0 KZT outflow)"
FAN-015,100000000861294100,receiver,"terminal, depth=2, seed=False; inside this formation receives 150,000 KZT and sends 0 KZT (0% of its 0 KZT outflow)"
FAN-015,100000000971908100,receiver,"terminal, depth=2, seed=False; inside this formation receives 89,000 KZT and sends 0 KZT (0% of its 0 KZT outflow)"
FAN-015,100000001250022100,receiver,"terminal, depth=2, seed=False; inside this formation receives 50,000 KZT and sends 0 KZT (0% of its 0 KZT outflow)"
FAN-015,100000001557930100,receiver,"terminal, depth=2, seed=False; inside this formation receives 34,610 KZT and sends 0 KZT (0% of its 0 KZT outflow)"
FAN-015,100000001648936100,receiver,"terminal, depth=2, seed=False; inside this formation receives 92,740 KZT and sends 0 KZT (0% of its 0 KZT outflow)"
FAN-015,100000001848426100,receiver,"terminal, depth=2, seed=False; inside this formation receives 95,530 KZT and sends 0 KZT (0% of its 0 KZT outflow)"
FAN-015,100000002488629100,receiver,"terminal, depth=2, seed=False; inside this formation receives 73,050 KZT and sends 0 KZT (0% of its 0 KZT outflow)"
FAN-015,100000002820010100,receiver,"terminal, depth=2, seed=False; inside this formation receives 30,000 KZT and sends 0 KZT (0% of its 0 KZT outflow)"
FAN-015,100000002969048100,receiver,"terminal, depth=2, seed=False; inside this formation receives 108,470 KZT and sends 0 KZT (0% of its 0 KZT outflow)"
FAN-015,100000003073398100,receiver,"terminal, depth=2, seed=False; inside this formation receives 92,960 KZT and sends 0 KZT (0% of its 0 KZT outflow)"
FAN-015,100000003157333100,receiver,"terminal, depth=2, seed=False; inside this formation receives 30,000 KZT and sends 0 KZT (0% of its 0 KZT outflow)"
FAN-015,100000005203590100,receiver,"terminal, depth=2, seed=False; inside this formation receives 90,000 KZT and sends 0 KZT (0% of its 0 KZT outflow)"
FAN-015,100000008008463100,receiver,"terminal, depth=2, seed=False; inside this formation receives 54,180 KZT and sends 0 KZT (0% of its 0 KZT outflow)"
FAN-015,100000008748408100,distributor,"distributor, depth=1, seed=False; inside this formation receives 0 KZT and sends 1,050,540 KZT (70% of its 1,499,960 KZT outflow) [breaking point]"
FAN-015,100000008765627100,receiver,"terminal, depth=2, seed=False; inside this formation receives 60,000 KZT and sends 0 KZT (0% of its 0 KZT outflow)"
FAN-016,100000000912487100,receiver,"terminal, depth=2, seed=False; inside this formation receives 10,000 KZT and sends 0 KZT (0% of its 0 KZT outflow)"
FAN-016,100000001251686100,receiver,"terminal, depth=2, seed=False; inside this formation receives 18,000 KZT and sends 0 KZT (0% of its 0 KZT outflow)"
FAN-016,100000001339466100,receiver,"terminal, depth=2, seed=False; inside this formation receives 30,000 KZT and sends 0 KZT (0% of its 0 KZT outflow)"
FAN-016,100000002432143100,receiver,"terminal, depth=2, seed=False; inside this formation receives 81,310 KZT and sends 0 KZT (0% of its 0 KZT outflow)"
FAN-016,100000002679516100,receiver,"terminal, depth=1, seed=False; inside this formation receives 36,050 KZT and sends 0 KZT (0% of its 0 KZT outflow)"
FAN-016,100000002757240100,receiver,"terminal, depth=2, seed=False; inside this formation receives 51,183 KZT and sends 0 KZT (0% of its 0 KZT outflow)"
FAN-016,100000002947299100,receiver,"terminal, depth=2, seed=False; inside this formation receives 85,000 KZT and sends 0 KZT (0% of its 0 KZT outflow)"
FAN-016,100000002983879100,receiver,"terminal, depth=2, seed=False; inside this formation receives 114,100 KZT and sends 0 KZT (0% of its 0 KZT outflow)"
FAN-016,100000003134934100,receiver,"terminal, depth=2, seed=False; inside this formation receives 116,000 KZT and sends 0 KZT (0% of its 0 KZT outflow)"
FAN-016,100000006446271100,receiver,"terminal, depth=1, seed=False; inside this formation receives 30,000 KZT and sends 0 KZT (0% of its 0 KZT outflow)"
FAN-016,100000006564102100,receiver,"terminal, depth=2, seed=False; inside this formation receives 233,235 KZT and sends 0 KZT (0% of its 0 KZT outflow)"
FAN-016,100000006679055100,receiver,"terminal, depth=2, seed=False; inside this formation receives 25,000 KZT and sends 0 KZT (0% of its 0 KZT outflow)"
FAN-016,100000008165763100,distributor,"transit, depth=1, seed=False; inside this formation receives 0 KZT and sends 954,878 KZT (75% of its 1,267,858 KZT outflow) [breaking point]"
FAN-016,100000008531186100,receiver,"terminal, depth=2, seed=False; inside this formation receives 125,000 KZT and sends 0 KZT (0% of its 0 KZT outflow)"
FAN-017,100000000961900100,receiver,"terminal, depth=1, seed=False; inside this formation receives 9,000 KZT and sends 0 KZT (0% of its 0 KZT outflow)"
FAN-017,100000001160401100,receiver,"terminal, depth=3, seed=False; inside this formation receives 47,190 KZT and sends 0 KZT (0% of its 0 KZT outflow)"
FAN-017,100000001689968100,receiver,"terminal, depth=3, seed=False; inside this formation receives 58,867 KZT and sends 0 KZT (0% of its 0 KZT outflow)"
FAN-017,100000002380341100,receiver,"terminal, depth=3, seed=False; inside this formation receives 57,566 KZT and sends 0 KZT (0% of its 0 KZT outflow)"
FAN-017,100000002603371100,receiver,"terminal, depth=3, seed=False; inside this formation receives 9,300 KZT and sends 0 KZT (0% of its 0 KZT outflow)"
FAN-017,100000002645609100,receiver,"terminal, depth=1, seed=False; inside this formation receives 79,597 KZT and sends 0 KZT (0% of its 0 KZT outflow)"
FAN-017,100000002736316100,receiver,"terminal, depth=3, seed=False; inside this formation receives 189,690 KZT and sends 0 KZT (0% of its 0 KZT outflow)"
FAN-017,100000002934441100,receiver,"terminal, depth=1, seed=False; inside this formation receives 24,778 KZT and sends 0 KZT (0% of its 0 KZT outflow)"
FAN-017,100000002957787100,distributor,"distributor, depth=2, seed=False; inside this formation receives 0 KZT and sends 908,859 KZT (71% of its 1,276,154 KZT outflow) [breaking point]"
FAN-017,100000003066385100,receiver,"terminal, depth=1, seed=False; inside this formation receives 10,000 KZT and sends 0 KZT (0% of its 0 KZT outflow)"
FAN-017,100000004493586100,receiver,"terminal, depth=3, seed=False; inside this formation receives 7,500 KZT and sends 0 KZT (0% of its 0 KZT outflow)"
FAN-017,100000005008589100,receiver,"terminal, depth=3, seed=False; inside this formation receives 42,807 KZT and sends 0 KZT (0% of its 0 KZT outflow)"
FAN-017,100000005172860100,receiver,"terminal, depth=3, seed=False; inside this formation receives 15,209 KZT and sends 0 KZT (0% of its 0 KZT outflow)"
FAN-017,100000005314565100,receiver,"terminal, depth=3, seed=False; inside this formation receives 218,500 KZT and sends 0 KZT (0% of its 0 KZT outflow)"
FAN-017,100000005620225100,receiver,"terminal, depth=1, seed=False; inside this formation receives 5,923 KZT and sends 0 KZT (0% of its 0 KZT outflow)"
FAN-017,100000005857058100,receiver,"terminal, depth=3, seed=False; inside this formation receives 9,510 KZT and sends 0 KZT (0% of its 0 KZT outflow)"
FAN-017,100000006100920100,receiver,"terminal, depth=3, seed=False; inside this formation receives 100,000 KZT and sends 0 KZT (0% of its 0 KZT outflow)"
FAN-017,100000006530134100,receiver,"terminal, depth=3, seed=False; inside this formation receives 23,423 KZT and sends 0 KZT (0% of its 0 KZT outflow)"
FAN-018,100000001052789100,receiver,"terminal, depth=3, seed=False; inside this formation receives 70,975 KZT and sends 0 KZT (0% of its 0 KZT outflow)"
FAN-018,100000001688676100,receiver,"terminal, depth=3, seed=False; inside this formation receives 133,700 KZT and sends 0 KZT (0% of its 0 KZT outflow)"
FAN-018,100000001690558100,receiver,"terminal, depth=3, seed=False; inside this formation receives 740,000 KZT and sends 0 KZT (0% of its 0 KZT outflow)"
FAN-018,100000002799941100,receiver,"terminal, depth=3, seed=False; inside this formation receives 600,000 KZT and sends 0 KZT (0% of its 0 KZT outflow)"
FAN-018,100000002906470100,receiver,"terminal, depth=3, seed=False; inside this formation receives 130,000 KZT and sends 0 KZT (0% of its 0 KZT outflow)"
FAN-018,100000003060187100,receiver,"terminal, depth=3, seed=False; inside this formation receives 93,046 KZT and sends 0 KZT (0% of its 0 KZT outflow)"
FAN-018,100000003134934100,receiver,"terminal, depth=2, seed=False; inside this formation receives 52,985 KZT and sends 0 KZT (0% of its 0 KZT outflow)"
FAN-018,100000003497735100,receiver,"terminal, depth=3, seed=False; inside this formation receives 125,000 KZT and sends 0 KZT (0% of its 0 KZT outflow)"
FAN-018,100000003854444100,distributor,"peripheral, depth=2, seed=False; inside this formation receives 0 KZT and sends 1,996,706 KZT (86% of its 2,322,909 KZT outflow) [breaking point]"
FAN-018,100000004066647100,receiver,"terminal, depth=3, seed=False; inside this formation receives 51,000 KZT and sends 0 KZT (0% of its 0 KZT outflow)"
FAN-019,100000001056414100,receiver,"terminal, depth=3, seed=False; inside this formation receives 250,000 KZT and sends 0 KZT (0% of its 0 KZT outflow)"
FAN-019,100000001282143100,receiver,"terminal, depth=3, seed=False; inside this formation receives 600,000 KZT and sends 0 KZT (0% of its 0 KZT outflow)"
FAN-019,100000001584286100,receiver,"terminal, depth=2, seed=False; inside this formation receives 638,700 KZT and sends 0 KZT (0% of its 0 KZT outflow)"
FAN-019,100000002109656100,receiver,"terminal, depth=3, seed=False; inside this formation receives 500,000 KZT and sends 0 KZT (0% of its 0 KZT outflow)"
FAN-019,100000002509598100,receiver,"terminal, depth=3, seed=False; inside this formation receives 305,550 KZT and sends 0 KZT (0% of its 0 KZT outflow)"
FAN-019,100000002644285100,receiver,"terminal, depth=3, seed=False; inside this formation receives 500,000 KZT and sends 0 KZT (0% of its 0 KZT outflow)"
FAN-019,100000002670860100,receiver,"terminal, depth=1, seed=False; inside this formation receives 250,000 KZT and sends 0 KZT (0% of its 0 KZT outflow)"
FAN-019,100000002670960100,receiver,"terminal, depth=3, seed=False; inside this formation receives 480,310 KZT and sends 0 KZT (0% of its 0 KZT outflow)"
FAN-019,100000002722108100,receiver,"terminal, depth=3, seed=False; inside this formation receives 800,000 KZT and sends 0 KZT (0% of its 0 KZT outflow)"
FAN-019,100000002748761100,receiver,"terminal, depth=3, seed=False; inside this formation receives 796,800 KZT and sends 0 KZT (0% of its 0 KZT outflow)"
FAN-019,100000002753146100,receiver,"terminal, depth=3, seed=False; inside this formation receives 803,540 KZT and sends 0 KZT (0% of its 0 KZT outflow)"
FAN-019,100000002821425100,receiver,"terminal, depth=3, seed=False; inside this formation receives 275,000 KZT and sends 0 KZT (0% of its 0 KZT outflow)"
FAN-019,100000002822472100,receiver,"terminal, depth=3, seed=False; inside this formation receives 207,315 KZT and sends 0 KZT (0% of its 0 KZT outflow)"
FAN-019,100000002883402100,receiver,"terminal, depth=3, seed=False; inside this formation receives 140,000 KZT and sends 0 KZT (0% of its 0 KZT outflow)"
FAN-019,100000002958345100,receiver,"terminal, depth=3, seed=False; inside this formation receives 307,000 KZT and sends 0 KZT (0% of its 0 KZT outflow)"
FAN-019,100000003112578100,receiver,"terminal, depth=3, seed=False; inside this formation receives 101,080 KZT and sends 0 KZT (0% of its 0 KZT outflow)"
FAN-019,100000005242320100,distributor,"distributor, depth=2, seed=False; inside this formation receives 0 KZT and sends 8,051,695 KZT (90% of its 8,936,295 KZT outflow) [breaking point]"
FAN-019,100000008200810100,receiver,"terminal, depth=3, seed=False; inside this formation receives 475,000 KZT and sends 0 KZT (0% of its 0 KZT outflow)"
FAN-019,100000008306857100,receiver,"terminal, depth=3, seed=False; inside this formation receives 125,000 KZT and sends 0 KZT (0% of its 0 KZT outflow)"
FAN-019,100000008388049100,receiver,"terminal, depth=3, seed=False; inside this formation receives 496,400 KZT and sends 0 KZT (0% of its 0 KZT outflow)"
FAN-020,100000001074553100,receiver,"terminal, depth=1, seed=False; inside this formation receives 13,971 KZT and sends 0 KZT (0% of its 0 KZT outflow)"
FAN-020,100000001253557100,receiver,"terminal, depth=1, seed=False; inside this formation receives 30,000 KZT and sends 0 KZT (0% of its 0 KZT outflow)"
FAN-020,100000002589019100,receiver,"terminal, depth=1, seed=False; inside this formation receives 34,710 KZT and sends 0 KZT (0% of its 0 KZT outflow)"
FAN-020,100000002603478100,receiver,"terminal, depth=1, seed=False; inside this formation receives 23,500 KZT and sends 0 KZT (0% of its 0 KZT outflow)"
FAN-020,100000002671806100,receiver,"terminal, depth=1, seed=False; inside this formation receives 12,440 KZT and sends 0 KZT (0% of its 0 KZT outflow)"
FAN-020,100000002679516100,receiver,"terminal, depth=1, seed=False; inside this formation receives 29,785 KZT and sends 0 KZT (0% of its 0 KZT outflow)"
FAN-020,100000002692044100,receiver,"terminal, depth=1, seed=False; inside this formation receives 97,000 KZT and sends 0 KZT (0% of its 0 KZT outflow)"
FAN-020,100000002757797100,receiver,"terminal, depth=1, seed=False; inside this formation receives 100,000 KZT and sends 0 KZT (0% of its 0 KZT outflow)"
FAN-020,100000002864680100,receiver,"terminal, depth=1, seed=False; inside this formation receives 55,932 KZT and sends 0 KZT (0% of its 0 KZT outflow)"
FAN-020,100000002881669100,receiver,"terminal, depth=1, seed=False; inside this formation receives 18,600 KZT and sends 0 KZT (0% of its 0 KZT outflow)"
FAN-020,100000002973903100,receiver,"terminal, depth=1, seed=False; inside this formation receives 42,680 KZT and sends 0 KZT (0% of its 0 KZT outflow)"
FAN-020,100000003123296100,receiver,"terminal, depth=1, seed=False; inside this formation receives 86,200 KZT and sends 0 KZT (0% of its 0 KZT outflow)"
FAN-020,100000003239379100,receiver,"terminal, depth=1, seed=False; inside this formation receives 92,500 KZT and sends 0 KZT (0% of its 0 KZT outflow)"
FAN-020,100000003239859100,receiver,"terminal, depth=1, seed=False; inside this formation receives 18,600 KZT and sends 0 KZT (0% of its 0 KZT outflow)"
FAN-020,100000003970394100,receiver,"terminal, depth=1, seed=False; inside this formation receives 85,000 KZT and sends 0 KZT (0% of its 0 KZT outflow)"
FAN-020,100000004286573100,receiver,"terminal, depth=1, seed=False; inside this formation receives 16,590 KZT and sends 0 KZT (0% of its 0 KZT outflow)"
FAN-020,100000006008169100,receiver,"terminal, depth=1, seed=False; inside this formation receives 70,000 KZT and sends 0 KZT (0% of its 0 KZT outflow)"
FAN-020,100000008304115100,receiver,"terminal, depth=1, seed=False; inside this formation receives 51,000 KZT and sends 0 KZT (0% of its 0 KZT outflow)"
FAN-020,100000008586731100,receiver,"terminal, depth=1, seed=False; inside this formation receives 12,000 KZT and sends 0 KZT (0% of its 0 KZT outflow)"
FAN-020,100000008680731100,distributor,"peripheral, depth=0, seed=True; inside this formation receives 0 KZT and sends 890,508 KZT (61% of its 1,464,354 KZT outflow) [breaking point]"
FAN-021,100000001074553100,receiver,"terminal, depth=1, seed=False; inside this formation receives 15,000 KZT and sends 0 KZT (0% of its 0 KZT outflow)"
FAN-021,100000001929088100,receiver,"terminal, depth=1, seed=False; inside this formation receives 186,010 KZT and sends 0 KZT (0% of its 0 KZT outflow)"
FAN-021,100000002324543100,receiver,"terminal, depth=1, seed=False; inside this formation receives 30,202 KZT and sends 0 KZT (0% of its 0 KZT outflow)"
FAN-021,100000002615479100,receiver,"terminal, depth=1, seed=False; inside this formation receives 220,000 KZT and sends 0 KZT (0% of its 0 KZT outflow)"
FAN-021,100000002750332100,receiver,"terminal, depth=1, seed=False; inside this formation receives 11,360 KZT and sends 0 KZT (0% of its 0 KZT outflow)"
FAN-021,100000002784085100,receiver,"terminal, depth=1, seed=False; inside this formation receives 200,000 KZT and sends 0 KZT (0% of its 0 KZT outflow)"
FAN-021,100000002844897100,receiver,"terminal, depth=1, seed=False; inside this formation receives 10,800 KZT and sends 0 KZT (0% of its 0 KZT outflow)"
FAN-021,100000002958286100,receiver,"terminal, depth=1, seed=False; inside this formation receives 257,000 KZT and sends 0 KZT (0% of its 0 KZT outflow)"
FAN-021,100000002981527100,receiver,"terminal, depth=1, seed=False; inside this formation receives 168,000 KZT and sends 0 KZT (0% of its 0 KZT outflow)"
FAN-021,100000005498992100,distributor,"peripheral, depth=0, seed=True; inside this formation receives 0 KZT and sends 1,343,592 KZT (59% of its 2,262,868 KZT outflow) [breaking point]"
FAN-021,100000006972210100,receiver,"terminal, depth=1, seed=False; inside this formation receives 245,220 KZT and sends 0 KZT (0% of its 0 KZT outflow)"
FAN-022,100000001110358100,receiver,"terminal, depth=3, seed=False; inside this formation receives 9,000 KZT and sends 0 KZT (0% of its 0 KZT outflow)"
FAN-022,100000001248999100,receiver,"terminal, depth=3, seed=False; inside this formation receives 23,425 KZT and sends 0 KZT (0% of its 0 KZT outflow)"
FAN-022,100000002301828100,receiver,"terminal, depth=3, seed=False; inside this formation receives 46,977 KZT and sends 0 KZT (0% of its 0 KZT outflow)"
FAN-022,100000002645609100,receiver,"terminal, depth=1, seed=False; inside this formation receives 46,670 KZT and sends 0 KZT (0% of its 0 KZT outflow)"
FAN-022,100000003109805100,receiver,"terminal, depth=3, seed=False; inside this formation receives 36,929 KZT and sends 0 KZT (0% of its 0 KZT outflow)"
FAN-022,100000003242289100,distributor,"distributor, depth=2, seed=False; inside this formation receives 0 KZT and sends 1,361,881 KZT (57% of its 2,377,741 KZT outflow) [breaking point]"
FAN-022,100000003964910100,receiver,"terminal, depth=3, seed=False; inside this formation receives 451,000 KZT and sends 0 KZT (0% of its 0 KZT outflow)"
FAN-022,100000004580254100,receiver,"terminal, depth=3, seed=False; inside this formation receives 14,870 KZT and sends 0 KZT (0% of its 0 KZT outflow)"
FAN-022,100000007653003100,receiver,"terminal, depth=3, seed=False; inside this formation receives 100,000 KZT and sends 0 KZT (0% of its 0 KZT outflow)"
FAN-022,100000008043184100,receiver,"terminal, depth=3, seed=False; inside this formation receives 50,564 KZT and sends 0 KZT (0% of its 0 KZT outflow)"
FAN-022,100000008221543100,receiver,"terminal, depth=1, seed=False; inside this formation receives 522,000 KZT and sends 0 KZT (0% of its 0 KZT outflow)"
FAN-022,100000008405209100,receiver,"terminal, depth=3, seed=False; inside this formation receives 54,400 KZT and sends 0 KZT (0% of its 0 KZT outflow)"
FAN-022,100000008436257100,receiver,"terminal, depth=3, seed=False; inside this formation receives 6,046 KZT and sends 0 KZT (0% of its 0 KZT outflow)"
FAN-023,100000001140785100,receiver,"terminal, depth=3, seed=False; inside this formation receives 100,000 KZT and sends 0 KZT (0% of its 0 KZT outflow)"
FAN-023,100000001674850100,receiver,"terminal, depth=3, seed=False; inside this formation receives 190,000 KZT and sends 0 KZT (0% of its 0 KZT outflow)"
FAN-023,100000002547110100,receiver,"terminal, depth=3, seed=False; inside this formation receives 342,000 KZT and sends 0 KZT (0% of its 0 KZT outflow)"
FAN-023,100000002878467100,receiver,"terminal, depth=3, seed=False; inside this formation receives 100,000 KZT and sends 0 KZT (0% of its 0 KZT outflow)"
FAN-023,100000003111305100,receiver,"terminal, depth=3, seed=False; inside this formation receives 100,500 KZT and sends 0 KZT (0% of its 0 KZT outflow)"
FAN-023,100000003134550100,receiver,"abstained_boundary, depth=4, seed=False; inside this formation receives 100,000 KZT and sends 0 KZT (0% of its 0 KZT outflow)"
FAN-023,100000003252446100,receiver,"abstained_boundary, depth=4, seed=False; inside this formation receives 108,600 KZT and sends 0 KZT (0% of its 0 KZT outflow)"
FAN-023,100000005667841100,receiver,"terminal, depth=3, seed=False; inside this formation receives 100,000 KZT and sends 0 KZT (0% of its 0 KZT outflow)"
FAN-023,100000008465789100,distributor,"peripheral, depth=3, seed=False; inside this formation receives 0 KZT and sends 1,216,100 KZT (65% of its 1,858,100 KZT outflow) [breaking point]"
FAN-023,100000008703533100,receiver,"abstained_boundary, depth=4, seed=False; inside this formation receives 75,000 KZT and sends 0 KZT (0% of its 0 KZT outflow)"
FAN-024,100000001140785100,receiver,"terminal, depth=3, seed=False; inside this formation receives 115,000 KZT and sends 0 KZT (0% of its 0 KZT outflow)"
FAN-024,100000001875239100,receiver,"terminal, depth=3, seed=False; inside this formation receives 92,000 KZT and sends 0 KZT (0% of its 0 KZT outflow)"
FAN-024,100000002547110100,receiver,"terminal, depth=3, seed=False; inside this formation receives 215,000 KZT and sends 0 KZT (0% of its 0 KZT outflow)"
FAN-024,100000002632742100,receiver,"terminal, depth=3, seed=False; inside this formation receives 135,500 KZT and sends 0 KZT (0% of its 0 KZT outflow)"
FAN-024,100000002712416100,receiver,"terminal, depth=3, seed=False; inside this formation receives 15,300 KZT and sends 0 KZT (0% of its 0 KZT outflow)"
FAN-024,100000002877262100,receiver,"terminal, depth=3, seed=False; inside this formation receives 100,000 KZT and sends 0 KZT (0% of its 0 KZT outflow)"
FAN-024,100000002943472100,receiver,"terminal, depth=3, seed=False; inside this formation receives 170,000 KZT and sends 0 KZT (0% of its 0 KZT outflow)"
FAN-024,100000003089553100,receiver,"terminal, depth=3, seed=False; inside this formation receives 150,000 KZT and sends 0 KZT (0% of its 0 KZT outflow)"
FAN-024,100000003157679100,receiver,"terminal, depth=3, seed=False; inside this formation receives 80,000 KZT and sends 0 KZT (0% of its 0 KZT outflow)"
FAN-024,100000006532229100,receiver,"terminal, depth=3, seed=False; inside this formation receives 105,000 KZT and sends 0 KZT (0% of its 0 KZT outflow)"
FAN-024,100000008547844100,distributor,"peripheral, depth=2, seed=False; inside this formation receives 0 KZT and sends 1,513,800 KZT (74% of its 2,042,199 KZT outflow) [breaking point]"
FAN-024,100000008634520100,receiver,"terminal, depth=3, seed=False; inside this formation receives 90,000 KZT and sends 0 KZT (0% of its 0 KZT outflow)"
FAN-024,100000008659950100,receiver,"terminal, depth=3, seed=False; inside this formation receives 246,000 KZT and sends 0 KZT (0% of its 0 KZT outflow)"
FAN-025,100000001162560100,distributor,"peripheral, depth=1, seed=False; inside this formation receives 0 KZT and sends 2,647,815 KZT (91% of its 2,904,398 KZT outflow) [breaking point]"
FAN-025,100000001380986100,receiver,"terminal, depth=2, seed=False; inside this formation receives 70,170 KZT and sends 0 KZT (0% of its 0 KZT outflow)"
FAN-025,100000001541418100,receiver,"terminal, depth=2, seed=False; inside this formation receives 50,000 KZT and sends 0 KZT (0% of its 0 KZT outflow)"
FAN-025,100000002443664100,receiver,"terminal, depth=2, seed=False; inside this formation receives 74,880 KZT and sends 0 KZT (0% of its 0 KZT outflow)"
FAN-025,100000002633701100,receiver,"terminal, depth=2, seed=False; inside this formation receives 266,850 KZT and sends 0 KZT (0% of its 0 KZT outflow)"
FAN-025,100000002718366100,receiver,"terminal, depth=2, seed=False; inside this formation receives 419,200 KZT and sends 0 KZT (0% of its 0 KZT outflow)"
FAN-025,100000003034546100,receiver,"terminal, depth=2, seed=False; inside this formation receives 486,715 KZT and sends 0 KZT (0% of its 0 KZT outflow)"
FAN-025,100000003089018100,receiver,"terminal, depth=2, seed=False; inside this formation receives 230,000 KZT and sends 0 KZT (0% of its 0 KZT outflow)"
FAN-025,100000004225615100,receiver,"terminal, depth=2, seed=False; inside this formation receives 90,000 KZT and sends 0 KZT (0% of its 0 KZT outflow)"
FAN-025,100000008418934100,receiver,"terminal, depth=2, seed=False; inside this formation receives 360,000 KZT and sends 0 KZT (0% of its 0 KZT outflow)"
FAN-025,100000008497298100,receiver,"terminal, depth=2, seed=False; inside this formation receives 600,000 KZT and sends 0 KZT (0% of its 0 KZT outflow)"
FAN-026,100000001164648100,receiver,"terminal, depth=1, seed=False; inside this formation receives 7,260 KZT and sends 0 KZT (0% of its 0 KZT outflow)"
FAN-026,100000001299443100,receiver,"abstained_boundary, depth=4, seed=False; inside this formation receives 8,000 KZT and sends 0 KZT (0% of its 0 KZT outflow)"
FAN-026,100000001325618100,receiver,"abstained_boundary, depth=4, seed=False; inside this formation receives 9,300 KZT and sends 0 KZT (0% of its 0 KZT outflow)"
FAN-026,100000001590795100,receiver,"abstained_boundary, depth=4, seed=False; inside this formation receives 5,060 KZT and sends 0 KZT (0% of its 0 KZT outflow)"
FAN-026,100000001714883100,receiver,"abstained_boundary, depth=4, seed=False; inside this formation receives 6,900 KZT and sends 0 KZT (0% of its 0 KZT outflow)"
FAN-026,100000001991973100,receiver,"abstained_boundary, depth=4, seed=False; inside this formation receives 20,800 KZT and sends 0 KZT (0% of its 0 KZT outflow)"
FAN-026,100000002474570100,receiver,"abstained_boundary, depth=4, seed=False; inside this formation receives 6,750 KZT and sends 0 KZT (0% of its 0 KZT outflow)"
FAN-026,100000002512742100,receiver,"abstained_boundary, depth=4, seed=False; inside this formation receives 6,000 KZT and sends 0 KZT (0% of its 0 KZT outflow)"
FAN-026,100000002635746100,receiver,"abstained_boundary, depth=4, seed=False; inside this formation receives 5,300 KZT and sends 0 KZT (0% of its 0 KZT outflow)"
FAN-026,100000002645046100,receiver,"abstained_boundary, depth=4, seed=False; inside this formation receives 12,000 KZT and sends 0 KZT (0% of its 0 KZT outflow)"
FAN-026,100000002670463100,receiver,"abstained_boundary, depth=4, seed=False; inside this formation receives 31,500 KZT and sends 0 KZT (0% of its 0 KZT outflow)"
FAN-026,100000002706810100,receiver,"abstained_boundary, depth=4, seed=False; inside this formation receives 45,000 KZT and sends 0 KZT (0% of its 0 KZT outflow)"
FAN-026,100000002876914100,receiver,"abstained_boundary, depth=4, seed=False; inside this formation receives 12,000 KZT and sends 0 KZT (0% of its 0 KZT outflow)"
FAN-026,100000002878483100,receiver,"abstained_boundary, depth=4, seed=False; inside this formation receives 6,000 KZT and sends 0 KZT (0% of its 0 KZT outflow)"
FAN-026,100000002986245100,receiver,"abstained_boundary, depth=4, seed=False; inside this formation receives 5,750 KZT and sends 0 KZT (0% of its 0 KZT outflow)"
FAN-026,100000003005167100,receiver,"abstained_boundary, depth=4, seed=False; inside this formation receives 7,000 KZT and sends 0 KZT (0% of its 0 KZT outflow)"
FAN-026,100000004263867100,receiver,"abstained_boundary, depth=4, seed=False; inside this formation receives 9,000 KZT and sends 0 KZT (0% of its 0 KZT outflow)"
FAN-026,100000004268036100,receiver,"abstained_boundary, depth=4, seed=False; inside this formation receives 5,500 KZT and sends 0 KZT (0% of its 0 KZT outflow)"
FAN-026,100000004449824100,receiver,"abstained_boundary, depth=4, seed=False; inside this formation receives 9,000 KZT and sends 0 KZT (0% of its 0 KZT outflow)"
FAN-026,100000004780327100,receiver,"abstained_boundary, depth=4, seed=False; inside this formation receives 12,000 KZT and sends 0 KZT (0% of its 0 KZT outflow)"
FAN-026,100000004891562100,receiver,"abstained_boundary, depth=4, seed=False; inside this formation receives 103,400 KZT and sends 0 KZT (0% of its 0 KZT outflow)"
FAN-026,100000006412162100,receiver,"abstained_boundary, depth=4, seed=False; inside this formation receives 15,000 KZT and sends 0 KZT (0% of its 0 KZT outflow)"
FAN-026,100000006491963100,receiver,"abstained_boundary, depth=4, seed=False; inside this formation receives 16,000 KZT and sends 0 KZT (0% of its 0 KZT outflow)"
FAN-026,100000008460102100,distributor,"distributor, depth=3, seed=False; inside this formation receives 0 KZT and sends 446,070 KZT (94% of its 476,570 KZT outflow) [breaking point]"
FAN-026,100000008554390100,receiver,"abstained_boundary, depth=4, seed=False; inside this formation receives 14,000 KZT and sends 0 KZT (0% of its 0 KZT outflow)"
FAN-026,100000008631800100,receiver,"abstained_boundary, depth=4, seed=False; inside this formation receives 12,850 KZT and sends 0 KZT (0% of its 0 KZT outflow)"
FAN-026,100000008648783100,receiver,"abstained_boundary, depth=4, seed=False; inside this formation receives 5,200 KZT and sends 0 KZT (0% of its 0 KZT outflow)"
FAN-026,100000008715513100,receiver,"abstained_boundary, depth=4, seed=False; inside this formation receives 32,500 KZT and sends 0 KZT (0% of its 0 KZT outflow)"
FAN-026,100000008759795100,receiver,"abstained_boundary, depth=4, seed=False; inside this formation receives 17,000 KZT and sends 0 KZT (0% of its 0 KZT outflow)"
FAN-027,100000001249054100,receiver,"abstained_boundary, depth=4, seed=False; inside this formation receives 17,375 KZT and sends 0 KZT (0% of its 0 KZT outflow)"
FAN-027,100000001253557100,receiver,"terminal, depth=1, seed=False; inside this formation receives 27,200 KZT and sends 0 KZT (0% of its 0 KZT outflow)"
FAN-027,100000001276409100,receiver,"abstained_boundary, depth=4, seed=False; inside this formation receives 94,760 KZT and sends 0 KZT (0% of its 0 KZT outflow)"
FAN-027,100000001484381100,receiver,"terminal, depth=3, seed=False; inside this formation receives 71,800 KZT and sends 0 KZT (0% of its 0 KZT outflow)"
FAN-027,100000002188586100,receiver,"abstained_boundary, depth=4, seed=False; inside this formation receives 38,310 KZT and sends 0 KZT (0% of its 0 KZT outflow)"
FAN-027,100000002506987100,receiver,"abstained_boundary, depth=4, seed=False; inside this formation receives 28,200 KZT and sends 0 KZT (0% of its 0 KZT outflow)"
FAN-027,100000002528978100,receiver,"abstained_boundary, depth=4, seed=False; inside this formation receives 15,900 KZT and sends 0 KZT (0% of its 0 KZT outflow)"
FAN-027,100000002660298100,receiver,"abstained_boundary, depth=4, seed=False; inside this formation receives 30,900 KZT and sends 0 KZT (0% of its 0 KZT outflow)"
FAN-027,100000002689717100,receiver,"abstained_boundary, depth=4, seed=False; inside this formation receives 47,500 KZT and sends 0 KZT (0% of its 0 KZT outflow)"
FAN-027,100000002695812100,receiver,"abstained_boundary, depth=4, seed=False; inside this formation receives 95,000 KZT and sends 0 KZT (0% of its 0 KZT outflow)"
FAN-027,100000002702968100,receiver,"abstained_boundary, depth=4, seed=False; inside this formation receives 31,600 KZT and sends 0 KZT (0% of its 0 KZT outflow)"
FAN-027,100000002729875100,receiver,"abstained_boundary, depth=4, seed=False; inside this formation receives 76,000 KZT and sends 0 KZT (0% of its 0 KZT outflow)"
FAN-027,100000002733083100,receiver,"abstained_boundary, depth=4, seed=False; inside this formation receives 15,200 KZT and sends 0 KZT (0% of its 0 KZT outflow)"
FAN-027,100000002748040100,receiver,"abstained_boundary, depth=4, seed=False; inside this formation receives 18,000 KZT and sends 0 KZT (0% of its 0 KZT outflow)"
FAN-027,100000002791494100,receiver,"abstained_boundary, depth=4, seed=False; inside this formation receives 85,860 KZT and sends 0 KZT (0% of its 0 KZT outflow)"
FAN-027,100000003031003100,receiver,"terminal, depth=3, seed=False; inside this formation receives 15,090 KZT and sends 0 KZT (0% of its 0 KZT outflow)"
FAN-027,100000003040087100,receiver,"abstained_boundary, depth=4, seed=False; inside this formation receives 29,000 KZT and sends 0 KZT (0% of its 0 KZT outflow)"
FAN-027,100000003083865100,receiver,"abstained_boundary, depth=4, seed=False; inside this formation receives 15,000 KZT and sends 0 KZT (0% of its 0 KZT outflow)"
FAN-027,100000003096787100,receiver,"abstained_boundary, depth=4, seed=False; inside this formation receives 16,400 KZT and sends 0 KZT (0% of its 0 KZT outflow)"
FAN-027,100000003166017100,receiver,"abstained_boundary, depth=4, seed=False; inside this formation receives 15,000 KZT and sends 0 KZT (0% of its 0 KZT outflow)"
FAN-027,100000004750321100,receiver,"terminal, depth=3, seed=False; inside this formation receives 44,695 KZT and sends 0 KZT (0% of its 0 KZT outflow)"
FAN-027,100000004890713100,receiver,"abstained_boundary, depth=4, seed=False; inside this formation receives 40,485 KZT and sends 0 KZT (0% of its 0 KZT outflow)"
FAN-027,100000005567828100,receiver,"abstained_boundary, depth=4, seed=False; inside this formation receives 94,000 KZT and sends 0 KZT (0% of its 0 KZT outflow)"
FAN-027,100000005704413100,distributor,"distributor, depth=3, seed=False; inside this formation receives 0 KZT and sends 1,130,888 KZT (83% of its 1,363,593 KZT outflow) [breaking point]"
FAN-027,100000007510567100,receiver,"abstained_boundary, depth=4, seed=False; inside this formation receives 52,000 KZT and sends 0 KZT (0% of its 0 KZT outflow)"
FAN-027,100000008071749100,receiver,"abstained_boundary, depth=4, seed=False; inside this formation receives 24,943 KZT and sends 0 KZT (0% of its 0 KZT outflow)"
FAN-027,100000008251939100,receiver,"abstained_boundary, depth=4, seed=False; inside this formation receives 44,360 KZT and sends 0 KZT (0% of its 0 KZT outflow)"
FAN-027,100000008628818100,receiver,"abstained_boundary, depth=4, seed=False; inside this formation receives 46,310 KZT and sends 0 KZT (0% of its 0 KZT outflow)"
FAN-028,100000001253557100,receiver,"terminal, depth=1, seed=False; inside this formation receives 23,000 KZT and sends 0 KZT (0% of its 0 KZT outflow)"
FAN-028,100000001541418100,receiver,"terminal, depth=2, seed=False; inside this formation receives 46,900 KZT and sends 0 KZT (0% of its 0 KZT outflow)"
FAN-028,100000001549194100,receiver,"terminal, depth=3, seed=False; inside this formation receives 46,500 KZT and sends 0 KZT (0% of its 0 KZT outflow)"
FAN-028,100000001550419100,receiver,"terminal, depth=3, seed=False; inside this formation receives 23,000 KZT and sends 0 KZT (0% of its 0 KZT outflow)"
FAN-028,100000001597424100,receiver,"terminal, depth=3, seed=False; inside this formation receives 48,100 KZT and sends 0 KZT (0% of its 0 KZT outflow)"
FAN-028,100000001969496100,receiver,"terminal, depth=3, seed=False; inside this formation receives 22,740 KZT and sends 0 KZT (0% of its 0 KZT outflow)"
FAN-028,100000002546921100,receiver,"terminal, depth=3, seed=False; inside this formation receives 20,000 KZT and sends 0 KZT (0% of its 0 KZT outflow)"
FAN-028,100000002633108100,receiver,"terminal, depth=3, seed=False; inside this formation receives 320,000 KZT and sends 0 KZT (0% of its 0 KZT outflow)"
FAN-028,100000002748581100,receiver,"terminal, depth=3, seed=False; inside this formation receives 41,180 KZT and sends 0 KZT (0% of its 0 KZT outflow)"
FAN-028,100000002822472100,receiver,"terminal, depth=3, seed=False; inside this formation receives 59,407 KZT and sends 0 KZT (0% of its 0 KZT outflow)"
FAN-028,100000002838519100,receiver,"terminal, depth=3, seed=False; inside this formation receives 46,900 KZT and sends 0 KZT (0% of its 0 KZT outflow)"
FAN-028,100000002862113100,receiver,"terminal, depth=3, seed=False; inside this formation receives 47,405 KZT and sends 0 KZT (0% of its 0 KZT outflow)"
FAN-028,100000002871199100,receiver,"terminal, depth=3, seed=False; inside this formation receives 23,186 KZT and sends 0 KZT (0% of its 0 KZT outflow)"
FAN-028,100000002891765100,receiver,"terminal, depth=3, seed=False; inside this formation receives 55,576 KZT and sends 0 KZT (0% of its 0 KZT outflow)"
FAN-028,100000002948492100,receiver,"terminal, depth=3, seed=False; inside this formation receives 23,660 KZT and sends 0 KZT (0% of its 0 KZT outflow)"
FAN-028,100000002951898100,receiver,"terminal, depth=3, seed=False; inside this formation receives 39,990 KZT and sends 0 KZT (0% of its 0 KZT outflow)"
FAN-028,100000003111305100,receiver,"terminal, depth=3, seed=False; inside this formation receives 99,873 KZT and sends 0 KZT (0% of its 0 KZT outflow)"
FAN-028,100000005933757100,distributor,"distributor, depth=2, seed=False; inside this formation receives 0 KZT and sends 1,216,112 KZT (41% of its 3,002,628 KZT outflow) [breaking point]"
FAN-028,100000007020162100,receiver,"terminal, depth=3, seed=False; inside this formation receives 86,395 KZT and sends 0 KZT (0% of its 0 KZT outflow)"
FAN-028,100000007999728100,receiver,"terminal, depth=3, seed=False; inside this formation receives 23,250 KZT and sends 0 KZT (0% of its 0 KZT outflow)"
FAN-028,100000008259451100,receiver,"terminal, depth=3, seed=False; inside this formation receives 55,000 KZT and sends 0 KZT (0% of its 0 KZT outflow)"
FAN-028,100000008416433100,receiver,"terminal, depth=3, seed=False; inside this formation receives 20,000 KZT and sends 0 KZT (0% of its 0 KZT outflow)"
FAN-028,100000008454065100,receiver,"terminal, depth=3, seed=False; inside this formation receives 24,050 KZT and sends 0 KZT (0% of its 0 KZT outflow)"
FAN-028,100000008682426100,receiver,"terminal, depth=3, seed=False; inside this formation receives 20,000 KZT and sends 0 KZT (0% of its 0 KZT outflow)"
FAN-029,100000001253557100,receiver,"terminal, depth=1, seed=False; inside this formation receives 80,000 KZT and sends 0 KZT (0% of its 0 KZT outflow)"
FAN-029,100000002529880100,receiver,"terminal, depth=3, seed=False; inside this formation receives 120,000 KZT and sends 0 KZT (0% of its 0 KZT outflow)"
FAN-029,100000002547110100,receiver,"terminal, depth=3, seed=False; inside this formation receives 305,000 KZT and sends 0 KZT (0% of its 0 KZT outflow)"
FAN-029,100000002718366100,receiver,"terminal, depth=2, seed=False; inside this formation receives 115,000 KZT and sends 0 KZT (0% of its 0 KZT outflow)"
FAN-029,100000002878467100,receiver,"terminal, depth=3, seed=False; inside this formation receives 100,000 KZT and sends 0 KZT (0% of its 0 KZT outflow)"
FAN-029,100000002894076100,receiver,"terminal, depth=1, seed=False; inside this formation receives 155,000 KZT and sends 0 KZT (0% of its 0 KZT outflow)"
FAN-029,100000005667841100,receiver,"terminal, depth=3, seed=False; inside this formation receives 86,000 KZT and sends 0 KZT (0% of its 0 KZT outflow)"
FAN-029,100000006111442100,receiver,"terminal, depth=3, seed=False; inside this formation receives 64,000 KZT and sends 0 KZT (0% of its 0 KZT outflow)"
FAN-029,100000008466579100,distributor,"peripheral, depth=2, seed=False; inside this formation receives 0 KZT and sends 1,025,000 KZT (53% of its 1,933,000 KZT outflow) [breaking point]"
FAN-030,100000001273783100,receiver,"terminal, depth=2, seed=False; inside this formation receives 23,200 KZT and sends 0 KZT (0% of its 0 KZT outflow)"
FAN-030,100000001954903100,receiver,"terminal, depth=2, seed=False; inside this formation receives 27,118 KZT and sends 0 KZT (0% of its 0 KZT outflow)"
FAN-030,100000002170580100,receiver,"terminal, depth=2, seed=False; inside this formation receives 150,000 KZT and sends 0 KZT (0% of its 0 KZT outflow)"
FAN-030,100000002540623100,receiver,"terminal, depth=2, seed=False; inside this formation receives 100,000 KZT and sends 0 KZT (0% of its 0 KZT outflow)"
FAN-030,100000002566204100,receiver,"terminal, depth=2, seed=False; inside this formation receives 80,805 KZT and sends 0 KZT (0% of its 0 KZT outflow)"
FAN-030,100000002618492100,receiver,"terminal, depth=1, seed=False; inside this formation receives 118,500 KZT and sends 0 KZT (0% of its 0 KZT outflow)"
FAN-030,100000002973903100,receiver,"terminal, depth=1, seed=False; inside this formation receives 20,000 KZT and sends 0 KZT (0% of its 0 KZT outflow)"
FAN-030,100000004732589100,receiver,"terminal, depth=2, seed=False; inside this formation receives 227,520 KZT and sends 0 KZT (0% of its 0 KZT outflow)"
FAN-030,100000005328215100,receiver,"terminal, depth=2, seed=False; inside this formation receives 27,000 KZT and sends 0 KZT (0% of its 0 KZT outflow)"
FAN-030,100000006707582100,distributor,"peripheral, depth=1, seed=False; inside this formation receives 0 KZT and sends 804,143 KZT (84% of its 961,138 KZT outflow) [breaking point]"
FAN-030,100000008094734100,receiver,"terminal, depth=1, seed=False; inside this formation receives 30,000 KZT and sends 0 KZT (0% of its 0 KZT outflow)"
FAN-031,100000001275752100,receiver,"terminal, depth=3, seed=False; inside this formation receives 151,500 KZT and sends 0 KZT (0% of its 0 KZT outflow)"
FAN-031,100000001282143100,receiver,"terminal, depth=3, seed=False; inside this formation receives 440,000 KZT and sends 0 KZT (0% of its 0 KZT outflow)"
FAN-031,100000001285440100,receiver,"terminal, depth=3, seed=False; inside this formation receives 65,000 KZT and sends 0 KZT (0% of its 0 KZT outflow)"
FAN-031,100000001303311100,receiver,"terminal, depth=3, seed=False; inside this formation receives 250,000 KZT and sends 0 KZT (0% of its 0 KZT outflow)"
FAN-031,100000001875239100,receiver,"terminal, depth=3, seed=False; inside this formation receives 445,000 KZT and sends 0 KZT (0% of its 0 KZT outflow)"
FAN-031,100000002173161100,receiver,"terminal, depth=1, seed=False; inside this formation receives 268,000 KZT and sends 0 KZT (0% of its 0 KZT outflow)"
FAN-031,100000002369874100,receiver,"terminal, depth=3, seed=False; inside this formation receives 265,000 KZT and sends 0 KZT (0% of its 0 KZT outflow)"
FAN-031,100000002530224100,receiver,"terminal, depth=3, seed=False; inside this formation receives 113,000 KZT and sends 0 KZT (0% of its 0 KZT outflow)"
FAN-031,100000002548759100,receiver,"terminal, depth=3, seed=False; inside this formation receives 180,000 KZT and sends 0 KZT (0% of its 0 KZT outflow)"
FAN-031,100000002621434100,receiver,"terminal, depth=3, seed=False; inside this formation receives 81,000 KZT and sends 0 KZT (0% of its 0 KZT outflow)"
FAN-031,100000002718366100,receiver,"terminal, depth=2, seed=False; inside this formation receives 890,000 KZT and sends 0 KZT (0% of its 0 KZT outflow)"
FAN-031,100000002793881100,receiver,"terminal, depth=3, seed=False; inside this formation receives 340,000 KZT and sends 0 KZT (0% of its 0 KZT outflow)"
FAN-031,100000002883402100,receiver,"terminal, depth=3, seed=False; inside this formation receives 150,000 KZT and sends 0 KZT (0% of its 0 KZT outflow)"
FAN-031,100000002945626100,receiver,"terminal, depth=3, seed=False; inside this formation receives 330,000 KZT and sends 0 KZT (0% of its 0 KZT outflow)"
FAN-031,100000002954780100,receiver,"terminal, depth=3, seed=False; inside this formation receives 133,400 KZT and sends 0 KZT (0% of its 0 KZT outflow)"
FAN-031,100000003031003100,receiver,"terminal, depth=3, seed=False; inside this formation receives 80,000 KZT and sends 0 KZT (0% of its 0 KZT outflow)"
FAN-031,100000003071649100,receiver,"terminal, depth=3, seed=False; inside this formation receives 189,500 KZT and sends 0 KZT (0% of its 0 KZT outflow)"
FAN-031,100000003147719100,receiver,"terminal, depth=3, seed=False; inside this formation receives 100,000 KZT and sends 0 KZT (0% of its 0 KZT outflow)"
FAN-031,100000003171006100,receiver,"terminal, depth=3, seed=False; inside this formation receives 180,000 KZT and sends 0 KZT (0% of its 0 KZT outflow)"
FAN-031,100000007229557100,receiver,"terminal, depth=3, seed=False; inside this formation receives 205,000 KZT and sends 0 KZT (0% of its 0 KZT outflow)"
FAN-031,100000008710791100,distributor,"distributor, depth=2, seed=False; inside this formation receives 0 KZT and sends 4,856,400 KZT (88% of its 5,521,511 KZT outflow) [breaking point]"
FAN-032,100000001280798100,receiver,"terminal, depth=3, seed=False; inside this formation receives 23,785 KZT and sends 0 KZT (0% of its 0 KZT outflow)"
FAN-032,100000001298099100,receiver,"terminal, depth=3, seed=False; inside this formation receives 19,000 KZT and sends 0 KZT (0% of its 0 KZT outflow)"
FAN-032,100000001484381100,receiver,"terminal, depth=3, seed=False; inside this formation receives 23,785 KZT and sends 0 KZT (0% of its 0 KZT outflow)"
FAN-032,100000001818442100,receiver,"terminal, depth=3, seed=False; inside this formation receives 42,215 KZT and sends 0 KZT (0% of its 0 KZT outflow)"
FAN-032,100000001927599100,receiver,"terminal, depth=3, seed=False; inside this formation receives 58,000 KZT and sends 0 KZT (0% of its 0 KZT outflow)"
FAN-032,100000002554175100,receiver,"terminal, depth=3, seed=False; inside this formation receives 24,621 KZT and sends 0 KZT (0% of its 0 KZT outflow)"
FAN-032,100000002809896100,receiver,"terminal, depth=3, seed=False; inside this formation receives 38,000 KZT and sends 0 KZT (0% of its 0 KZT outflow)"
FAN-032,100000002893020100,receiver,"terminal, depth=3, seed=False; inside this formation receives 18,340 KZT and sends 0 KZT (0% of its 0 KZT outflow)"
FAN-032,100000002926970100,receiver,"terminal, depth=3, seed=False; inside this formation receives 85,000 KZT and sends 0 KZT (0% of its 0 KZT outflow)"
FAN-032,100000002983426100,receiver,"terminal, depth=3, seed=False; inside this formation receives 88,945 KZT and sends 0 KZT (0% of its 0 KZT outflow)"
FAN-032,100000003009900100,receiver,"terminal, depth=3, seed=False; inside this formation receives 15,998 KZT and sends 0 KZT (0% of its 0 KZT outflow)"
FAN-032,100000003095610100,receiver,"terminal, depth=3, seed=False; inside this formation receives 23,665 KZT and sends 0 KZT (0% of its 0 KZT outflow)"
FAN-032,100000003241965100,receiver,"terminal, depth=3, seed=False; inside this formation receives 15,000 KZT and sends 0 KZT (0% of its 0 KZT outflow)"
FAN-032,100000004979283100,receiver,"terminal, depth=3, seed=False; inside this formation receives 40,132 KZT and sends 0 KZT (0% of its 0 KZT outflow)"
FAN-032,100000005362848100,receiver,"terminal, depth=3, seed=False; inside this formation receives 29,000 KZT and sends 0 KZT (0% of its 0 KZT outflow)"
FAN-032,100000005578559100,distributor,"distributor, depth=2, seed=False; inside this formation receives 0 KZT and sends 545,486 KZT (61% of its 893,164 KZT outflow) [breaking point]"
FAN-033,100000001282143100,receiver,"terminal, depth=3, seed=False; inside this formation receives 480,000 KZT and sends 0 KZT (0% of its 0 KZT outflow)"
FAN-033,100000001303311100,receiver,"terminal, depth=3, seed=False; inside this formation receives 41,000 KZT and sends 0 KZT (0% of its 0 KZT outflow)"
FAN-033,100000001537524100,receiver,"abstained_boundary, depth=4, seed=False; inside this formation receives 150,000 KZT and sends 0 KZT (0% of its 0 KZT outflow)"
FAN-033,100000002443664100,receiver,"terminal, depth=2, seed=False; inside this formation receives 420,000 KZT and sends 0 KZT (0% of its 0 KZT outflow)"
FAN-033,100000002529877100,receiver,"abstained_boundary, depth=4, seed=False; inside this formation receives 232,000 KZT and sends 0 KZT (0% of its 0 KZT outflow)"
FAN-033,100000002593344100,receiver,"terminal, depth=3, seed=False; inside this formation receives 141,000 KZT and sends 0 KZT (0% of its 0 KZT outflow)"
FAN-033,100000002956769100,receiver,"terminal, depth=3, seed=False; inside this formation receives 440,000 KZT and sends 0 KZT (0% of its 0 KZT outflow)"
FAN-033,100000003031003100,receiver,"terminal, depth=3, seed=False; inside this formation receives 185,000 KZT and sends 0 KZT (0% of its 0 KZT outflow)"
FAN-033,100000003037476100,receiver,"abstained_boundary, depth=4, seed=False; inside this formation receives 90,000 KZT and sends 0 KZT (0% of its 0 KZT outflow)"
FAN-033,100000004403641100,receiver,"abstained_boundary, depth=4, seed=False; inside this formation receives 171,500 KZT and sends 0 KZT (0% of its 0 KZT outflow)"
FAN-033,100000005783452100,receiver,"abstained_boundary, depth=4, seed=False; inside this formation receives 200,000 KZT and sends 0 KZT (0% of its 0 KZT outflow)"
FAN-033,100000008699083100,receiver,"abstained_boundary, depth=4, seed=False; inside this formation receives 238,500 KZT and sends 0 KZT (0% of its 0 KZT outflow)"
FAN-033,100000008742053100,distributor,"peripheral, depth=3, seed=False; inside this formation receives 0 KZT and sends 2,789,000 KZT (100% of its 2,789,000 KZT outflow) [breaking point]"
FAN-034,100000001282143100,receiver,"terminal, depth=3, seed=False; inside this formation receives 20,000 KZT and sends 0 KZT (0% of its 0 KZT outflow)"
FAN-034,100000001538095100,receiver,"terminal, depth=3, seed=False; inside this formation receives 180,000 KZT and sends 0 KZT (0% of its 0 KZT outflow)"
FAN-034,100000002173161100,receiver,"terminal, depth=1, seed=False; inside this formation receives 290,000 KZT and sends 0 KZT (0% of its 0 KZT outflow)"
FAN-034,100000002369874100,receiver,"terminal, depth=3, seed=False; inside this formation receives 140,000 KZT and sends 0 KZT (0% of its 0 KZT outflow)"
FAN-034,100000002559089100,receiver,"terminal, depth=3, seed=False; inside this formation receives 650,000 KZT and sends 0 KZT (0% of its 0 KZT outflow)"
FAN-034,100000002712416100,receiver,"terminal, depth=3, seed=False; inside this formation receives 101,500 KZT and sends 0 KZT (0% of its 0 KZT outflow)"
FAN-034,100000002956769100,receiver,"terminal, depth=3, seed=False; inside this formation receives 340,000 KZT and sends 0 KZT (0% of its 0 KZT outflow)"
FAN-034,100000004671609100,receiver,"terminal, depth=3, seed=False; inside this formation receives 100,000 KZT and sends 0 KZT (0% of its 0 KZT outflow)"
FAN-034,100000008512827100,distributor,"peripheral, depth=2, seed=False; inside this formation receives 0 KZT and sends 1,821,500 KZT (94% of its 1,944,500 KZT outflow) [breaking point]"
FAN-035,100000001282143100,receiver,"terminal, depth=3, seed=False; inside this formation receives 160,000 KZT and sends 0 KZT (0% of its 0 KZT outflow)"
FAN-035,100000002632742100,receiver,"terminal, depth=3, seed=False; inside this formation receives 100,000 KZT and sends 0 KZT (0% of its 0 KZT outflow)"
FAN-035,100000002894076100,receiver,"terminal, depth=1, seed=False; inside this formation receives 146,000 KZT and sends 0 KZT (0% of its 0 KZT outflow)"
FAN-035,100000003292191100,receiver,"terminal, depth=3, seed=False; inside this formation receives 112,000 KZT and sends 0 KZT (0% of its 0 KZT outflow)"
FAN-035,100000007229557100,receiver,"terminal, depth=3, seed=False; inside this formation receives 173,000 KZT and sends 0 KZT (0% of its 0 KZT outflow)"
FAN-035,100000008468762100,receiver,"terminal, depth=3, seed=False; inside this formation receives 140,000 KZT and sends 0 KZT (0% of its 0 KZT outflow)"
FAN-035,100000008536546100,receiver,"terminal, depth=3, seed=False; inside this formation receives 200,000 KZT and sends 0 KZT (0% of its 0 KZT outflow)"
FAN-035,100000008710843100,distributor,"peripheral, depth=2, seed=False; inside this formation receives 0 KZT and sends 1,611,000 KZT (81% of its 1,985,500 KZT outflow) [breaking point]"
FAN-035,100000008775471100,receiver,"terminal, depth=3, seed=False; inside this formation receives 580,000 KZT and sends 0 KZT (0% of its 0 KZT outflow)"
FAN-036,100000001299323100,receiver,"abstained_boundary, depth=4, seed=False; inside this formation receives 109,000 KZT and sends 0 KZT (0% of its 0 KZT outflow)"
FAN-036,100000001884825100,receiver,"terminal, depth=3, seed=False; inside this formation receives 150,000 KZT and sends 0 KZT (0% of its 0 KZT outflow)"
FAN-036,100000002547110100,receiver,"terminal, depth=3, seed=False; inside this formation receives 140,000 KZT and sends 0 KZT (0% of its 0 KZT outflow)"
FAN-036,100000002835874100,receiver,"abstained_boundary, depth=4, seed=False; inside this formation receives 58,700 KZT and sends 0 KZT (0% of its 0 KZT outflow)"
FAN-036,100000002945626100,receiver,"terminal, depth=3, seed=False; inside this formation receives 170,000 KZT and sends 0 KZT (0% of its 0 KZT outflow)"
FAN-036,100000003037476100,receiver,"abstained_boundary, depth=4, seed=False; inside this formation receives 370,000 KZT and sends 0 KZT (0% of its 0 KZT outflow)"
FAN-036,100000003074515100,receiver,"abstained_boundary, depth=4, seed=False; inside this formation receives 105,000 KZT and sends 0 KZT (0% of its 0 KZT outflow)"
FAN-036,100000003111305100,receiver,"terminal, depth=3, seed=False; inside this formation receives 144,000 KZT and sends 0 KZT (0% of its 0 KZT outflow)"
FAN-036,100000003157679100,receiver,"terminal, depth=3, seed=False; inside this formation receives 245,000 KZT and sends 0 KZT (0% of its 0 KZT outflow)"
FAN-036,100000003158727100,receiver,"terminal, depth=1, seed=False; inside this formation receives 81,500 KZT and sends 0 KZT (0% of its 0 KZT outflow)"
FAN-036,100000003171006100,receiver,"terminal, depth=3, seed=False; inside this formation receives 305,000 KZT and sends 0 KZT (0% of its 0 KZT outflow)"
FAN-036,100000003180820100,receiver,"abstained_boundary, depth=4, seed=False; inside this formation receives 101,000 KZT and sends 0 KZT (0% of its 0 KZT outflow)"
FAN-036,100000003230329100,receiver,"abstained_boundary, depth=4, seed=False; inside this formation receives 110,000 KZT and sends 0 KZT (0% of its 0 KZT outflow)"
FAN-036,100000003286537100,receiver,"terminal, depth=3, seed=False; inside this formation receives 78,000 KZT and sends 0 KZT (0% of its 0 KZT outflow)"
FAN-036,100000004526651100,receiver,"abstained_boundary, depth=4, seed=False; inside this formation receives 33,000 KZT and sends 0 KZT (0% of its 0 KZT outflow)"
FAN-036,100000005783452100,receiver,"abstained_boundary, depth=4, seed=False; inside this formation receives 86,500 KZT and sends 0 KZT (0% of its 0 KZT outflow)"
FAN-036,100000005888829100,receiver,"abstained_boundary, depth=4, seed=False; inside this formation receives 197,000 KZT and sends 0 KZT (0% of its 0 KZT outflow)"
FAN-036,100000007034089100,receiver,"abstained_boundary, depth=4, seed=False; inside this formation receives 8,000 KZT and sends 0 KZT (0% of its 0 KZT outflow)"
FAN-036,100000007357489100,receiver,"abstained_boundary, depth=4, seed=False; inside this formation receives 49,500 KZT and sends 0 KZT (0% of its 0 KZT outflow)"
FAN-036,100000008489922100,distributor,"distributor, depth=3, seed=False; inside this formation receives 0 KZT and sends 3,236,200 KZT (85% of its 3,789,900 KZT outflow) [breaking point]"
FAN-036,100000008536546100,receiver,"terminal, depth=3, seed=False; inside this formation receives 50,000 KZT and sends 0 KZT (0% of its 0 KZT outflow)"
FAN-036,100000008708207100,receiver,"terminal, depth=3, seed=False; inside this formation receives 300,000 KZT and sends 0 KZT (0% of its 0 KZT outflow)"
FAN-036,100000008740295100,receiver,"abstained_boundary, depth=4, seed=False; inside this formation receives 300,000 KZT and sends 0 KZT (0% of its 0 KZT outflow)"
FAN-036,100000008758106100,receiver,"abstained_boundary, depth=4, seed=False; inside this formation receives 10,000 KZT and sends 0 KZT (0% of its 0 KZT outflow)"
FAN-036,100000008758607100,receiver,"abstained_boundary, depth=4, seed=False; inside this formation receives 5,000 KZT and sends 0 KZT (0% of its 0 KZT outflow)"
FAN-036,100000008761132100,receiver,"abstained_boundary, depth=4, seed=False; inside this formation receives 10,000 KZT and sends 0 KZT (0% of its 0 KZT outflow)"
FAN-036,100000008761220100,receiver,"abstained_boundary, depth=4, seed=False; inside this formation receives 10,000 KZT and sends 0 KZT (0% of its 0 KZT outflow)"
FAN-036,100000008766764100,receiver,"abstained_boundary, depth=4, seed=False; inside this formation receives 5,000 KZT and sends 0 KZT (0% of its 0 KZT outflow)"
FAN-036,100000008775747100,receiver,"abstained_boundary, depth=4, seed=False; inside this formation receives 5,000 KZT and sends 0 KZT (0% of its 0 KZT outflow)"
FAN-037,100000001303311100,receiver,"terminal, depth=3, seed=False; inside this formation receives 135,000 KZT and sends 0 KZT (0% of its 0 KZT outflow)"
FAN-037,100000001680944100,receiver,"terminal, depth=3, seed=False; inside this formation receives 393,000 KZT and sends 0 KZT (0% of its 0 KZT outflow)"
FAN-037,100000002443664100,receiver,"terminal, depth=2, seed=False; inside this formation receives 62,000 KZT and sends 0 KZT (0% of its 0 KZT outflow)"
FAN-037,100000002945626100,receiver,"terminal, depth=3, seed=False; inside this formation receives 84,000 KZT and sends 0 KZT (0% of its 0 KZT outflow)"
FAN-037,100000003097324100,receiver,"terminal, depth=3, seed=False; inside this formation receives 240,000 KZT and sends 0 KZT (0% of its 0 KZT outflow)"
FAN-037,100000007229557100,receiver,"terminal, depth=3, seed=False; inside this formation receives 500,000 KZT and sends 0 KZT (0% of its 0 KZT outflow)"
FAN-037,100000008743913100,distributor,"peripheral, depth=2, seed=False; inside this formation receives 0 KZT and sends 1,429,000 KZT (77% of its 1,850,600 KZT outflow) [breaking point]"
FAN-037,100000008767027100,receiver,"terminal, depth=3, seed=False; inside this formation receives 5,000 KZT and sends 0 KZT (0% of its 0 KZT outflow)"
FAN-037,100000008767065100,receiver,"terminal, depth=3, seed=False; inside this formation receives 10,000 KZT and sends 0 KZT (0% of its 0 KZT outflow)"
FAN-038,100000001329153100,receiver,"terminal, depth=3, seed=False; inside this formation receives 150,687 KZT and sends 0 KZT (0% of its 0 KZT outflow)"
FAN-038,100000001530709100,receiver,"terminal, depth=3, seed=False; inside this formation receives 53,961 KZT and sends 0 KZT (0% of its 0 KZT outflow)"
FAN-038,100000001934935100,receiver,"terminal, depth=3, seed=False; inside this formation receives 118,935 KZT and sends 0 KZT (0% of its 0 KZT outflow)"
FAN-038,100000002194329100,receiver,"terminal, depth=3, seed=False; inside this formation receives 25,170 KZT and sends 0 KZT (0% of its 0 KZT outflow)"
FAN-038,100000002435265100,receiver,"terminal, depth=3, seed=False; inside this formation receives 132,628 KZT and sends 0 KZT (0% of its 0 KZT outflow)"
FAN-038,100000002521039100,receiver,"terminal, depth=3, seed=False; inside this formation receives 349,370 KZT and sends 0 KZT (0% of its 0 KZT outflow)"
FAN-038,100000002597623100,receiver,"terminal, depth=3, seed=False; inside this formation receives 16,418 KZT and sends 0 KZT (0% of its 0 KZT outflow)"
FAN-038,100000002645609100,receiver,"terminal, depth=1, seed=False; inside this formation receives 373,567 KZT and sends 0 KZT (0% of its 0 KZT outflow)"
FAN-038,100000003093299100,receiver,"terminal, depth=3, seed=False; inside this formation receives 15,000 KZT and sends 0 KZT (0% of its 0 KZT outflow)"
FAN-038,100000003218308100,receiver,"terminal, depth=3, seed=False; inside this formation receives 11,165 KZT and sends 0 KZT (0% of its 0 KZT outflow)"
FAN-038,100000003235780100,receiver,"terminal, depth=1, seed=False; inside this formation receives 50,000 KZT and sends 0 KZT (0% of its 0 KZT outflow)"
FAN-038,100000003581109100,receiver,"terminal, depth=3, seed=False; inside this formation receives 42,750 KZT and sends 0 KZT (0% of its 0 KZT outflow)"
FAN-038,100000003943247100,receiver,"terminal, depth=3, seed=False; inside this formation receives 40,000 KZT and sends 0 KZT (0% of its 0 KZT outflow)"
FAN-038,100000004291560100,receiver,"terminal, depth=3, seed=False; inside this formation receives 47,190 KZT and sends 0 KZT (0% of its 0 KZT outflow)"
FAN-038,100000004400305100,distributor,"distributor, depth=2, seed=False; inside this formation receives 0 KZT and sends 2,047,973 KZT (35% of its 5,830,181 KZT outflow) [breaking point]"
FAN-038,100000004611571100,receiver,"terminal, depth=3, seed=False; inside this formation receives 22,550 KZT and sends 0 KZT (0% of its 0 KZT outflow)"
FAN-038,100000004713684100,receiver,"terminal, depth=3, seed=False; inside this formation receives 37,500 KZT and sends 0 KZT (0% of its 0 KZT outflow)"
FAN-038,100000004889043100,receiver,"terminal, depth=3, seed=False; inside this formation receives 172,000 KZT and sends 0 KZT (0% of its 0 KZT outflow)"
FAN-038,100000005357034100,receiver,"terminal, depth=3, seed=False; inside this formation receives 9,754 KZT and sends 0 KZT (0% of its 0 KZT outflow)"
FAN-038,100000006919124100,receiver,"terminal, depth=3, seed=False; inside this formation receives 25,000 KZT and sends 0 KZT (0% of its 0 KZT outflow)"
FAN-038,100000007181706100,receiver,"terminal, depth=1, seed=False; inside this formation receives 12,500 KZT and sends 0 KZT (0% of its 0 KZT outflow)"
FAN-038,100000007484343100,receiver,"terminal, depth=3, seed=False; inside this formation receives 16,700 KZT and sends 0 KZT (0% of its 0 KZT outflow)"
FAN-038,100000008223756100,receiver,"terminal, depth=3, seed=False; inside this formation receives 15,512 KZT and sends 0 KZT (0% of its 0 KZT outflow)"
FAN-038,100000008422226100,receiver,"terminal, depth=3, seed=False; inside this formation receives 87,450 KZT and sends 0 KZT (0% of its 0 KZT outflow)"
FAN-038,100000008432942100,receiver,"terminal, depth=3, seed=False; inside this formation receives 44,542 KZT and sends 0 KZT (0% of its 0 KZT outflow)"
FAN-038,100000008491390100,receiver,"terminal, depth=3, seed=False; inside this formation receives 36,000 KZT and sends 0 KZT (0% of its 0 KZT outflow)"
FAN-038,100000008652094100,receiver,"terminal, depth=3, seed=False; inside this formation receives 35,000 KZT and sends 0 KZT (0% of its 0 KZT outflow)"
FAN-038,100000008669310100,receiver,"terminal, depth=3, seed=False; inside this formation receives 59,567 KZT and sends 0 KZT (0% of its 0 KZT outflow)"
FAN-038,100000008748795100,receiver,"terminal, depth=3, seed=False; inside this formation receives 47,057 KZT and sends 0 KZT (0% of its 0 KZT outflow)"
FAN-039,100000001538095100,receiver,"terminal, depth=3, seed=False; inside this formation receives 100,000 KZT and sends 0 KZT (0% of its 0 KZT outflow)"
FAN-039,100000001822650100,receiver,"abstained_boundary, depth=4, seed=False; inside this formation receives 112,000 KZT and sends 0 KZT (0% of its 0 KZT outflow)"
FAN-039,100000001884825100,receiver,"terminal, depth=3, seed=False; inside this formation receives 95,000 KZT and sends 0 KZT (0% of its 0 KZT outflow)"
FAN-039,100000002369874100,receiver,"terminal, depth=3, seed=False; inside this formation receives 35,000 KZT and sends 0 KZT (0% of its 0 KZT outflow)"
FAN-039,100000002718366100,receiver,"terminal, depth=2, seed=False; inside this formation receives 120,000 KZT and sends 0 KZT (0% of its 0 KZT outflow)"
FAN-039,100000002956769100,receiver,"terminal, depth=3, seed=False; inside this formation receives 60,000 KZT and sends 0 KZT (0% of its 0 KZT outflow)"
FAN-039,100000003037476100,receiver,"abstained_boundary, depth=4, seed=False; inside this formation receives 95,000 KZT and sends 0 KZT (0% of its 0 KZT outflow)"
FAN-039,100000003072205100,receiver,"abstained_boundary, depth=4, seed=False; inside this formation receives 100,000 KZT and sends 0 KZT (0% of its 0 KZT outflow)"
FAN-039,100000003157679100,receiver,"terminal, depth=3, seed=False; inside this formation receives 66,000 KZT and sends 0 KZT (0% of its 0 KZT outflow)"
FAN-039,100000003831324100,receiver,"terminal, depth=1, seed=False; inside this formation receives 100,000 KZT and sends 0 KZT (0% of its 0 KZT outflow)"
FAN-039,100000007034089100,receiver,"abstained_boundary, depth=4, seed=False; inside this formation receives 190,000 KZT and sends 0 KZT (0% of its 0 KZT outflow)"
FAN-039,100000007357489100,receiver,"abstained_boundary, depth=4, seed=False; inside this formation receives 115,000 KZT and sends 0 KZT (0% of its 0 KZT outflow)"
FAN-039,100000008517538100,distributor,"peripheral, depth=3, seed=False; inside this formation receives 0 KZT and sends 1,207,000 KZT (84% of its 1,439,000 KZT outflow) [breaking point]"
FAN-039,100000008710913100,receiver,"abstained_boundary, depth=4, seed=False; inside this formation receives 14,000 KZT and sends 0 KZT (0% of its 0 KZT outflow)"
FAN-039,100000008766031100,receiver,"abstained_boundary, depth=4, seed=False; inside this formation receives 5,000 KZT and sends 0 KZT (0% of its 0 KZT outflow)"
FAN-040,100000001674850100,receiver,"terminal, depth=3, seed=False; inside this formation receives 47,000 KZT and sends 0 KZT (0% of its 0 KZT outflow)"
FAN-040,100000001733687100,receiver,"terminal, depth=3, seed=False; inside this formation receives 300,000 KZT and sends 0 KZT (0% of its 0 KZT outflow)"
FAN-040,100000001875239100,receiver,"terminal, depth=3, seed=False; inside this formation receives 175,000 KZT and sends 0 KZT (0% of its 0 KZT outflow)"
FAN-040,100000001884825100,receiver,"terminal, depth=3, seed=False; inside this formation receives 250,000 KZT and sends 0 KZT (0% of its 0 KZT outflow)"
FAN-040,100000002369874100,receiver,"terminal, depth=3, seed=False; inside this formation receives 160,000 KZT and sends 0 KZT (0% of its 0 KZT outflow)"
FAN-040,100000002529880100,receiver,"terminal, depth=3, seed=False; inside this formation receives 27,000 KZT and sends 0 KZT (0% of its 0 KZT outflow)"
FAN-040,100000002547110100,receiver,"terminal, depth=3, seed=False; inside this formation receives 224,000 KZT and sends 0 KZT (0% of its 0 KZT outflow)"
FAN-040,100000002548759100,receiver,"terminal, depth=3, seed=False; inside this formation receives 195,000 KZT and sends 0 KZT (0% of its 0 KZT outflow)"
FAN-040,100000002718366100,receiver,"terminal, depth=2, seed=False; inside this formation receives 959,000 KZT and sends 0 KZT (0% of its 0 KZT outflow)"
FAN-040,100000002793881100,receiver,"terminal, depth=3, seed=False; inside this formation receives 155,600 KZT and sends 0 KZT (0% of its 0 KZT outflow)"
FAN-040,100000002815005100,receiver,"terminal, depth=3, seed=False; inside this formation receives 476,500 KZT and sends 0 KZT (0% of its 0 KZT outflow)"
FAN-040,100000002958139100,receiver,"terminal, depth=3, seed=False; inside this formation receives 209,500 KZT and sends 0 KZT (0% of its 0 KZT outflow)"
FAN-040,100000003031633100,receiver,"terminal, depth=3, seed=False; inside this formation receives 414,000 KZT and sends 0 KZT (0% of its 0 KZT outflow)"
FAN-040,100000003097324100,receiver,"terminal, depth=3, seed=False; inside this formation receives 54,000 KZT and sends 0 KZT (0% of its 0 KZT outflow)"
FAN-040,100000003158727100,receiver,"terminal, depth=1, seed=False; inside this formation receives 110,000 KZT and sends 0 KZT (0% of its 0 KZT outflow)"
FAN-040,100000003286537100,receiver,"terminal, depth=3, seed=False; inside this formation receives 75,000 KZT and sends 0 KZT (0% of its 0 KZT outflow)"
FAN-040,100000008070101100,receiver,"terminal, depth=3, seed=False; inside this formation receives 100,000 KZT and sends 0 KZT (0% of its 0 KZT outflow)"
FAN-040,100000008547948100,distributor,"distributor, depth=2, seed=False; inside this formation receives 0 KZT and sends 4,269,600 KZT (82% of its 5,185,600 KZT outflow) [breaking point]"
FAN-040,100000008751380100,receiver,"terminal, depth=3, seed=False; inside this formation receives 338,000 KZT and sends 0 KZT (0% of its 0 KZT outflow)"
FAN-041,100000001689968100,receiver,"terminal, depth=3, seed=False; inside this formation receives 96,700 KZT and sends 0 KZT (0% of its 0 KZT outflow)"
FAN-041,100000002570206100,receiver,"terminal, depth=2, seed=False; inside this formation receives 85,813 KZT and sends 0 KZT (0% of its 0 KZT outflow)"
FAN-041,100000002975287100,receiver,"terminal, depth=3, seed=False; inside this formation receives 15,000 KZT and sends 0 KZT (0% of its 0 KZT outflow)"
FAN-041,100000003060517100,receiver,"terminal, depth=3, seed=False; inside this formation receives 315,955 KZT and sends 0 KZT (0% of its 0 KZT outflow)"
FAN-041,100000003072676100,receiver,"terminal, depth=3, seed=False; inside this formation receives 31,545 KZT and sends 0 KZT (0% of its 0 KZT outflow)"
FAN-041,100000003986141100,receiver,"terminal, depth=3, seed=False; inside this formation receives 5,286 KZT and sends 0 KZT (0% of its 0 KZT outflow)"
FAN-041,100000007618425100,receiver,"terminal, depth=3, seed=False; inside this formation receives 39,348 KZT and sends 0 KZT (0% of its 0 KZT outflow)"
FAN-041,100000008011573100,receiver,"terminal, depth=3, seed=False; inside this formation receives 15,000 KZT and sends 0 KZT (0% of its 0 KZT outflow)"
FAN-041,100000008413748100,distributor,"peripheral, depth=2, seed=False; inside this formation receives 0 KZT and sends 614,147 KZT (45% of its 1,377,320 KZT outflow) [breaking point]"
FAN-041,100000008612257100,receiver,"terminal, depth=3, seed=False; inside this formation receives 9,500 KZT and sends 0 KZT (0% of its 0 KZT outflow)"
FAN-042,100000001929088100,receiver,"terminal, depth=1, seed=False; inside this formation receives 210,000 KZT and sends 0 KZT (0% of its 0 KZT outflow)"
FAN-042,100000002591469100,receiver,"terminal, depth=1, seed=False; inside this formation receives 235,670 KZT and sends 0 KZT (0% of its 0 KZT outflow)"
FAN-042,100000002670860100,receiver,"terminal, depth=1, seed=False; inside this formation receives 200,000 KZT and sends 0 KZT (0% of its 0 KZT outflow)"
FAN-042,100000002794197100,receiver,"terminal, depth=1, seed=False; inside this formation receives 30,100 KZT and sends 0 KZT (0% of its 0 KZT outflow)"
FAN-042,100000002836736100,receiver,"terminal, depth=1, seed=False; inside this formation receives 193,000 KZT and sends 0 KZT (0% of its 0 KZT outflow)"
FAN-042,100000002844652100,receiver,"terminal, depth=1, seed=False; inside this formation receives 61,360 KZT and sends 0 KZT (0% of its 0 KZT outflow)"
FAN-042,100000002870937100,receiver,"terminal, depth=1, seed=False; inside this formation receives 83,700 KZT and sends 0 KZT (0% of its 0 KZT outflow)"
FAN-042,100000002894076100,receiver,"terminal, depth=1, seed=False; inside this formation receives 741,782 KZT and sends 0 KZT (0% of its 0 KZT outflow)"
FAN-042,100000003044518100,receiver,"terminal, depth=1, seed=False; inside this formation receives 34,423 KZT and sends 0 KZT (0% of its 0 KZT outflow)"
FAN-042,100000003158727100,receiver,"terminal, depth=1, seed=False; inside this formation receives 176,440 KZT and sends 0 KZT (0% of its 0 KZT outflow)"
FAN-042,100000003377795100,receiver,"terminal, depth=1, seed=False; inside this formation receives 7,000 KZT and sends 0 KZT (0% of its 0 KZT outflow)"
FAN-042,100000003831324100,receiver,"terminal, depth=1, seed=False; inside this formation receives 200,000 KZT and sends 0 KZT (0% of its 0 KZT outflow)"
FAN-042,100000004130144100,receiver,"terminal, depth=1, seed=False; inside this formation receives 200,000 KZT and sends 0 KZT (0% of its 0 KZT outflow)"
FAN-042,100000005588444100,receiver,"terminal, depth=1, seed=False; inside this formation receives 12,300 KZT and sends 0 KZT (0% of its 0 KZT outflow)"
FAN-042,100000005778283100,receiver,"terminal, depth=1, seed=False; inside this formation receives 205,760 KZT and sends 0 KZT (0% of its 0 KZT outflow)"
FAN-042,100000007641801100,receiver,"terminal, depth=1, seed=False; inside this formation receives 200,000 KZT and sends 0 KZT (0% of its 0 KZT outflow)"
FAN-042,100000007747786100,distributor,"peripheral, depth=0, seed=True; inside this formation receives 0 KZT and sends 2,844,735 KZT (67% of its 4,238,009 KZT outflow) [breaking point]"
FAN-042,100000008219168100,receiver,"terminal, depth=1, seed=False; inside this formation receives 53,200 KZT and sends 0 KZT (0% of its 0 KZT outflow)"
FAN-043,100000002459832100,receiver,"terminal, depth=3, seed=False; inside this formation receives 580,606 KZT and sends 0 KZT (0% of its 0 KZT outflow)"
FAN-043,100000002475601100,receiver,"terminal, depth=3, seed=False; inside this formation receives 232,301 KZT and sends 0 KZT (0% of its 0 KZT outflow)"
FAN-043,100000002528544100,receiver,"terminal, depth=3, seed=False; inside this formation receives 192,912 KZT and sends 0 KZT (0% of its 0 KZT outflow)"
FAN-043,100000002914245100,receiver,"terminal, depth=3, seed=False; inside this formation receives 140,611 KZT and sends 0 KZT (0% of its 0 KZT outflow)"
FAN-043,100000002936322100,receiver,"terminal, depth=3, seed=False; inside this formation receives 599,966 KZT and sends 0 KZT (0% of its 0 KZT outflow)"
FAN-043,100000003031761100,receiver,"terminal, depth=3, seed=False; inside this formation receives 460,408 KZT and sends 0 KZT (0% of its 0 KZT outflow)"
FAN-043,100000003087877100,receiver,"terminal, depth=3, seed=False; inside this formation receives 91,486 KZT and sends 0 KZT (0% of its 0 KZT outflow)"
FAN-043,100000006977207100,distributor,"peripheral, depth=2, seed=False; inside this formation receives 0 KZT and sends 2,418,290 KZT (58% of its 4,157,018 KZT outflow) [breaking point]"
FAN-043,100000008598972100,receiver,"terminal, depth=3, seed=False; inside this formation receives 120,000 KZT and sends 0 KZT (0% of its 0 KZT outflow)"
FAN-044,100000002659265100,receiver,"abstained_boundary, depth=4, seed=False; inside this formation receives 141,000 KZT and sends 0 KZT (0% of its 0 KZT outflow)"
FAN-044,100000002734815100,receiver,"abstained_boundary, depth=4, seed=False; inside this formation receives 110,000 KZT and sends 0 KZT (0% of its 0 KZT outflow)"
FAN-044,100000003072205100,receiver,"abstained_boundary, depth=4, seed=False; inside this formation receives 63,000 KZT and sends 0 KZT (0% of its 0 KZT outflow)"
FAN-044,100000003128638100,receiver,"abstained_boundary, depth=4, seed=False; inside this formation receives 300,000 KZT and sends 0 KZT (0% of its 0 KZT outflow)"
FAN-044,100000008336318100,receiver,"abstained_boundary, depth=4, seed=False; inside this formation receives 170,000 KZT and sends 0 KZT (0% of its 0 KZT outflow)"
FAN-044,100000008468762100,receiver,"terminal, depth=3, seed=False; inside this formation receives 30,000 KZT and sends 0 KZT (0% of its 0 KZT outflow)"
FAN-044,100000008746449100,distributor,"peripheral, depth=3, seed=False; inside this formation receives 0 KZT and sends 833,000 KZT (83% of its 1,009,000 KZT outflow) [breaking point]"
FAN-044,100000008762005100,receiver,"abstained_boundary, depth=4, seed=False; inside this formation receives 5,000 KZT and sends 0 KZT (0% of its 0 KZT outflow)"
FAN-044,100000008762843100,receiver,"abstained_boundary, depth=4, seed=False; inside this formation receives 7,000 KZT and sends 0 KZT (0% of its 0 KZT outflow)"
FAN-044,100000008762885100,receiver,"abstained_boundary, depth=4, seed=False; inside this formation receives 7,000 KZT and sends 0 KZT (0% of its 0 KZT outflow)"
FAN-045,100000002736316100,receiver,"terminal, depth=3, seed=False; inside this formation receives 29,289 KZT and sends 0 KZT (0% of its 0 KZT outflow)"
FAN-045,100000002818726100,receiver,"terminal, depth=3, seed=False; inside this formation receives 10,879 KZT and sends 0 KZT (0% of its 0 KZT outflow)"
FAN-045,100000002945031100,receiver,"terminal, depth=3, seed=False; inside this formation receives 15,000 KZT and sends 0 KZT (0% of its 0 KZT outflow)"
FAN-045,100000003050771100,receiver,"terminal, depth=3, seed=False; inside this formation receives 229,000 KZT and sends 0 KZT (0% of its 0 KZT outflow)"
FAN-045,100000003724440100,receiver,"terminal, depth=2, seed=False; inside this formation receives 25,000 KZT and sends 0 KZT (0% of its 0 KZT outflow)"
FAN-045,100000004004621100,receiver,"terminal, depth=1, seed=False; inside this formation receives 25,361 KZT and sends 0 KZT (0% of its 0 KZT outflow)"
FAN-045,100000005709551100,receiver,"terminal, depth=3, seed=False; inside this formation receives 24,560 KZT and sends 0 KZT (0% of its 0 KZT outflow)"
FAN-045,100000008346837100,distributor,"distributor, depth=2, seed=False; inside this formation receives 0 KZT and sends 399,089 KZT (32% of its 1,258,643 KZT outflow) [breaking point]"
FAN-045,100000008571443100,receiver,"terminal, depth=2, seed=False; inside this formation receives 40,000 KZT and sends 0 KZT (0% of its 0 KZT outflow)"
FUN-001,100000001102676100,feeder,"transit, depth=2, seed=False; inside this formation receives 0 KZT and sends 50,000 KZT (100% of its 50,000 KZT outflow)"
FUN-001,100000003299365100,feeder,"transit, depth=1, seed=False; inside this formation receives 200,000 KZT and sends 200,000 KZT (100% of its 200,000 KZT outflow)"
FUN-001,100000003684369100,consolidator,"distributor, depth=0, seed=True; inside this formation receives 291,300 KZT and sends 200,000 KZT (2% of its 8,588,655 KZT outflow) [breaking point]"
FUN-001,100000004450649100,feeder,"peripheral, depth=3, seed=False; inside this formation receives 0 KZT and sends 41,300 KZT (89% of its 46,527 KZT outflow)"
FUN-002,100000001597505100,feeder,"abstained_single_observation, depth=2, seed=False; inside this formation receives 0 KZT and sends 12,920 KZT (100% of its 12,920 KZT outflow)"
FUN-002,100000001616816100,feeder,"transit, depth=0, seed=True; inside this formation receives 81,195 KZT and sends 110,500 KZT (61% of its 181,326 KZT outflow)"
FUN-002,100000004015047100,consolidator,"consolidator, depth=1, seed=False; inside this formation receives 238,420 KZT and sends 69,195 KZT (100% of its 69,195 KZT outflow) [breaking point]"
FUN-002,100000008721637100,feeder,"peripheral, depth=3, seed=False; inside this formation receives 0 KZT and sends 127,000 KZT (100% of its 127,000 KZT outflow)"
FUN-003,100000001677929100,consolidator,"peripheral, depth=2, seed=False; inside this formation receives 126,777 KZT and sends 286,098 KZT (100% of its 286,098 KZT outflow) [breaking point]"
FUN-003,100000001740277100,feeder,"abstained_single_observation, depth=3, seed=False; inside this formation receives 8,700 KZT and sends 5,000 KZT (100% of its 5,000 KZT outflow)"
FUN-003,100000002394199100,feeder,"peripheral, depth=3, seed=False; inside this formation receives 277,398 KZT and sends 76,777 KZT (100% of its 76,777 KZT outflow)"
FUN-003,100000007536804100,feeder,"peripheral, depth=1, seed=False; inside this formation receives 0 KZT and sends 45,000 KZT (82% of its 55,000 KZT outflow)"
FUN-004,100000002224132100,consolidator,"coordinator, depth=2, seed=False; inside this formation receives 3,891,020 KZT and sends 6,980,000 KZT (58% of its 12,115,000 KZT outflow) [breaking point]"
FUN-004,100000003835149100,feeder,"peripheral, depth=1, seed=False; inside this formation receives 0 KZT and sends 2,900,720 KZT (63% of its 4,600,440 KZT outflow)"
FUN-004,100000004603109100,feeder,"peripheral, depth=3, seed=False; inside this formation receives 2,580,000 KZT and sends 400,000 KZT (100% of its 400,000 KZT outflow)"
FUN-004,100000004892144100,feeder,"peripheral, depth=3, seed=False; inside this formation receives 4,500,000 KZT and sends 180,300 KZT (100% of its 180,300 KZT outflow)"
FUN-004,100000005664922100,feeder,"peripheral, depth=2, seed=False; inside this formation receives 0 KZT and sends 510,000 KZT (95% of its 537,000 KZT outflow)"
FUN-005,100000002592567100,feeder,"peripheral, depth=1, seed=False; inside this formation receives 0 KZT and sends 40,000 KZT (82% of its 48,600 KZT outflow)"
FUN-005,100000004019124100,consolidator,"terminal, depth=0, seed=True; inside this formation receives 193,000 KZT and sends 0 KZT (0% of its 0 KZT outflow) [breaking point]"
FUN-005,100000005519347100,feeder,"peripheral, depth=0, seed=True; inside this formation receives 0 KZT and sends 99,000 KZT (100% of its 99,000 KZT outflow)"
FUN-005,100000008654653100,feeder,"peripheral, depth=0, seed=True; inside this formation receives 0 KZT and sends 54,000 KZT (100% of its 54,000 KZT outflow)"
FUN-006,100000002681449100,feeder,"peripheral, depth=1, seed=False; inside this formation receives 0 KZT and sends 120,000 KZT (90% of its 133,000 KZT outflow)"
FUN-006,100000003404627100,consolidator,"terminal, depth=1, seed=False; inside this formation receives 412,700 KZT and sends 0 KZT (0% of its 0 KZT outflow) [breaking point]"
FUN-006,100000008223661100,feeder,"peripheral, depth=3, seed=False; inside this formation receives 0 KZT and sends 154,700 KZT (59% of its 262,580 KZT outflow)"
FUN-006,100000008232832100,feeder,"peripheral, depth=1, seed=False; inside this formation receives 0 KZT and sends 138,000 KZT (100% of its 138,000 KZT outflow)"
FUN-007,100000002916006100,feeder,"peripheral, depth=0, seed=True; inside this formation receives 0 KZT and sends 32,000 KZT (100% of its 32,000 KZT outflow)"
FUN-007,100000004744306100,feeder,"peripheral, depth=1, seed=False; inside this formation receives 0 KZT and sends 58,000 KZT (63% of its 92,000 KZT outflow)"
FUN-007,100000005394708100,feeder,"abstained_single_observation, depth=1, seed=False; inside this formation receives 0 KZT and sends 65,000 KZT (100% of its 65,000 KZT outflow)"
FUN-007,100000008516839100,consolidator,"terminal, depth=0, seed=True; inside this formation receives 155,000 KZT and sends 0 KZT (0% of its 0 KZT outflow) [breaking point]"
FUN-008,100000004193835100,feeder,"abstained_single_observation, depth=0, seed=True; inside this formation receives 0 KZT and sends 5,000 KZT (100% of its 5,000 KZT outflow)"
FUN-008,100000005382566100,consolidator,"peripheral, depth=0, seed=True; inside this formation receives 142,066 KZT and sends 0 KZT (0% of its 50,000 KZT outflow) [breaking point]"
FUN-008,100000005386383100,feeder,"peripheral, depth=0, seed=True; inside this formation receives 0 KZT and sends 29,000 KZT (100% of its 29,000 KZT outflow)"
FUN-008,100000005744674100,feeder,"peripheral, depth=0, seed=True; inside this formation receives 0 KZT and sends 50,066 KZT (100% of its 50,066 KZT outflow)"
FUN-008,100000008254069100,feeder,"peripheral, depth=2, seed=False; inside this formation receives 0 KZT and sends 58,000 KZT (54% of its 107,500 KZT outflow)"
LOOP-001,100000000011452100,loop_member,"peripheral, depth=1, seed=False; inside this formation receives 15,000 KZT and sends 16,685 KZT (100% of its 16,685 KZT outflow) [breaking point]"
LOOP-001,100000005140601100,loop_member,"peripheral, depth=2, seed=False; inside this formation receives 16,685 KZT and sends 15,000 KZT (8% of its 195,300 KZT outflow)"
LOOP-002,100000000031787100,loop_member,"transit, depth=2, seed=False; inside this formation receives 90,000 KZT and sends 60,000 KZT (67% of its 90,000 KZT outflow) [breaking point]"
LOOP-002,100000000267734100,loop_member,"peripheral, depth=1, seed=False; inside this formation receives 60,000 KZT and sends 90,000 KZT (32% of its 282,000 KZT outflow)"
LOOP-003,100000000076451100,loop_member,"peripheral, depth=2, seed=False; inside this formation receives 15,000 KZT and sends 5,000 KZT (9% of its 58,000 KZT outflow) [breaking point]"
LOOP-003,100000004629688100,loop_member,"peripheral, depth=3, seed=False; inside this formation receives 5,000 KZT and sends 15,000 KZT (100% of its 15,000 KZT outflow)"
LOOP-004,100000000076451100,loop_member,"peripheral, depth=2, seed=False; inside this formation receives 30,000 KZT and sends 30,000 KZT (52% of its 58,000 KZT outflow) [breaking point]"
LOOP-004,100000007131370100,loop_member,"transit, depth=3, seed=False; inside this formation receives 30,000 KZT and sends 30,000 KZT (100% of its 30,000 KZT outflow)"
LOOP-005,100000000089154100,loop_member,"peripheral, depth=1, seed=False; inside this formation receives 10,000 KZT and sends 54,000 KZT (13% of its 425,500 KZT outflow)"
LOOP-005,100000000437046100,loop_member,"distributor, depth=2, seed=False; inside this formation receives 32,000 KZT and sends 90,000 KZT (1% of its 7,606,224 KZT outflow)"
LOOP-005,100000004070318100,loop_member,"coordinator, depth=1, seed=False; inside this formation receives 154,725 KZT and sends 85,000 KZT (15% of its 551,860 KZT outflow) [breaking point]"
LOOP-005,100000006866783100,loop_member,"distributor, depth=0, seed=True; inside this formation receives 107,000 KZT and sends 74,725 KZT (2% of its 3,948,037 KZT outflow)"
LOOP-006,100000000089154100,loop_member,"peripheral, depth=1, seed=False; inside this formation receives 10,000 KZT and sends 54,000 KZT (13% of its 425,500 KZT outflow)"
LOOP-006,100000000437046100,loop_member,"distributor, depth=2, seed=False; inside this formation receives 82,000 KZT and sends 27,868 KZT (0% of its 7,606,224 KZT outflow)"
LOOP-006,100000006866783100,loop_member,"distributor, depth=0, seed=True; inside this formation receives 32,000 KZT and sends 33,018 KZT (1% of its 3,948,037 KZT outflow)"
LOOP-006,100000007639767100,loop_member,"coordinator, depth=1, seed=False; inside this formation receives 50,886 KZT and sends 60,000 KZT (7% of its 822,244 KZT outflow) [breaking point]"
LOOP-007,100000000089154100,loop_member,"peripheral, depth=1, seed=False; inside this formation receives 10,000 KZT and sends 54,000 KZT (13% of its 425,500 KZT outflow)"
LOOP-007,100000000437046100,loop_member,"distributor, depth=2, seed=False; inside this formation receives 61,200 KZT and sends 1,104,983 KZT (15% of its 7,606,224 KZT outflow)"
LOOP-007,100000006866783100,loop_member,"distributor, depth=0, seed=True; inside this formation receives 70,100 KZT and sends 235,181 KZT (6% of its 3,948,037 KZT outflow)"
LOOP-007,100000008686313100,loop_member,"coordinator, depth=1, seed=False; inside this formation receives 1,330,164 KZT and sends 77,300 KZT (23% of its 333,800 KZT outflow) [breaking point]"
LOOP-008,100000000089154100,loop_member,"peripheral, depth=1, seed=False; inside this formation receives 10,000 KZT and sends 75,700 KZT (18% of its 425,500 KZT outflow)"
LOOP-008,100000003796063100,loop_member,"peripheral, depth=3, seed=False; inside this formation receives 35,000 KZT and sends 102,500 KZT (11% of its 959,150 KZT outflow) [breaking point]"
LOOP-008,100000006866783100,loop_member,"distributor, depth=0, seed=True; inside this formation receives 89,500 KZT and sends 10,000 KZT (0% of its 3,948,037 KZT outflow)"
LOOP-008,100000008111003100,loop_member,"peripheral, depth=2, seed=False; inside this formation receives 88,700 KZT and sends 35,000 KZT (100% of its 35,000 KZT outflow)"
LOOP-009,100000000089154100,loop_member,"peripheral, depth=1, seed=False; inside this formation receives 10,000 KZT and sends 22,000 KZT (5% of its 425,500 KZT outflow) [breaking point]"
LOOP-009,100000006866783100,loop_member,"distributor, depth=0, seed=True; inside this formation receives 22,000 KZT and sends 10,000 KZT (0% of its 3,948,037 KZT outflow)"
LOOP-010,100000000201868100,loop_member,"transit, depth=2, seed=False; inside this formation receives 190,000 KZT and sends 190,000 KZT (100% of its 190,000 KZT outflow) [breaking point]"
LOOP-010,100000006069103100,loop_member,"transit, depth=1, seed=False; inside this formation receives 190,000 KZT and sends 190,000 KZT (70% of its 270,000 KZT outflow)"
LOOP-011,100000000274067100,loop_member,"peripheral, depth=1, seed=False; inside this formation receives 300,000 KZT and sends 2,900,000 KZT (98% of its 2,969,000 KZT outflow) [breaking point]"
LOOP-011,100000002958343100,loop_member,"peripheral, depth=2, seed=False; inside this formation receives 2,900,000 KZT and sends 300,000 KZT (22% of its 1,390,000 KZT outflow)"
LOOP-012,100000000291906100,loop_member,"transit, depth=2, seed=False; inside this formation receives 380,000 KZT and sends 160,354 KZT (35% of its 455,854 KZT outflow) [breaking point]"
LOOP-012,100000004670388100,loop_member,"peripheral, depth=3, seed=False; inside this formation receives 160,354 KZT and sends 380,000 KZT (53% of its 720,000 KZT outflow)"
LOOP-013,100000000297649100,loop_member,"peripheral, depth=2, seed=False; inside this formation receives 40,000 KZT and sends 70,600 KZT (100% of its 70,600 KZT outflow) [breaking point]"
LOOP-013,100000001899164100,loop_member,"peripheral, depth=1, seed=False; inside this formation receives 70,600 KZT and sends 40,000 KZT (52% of its 76,500 KZT outflow)"
LOOP-014,100000000331309100,loop_member,"distributor, depth=2, seed=False; inside this formation receives 130,000 KZT and sends 373,042 KZT (2% of its 23,001,375 KZT outflow)"
LOOP-014,100000000437046100,loop_member,"distributor, depth=2, seed=False; inside this formation receives 29,200 KZT and sends 1,354,983 KZT (18% of its 7,606,224 KZT outflow)"
LOOP-014,100000001279272100,loop_member,"peripheral, depth=3, seed=False; inside this formation receives 250,000 KZT and sends 130,000 KZT (95% of its 136,758 KZT outflow)"
LOOP-014,100000008686313100,loop_member,"coordinator, depth=1, seed=False; inside this formation receives 1,478,025 KZT and sends 29,200 KZT (9% of its 333,800 KZT outflow) [breaking point]"
LOOP-015,100000000331309100,loop_member,"distributor, depth=2, seed=False; inside this formation receives 59,435 KZT and sends 373,042 KZT (2% of its 23,001,375 KZT outflow)"
LOOP-015,100000004403675100,loop_member,"coordinator, depth=1, seed=False; inside this formation receives 47,187 KZT and sends 59,435 KZT (22% of its 264,699 KZT outflow)"
LOOP-015,100000006866783100,loop_member,"distributor, depth=0, seed=True; inside this formation receives 48,100 KZT and sends 272,368 KZT (7% of its 3,948,037 KZT outflow)"
LOOP-015,100000008686313100,loop_member,"coordinator, depth=1, seed=False; inside this formation receives 598,223 KZT and sends 48,100 KZT (14% of its 333,800 KZT outflow) [breaking point]"
LOOP-016,100000000437046100,loop_member,"distributor, depth=2, seed=False; inside this formation receives 67,500 KZT and sends 90,000 KZT (1% of its 7,606,224 KZT outflow) [breaking point]"
LOOP-016,100000002957787100,loop_member,"distributor, depth=2, seed=False; inside this formation receives 7,600 KZT and sends 6,000 KZT (0% of its 1,276,154 KZT outflow)"
LOOP-016,100000004070318100,loop_member,"coordinator, depth=1, seed=False; inside this formation receives 90,000 KZT and sends 7,600 KZT (1% of its 551,860 KZT outflow)"
LOOP-016,100000008632060100,loop_member,"peripheral, depth=3, seed=False; inside this formation receives 6,000 KZT and sends 67,500 KZT (20% of its 339,200 KZT outflow)"
LOOP-017,100000000437046100,loop_member,"distributor, depth=2, seed=False; inside this formation receives 542,000 KZT and sends 90,000 KZT (1% of its 7,606,224 KZT outflow) [breaking point]"
LOOP-017,100000004070318100,loop_member,"coordinator, depth=1, seed=False; inside this formation receives 154,725 KZT and sends 85,000 KZT (15% of its 551,860 KZT outflow)"
LOOP-017,100000004351795100,loop_member,"peripheral, depth=1, seed=False; inside this formation receives 66,404 KZT and sends 542,000 KZT (32% of its 1,715,161 KZT outflow)"
LOOP-017,100000006866783100,loop_member,"distributor, depth=0, seed=True; inside this formation receives 85,000 KZT and sends 131,129 KZT (3% of its 3,948,037 KZT outflow)"
LOOP-018,100000000437046100,loop_member,"distributor, depth=2, seed=False; inside this formation receives 542,000 KZT and sends 90,000 KZT (1% of its 7,606,224 KZT outflow) [breaking point]"
LOOP-018,100000004070318100,loop_member,"coordinator, depth=1, seed=False; inside this formation receives 90,000 KZT and sends 60,059 KZT (11% of its 551,860 KZT outflow)"
LOOP-018,100000004351795100,loop_member,"peripheral, depth=1, seed=False; inside this formation receives 29,511 KZT and sends 542,000 KZT (32% of its 1,715,161 KZT outflow)"
LOOP-018,100000008346837100,loop_member,"distributor, depth=2, seed=False; inside this formation receives 60,059 KZT and sends 29,511 KZT (2% of its 1,258,643 KZT outflow)"
LOOP-019,100000000437046100,loop_member,"distributor, depth=2, seed=False; inside this formation receives 542,000 KZT and sends 95,000 KZT (1% of its 7,606,224 KZT outflow)"
LOOP-019,100000004070318100,loop_member,"coordinator, depth=1, seed=False; inside this formation receives 90,000 KZT and sends 23,126 KZT (4% of its 551,860 KZT outflow)"
LOOP-019,100000004351795100,loop_member,"peripheral, depth=1, seed=False; inside this formation receives 22,418 KZT and sends 619,000 KZT (36% of its 1,715,161 KZT outflow) [breaking point]"
LOOP-019,100000008603629100,loop_member,"distributor, depth=2, seed=False; inside this formation receives 105,126 KZT and sends 22,418 KZT (0% of its 4,986,156 KZT outflow)"
LOOP-020,100000000437046100,loop_member,"distributor, depth=2, seed=False; inside this formation receives 100,000 KZT and sends 90,000 KZT (1% of its 7,606,224 KZT outflow) [breaking point]"
LOOP-020,100000004070318100,loop_member,"coordinator, depth=1, seed=False; inside this formation receives 113,000 KZT and sends 19,800 KZT (4% of its 551,860 KZT outflow)"
LOOP-020,100000004390333100,loop_member,"peripheral, depth=1, seed=False; inside this formation receives 18,807 KZT and sends 100,000 KZT (20% of its 506,500 KZT outflow)"
LOOP-020,100000004400305100,loop_member,"distributor, depth=2, seed=False; inside this formation receives 19,800 KZT and sends 41,807 KZT (1% of its 5,830,181 KZT outflow)"
LOOP-021,100000000437046100,loop_member,"distributor, depth=2, seed=False; inside this formation receives 100,000 KZT and sends 90,000 KZT (1% of its 7,606,224 KZT outflow)"
LOOP-021,100000004070318100,loop_member,"coordinator, depth=1, seed=False; inside this formation receives 154,725 KZT and sends 85,000 KZT (15% of its 551,860 KZT outflow)"
LOOP-021,100000004390333100,loop_member,"peripheral, depth=1, seed=False; inside this formation receives 45,751 KZT and sends 160,000 KZT (32% of its 506,500 KZT outflow)"
LOOP-021,100000006866783100,loop_member,"distributor, depth=0, seed=True; inside this formation receives 145,000 KZT and sends 110,476 KZT (3% of its 3,948,037 KZT outflow) [breaking point]"
LOOP-022,100000000437046100,loop_member,"distributor, depth=2, seed=False; inside this formation receives 30,000 KZT and sends 90,000 KZT (1% of its 7,606,224 KZT outflow)"
LOOP-022,100000004070318100,loop_member,"coordinator, depth=1, seed=False; inside this formation receives 113,000 KZT and sends 19,800 KZT (4% of its 551,860 KZT outflow) [breaking point]"
LOOP-022,100000004400305100,loop_member,"distributor, depth=2, seed=False; inside this formation receives 19,800 KZT and sends 69,101 KZT (1% of its 5,830,181 KZT outflow)"
LOOP-022,100000008304139100,loop_member,"distributor, depth=1, seed=False; inside this formation receives 46,101 KZT and sends 30,000 KZT (2% of its 1,692,997 KZT outflow)"
LOOP-023,100000000437046100,loop_member,"distributor, depth=2, seed=False; inside this formation receives 29,200 KZT and sends 1,194,983 KZT (16% of its 7,606,224 KZT outflow) [breaking point]"
LOOP-023,100000004070318100,loop_member,"coordinator, depth=1, seed=False; inside this formation receives 113,000 KZT and sends 19,800 KZT (4% of its 551,860 KZT outflow)"
LOOP-023,100000004400305100,loop_member,"distributor, depth=2, seed=False; inside this formation receives 19,800 KZT and sends 105,417 KZT (2% of its 5,830,181 KZT outflow)"
LOOP-023,100000008686313100,loop_member,"coordinator, depth=1, seed=False; inside this formation receives 1,187,400 KZT and sends 29,200 KZT (9% of its 333,800 KZT outflow)"
LOOP-024,100000000437046100,loop_member,"distributor, depth=2, seed=False; inside this formation receives 50,000 KZT and sends 117,868 KZT (2% of its 7,606,224 KZT outflow)"
LOOP-024,100000004070318100,loop_member,"coordinator, depth=1, seed=False; inside this formation receives 154,725 KZT and sends 85,000 KZT (15% of its 551,860 KZT outflow) [breaking point]"
LOOP-024,100000006866783100,loop_member,"distributor, depth=0, seed=True; inside this formation receives 95,000 KZT and sends 87,743 KZT (2% of its 3,948,037 KZT outflow)"
LOOP-024,100000007639767100,loop_member,"coordinator, depth=1, seed=False; inside this formation receives 50,886 KZT and sends 60,000 KZT (7% of its 822,244 KZT outflow)"
LOOP-025,100000000437046100,loop_member,"distributor, depth=2, seed=False; inside this formation receives 30,000 KZT and sends 90,000 KZT (1% of its 7,606,224 KZT outflow)"
LOOP-025,100000004070318100,loop_member,"coordinator, depth=1, seed=False; inside this formation receives 154,725 KZT and sends 85,000 KZT (15% of its 551,860 KZT outflow)"
LOOP-025,100000006866783100,loop_member,"distributor, depth=0, seed=True; inside this formation receives 229,000 KZT and sends 88,292 KZT (2% of its 3,948,037 KZT outflow) [breaking point]"
LOOP-025,100000008304139100,loop_member,"distributor, depth=1, seed=False; inside this formation receives 23,567 KZT and sends 174,000 KZT (10% of its 1,692,997 KZT outflow)"
LOOP-026,100000000437046100,loop_member,"distributor, depth=2, seed=False; inside this formation receives 29,200 KZT and sends 1,194,983 KZT (16% of its 7,606,224 KZT outflow)"
LOOP-026,100000004070318100,loop_member,"coordinator, depth=1, seed=False; inside this formation receives 154,725 KZT and sends 85,000 KZT (15% of its 551,860 KZT outflow)"
LOOP-026,100000006866783100,loop_member,"distributor, depth=0, seed=True; inside this formation receives 133,100 KZT and sends 289,906 KZT (7% of its 3,948,037 KZT outflow)"
LOOP-026,100000008686313100,loop_member,"coordinator, depth=1, seed=False; inside this formation receives 1,330,164 KZT and sends 77,300 KZT (23% of its 333,800 KZT outflow) [breaking point]"
LOOP-027,100000000437046100,loop_member,"distributor, depth=2, seed=False; inside this formation receives 50,000 KZT and sends 117,868 KZT (2% of its 7,606,224 KZT outflow) [breaking point]"
LOOP-027,100000004070318100,loop_member,"coordinator, depth=1, seed=False; inside this formation receives 90,000 KZT and sends 25,000 KZT (5% of its 551,860 KZT outflow)"
LOOP-027,100000007639767100,loop_member,"coordinator, depth=1, seed=False; inside this formation receives 44,173 KZT and sends 50,000 KZT (6% of its 822,244 KZT outflow)"
LOOP-027,100000008477350100,loop_member,"distributor, depth=2, seed=False; inside this formation receives 25,000 KZT and sends 16,305 KZT (0% of its 3,374,866 KZT outflow)"
LOOP-028,100000000437046100,loop_member,"distributor, depth=2, seed=False; inside this formation receives 50,000 KZT and sends 122,868 KZT (2% of its 7,606,224 KZT outflow)"
LOOP-028,100000004070318100,loop_member,"coordinator, depth=1, seed=False; inside this formation receives 90,000 KZT and sends 23,126 KZT (4% of its 551,860 KZT outflow)"
LOOP-028,100000007639767100,loop_member,"coordinator, depth=1, seed=False; inside this formation receives 51,590 KZT and sends 148,250 KZT (18% of its 822,244 KZT outflow) [breaking point]"
LOOP-028,100000008603629100,loop_member,"distributor, depth=2, seed=False; inside this formation receives 126,376 KZT and sends 23,722 KZT (0% of its 4,986,156 KZT outflow)"
LOOP-029,100000000437046100,loop_member,"distributor, depth=2, seed=False; inside this formation receives 41,500 KZT and sends 90,000 KZT (1% of its 7,606,224 KZT outflow)"
LOOP-029,100000004070318100,loop_member,"coordinator, depth=1, seed=False; inside this formation receives 90,000 KZT and sends 25,000 KZT (5% of its 551,860 KZT outflow)"
LOOP-029,100000008086440100,loop_member,"transit, depth=3, seed=False; inside this formation receives 199,733 KZT and sends 60,400 KZT (37% of its 161,300 KZT outflow) [breaking point]"
LOOP-029,100000008477350100,loop_member,"distributor, depth=2, seed=False; inside this formation receives 43,900 KZT and sends 199,733 KZT (6% of its 3,374,866 KZT outflow)"
LOOP-030,100000000437046100,loop_member,"distributor, depth=2, seed=False; inside this formation receives 29,200 KZT and sends 1,199,983 KZT (16% of its 7,606,224 KZT outflow)"
LOOP-030,100000004070318100,loop_member,"coordinator, depth=1, seed=False; inside this formation receives 90,000 KZT and sends 23,126 KZT (4% of its 551,860 KZT outflow)"
LOOP-030,100000008603629100,loop_member,"distributor, depth=2, seed=False; inside this formation receives 83,626 KZT and sends 75,693 KZT (2% of its 4,986,156 KZT outflow)"
LOOP-030,100000008686313100,loop_member,"coordinator, depth=1, seed=False; inside this formation receives 1,180,676 KZT and sends 84,700 KZT (25% of its 333,800 KZT outflow) [breaking point]"
LOOP-031,100000000437046100,loop_member,"distributor, depth=2, seed=False; inside this formation receives 592,000 KZT and sends 27,868 KZT (0% of its 7,606,224 KZT outflow) [breaking point]"
LOOP-031,100000004351795100,loop_member,"peripheral, depth=1, seed=False; inside this formation receives 66,404 KZT and sends 542,000 KZT (32% of its 1,715,161 KZT outflow)"
LOOP-031,100000006866783100,loop_member,"distributor, depth=0, seed=True; inside this formation receives 10,000 KZT and sends 89,422 KZT (2% of its 3,948,037 KZT outflow)"
LOOP-031,100000007639767100,loop_member,"coordinator, depth=1, seed=False; inside this formation receives 50,886 KZT and sends 60,000 KZT (7% of its 822,244 KZT outflow)"
LOOP-032,100000000437046100,loop_member,"distributor, depth=2, seed=False; inside this formation receives 571,200 KZT and sends 1,104,983 KZT (15% of its 7,606,224 KZT outflow) [breaking point]"
LOOP-032,100000004351795100,loop_member,"peripheral, depth=1, seed=False; inside this formation receives 66,404 KZT and sends 542,000 KZT (32% of its 1,715,161 KZT outflow)"
LOOP-032,100000006866783100,loop_member,"distributor, depth=0, seed=True; inside this formation receives 48,100 KZT and sends 291,585 KZT (7% of its 3,948,037 KZT outflow)"
LOOP-032,100000008686313100,loop_member,"coordinator, depth=1, seed=False; inside this formation receives 1,330,164 KZT and sends 77,300 KZT (23% of its 333,800 KZT outflow)"
LOOP-033,100000000437046100,loop_member,"distributor, depth=2, seed=False; inside this formation receives 592,000 KZT and sends 32,868 KZT (0% of its 7,606,224 KZT outflow)"
LOOP-033,100000004351795100,loop_member,"peripheral, depth=1, seed=False; inside this formation receives 22,418 KZT and sends 619,000 KZT (36% of its 1,715,161 KZT outflow) [breaking point]"
LOOP-033,100000007639767100,loop_member,"coordinator, depth=1, seed=False; inside this formation receives 51,590 KZT and sends 148,250 KZT (18% of its 822,244 KZT outflow)"
LOOP-033,100000008603629100,loop_member,"distributor, depth=2, seed=False; inside this formation receives 180,250 KZT and sends 46,140 KZT (1% of its 4,986,156 KZT outflow)"
LOOP-034,100000000437046100,loop_member,"distributor, depth=2, seed=False; inside this formation receives 542,000 KZT and sends 5,000 KZT (0% of its 7,606,224 KZT outflow)"
LOOP-034,100000004351795100,loop_member,"peripheral, depth=1, seed=False; inside this formation receives 22,418 KZT and sends 619,000 KZT (36% of its 1,715,161 KZT outflow) [breaking point]"
LOOP-034,100000008603629100,loop_member,"distributor, depth=2, seed=False; inside this formation receives 82,000 KZT and sends 22,418 KZT (0% of its 4,986,156 KZT outflow)"
LOOP-035,100000000437046100,loop_member,"distributor, depth=2, seed=False; inside this formation receives 571,200 KZT and sends 1,109,983 KZT (15% of its 7,606,224 KZT outflow) [breaking point]"
LOOP-035,100000004351795100,loop_member,"peripheral, depth=1, seed=False; inside this formation receives 22,418 KZT and sends 619,000 KZT (36% of its 1,715,161 KZT outflow)"
LOOP-035,100000008603629100,loop_member,"distributor, depth=2, seed=False; inside this formation receives 137,500 KZT and sends 98,111 KZT (2% of its 4,986,156 KZT outflow)"
LOOP-035,100000008686313100,loop_member,"coordinator, depth=1, seed=False; inside this formation receives 1,180,676 KZT and sends 84,700 KZT (25% of its 333,800 KZT outflow)"
LOOP-036,100000000437046100,loop_member,"distributor, depth=2, seed=False; inside this formation receives 150,000 KZT and sends 27,868 KZT (0% of its 7,606,224 KZT outflow) [breaking point]"
LOOP-036,100000004390333100,loop_member,"peripheral, depth=1, seed=False; inside this formation receives 18,807 KZT and sends 100,000 KZT (20% of its 506,500 KZT outflow)"
LOOP-036,100000004400305100,loop_member,"distributor, depth=2, seed=False; inside this formation receives 10,000 KZT and sends 18,807 KZT (0% of its 5,830,181 KZT outflow)"
LOOP-036,100000007639767100,loop_member,"coordinator, depth=1, seed=False; inside this formation receives 27,868 KZT and sends 60,000 KZT (7% of its 822,244 KZT outflow)"
LOOP-037,100000000437046100,loop_member,"distributor, depth=2, seed=False; inside this formation receives 150,000 KZT and sends 27,868 KZT (0% of its 7,606,224 KZT outflow)"
LOOP-037,100000004390333100,loop_member,"peripheral, depth=1, seed=False; inside this formation receives 45,751 KZT and sends 160,000 KZT (32% of its 506,500 KZT outflow) [breaking point]"
LOOP-037,100000006866783100,loop_member,"distributor, depth=0, seed=True; inside this formation receives 70,000 KZT and sends 68,769 KZT (2% of its 3,948,037 KZT outflow)"
LOOP-037,100000007639767100,loop_member,"coordinator, depth=1, seed=False; inside this formation receives 50,886 KZT and sends 60,000 KZT (7% of its 822,244 KZT outflow)"
LOOP-038,100000000437046100,loop_member,"distributor, depth=2, seed=False; inside this formation receives 129,200 KZT and sends 1,104,983 KZT (15% of its 7,606,224 KZT outflow)"
LOOP-038,100000004390333100,loop_member,"peripheral, depth=1, seed=False; inside this formation receives 45,751 KZT and sends 160,000 KZT (32% of its 506,500 KZT outflow)"
LOOP-038,100000006866783100,loop_member,"distributor, depth=0, seed=True; inside this formation receives 108,100 KZT and sends 270,932 KZT (7% of its 3,948,037 KZT outflow)"
LOOP-038,100000008686313100,loop_member,"coordinator, depth=1, seed=False; inside this formation receives 1,330,164 KZT and sends 77,300 KZT (23% of its 333,800 KZT outflow) [breaking point]"
LOOP-039,100000000437046100,loop_member,"distributor, depth=2, seed=False; inside this formation receives 80,000 KZT and sends 27,868 KZT (0% of its 7,606,224 KZT outflow) [breaking point]"
LOOP-039,100000004400305100,loop_member,"distributor, depth=2, seed=False; inside this formation receives 10,000 KZT and sends 46,101 KZT (1% of its 5,830,181 KZT outflow)"
LOOP-039,100000007639767100,loop_member,"coordinator, depth=1, seed=False; inside this formation receives 27,868 KZT and sends 60,000 KZT (7% of its 822,244 KZT outflow)"
LOOP-039,100000008304139100,loop_member,"distributor, depth=1, seed=False; inside this formation receives 46,101 KZT and sends 30,000 KZT (2% of its 1,692,997 KZT outflow)"
LOOP-040,100000000437046100,loop_member,"distributor, depth=2, seed=False; inside this formation receives 79,200 KZT and sends 1,132,851 KZT (15% of its 7,606,224 KZT outflow)"
LOOP-040,100000004400305100,loop_member,"distributor, depth=2, seed=False; inside this formation receives 10,000 KZT and sends 82,417 KZT (1% of its 5,830,181 KZT outflow)"
LOOP-040,100000007639767100,loop_member,"coordinator, depth=1, seed=False; inside this formation receives 27,868 KZT and sends 60,000 KZT (7% of its 822,244 KZT outflow)"
LOOP-040,100000008686313100,loop_member,"coordinator, depth=1, seed=False; inside this formation receives 1,187,400 KZT and sends 29,200 KZT (9% of its 333,800 KZT outflow) [breaking point]"
LOOP-041,100000000437046100,loop_member,"distributor, depth=2, seed=False; inside this formation receives 80,000 KZT and sends 27,868 KZT (0% of its 7,606,224 KZT outflow)"
LOOP-041,100000006866783100,loop_member,"distributor, depth=0, seed=True; inside this formation receives 154,000 KZT and sends 46,585 KZT (1% of its 3,948,037 KZT outflow) [breaking point]"
LOOP-041,100000007639767100,loop_member,"coordinator, depth=1, seed=False; inside this formation receives 50,886 KZT and sends 60,000 KZT (7% of its 822,244 KZT outflow)"
LOOP-041,100000008304139100,loop_member,"distributor, depth=1, seed=False; inside this formation receives 23,567 KZT and sends 174,000 KZT (10% of its 1,692,997 KZT outflow)"
LOOP-042,100000000437046100,loop_member,"distributor, depth=2, seed=False; inside this formation receives 79,200 KZT and sends 1,132,851 KZT (15% of its 7,606,224 KZT outflow)"
LOOP-042,100000006866783100,loop_member,"distributor, depth=0, seed=True; inside this formation receives 58,100 KZT and sends 248,199 KZT (6% of its 3,948,037 KZT outflow)"
LOOP-042,100000007639767100,loop_member,"coordinator, depth=1, seed=False; inside this formation receives 50,886 KZT and sends 60,000 KZT (7% of its 822,244 KZT outflow)"
LOOP-042,100000008686313100,loop_member,"coordinator, depth=1, seed=False; inside this formation receives 1,330,164 KZT and sends 77,300 KZT (23% of its 333,800 KZT outflow) [breaking point]"
LOOP-043,100000000437046100,loop_member,"distributor, depth=2, seed=False; inside this formation receives 59,200 KZT and sends 1,104,983 KZT (15% of its 7,606,224 KZT outflow)"
LOOP-043,100000006866783100,loop_member,"distributor, depth=0, seed=True; inside this formation receives 192,100 KZT and sends 248,748 KZT (6% of its 3,948,037 KZT outflow)"
LOOP-043,100000008304139100,loop_member,"distributor, depth=1, seed=False; inside this formation receives 23,567 KZT and sends 174,000 KZT (10% of its 1,692,997 KZT outflow)"
LOOP-043,100000008686313100,loop_member,"coordinator, depth=1, seed=False; inside this formation receives 1,330,164 KZT and sends 77,300 KZT (23% of its 333,800 KZT outflow) [breaking point]"
LOOP-044,100000000437046100,loop_member,"distributor, depth=2, seed=False; inside this formation receives 50,000 KZT and sends 27,868 KZT (0% of its 7,606,224 KZT outflow) [breaking point]"
LOOP-044,100000007639767100,loop_member,"coordinator, depth=1, seed=False; inside this formation receives 27,868 KZT and sends 50,000 KZT (6% of its 822,244 KZT outflow)"
LOOP-045,100000000437046100,loop_member,"distributor, depth=2, seed=False; inside this formation receives 79,200 KZT and sends 1,132,851 KZT (15% of its 7,606,224 KZT outflow) [breaking point]"
LOOP-045,100000007639767100,loop_member,"coordinator, depth=1, seed=False; inside this formation receives 44,173 KZT and sends 50,000 KZT (6% of its 822,244 KZT outflow)"
LOOP-045,100000008477350100,loop_member,"distributor, depth=2, seed=False; inside this formation receives 25,800 KZT and sends 16,305 KZT (0% of its 3,374,866 KZT outflow)"
LOOP-045,100000008686313100,loop_member,"coordinator, depth=1, seed=False; inside this formation receives 1,104,983 KZT and sends 55,000 KZT (16% of its 333,800 KZT outflow)"
LOOP-046,100000000437046100,loop_member,"distributor, depth=2, seed=False; inside this formation receives 50,000 KZT and sends 32,868 KZT (0% of its 7,606,224 KZT outflow)"
LOOP-046,100000007639767100,loop_member,"coordinator, depth=1, seed=False; inside this formation receives 51,590 KZT and sends 148,250 KZT (18% of its 822,244 KZT outflow) [breaking point]"
LOOP-046,100000008603629100,loop_member,"distributor, depth=2, seed=False; inside this formation receives 103,250 KZT and sends 23,722 KZT (0% of its 4,986,156 KZT outflow)"
LOOP-047,100000000437046100,loop_member,"distributor, depth=2, seed=False; inside this formation receives 79,200 KZT and sends 1,137,851 KZT (15% of its 7,606,224 KZT outflow)"
LOOP-047,100000007639767100,loop_member,"coordinator, depth=1, seed=False; inside this formation receives 51,590 KZT and sends 148,250 KZT (18% of its 822,244 KZT outflow)"
LOOP-047,100000008603629100,loop_member,"distributor, depth=2, seed=False; inside this formation receives 158,750 KZT and sends 99,415 KZT (2% of its 4,986,156 KZT outflow)"
LOOP-047,100000008686313100,loop_member,"coordinator, depth=1, seed=False; inside this formation receives 1,180,676 KZT and sends 84,700 KZT (25% of its 333,800 KZT outflow) [breaking point]"
LOOP-048,100000000437046100,loop_member,"distributor, depth=2, seed=False; inside this formation receives 70,700 KZT and sends 1,104,983 KZT (15% of its 7,606,224 KZT outflow) [breaking point]"
LOOP-048,100000008086440100,loop_member,"transit, depth=3, seed=False; inside this formation receives 199,733 KZT and sends 60,400 KZT (37% of its 161,300 KZT outflow)"
LOOP-048,100000008477350100,loop_member,"distributor, depth=2, seed=False; inside this formation receives 44,700 KZT and sends 199,733 KZT (6% of its 3,374,866 KZT outflow)"
LOOP-048,100000008686313100,loop_member,"coordinator, depth=1, seed=False; inside this formation receives 1,104,983 KZT and sends 55,000 KZT (16% of its 333,800 KZT outflow)"
LOOP-049,100000000437046100,loop_member,"distributor, depth=2, seed=False; inside this formation receives 215,000 KZT and sends 15,000 KZT (0% of its 7,606,224 KZT outflow) [breaking point]"
LOOP-049,100000008293431100,loop_member,"peripheral, depth=3, seed=False; inside this formation receives 15,000 KZT and sends 215,000 KZT (72% of its 297,000 KZT outflow)"
LOOP-050,100000000437046100,loop_member,"distributor, depth=2, seed=False; inside this formation receives 29,200 KZT and sends 1,109,983 KZT (15% of its 7,606,224 KZT outflow)"
LOOP-050,100000008603629100,loop_member,"distributor, depth=2, seed=False; inside this formation receives 60,500 KZT and sends 75,693 KZT (2% of its 4,986,156 KZT outflow)"
LOOP-050,100000008686313100,loop_member,"coordinator, depth=1, seed=False; inside this formation receives 1,180,676 KZT and sends 84,700 KZT (25% of its 333,800 KZT outflow) [breaking point]"
LOOP-051,100000000437046100,loop_member,"distributor, depth=2, seed=False; inside this formation receives 29,200 KZT and sends 1,104,983 KZT (15% of its 7,606,224 KZT outflow) [breaking point]"
LOOP-051,100000008686313100,loop_member,"coordinator, depth=1, seed=False; inside this formation receives 1,104,983 KZT and sends 29,200 KZT (9% of its 333,800 KZT outflow)"
LOOP-052,100000000552584100,loop_member,"peripheral, depth=3, seed=False; inside this formation receives 2,500,000 KZT and sends 57,500 KZT (100% of its 57,500 KZT outflow)"
LOOP-052,100000002224132100,loop_member,"coordinator, depth=2, seed=False; inside this formation receives 300,000 KZT and sends 5,080,000 KZT (42% of its 12,115,000 KZT outflow) [breaking point]"
LOOP-052,100000004603109100,loop_member,"peripheral, depth=3, seed=False; inside this formation receives 2,637,500 KZT and sends 300,000 KZT (75% of its 400,000 KZT outflow)"
LOOP-053,100000000552584100,loop_member,"peripheral, depth=3, seed=False; inside this formation receives 2,500,000 KZT and sends 57,500 KZT (100% of its 57,500 KZT outflow)"
LOOP-053,100000002224132100,loop_member,"coordinator, depth=2, seed=False; inside this formation receives 480,300 KZT and sends 9,480,000 KZT (78% of its 12,115,000 KZT outflow) [breaking point]"
LOOP-053,100000004603109100,loop_member,"peripheral, depth=3, seed=False; inside this formation receives 2,637,500 KZT and sends 400,000 KZT (100% of its 400,000 KZT outflow)"
LOOP-053,100000004892144100,loop_member,"peripheral, depth=3, seed=False; inside this formation receives 4,500,000 KZT and sends 180,300 KZT (100% of its 180,300 KZT outflow)"
LOOP-054,100000000580561100,loop_member,"peripheral, depth=0, seed=True; inside this formation receives 18,680 KZT and sends 12,177 KZT (1% of its 1,488,077 KZT outflow) [breaking point]"
LOOP-054,100000003888271100,loop_member,"peripheral, depth=1, seed=False; inside this formation receives 12,177 KZT and sends 18,680 KZT (73% of its 25,590 KZT outflow)"
LOOP-055,100000000580561100,loop_member,"peripheral, depth=0, seed=True; inside this formation receives 9,300 KZT and sends 795,000 KZT (53% of its 1,488,077 KZT outflow) [breaking point]"
LOOP-055,100000007939160100,loop_member,"peripheral, depth=1, seed=False; inside this formation receives 795,000 KZT and sends 9,300 KZT (65% of its 14,300 KZT outflow)"
LOOP-056,100000000594783100,loop_member,"peripheral, depth=3, seed=False; inside this formation receives 2,635,000 KZT and sends 60,000 KZT (39% of its 152,500 KZT outflow) [breaking point]"
LOOP-056,100000002224132100,loop_member,"coordinator, depth=2, seed=False; inside this formation receives 60,000 KZT and sends 2,635,000 KZT (22% of its 12,115,000 KZT outflow)"
LOOP-057,100000000594783100,loop_member,"peripheral, depth=3, seed=False; inside this formation receives 2,635,000 KZT and sends 152,500 KZT (100% of its 152,500 KZT outflow)"
LOOP-057,100000002224132100,loop_member,"coordinator, depth=2, seed=False; inside this formation receives 360,000 KZT and sends 5,215,000 KZT (43% of its 12,115,000 KZT outflow) [breaking point]"
LOOP-057,100000004603109100,loop_member,"peripheral, depth=3, seed=False; inside this formation receives 2,672,500 KZT and sends 300,000 KZT (75% of its 400,000 KZT outflow)"
LOOP-058,100000000594783100,loop_member,"peripheral, depth=3, seed=False; inside this formation receives 2,635,000 KZT and sends 152,500 KZT (100% of its 152,500 KZT outflow)"
LOOP-058,100000002224132100,loop_member,"coordinator, depth=2, seed=False; inside this formation receives 540,300 KZT and sends 9,615,000 KZT (79% of its 12,115,000 KZT outflow) [breaking point]"
LOOP-058,100000004603109100,loop_member,"peripheral, depth=3, seed=False; inside this formation receives 2,672,500 KZT and sends 400,000 KZT (100% of its 400,000 KZT outflow)"
LOOP-058,100000004892144100,loop_member,"peripheral, depth=3, seed=False; inside this formation receives 4,500,000 KZT and sends 180,300 KZT (100% of its 180,300 KZT outflow)"
LOOP-059,100000000607941100,loop_member,"peripheral, depth=2, seed=False; inside this formation receives 20,000 KZT and sends 70,000 KZT (100% of its 70,000 KZT outflow) [breaking point]"
LOOP-059,100000003406094100,loop_member,"peripheral, depth=3, seed=False; inside this formation receives 70,000 KZT and sends 20,000 KZT (43% of its 47,000 KZT outflow)"
LOOP-060,100000000661912100,loop_member,"transit, depth=1, seed=False; inside this formation receives 126,000 KZT and sends 405,700 KZT (94% of its 430,700 KZT outflow) [breaking point]"
LOOP-060,100000003131016100,loop_member,"peripheral, depth=2, seed=False; inside this formation receives 405,700 KZT and sends 126,000 KZT (100% of its 126,000 KZT outflow)"
LOOP-061,100000000667713100,loop_member,"peripheral, depth=1, seed=False; inside this formation receives 119,495 KZT and sends 12,750 KZT (16% of its 79,236 KZT outflow)"
LOOP-061,100000003016635100,loop_member,"distributor, depth=0, seed=True; inside this formation receives 43,200 KZT and sends 106,745 KZT (1% of its 9,414,081 KZT outflow) [breaking point]"
LOOP-061,100000008636603100,loop_member,"peripheral, depth=2, seed=False; inside this formation receives 12,750 KZT and sends 55,950 KZT (35% of its 159,375 KZT outflow)"
LOOP-062,100000000667713100,loop_member,"peripheral, depth=1, seed=False; inside this formation receives 12,750 KZT and sends 12,750 KZT (16% of its 79,236 KZT outflow) [breaking point]"
LOOP-062,100000008636603100,loop_member,"peripheral, depth=2, seed=False; inside this formation receives 12,750 KZT and sends 12,750 KZT (8% of its 159,375 KZT outflow)"
LOOP-063,100000000673868100,loop_member,"peripheral, depth=3, seed=False; inside this formation receives 2,030,650 KZT and sends 264,500 KZT (69% of its 383,000 KZT outflow)"
LOOP-063,100000007442518100,loop_member,"coordinator, depth=1, seed=False; inside this formation receives 115,000 KZT and sends 3,000,000 KZT (68% of its 4,419,999 KZT outflow)"
LOOP-063,100000008258083100,loop_member,"peripheral, depth=2, seed=False; inside this formation receives 3,149,500 KZT and sends 2,030,650 KZT (99% of its 2,045,650 KZT outflow) [breaking point]"
LOOP-064,100000000673868100,loop_member,"peripheral, depth=3, seed=False; inside this formation receives 2,030,650 KZT and sends 149,500 KZT (39% of its 383,000 KZT outflow) [breaking point]"
LOOP-064,100000008258083100,loop_member,"peripheral, depth=2, seed=False; inside this formation receives 149,500 KZT and sends 2,030,650 KZT (99% of its 2,045,650 KZT outflow)"
LOOP-065,100000000706545100,loop_member,"peripheral, depth=1, seed=False; inside this formation receives 5,500 KZT and sends 75,800 KZT (100% of its 75,800 KZT outflow) [breaking point]"
LOOP-065,100000006901046100,loop_member,"peripheral, depth=2, seed=False; inside this formation receives 75,800 KZT and sends 5,500 KZT (100% of its 5,500 KZT outflow)"
LOOP-066,100000000785800100,loop_member,"transit, depth=2, seed=False; inside this formation receives 19,000 KZT and sends 19,000 KZT (100% of its 19,000 KZT outflow)"
LOOP-066,100000001872484100,loop_member,"peripheral, depth=1, seed=False; inside this formation receives 871,400 KZT and sends 494,400 KZT (96% of its 514,580 KZT outflow) [breaking point]"
LOOP-066,100000008601794100,loop_member,"peripheral, depth=0, seed=True; inside this formation receives 494,400 KZT and sends 871,400 KZT (100% of its 871,400 KZT outflow)"
LOOP-067,100000000791285100,loop_member,"peripheral, depth=3, seed=False; inside this formation receives 1,120,000 KZT and sends 560,000 KZT (86% of its 650,000 KZT outflow) [breaking point]"
LOOP-067,100000008461532100,loop_member,"peripheral, depth=2, seed=False; inside this formation receives 560,000 KZT and sends 1,120,000 KZT (44% of its 2,530,090 KZT outflow)"
LOOP-068,100000000831684100,loop_member,"peripheral, depth=2, seed=False; inside this formation receives 15,000 KZT and sends 50,000 KZT (100% of its 50,000 KZT outflow) [breaking point]"
LOOP-068,100000004692798100,loop_member,"peripheral, depth=1, seed=False; inside this formation receives 50,000 KZT and sends 15,000 KZT (100% of its 15,000 KZT outflow)"
LOOP-069,100000000838385100,loop_member,"peripheral, depth=3, seed=False; inside this formation receives 436,900 KZT and sends 145,000 KZT (82% of its 177,500 KZT outflow) [breaking point]"
LOOP-069,100000008213966100,loop_member,"peripheral, depth=2, seed=False; inside this formation receives 145,000 KZT and sends 436,900 KZT (100% of its 436,900 KZT outflow)"
LOOP-070,100000000850297100,loop_member,"transit, depth=2, seed=False; inside this formation receives 17,520 KZT and sends 17,520 KZT (100% of its 17,520 KZT outflow) [breaking point]"
LOOP-070,100000006707582100,loop_member,"peripheral, depth=1, seed=False; inside this formation receives 17,520 KZT and sends 17,520 KZT (2% of its 961,138 KZT outflow)"
LOOP-071,100000000926766100,loop_member,"abstained_single_observation, depth=3, seed=False; inside this formation receives 18,750 KZT and sends 6,000 KZT (100% of its 6,000 KZT outflow) [breaking point]"
LOOP-071,100000001526235100,loop_member,"peripheral, depth=2, seed=False; inside this formation receives 6,000 KZT and sends 18,750 KZT (4% of its 432,750 KZT outflow)"
LOOP-072,100000000933075100,loop_member,"peripheral, depth=3, seed=False; inside this formation receives 40,000 KZT and sends 40,000 KZT (73% of its 55,000 KZT outflow) [breaking point]"
LOOP-072,100000002193259100,loop_member,"peripheral, depth=2, seed=False; inside this formation receives 40,000 KZT and sends 40,000 KZT (69% of its 58,000 KZT outflow)"
LOOP-073,100000001049200100,loop_member,"peripheral, depth=1, seed=False; inside this formation receives 6,014 KZT and sends 5,000 KZT (14% of its 36,000 KZT outflow) [breaking point]"
LOOP-073,100000003016635100,loop_member,"distributor, depth=0, seed=True; inside this formation receives 5,000 KZT and sends 6,014 KZT (0% of its 9,414,081 KZT outflow)"
LOOP-074,100000001049200100,loop_member,"peripheral, depth=1, seed=False; inside this formation receives 6,014 KZT and sends 26,000 KZT (72% of its 36,000 KZT outflow)"
LOOP-074,100000003016635100,loop_member,"distributor, depth=0, seed=True; inside this formation receives 23,000 KZT and sends 85,276 KZT (1% of its 9,414,081 KZT outflow) [breaking point]"
LOOP-074,100000004156082100,loop_member,"distributor, depth=1, seed=False; inside this formation receives 21,000 KZT and sends 8,600 KZT (0% of its 2,319,556 KZT outflow)"
LOOP-074,100000004188160100,loop_member,"peripheral, depth=1, seed=False; inside this formation receives 87,862 KZT and sends 18,000 KZT (13% of its 133,846 KZT outflow)"
LOOP-075,100000001049200100,loop_member,"peripheral, depth=1, seed=False; inside this formation receives 6,014 KZT and sends 26,000 KZT (72% of its 36,000 KZT outflow)"
LOOP-075,100000003016635100,loop_member,"distributor, depth=0, seed=True; inside this formation receives 397,500 KZT and sends 116,737 KZT (1% of its 9,414,081 KZT outflow)"
LOOP-075,100000004156082100,loop_member,"distributor, depth=1, seed=False; inside this formation receives 71,500 KZT and sends 16,450 KZT (1% of its 2,319,556 KZT outflow)"
LOOP-075,100000005287097100,loop_member,"peripheral, depth=1, seed=False; inside this formation receives 127,173 KZT and sends 443,000 KZT (64% of its 697,300 KZT outflow) [breaking point]"
LOOP-076,100000001138283100,loop_member,"peripheral, depth=3, seed=False; inside this formation receives 81,805 KZT and sends 40,000 KZT (80% of its 50,000 KZT outflow) [breaking point]"
LOOP-076,100000008603629100,loop_member,"distributor, depth=2, seed=False; inside this formation receives 40,000 KZT and sends 81,805 KZT (2% of its 4,986,156 KZT outflow)"
LOOP-077,100000001166289100,loop_member,"peripheral, depth=2, seed=False; inside this formation receives 482,839 KZT and sends 25,000 KZT (100% of its 25,000 KZT outflow) [breaking point]"
LOOP-077,100000002733905100,loop_member,"peripheral, depth=2, seed=False; inside this formation receives 25,000 KZT and sends 482,839 KZT (67% of its 717,839 KZT outflow)"
LOOP-078,100000001232297100,loop_member,"peripheral, depth=2, seed=False; inside this formation receives 5,000 KZT and sends 30,000 KZT (67% of its 45,000 KZT outflow) [breaking point]"
LOOP-078,100000005074393100,loop_member,"coordinator, depth=1, seed=False; inside this formation receives 30,000 KZT and sends 5,000 KZT (1% of its 685,500 KZT outflow)"
LOOP-079,100000001232297100,loop_member,"peripheral, depth=2, seed=False; inside this formation receives 5,000 KZT and sends 45,000 KZT (100% of its 45,000 KZT outflow)"
LOOP-079,100000005074393100,loop_member,"coordinator, depth=1, seed=False; inside this formation receives 40,000 KZT and sends 125,000 KZT (18% of its 685,500 KZT outflow) [breaking point]"
LOOP-079,100000005882013100,loop_member,"peripheral, depth=2, seed=False; inside this formation receives 135,000 KZT and sends 10,000 KZT (100% of its 10,000 KZT outflow)"
LOOP-080,100000001380054100,loop_member,"peripheral, depth=1, seed=False; inside this formation receives 7,050 KZT and sends 150,000 KZT (42% of its 360,000 KZT outflow) [breaking point]"
LOOP-080,100000005077484100,loop_member,"peripheral, depth=2, seed=False; inside this formation receives 150,000 KZT and sends 7,050 KZT (52% of its 13,550 KZT outflow)"
LOOP-081,100000001380054100,loop_member,"peripheral, depth=1, seed=False; inside this formation receives 120,000 KZT and sends 160,000 KZT (44% of its 360,000 KZT outflow) [breaking point]"
LOOP-081,100000006232815100,loop_member,"peripheral, depth=0, seed=True; inside this formation receives 160,000 KZT and sends 120,000 KZT (40% of its 296,500 KZT outflow)"
LOOP-082,100000001382002100,loop_member,"transit, depth=2, seed=False; inside this formation receives 55,000 KZT and sends 56,500 KZT (100% of its 56,500 KZT outflow) [breaking point]"
LOOP-082,100000005584222100,loop_member,"peripheral, depth=1, seed=False; inside this formation receives 56,500 KZT and sends 55,000 KZT (51% of its 108,587 KZT outflow)"
LOOP-083,100000001439416100,loop_member,"peripheral, depth=3, seed=False; inside this formation receives 10,000 KZT and sends 10,000 KZT (6% of its 165,000 KZT outflow) [breaking point]"
LOOP-083,100000002741024100,loop_member,"coordinator, depth=2, seed=False; inside this formation receives 10,000 KZT and sends 10,000 KZT (2% of its 434,989 KZT outflow)"
LOOP-084,100000001445848100,loop_member,"peripheral, depth=3, seed=False; inside this formation receives 546,000 KZT and sends 351,850 KZT (100% of its 351,850 KZT outflow) [breaking point]"
LOOP-084,100000002217161100,loop_member,"peripheral, depth=2, seed=False; inside this formation receives 351,850 KZT and sends 546,000 KZT (55% of its 995,132 KZT outflow)"
LOOP-085,100000001526235100,loop_member,"peripheral, depth=2, seed=False; inside this formation receives 56,000 KZT and sends 8,000 KZT (2% of its 432,750 KZT outflow) [breaking point]"
LOOP-085,100000001788284100,loop_member,"peripheral, depth=3, seed=False; inside this formation receives 8,000 KZT and sends 56,000 KZT (19% of its 296,700 KZT outflow)"
LOOP-086,100000001526235100,loop_member,"peripheral, depth=2, seed=False; inside this formation receives 20,000 KZT and sends 20,000 KZT (5% of its 432,750 KZT outflow) [breaking point]"
LOOP-086,100000005505655100,loop_member,"peripheral, depth=1, seed=False; inside this formation receives 20,000 KZT and sends 20,000 KZT (100% of its 20,000 KZT outflow)"
LOOP-087,100000001600934100,loop_member,"peripheral, depth=3, seed=False; inside this formation receives 180,300 KZT and sends 11,000 KZT (100% of its 11,000 KZT outflow) [breaking point]"
LOOP-087,100000005140601100,loop_member,"peripheral, depth=2, seed=False; inside this formation receives 11,000 KZT and sends 180,300 KZT (92% of its 195,300 KZT outflow)"
LOOP-088,100000001609499100,loop_member,"peripheral, depth=1, seed=False; inside this formation receives 149,593 KZT and sends 11,000 KZT (52% of its 21,000 KZT outflow)"
LOOP-088,100000002306369100,loop_member,"peripheral, depth=1, seed=False; inside this formation receives 73,166 KZT and sends 20,900 KZT (8% of its 260,900 KZT outflow)"
LOOP-088,100000006866783100,loop_member,"distributor, depth=0, seed=True; inside this formation receives 11,000 KZT and sends 167,103 KZT (4% of its 3,948,037 KZT outflow) [breaking point]"
LOOP-088,100000008603629100,loop_member,"distributor, depth=2, seed=False; inside this formation receives 20,900 KZT and sends 55,656 KZT (1% of its 4,986,156 KZT outflow)"
LOOP-089,100000001609499100,loop_member,"peripheral, depth=1, seed=False; inside this formation receives 207,457 KZT and sends 11,000 KZT (52% of its 21,000 KZT outflow)"
LOOP-089,100000004070318100,loop_member,"coordinator, depth=1, seed=False; inside this formation receives 87,725 KZT and sends 104,800 KZT (19% of its 551,860 KZT outflow)"
LOOP-089,100000004400305100,loop_member,"distributor, depth=2, seed=False; inside this formation receives 19,800 KZT and sends 136,520 KZT (2% of its 5,830,181 KZT outflow)"
LOOP-089,100000006866783100,loop_member,"distributor, depth=0, seed=True; inside this formation receives 96,000 KZT and sends 158,662 KZT (4% of its 3,948,037 KZT outflow) [breaking point]"
LOOP-090,100000001609499100,loop_member,"peripheral, depth=1, seed=False; inside this formation receives 149,593 KZT and sends 11,000 KZT (52% of its 21,000 KZT outflow)"
LOOP-090,100000004070318100,loop_member,"coordinator, depth=1, seed=False; inside this formation receives 64,725 KZT and sends 108,126 KZT (20% of its 551,860 KZT outflow)"
LOOP-090,100000006866783100,loop_member,"distributor, depth=0, seed=True; inside this formation receives 96,000 KZT and sends 158,662 KZT (4% of its 3,948,037 KZT outflow) [breaking point]"
LOOP-090,100000008603629100,loop_member,"distributor, depth=2, seed=False; inside this formation receives 23,126 KZT and sends 55,656 KZT (1% of its 4,986,156 KZT outflow)"
LOOP-091,100000001609499100,loop_member,"peripheral, depth=1, seed=False; inside this formation receives 149,593 KZT and sends 11,000 KZT (52% of its 21,000 KZT outflow)"
LOOP-091,100000004351795100,loop_member,"peripheral, depth=1, seed=False; inside this formation receives 88,822 KZT and sends 77,000 KZT (4% of its 1,715,161 KZT outflow)"
LOOP-091,100000006866783100,loop_member,"distributor, depth=0, seed=True; inside this formation receives 11,000 KZT and sends 160,341 KZT (4% of its 3,948,037 KZT outflow) [breaking point]"
LOOP-091,100000008603629100,loop_member,"distributor, depth=2, seed=False; inside this formation receives 77,000 KZT and sends 78,074 KZT (2% of its 4,986,156 KZT outflow)"
LOOP-092,100000001609499100,loop_member,"peripheral, depth=1, seed=False; inside this formation receives 149,593 KZT and sends 11,000 KZT (52% of its 21,000 KZT outflow)"
LOOP-092,100000004390333100,loop_member,"peripheral, depth=1, seed=False; inside this formation receives 45,751 KZT and sends 120,000 KZT (24% of its 506,500 KZT outflow)"
LOOP-092,100000006866783100,loop_member,"distributor, depth=0, seed=True; inside this formation receives 71,000 KZT and sends 139,688 KZT (4% of its 3,948,037 KZT outflow) [breaking point]"
LOOP-092,100000008603629100,loop_member,"distributor, depth=2, seed=False; inside this formation receives 60,000 KZT and sends 55,656 KZT (1% of its 4,986,156 KZT outflow)"
LOOP-093,100000001609499100,loop_member,"peripheral, depth=1, seed=False; inside this formation receives 207,457 KZT and sends 11,000 KZT (52% of its 21,000 KZT outflow) [breaking point]"
LOOP-093,100000004400305100,loop_member,"distributor, depth=2, seed=False; inside this formation receives 10,000 KZT and sends 113,520 KZT (2% of its 5,830,181 KZT outflow)"
LOOP-093,100000006866783100,loop_member,"distributor, depth=0, seed=True; inside this formation receives 21,000 KZT and sends 116,955 KZT (3% of its 3,948,037 KZT outflow)"
LOOP-093,100000007639767100,loop_member,"coordinator, depth=1, seed=False; inside this formation receives 23,018 KZT and sends 20,000 KZT (2% of its 822,244 KZT outflow)"
LOOP-094,100000001609499100,loop_member,"peripheral, depth=1, seed=False; inside this formation receives 149,593 KZT and sends 11,000 KZT (52% of its 21,000 KZT outflow) [breaking point]"
LOOP-094,100000004847758100,loop_member,"coordinator, depth=1, seed=False; inside this formation receives 44,387 KZT and sends 42,000 KZT (9% of its 488,800 KZT outflow)"
LOOP-094,100000006866783100,loop_member,"distributor, depth=0, seed=True; inside this formation receives 11,000 KZT and sends 112,712 KZT (3% of its 3,948,037 KZT outflow)"
LOOP-094,100000008603629100,loop_member,"distributor, depth=2, seed=False; inside this formation receives 42,000 KZT and sends 81,268 KZT (2% of its 4,986,156 KZT outflow)"
LOOP-095,100000001609499100,loop_member,"peripheral, depth=1, seed=False; inside this formation receives 93,937 KZT and sends 11,000 KZT (52% of its 21,000 KZT outflow) [breaking point]"
LOOP-095,100000006866783100,loop_member,"distributor, depth=0, seed=True; inside this formation receives 11,000 KZT and sends 93,937 KZT (2% of its 3,948,037 KZT outflow)"
LOOP-096,100000001609499100,loop_member,"peripheral, depth=1, seed=False; inside this formation receives 149,593 KZT and sends 11,000 KZT (52% of its 21,000 KZT outflow)"
LOOP-096,100000006866783100,loop_member,"distributor, depth=0, seed=True; inside this formation receives 21,000 KZT and sends 116,955 KZT (3% of its 3,948,037 KZT outflow)"
LOOP-096,100000007639767100,loop_member,"coordinator, depth=1, seed=False; inside this formation receives 46,740 KZT and sends 108,250 KZT (13% of its 822,244 KZT outflow)"
LOOP-096,100000008603629100,loop_member,"distributor, depth=2, seed=False; inside this formation receives 98,250 KZT and sends 79,378 KZT (2% of its 4,986,156 KZT outflow) [breaking point]"
LOOP-097,100000001609499100,loop_member,"peripheral, depth=1, seed=False; inside this formation receives 149,593 KZT and sends 11,000 KZT (52% of its 21,000 KZT outflow)"
LOOP-097,100000006866783100,loop_member,"distributor, depth=0, seed=True; inside this formation receives 155,000 KZT and sends 117,504 KZT (3% of its 3,948,037 KZT outflow)"
LOOP-097,100000008304139100,loop_member,"distributor, depth=1, seed=False; inside this formation receives 23,567 KZT and sends 303,000 KZT (18% of its 1,692,997 KZT outflow) [breaking point]"
LOOP-097,100000008603629100,loop_member,"distributor, depth=2, seed=False; inside this formation receives 159,000 KZT and sends 55,656 KZT (1% of its 4,986,156 KZT outflow)"
LOOP-098,100000001609499100,loop_member,"peripheral, depth=1, seed=False; inside this formation receives 149,593 KZT and sends 11,000 KZT (52% of its 21,000 KZT outflow)"
LOOP-098,100000006866783100,loop_member,"distributor, depth=0, seed=True; inside this formation receives 59,100 KZT and sends 319,118 KZT (8% of its 3,948,037 KZT outflow)"
LOOP-098,100000008603629100,loop_member,"distributor, depth=2, seed=False; inside this formation receives 55,500 KZT and sends 131,349 KZT (3% of its 4,986,156 KZT outflow)"
LOOP-098,100000008686313100,loop_member,"coordinator, depth=1, seed=False; inside this formation receives 300,874 KZT and sends 103,600 KZT (31% of its 333,800 KZT outflow) [breaking point]"
LOOP-099,100000001616816100,loop_member,"transit, depth=0, seed=True; inside this formation receives 53,000 KZT and sends 53,000 KZT (29% of its 181,326 KZT outflow) [breaking point]"
LOOP-099,100000001937767100,loop_member,"peripheral, depth=1, seed=False; inside this formation receives 53,000 KZT and sends 53,000 KZT (3% of its 1,933,000 KZT outflow)"
LOOP-100,100000001616816100,loop_member,"transit, depth=0, seed=True; inside this formation receives 69,195 KZT and sends 110,500 KZT (61% of its 181,326 KZT outflow) [breaking point]"
LOOP-100,100000004015047100,loop_member,"consolidator, depth=1, seed=False; inside this formation receives 110,500 KZT and sends 69,195 KZT (100% of its 69,195 KZT outflow)"
LOOP-101,100000001660397100,loop_member,"transit, depth=1, seed=False; inside this formation receives 48,600 KZT and sends 24,000 KZT (49% of its 49,000 KZT outflow)"
LOOP-101,100000002306369100,loop_member,"peripheral, depth=1, seed=False; inside this formation receives 73,166 KZT and sends 20,900 KZT (8% of its 260,900 KZT outflow)"
LOOP-101,100000006866783100,loop_member,"distributor, depth=0, seed=True; inside this formation receives 24,000 KZT and sends 92,466 KZT (2% of its 3,948,037 KZT outflow) [breaking point]"
LOOP-101,100000008603629100,loop_member,"distributor, depth=2, seed=False; inside this formation receives 20,900 KZT and sends 29,300 KZT (1% of its 4,986,156 KZT outflow)"
LOOP-102,100000001660397100,loop_member,"transit, depth=1, seed=False; inside this formation receives 29,300 KZT and sends 12,000 KZT (24% of its 49,000 KZT outflow)"
LOOP-102,100000003968044100,loop_member,"peripheral, depth=3, seed=False; inside this formation receives 40,000 KZT and sends 96,000 KZT (31% of its 311,000 KZT outflow) [breaking point]"
LOOP-102,100000008477350100,loop_member,"distributor, depth=2, seed=False; inside this formation receives 12,000 KZT and sends 40,000 KZT (1% of its 3,374,866 KZT outflow)"
LOOP-102,100000008603629100,loop_member,"distributor, depth=2, seed=False; inside this formation receives 96,000 KZT and sends 29,300 KZT (1% of its 4,986,156 KZT outflow)"
LOOP-103,100000001660397100,loop_member,"transit, depth=1, seed=False; inside this formation receives 19,300 KZT and sends 37,000 KZT (76% of its 49,000 KZT outflow)"
LOOP-103,100000004070318100,loop_member,"coordinator, depth=1, seed=False; inside this formation receives 94,247 KZT and sends 85,000 KZT (15% of its 551,860 KZT outflow)"
LOOP-103,100000006866783100,loop_member,"distributor, depth=0, seed=True; inside this formation receives 109,000 KZT and sends 84,025 KZT (2% of its 3,948,037 KZT outflow) [breaking point]"
LOOP-103,100000008413748100,loop_member,"peripheral, depth=2, seed=False; inside this formation receives 13,000 KZT and sends 29,522 KZT (2% of its 1,377,320 KZT outflow)"
LOOP-104,100000001660397100,loop_member,"transit, depth=1, seed=False; inside this formation receives 48,600 KZT and sends 24,000 KZT (49% of its 49,000 KZT outflow)"
LOOP-104,100000004070318100,loop_member,"coordinator, depth=1, seed=False; inside this formation receives 64,725 KZT and sends 108,126 KZT (20% of its 551,860 KZT outflow)"
LOOP-104,100000006866783100,loop_member,"distributor, depth=0, seed=True; inside this formation receives 109,000 KZT and sends 84,025 KZT (2% of its 3,948,037 KZT outflow) [breaking point]"
LOOP-104,100000008603629100,loop_member,"distributor, depth=2, seed=False; inside this formation receives 23,126 KZT and sends 29,300 KZT (1% of its 4,986,156 KZT outflow)"
LOOP-105,100000001660397100,loop_member,"transit, depth=1, seed=False; inside this formation receives 29,300 KZT and sends 13,000 KZT (27% of its 49,000 KZT outflow)"
LOOP-105,100000004070318100,loop_member,"coordinator, depth=1, seed=False; inside this formation receives 29,522 KZT and sends 23,126 KZT (4% of its 551,860 KZT outflow) [breaking point]"
LOOP-105,100000008413748100,loop_member,"peripheral, depth=2, seed=False; inside this formation receives 13,000 KZT and sends 29,522 KZT (2% of its 1,377,320 KZT outflow)"
LOOP-105,100000008603629100,loop_member,"distributor, depth=2, seed=False; inside this formation receives 23,126 KZT and sends 29,300 KZT (1% of its 4,986,156 KZT outflow)"
LOOP-106,100000001660397100,loop_member,"transit, depth=1, seed=False; inside this formation receives 48,600 KZT and sends 24,000 KZT (49% of its 49,000 KZT outflow)"
LOOP-106,100000004351795100,loop_member,"peripheral, depth=1, seed=False; inside this formation receives 88,822 KZT and sends 77,000 KZT (4% of its 1,715,161 KZT outflow) [breaking point]"
LOOP-106,100000006866783100,loop_member,"distributor, depth=0, seed=True; inside this formation receives 24,000 KZT and sends 85,704 KZT (2% of its 3,948,037 KZT outflow)"
LOOP-106,100000008603629100,loop_member,"distributor, depth=2, seed=False; inside this formation receives 77,000 KZT and sends 51,718 KZT (1% of its 4,986,156 KZT outflow)"
LOOP-107,100000001660397100,loop_member,"transit, depth=1, seed=False; inside this formation receives 48,600 KZT and sends 24,000 KZT (49% of its 49,000 KZT outflow)"
LOOP-107,100000004390333100,loop_member,"peripheral, depth=1, seed=False; inside this formation receives 45,751 KZT and sends 120,000 KZT (24% of its 506,500 KZT outflow) [breaking point]"
LOOP-107,100000006866783100,loop_member,"distributor, depth=0, seed=True; inside this formation receives 84,000 KZT and sends 65,051 KZT (2% of its 3,948,037 KZT outflow)"
LOOP-107,100000008603629100,loop_member,"distributor, depth=2, seed=False; inside this formation receives 60,000 KZT and sends 29,300 KZT (1% of its 4,986,156 KZT outflow)"
LOOP-108,100000001660397100,loop_member,"transit, depth=1, seed=False; inside this formation receives 48,600 KZT and sends 24,000 KZT (49% of its 49,000 KZT outflow)"
LOOP-108,100000004847758100,loop_member,"coordinator, depth=1, seed=False; inside this formation receives 44,387 KZT and sends 42,000 KZT (9% of its 488,800 KZT outflow)"
LOOP-108,100000006866783100,loop_member,"distributor, depth=0, seed=True; inside this formation receives 24,000 KZT and sends 38,075 KZT (1% of its 3,948,037 KZT outflow)"
LOOP-108,100000008603629100,loop_member,"distributor, depth=2, seed=False; inside this formation receives 42,000 KZT and sends 54,912 KZT (1% of its 4,986,156 KZT outflow) [breaking point]"
LOOP-109,100000001660397100,loop_member,"transit, depth=1, seed=False; inside this formation receives 19,300 KZT and sends 36,000 KZT (73% of its 49,000 KZT outflow)"
LOOP-109,100000005910114100,loop_member,"peripheral, depth=3, seed=False; inside this formation receives 140,967 KZT and sends 241,712 KZT (16% of its 1,469,993 KZT outflow) [breaking point]"
LOOP-109,100000006866783100,loop_member,"distributor, depth=0, seed=True; inside this formation receives 265,712 KZT and sends 19,300 KZT (0% of its 3,948,037 KZT outflow)"
LOOP-109,100000008477350100,loop_member,"distributor, depth=2, seed=False; inside this formation receives 12,000 KZT and sends 140,967 KZT (4% of its 3,374,866 KZT outflow)"
LOOP-110,100000001660397100,loop_member,"transit, depth=1, seed=False; inside this formation receives 29,300 KZT and sends 12,000 KZT (24% of its 49,000 KZT outflow)"
LOOP-110,100000005910114100,loop_member,"peripheral, depth=3, seed=False; inside this formation receives 140,967 KZT and sends 232,624 KZT (16% of its 1,469,993 KZT outflow) [breaking point]"
LOOP-110,100000008477350100,loop_member,"distributor, depth=2, seed=False; inside this formation receives 12,000 KZT and sends 140,967 KZT (4% of its 3,374,866 KZT outflow)"
LOOP-110,100000008603629100,loop_member,"distributor, depth=2, seed=False; inside this formation receives 232,624 KZT and sends 29,300 KZT (1% of its 4,986,156 KZT outflow)"
LOOP-111,100000001660397100,loop_member,"transit, depth=1, seed=False; inside this formation receives 19,300 KZT and sends 24,000 KZT (49% of its 49,000 KZT outflow) [breaking point]"
LOOP-111,100000006866783100,loop_member,"distributor, depth=0, seed=True; inside this formation receives 24,000 KZT and sends 19,300 KZT (0% of its 3,948,037 KZT outflow)"
LOOP-112,100000001660397100,loop_member,"transit, depth=1, seed=False; inside this formation receives 19,300 KZT and sends 36,000 KZT (73% of its 49,000 KZT outflow)"
LOOP-112,100000006866783100,loop_member,"distributor, depth=0, seed=True; inside this formation receives 34,000 KZT and sends 42,318 KZT (1% of its 3,948,037 KZT outflow) [breaking point]"
LOOP-112,100000007639767100,loop_member,"coordinator, depth=1, seed=False; inside this formation receives 39,323 KZT and sends 10,000 KZT (1% of its 822,244 KZT outflow)"
LOOP-112,100000008477350100,loop_member,"distributor, depth=2, seed=False; inside this formation receives 12,000 KZT and sends 16,305 KZT (0% of its 3,374,866 KZT outflow)"
LOOP-113,100000001660397100,loop_member,"transit, depth=1, seed=False; inside this formation receives 48,600 KZT and sends 24,000 KZT (49% of its 49,000 KZT outflow)"
LOOP-113,100000006866783100,loop_member,"distributor, depth=0, seed=True; inside this formation receives 34,000 KZT and sends 42,318 KZT (1% of its 3,948,037 KZT outflow)"
LOOP-113,100000007639767100,loop_member,"coordinator, depth=1, seed=False; inside this formation receives 46,740 KZT and sends 108,250 KZT (13% of its 822,244 KZT outflow) [breaking point]"
LOOP-113,100000008603629100,loop_member,"distributor, depth=2, seed=False; inside this formation receives 98,250 KZT and sends 53,022 KZT (1% of its 4,986,156 KZT outflow)"
LOOP-114,100000001660397100,loop_member,"transit, depth=1, seed=False; inside this formation receives 19,300 KZT and sends 37,000 KZT (76% of its 49,000 KZT outflow)"
LOOP-114,100000006866783100,loop_member,"distributor, depth=0, seed=True; inside this formation receives 168,000 KZT and sends 42,867 KZT (1% of its 3,948,037 KZT outflow) [breaking point]"
LOOP-114,100000008304139100,loop_member,"distributor, depth=1, seed=False; inside this formation receives 49,659 KZT and sends 144,000 KZT (9% of its 1,692,997 KZT outflow)"
LOOP-114,100000008413748100,loop_member,"peripheral, depth=2, seed=False; inside this formation receives 13,000 KZT and sends 26,092 KZT (2% of its 1,377,320 KZT outflow)"
LOOP-115,100000001660397100,loop_member,"transit, depth=1, seed=False; inside this formation receives 48,600 KZT and sends 24,000 KZT (49% of its 49,000 KZT outflow)"
LOOP-115,100000006866783100,loop_member,"distributor, depth=0, seed=True; inside this formation receives 168,000 KZT and sends 42,867 KZT (1% of its 3,948,037 KZT outflow)"
LOOP-115,100000008304139100,loop_member,"distributor, depth=1, seed=False; inside this formation receives 23,567 KZT and sends 303,000 KZT (18% of its 1,692,997 KZT outflow) [breaking point]"
LOOP-115,100000008603629100,loop_member,"distributor, depth=2, seed=False; inside this formation receives 159,000 KZT and sends 29,300 KZT (1% of its 4,986,156 KZT outflow)"
LOOP-116,100000001660397100,loop_member,"transit, depth=1, seed=False; inside this formation receives 48,600 KZT and sends 24,000 KZT (49% of its 49,000 KZT outflow)"
LOOP-116,100000006866783100,loop_member,"distributor, depth=0, seed=True; inside this formation receives 72,100 KZT and sends 244,481 KZT (6% of its 3,948,037 KZT outflow)"
LOOP-116,100000008603629100,loop_member,"distributor, depth=2, seed=False; inside this formation receives 55,500 KZT and sends 104,993 KZT (2% of its 4,986,156 KZT outflow)"
LOOP-116,100000008686313100,loop_member,"coordinator, depth=1, seed=False; inside this formation receives 300,874 KZT and sends 103,600 KZT (31% of its 333,800 KZT outflow) [breaking point]"
LOOP-117,100000001660397100,loop_member,"transit, depth=1, seed=False; inside this formation receives 29,300 KZT and sends 12,000 KZT (24% of its 49,000 KZT outflow)"
LOOP-117,100000007639767100,loop_member,"coordinator, depth=1, seed=False; inside this formation receives 40,027 KZT and sends 98,250 KZT (12% of its 822,244 KZT outflow)"
LOOP-117,100000008477350100,loop_member,"distributor, depth=2, seed=False; inside this formation receives 12,000 KZT and sends 16,305 KZT (0% of its 3,374,866 KZT outflow)"
LOOP-117,100000008603629100,loop_member,"distributor, depth=2, seed=False; inside this formation receives 98,250 KZT and sends 53,022 KZT (1% of its 4,986,156 KZT outflow) [breaking point]"
LOOP-118,100000001660397100,loop_member,"transit, depth=1, seed=False; inside this formation receives 29,300 KZT and sends 12,000 KZT (24% of its 49,000 KZT outflow)"
LOOP-118,100000008086440100,loop_member,"transit, depth=3, seed=False; inside this formation receives 199,733 KZT and sends 82,800 KZT (51% of its 161,300 KZT outflow) [breaking point]"
LOOP-118,100000008477350100,loop_member,"distributor, depth=2, seed=False; inside this formation receives 30,900 KZT and sends 199,733 KZT (6% of its 3,374,866 KZT outflow)"
LOOP-118,100000008603629100,loop_member,"distributor, depth=2, seed=False; inside this formation receives 63,900 KZT and sends 29,300 KZT (1% of its 4,986,156 KZT outflow)"
LOOP-119,100000001660397100,loop_member,"transit, depth=1, seed=False; inside this formation receives 29,300 KZT and sends 13,000 KZT (27% of its 49,000 KZT outflow)"
LOOP-119,100000008304139100,loop_member,"distributor, depth=1, seed=False; inside this formation receives 26,092 KZT and sends 159,000 KZT (9% of its 1,692,997 KZT outflow)"
LOOP-119,100000008413748100,loop_member,"peripheral, depth=2, seed=False; inside this formation receives 13,000 KZT and sends 26,092 KZT (2% of its 1,377,320 KZT outflow)"
LOOP-119,100000008603629100,loop_member,"distributor, depth=2, seed=False; inside this formation receives 159,000 KZT and sends 29,300 KZT (1% of its 4,986,156 KZT outflow) [breaking point]"
LOOP-120,100000001677929100,loop_member,"peripheral, depth=2, seed=False; inside this formation receives 5,000 KZT and sends 8,700 KZT (3% of its 286,098 KZT outflow) [breaking point]"
LOOP-120,100000001740277100,loop_member,"abstained_single_observation, depth=3, seed=False; inside this formation receives 8,700 KZT and sends 5,000 KZT (100% of its 5,000 KZT outflow)"
LOOP-121,100000001677929100,loop_member,"peripheral, depth=2, seed=False; inside this formation receives 76,777 KZT and sends 277,398 KZT (97% of its 286,098 KZT outflow) [breaking point]"
LOOP-121,100000002394199100,loop_member,"peripheral, depth=3, seed=False; inside this formation receives 277,398 KZT and sends 76,777 KZT (100% of its 76,777 KZT outflow)"
LOOP-122,100000001697501100,loop_member,"distributor, depth=1, seed=False; inside this formation receives 25,000 KZT and sends 90,000 KZT (6% of its 1,482,606 KZT outflow) [breaking point]"
LOOP-122,100000002527114100,loop_member,"distributor, depth=0, seed=True; inside this formation receives 90,000 KZT and sends 25,000 KZT (1% of its 3,289,249 KZT outflow)"
LOOP-123,100000001697501100,loop_member,"distributor, depth=1, seed=False; inside this formation receives 73,700 KZT and sends 120,000 KZT (8% of its 1,482,606 KZT outflow) [breaking point]"
LOOP-123,100000002578405100,loop_member,"distributor, depth=2, seed=False; inside this formation receives 120,000 KZT and sends 73,700 KZT (2% of its 3,108,352 KZT outflow)"
LOOP-124,100000001697501100,loop_member,"distributor, depth=1, seed=False; inside this formation receives 25,000 KZT and sends 160,000 KZT (11% of its 1,482,606 KZT outflow) [breaking point]"
LOOP-124,100000006612238100,loop_member,"abstained_single_observation, depth=2, seed=False; inside this formation receives 160,000 KZT and sends 25,000 KZT (100% of its 25,000 KZT outflow)"
LOOP-125,100000001732159100,loop_member,"peripheral, depth=0, seed=True; inside this formation receives 95,000 KZT and sends 322,076 KZT (21% of its 1,505,966 KZT outflow) [breaking point]"
LOOP-125,100000008314203100,loop_member,"transit, depth=0, seed=True; inside this formation receives 322,076 KZT and sends 95,000 KZT (29% of its 327,000 KZT outflow)"
LOOP-126,100000001732159100,loop_member,"peripheral, depth=0, seed=True; inside this formation receives 2,378,100 KZT and sends 703,966 KZT (47% of its 1,505,966 KZT outflow) [breaking point]"
LOOP-126,100000008314203100,loop_member,"transit, depth=0, seed=True; inside this formation receives 382,076 KZT and sends 327,000 KZT (100% of its 327,000 KZT outflow)"
LOOP-126,100000008637537100,loop_member,"peripheral, depth=0, seed=True; inside this formation receives 613,890 KZT and sends 2,343,100 KZT (100% of its 2,351,495 KZT outflow)"
LOOP-127,100000001732159100,loop_member,"peripheral, depth=0, seed=True; inside this formation receives 2,283,100 KZT and sends 381,890 KZT (25% of its 1,505,966 KZT outflow) [breaking point]"
LOOP-127,100000008637537100,loop_member,"peripheral, depth=0, seed=True; inside this formation receives 381,890 KZT and sends 2,283,100 KZT (97% of its 2,351,495 KZT outflow)"
LOOP-128,100000001808684100,loop_member,"peripheral, depth=3, seed=False; inside this formation receives 48,400 KZT and sends 37,700 KZT (100% of its 37,700 KZT outflow) [breaking point]"
LOOP-128,100000003509750100,loop_member,"transit, depth=2, seed=False; inside this formation receives 37,700 KZT and sends 48,400 KZT (62% of its 78,400 KZT outflow)"
LOOP-129,100000001857829100,loop_member,"coordinator, depth=2, seed=False; inside this formation receives 767,000 KZT and sends 126,000 KZT (5% of its 2,390,993 KZT outflow)"
LOOP-129,100000003178549100,loop_member,"peripheral, depth=3, seed=False; inside this formation receives 40,000 KZT and sends 59,000 KZT (66% of its 89,080 KZT outflow)"
LOOP-129,100000003880331100,loop_member,"peripheral, depth=3, seed=False; inside this formation receives 100,000 KZT and sends 898,000 KZT (23% of its 3,904,908 KZT outflow)"
LOOP-129,100000008603629100,loop_member,"distributor, depth=2, seed=False; inside this formation receives 624,000 KZT and sends 448,000 KZT (9% of its 4,986,156 KZT outflow) [breaking point]"
LOOP-130,100000001857829100,loop_member,"coordinator, depth=2, seed=False; inside this formation receives 467,000 KZT and sends 26,000 KZT (1% of its 2,390,993 KZT outflow) [breaking point]"
LOOP-130,100000003178549100,loop_member,"peripheral, depth=3, seed=False; inside this formation receives 40,000 KZT and sends 59,000 KZT (66% of its 89,080 KZT outflow)"
LOOP-130,100000008603629100,loop_member,"distributor, depth=2, seed=False; inside this formation receives 26,000 KZT and sends 448,000 KZT (9% of its 4,986,156 KZT outflow)"
LOOP-131,100000001857829100,loop_member,"coordinator, depth=2, seed=False; inside this formation receives 300,000 KZT and sends 100,000 KZT (4% of its 2,390,993 KZT outflow) [breaking point]"
LOOP-131,100000003880331100,loop_member,"peripheral, depth=3, seed=False; inside this formation receives 100,000 KZT and sends 300,000 KZT (8% of its 3,904,908 KZT outflow)"
LOOP-132,100000001857829100,loop_member,"coordinator, depth=2, seed=False; inside this formation receives 708,000 KZT and sends 126,000 KZT (5% of its 2,390,993 KZT outflow)"
LOOP-132,100000003880331100,loop_member,"peripheral, depth=3, seed=False; inside this formation receives 100,000 KZT and sends 898,000 KZT (23% of its 3,904,908 KZT outflow)"
LOOP-132,100000008603629100,loop_member,"distributor, depth=2, seed=False; inside this formation receives 624,000 KZT and sends 408,000 KZT (8% of its 4,986,156 KZT outflow) [breaking point]"
LOOP-133,100000001857829100,loop_member,"coordinator, depth=2, seed=False; inside this formation receives 49,035 KZT and sends 67,000 KZT (3% of its 2,390,993 KZT outflow)"
LOOP-133,100000005910114100,loop_member,"peripheral, depth=3, seed=False; inside this formation receives 92,009 KZT and sends 49,035 KZT (3% of its 1,469,993 KZT outflow) [breaking point]"
LOOP-133,100000008121806100,loop_member,"peripheral, depth=3, seed=False; inside this formation receives 67,000 KZT and sends 5,000 KZT (2% of its 248,509 KZT outflow)"
LOOP-133,100000008346837100,loop_member,"distributor, depth=2, seed=False; inside this formation receives 5,000 KZT and sends 92,009 KZT (7% of its 1,258,643 KZT outflow)"
LOOP-134,100000001857829100,loop_member,"coordinator, depth=2, seed=False; inside this formation receives 408,000 KZT and sends 26,000 KZT (1% of its 2,390,993 KZT outflow) [breaking point]"
LOOP-134,100000008603629100,loop_member,"distributor, depth=2, seed=False; inside this formation receives 26,000 KZT and sends 408,000 KZT (8% of its 4,986,156 KZT outflow)"
LOOP-135,100000001872484100,loop_member,"peripheral, depth=1, seed=False; inside this formation receives 871,400 KZT and sends 475,400 KZT (92% of its 514,580 KZT outflow) [breaking point]"
LOOP-135,100000008601794100,loop_member,"peripheral, depth=0, seed=True; inside this formation receives 475,400 KZT and sends 871,400 KZT (100% of its 871,400 KZT outflow)"
LOOP-136,100000001893287100,loop_member,"peripheral, depth=3, seed=False; inside this formation receives 18,000 KZT and sends 152,700 KZT (100% of its 152,700 KZT outflow) [breaking point]"
LOOP-136,100000004698193100,loop_member,"peripheral, depth=2, seed=False; inside this formation receives 152,700 KZT and sends 18,000 KZT (47% of its 38,000 KZT outflow)"
LOOP-137,100000001899164100,loop_member,"peripheral, depth=1, seed=False; inside this formation receives 9,500 KZT and sends 8,000 KZT (10% of its 76,500 KZT outflow) [breaking point]"
LOOP-137,100000002193259100,loop_member,"peripheral, depth=2, seed=False; inside this formation receives 8,000 KZT and sends 9,500 KZT (16% of its 58,000 KZT outflow)"
LOOP-138,100000001965374100,loop_member,"peripheral, depth=2, seed=False; inside this formation receives 60,000 KZT and sends 1,989,000 KZT (65% of its 3,082,100 KZT outflow) [breaking point]"
LOOP-138,100000005820746100,loop_member,"peripheral, depth=3, seed=False; inside this formation receives 1,989,000 KZT and sends 60,000 KZT (100% of its 60,000 KZT outflow)"
LOOP-139,100000002132479100,loop_member,"peripheral, depth=2, seed=False; inside this formation receives 30,000 KZT and sends 20,000 KZT (100% of its 20,000 KZT outflow) [breaking point]"
LOOP-139,100000004159526100,loop_member,"coordinator, depth=1, seed=False; inside this formation receives 20,000 KZT and sends 30,000 KZT (44% of its 68,000 KZT outflow)"
LOOP-140,100000002156381100,loop_member,"peripheral, depth=2, seed=False; inside this formation receives 51,000 KZT and sends 21,800 KZT (100% of its 21,800 KZT outflow) [breaking point]"
LOOP-140,100000002696152100,loop_member,"peripheral, depth=3, seed=False; inside this formation receives 21,800 KZT and sends 51,000 KZT (74% of its 69,000 KZT outflow)"
LOOP-141,100000002175422100,loop_member,"peripheral, depth=2, seed=False; inside this formation receives 8,500 KZT and sends 530,000 KZT (33% of its 1,621,188 KZT outflow) [breaking point]"
LOOP-141,100000002975437100,loop_member,"peripheral, depth=3, seed=False; inside this formation receives 530,000 KZT and sends 8,500 KZT (100% of its 8,500 KZT outflow)"
LOOP-142,100000002175422100,loop_member,"peripheral, depth=2, seed=False; inside this formation receives 40,000 KZT and sends 115,000 KZT (7% of its 1,621,188 KZT outflow) [breaking point]"
LOOP-142,100000003004487100,loop_member,"peripheral, depth=1, seed=False; inside this formation receives 115,000 KZT and sends 40,000 KZT (15% of its 265,015 KZT outflow)"
LOOP-143,100000002175422100,loop_member,"peripheral, depth=2, seed=False; inside this formation receives 20,000 KZT and sends 664,992 KZT (41% of its 1,621,188 KZT outflow) [breaking point]"
LOOP-143,100000003557488100,loop_member,"peripheral, depth=3, seed=False; inside this formation receives 664,992 KZT and sends 20,000 KZT (14% of its 138,000 KZT outflow)"
LOOP-144,100000002224132100,loop_member,"coordinator, depth=2, seed=False; inside this formation receives 300,000 KZT and sends 2,580,000 KZT (21% of its 12,115,000 KZT outflow) [breaking point]"
LOOP-144,100000004603109100,loop_member,"peripheral, depth=3, seed=False; inside this formation receives 2,580,000 KZT and sends 300,000 KZT (75% of its 400,000 KZT outflow)"
LOOP-145,100000002224132100,loop_member,"coordinator, depth=2, seed=False; inside this formation receives 480,300 KZT and sends 6,980,000 KZT (58% of its 12,115,000 KZT outflow) [breaking point]"
LOOP-145,100000004603109100,loop_member,"peripheral, depth=3, seed=False; inside this formation receives 2,580,000 KZT and sends 400,000 KZT (100% of its 400,000 KZT outflow)"
LOOP-145,100000004892144100,loop_member,"peripheral, depth=3, seed=False; inside this formation receives 4,500,000 KZT and sends 180,300 KZT (100% of its 180,300 KZT outflow)"
LOOP-146,100000002224132100,loop_member,"coordinator, depth=2, seed=False; inside this formation receives 180,300 KZT and sends 4,400,000 KZT (36% of its 12,115,000 KZT outflow) [breaking point]"
LOOP-146,100000004892144100,loop_member,"peripheral, depth=3, seed=False; inside this formation receives 4,400,000 KZT and sends 180,300 KZT (100% of its 180,300 KZT outflow)"
LOOP-147,100000002267998100,loop_member,"peripheral, depth=2, seed=False; inside this formation receives 220,000 KZT and sends 850,000 KZT (76% of its 1,115,000 KZT outflow) [breaking point]"
LOOP-147,100000003701161100,loop_member,"peripheral, depth=1, seed=False; inside this formation receives 850,000 KZT and sends 220,000 KZT (63% of its 349,000 KZT outflow)"
LOOP-148,100000002267998100,loop_member,"peripheral, depth=2, seed=False; inside this formation receives 420,000 KZT and sends 1,080,000 KZT (97% of its 1,115,000 KZT outflow) [breaking point]"
LOOP-148,100000003701161100,loop_member,"peripheral, depth=1, seed=False; inside this formation receives 970,000 KZT and sends 340,000 KZT (97% of its 349,000 KZT outflow)"
LOOP-148,100000003718221100,loop_member,"peripheral, depth=2, seed=False; inside this formation receives 350,000 KZT and sends 320,000 KZT (76% of its 423,500 KZT outflow)"
LOOP-149,100000002267998100,loop_member,"peripheral, depth=2, seed=False; inside this formation receives 200,000 KZT and sends 230,000 KZT (21% of its 1,115,000 KZT outflow) [breaking point]"
LOOP-149,100000003718221100,loop_member,"peripheral, depth=2, seed=False; inside this formation receives 230,000 KZT and sends 200,000 KZT (47% of its 423,500 KZT outflow)"
LOOP-150,100000002293421100,loop_member,"transit, depth=2, seed=False; inside this formation receives 36,000 KZT and sends 22,000 KZT (47% of its 47,000 KZT outflow) [breaking point]"
LOOP-150,100000004180097100,loop_member,"peripheral, depth=1, seed=False; inside this formation receives 22,000 KZT and sends 36,000 KZT (75% of its 47,800 KZT outflow)"
LOOP-151,100000002293421100,loop_member,"transit, depth=2, seed=False; inside this formation receives 41,000 KZT and sends 22,000 KZT (47% of its 47,000 KZT outflow)"
LOOP-151,100000004180097100,loop_member,"peripheral, depth=1, seed=False; inside this formation receives 28,000 KZT and sends 41,000 KZT (86% of its 47,800 KZT outflow) [breaking point]"
LOOP-151,100000004765639100,loop_member,"peripheral, depth=2, seed=False; inside this formation receives 5,000 KZT and sends 11,000 KZT (100% of its 11,000 KZT outflow)"
LOOP-152,100000002306369100,loop_member,"peripheral, depth=1, seed=False; inside this formation receives 73,166 KZT and sends 51,000 KZT (20% of its 260,900 KZT outflow)"
LOOP-152,100000003796063100,loop_member,"peripheral, depth=3, seed=False; inside this formation receives 35,000 KZT and sends 102,500 KZT (11% of its 959,150 KZT outflow)"
LOOP-152,100000006866783100,loop_member,"distributor, depth=0, seed=True; inside this formation receives 67,500 KZT and sends 73,166 KZT (2% of its 3,948,037 KZT outflow) [breaking point]"
LOOP-152,100000008111003100,loop_member,"peripheral, depth=2, seed=False; inside this formation receives 86,000 KZT and sends 35,000 KZT (100% of its 35,000 KZT outflow)"
LOOP-153,100000002306369100,loop_member,"peripheral, depth=1, seed=False; inside this formation receives 73,166 KZT and sends 35,000 KZT (13% of its 260,900 KZT outflow)"
LOOP-153,100000005910114100,loop_member,"peripheral, depth=3, seed=False; inside this formation receives 140,967 KZT and sends 241,712 KZT (16% of its 1,469,993 KZT outflow) [breaking point]"
LOOP-153,100000006866783100,loop_member,"distributor, depth=0, seed=True; inside this formation receives 241,712 KZT and sends 73,166 KZT (2% of its 3,948,037 KZT outflow)"
LOOP-153,100000008477350100,loop_member,"distributor, depth=2, seed=False; inside this formation receives 35,000 KZT and sends 140,967 KZT (4% of its 3,374,866 KZT outflow)"
LOOP-154,100000002306369100,loop_member,"peripheral, depth=1, seed=False; inside this formation receives 73,166 KZT and sends 35,000 KZT (13% of its 260,900 KZT outflow) [breaking point]"
LOOP-154,100000006866783100,loop_member,"distributor, depth=0, seed=True; inside this formation receives 10,000 KZT and sends 96,184 KZT (2% of its 3,948,037 KZT outflow)"
LOOP-154,100000007639767100,loop_member,"coordinator, depth=1, seed=False; inside this formation receives 39,323 KZT and sends 10,000 KZT (1% of its 822,244 KZT outflow)"
LOOP-154,100000008477350100,loop_member,"distributor, depth=2, seed=False; inside this formation receives 35,000 KZT and sends 16,305 KZT (0% of its 3,374,866 KZT outflow)"
LOOP-155,100000002306369100,loop_member,"peripheral, depth=1, seed=False; inside this formation receives 73,166 KZT and sends 20,900 KZT (8% of its 260,900 KZT outflow)"
LOOP-155,100000006866783100,loop_member,"distributor, depth=0, seed=True; inside this formation receives 10,000 KZT and sends 96,184 KZT (2% of its 3,948,037 KZT outflow)"
LOOP-155,100000007639767100,loop_member,"coordinator, depth=1, seed=False; inside this formation receives 46,740 KZT and sends 108,250 KZT (13% of its 822,244 KZT outflow) [breaking point]"
LOOP-155,100000008603629100,loop_member,"distributor, depth=2, seed=False; inside this formation receives 119,150 KZT and sends 23,722 KZT (0% of its 4,986,156 KZT outflow)"
LOOP-156,100000002306369100,loop_member,"peripheral, depth=1, seed=False; inside this formation receives 73,166 KZT and sends 20,900 KZT (8% of its 260,900 KZT outflow)"
LOOP-156,100000006866783100,loop_member,"distributor, depth=0, seed=True; inside this formation receives 48,100 KZT and sends 298,347 KZT (8% of its 3,948,037 KZT outflow)"
LOOP-156,100000008603629100,loop_member,"distributor, depth=2, seed=False; inside this formation receives 76,400 KZT and sends 75,693 KZT (2% of its 4,986,156 KZT outflow)"
LOOP-156,100000008686313100,loop_member,"coordinator, depth=1, seed=False; inside this formation receives 300,874 KZT and sends 103,600 KZT (31% of its 333,800 KZT outflow) [breaking point]"
LOOP-157,100000002391278100,loop_member,"peripheral, depth=3, seed=False; inside this formation receives 30,000 KZT and sends 52,700 KZT (100% of its 52,700 KZT outflow) [breaking point]"
LOOP-157,100000004221668100,loop_member,"peripheral, depth=2, seed=False; inside this formation receives 52,700 KZT and sends 30,000 KZT (4% of its 731,440 KZT outflow)"
LOOP-158,100000002527114100,loop_member,"distributor, depth=0, seed=True; inside this formation receives 30,000 KZT and sends 30,000 KZT (1% of its 3,289,249 KZT outflow) [breaking point]"
LOOP-158,100000003942602100,loop_member,"transit, depth=1, seed=False; inside this formation receives 30,000 KZT and sends 30,000 KZT (100% of its 30,000 KZT outflow)"
LOOP-159,100000002527114100,loop_member,"distributor, depth=0, seed=True; inside this formation receives 9,000 KZT and sends 20,000 KZT (1% of its 3,289,249 KZT outflow) [breaking point]"
LOOP-159,100000006656003100,loop_member,"abstained_single_observation, depth=1, seed=False; inside this formation receives 20,000 KZT and sends 9,000 KZT (100% of its 9,000 KZT outflow)"
LOOP-160,100000002578405100,loop_member,"distributor, depth=2, seed=False; inside this formation receives 1,080,351 KZT and sends 5,000 KZT (0% of its 3,108,352 KZT outflow) [breaking point]"
LOOP-160,100000005041905100,loop_member,"peripheral, depth=3, seed=False; inside this formation receives 5,000 KZT and sends 1,080,351 KZT (100% of its 1,080,351 KZT outflow)"
LOOP-161,100000002612809100,loop_member,"peripheral, depth=3, seed=False; inside this formation receives 30,000 KZT and sends 15,000 KZT (13% of its 114,000 KZT outflow) [breaking point]"
LOOP-161,100000005507142100,loop_member,"peripheral, depth=2, seed=False; inside this formation receives 15,000 KZT and sends 30,000 KZT (30% of its 100,000 KZT outflow)"
LOOP-162,100000002645993100,loop_member,"peripheral, depth=3, seed=False; inside this formation receives 14,000 KZT and sends 13,480 KZT (15% of its 86,980 KZT outflow)"
LOOP-162,100000002957787100,loop_member,"distributor, depth=2, seed=False; inside this formation receives 7,600 KZT and sends 14,000 KZT (1% of its 1,276,154 KZT outflow)"
LOOP-162,100000004070318100,loop_member,"coordinator, depth=1, seed=False; inside this formation receives 29,522 KZT and sends 7,600 KZT (1% of its 551,860 KZT outflow)"
LOOP-162,100000008413748100,loop_member,"peripheral, depth=2, seed=False; inside this formation receives 13,480 KZT and sends 29,522 KZT (2% of its 1,377,320 KZT outflow) [breaking point]"
LOOP-163,100000002645993100,loop_member,"peripheral, depth=3, seed=False; inside this formation receives 35,650 KZT and sends 13,480 KZT (15% of its 86,980 KZT outflow)"
LOOP-163,100000004070318100,loop_member,"coordinator, depth=1, seed=False; inside this formation receives 52,522 KZT and sends 19,800 KZT (4% of its 551,860 KZT outflow)"
LOOP-163,100000004400305100,loop_member,"distributor, depth=2, seed=False; inside this formation receives 19,800 KZT and sends 58,650 KZT (1% of its 5,830,181 KZT outflow) [breaking point]"
LOOP-163,100000008413748100,loop_member,"peripheral, depth=2, seed=False; inside this formation receives 13,480 KZT and sends 29,522 KZT (2% of its 1,377,320 KZT outflow)"
LOOP-164,100000002692750100,loop_member,"peripheral, depth=2, seed=False; inside this formation receives 10,000 KZT and sends 77,000 KZT (100% of its 77,000 KZT outflow) [breaking point]"
LOOP-164,100000003636627100,loop_member,"peripheral, depth=3, seed=False; inside this formation receives 77,000 KZT and sends 10,000 KZT (100% of its 10,000 KZT outflow)"
LOOP-165,100000002723538100,loop_member,"peripheral, depth=2, seed=False; inside this formation receives 15,000 KZT and sends 33,000 KZT (6% of its 560,499 KZT outflow)"
LOOP-165,100000003242289100,loop_member,"distributor, depth=2, seed=False; inside this formation receives 33,000 KZT and sends 24,510 KZT (1% of its 2,377,741 KZT outflow) [breaking point]"
LOOP-165,100000004140487100,loop_member,"peripheral, depth=3, seed=False; inside this formation receives 24,510 KZT and sends 30,000 KZT (11% of its 262,600 KZT outflow)"
LOOP-165,100000004400305100,loop_member,"distributor, depth=2, seed=False; inside this formation receives 30,000 KZT and sends 15,000 KZT (0% of its 5,830,181 KZT outflow)"
LOOP-166,100000002723538100,loop_member,"peripheral, depth=2, seed=False; inside this formation receives 70,647 KZT and sends 118,000 KZT (21% of its 560,499 KZT outflow) [breaking point]"
LOOP-166,100000003242289100,loop_member,"distributor, depth=2, seed=False; inside this formation receives 33,000 KZT and sends 24,510 KZT (1% of its 2,377,741 KZT outflow)"
LOOP-166,100000004140487100,loop_member,"peripheral, depth=3, seed=False; inside this formation receives 24,510 KZT and sends 20,000 KZT (8% of its 262,600 KZT outflow)"
LOOP-166,100000008603629100,loop_member,"distributor, depth=2, seed=False; inside this formation receives 105,000 KZT and sends 70,647 KZT (1% of its 4,986,156 KZT outflow)"
LOOP-167,100000002723538100,loop_member,"peripheral, depth=2, seed=False; inside this formation receives 70,647 KZT and sends 118,000 KZT (21% of its 560,499 KZT outflow)"
LOOP-167,100000003242289100,loop_member,"distributor, depth=2, seed=False; inside this formation receives 33,000 KZT and sends 93,570 KZT (4% of its 2,377,741 KZT outflow)"
LOOP-167,100000008304139100,loop_member,"distributor, depth=1, seed=False; inside this formation receives 93,570 KZT and sends 159,000 KZT (9% of its 1,692,997 KZT outflow)"
LOOP-167,100000008603629100,loop_member,"distributor, depth=2, seed=False; inside this formation receives 244,000 KZT and sends 70,647 KZT (1% of its 4,986,156 KZT outflow) [breaking point]"
LOOP-168,100000002723538100,loop_member,"peripheral, depth=2, seed=False; inside this formation receives 85,647 KZT and sends 85,000 KZT (15% of its 560,499 KZT outflow)"
LOOP-168,100000004400305100,loop_member,"distributor, depth=2, seed=False; inside this formation receives 10,000 KZT and sends 15,000 KZT (0% of its 5,830,181 KZT outflow)"
LOOP-168,100000007639767100,loop_member,"coordinator, depth=1, seed=False; inside this formation receives 23,722 KZT and sends 108,250 KZT (13% of its 822,244 KZT outflow)"
LOOP-168,100000008603629100,loop_member,"distributor, depth=2, seed=False; inside this formation receives 183,250 KZT and sends 94,369 KZT (2% of its 4,986,156 KZT outflow) [breaking point]"
LOOP-169,100000002723538100,loop_member,"peripheral, depth=2, seed=False; inside this formation receives 70,647 KZT and sends 85,000 KZT (15% of its 560,499 KZT outflow) [breaking point]"
LOOP-169,100000008603629100,loop_member,"distributor, depth=2, seed=False; inside this formation receives 85,000 KZT and sends 70,647 KZT (1% of its 4,986,156 KZT outflow)"
LOOP-170,100000002731501100,loop_member,"peripheral, depth=1, seed=False; inside this formation receives 20,000 KZT and sends 201,960 KZT (24% of its 833,960 KZT outflow)"
LOOP-170,100000003616818100,loop_member,"peripheral, depth=1, seed=False; inside this formation receives 50,000 KZT and sends 40,000 KZT (17% of its 240,100 KZT outflow)"
LOOP-170,100000004005964100,loop_member,"peripheral, depth=1, seed=False; inside this formation receives 50,000 KZT and sends 72,000 KZT (100% of its 72,000 KZT outflow)"
LOOP-170,100000004007116100,loop_member,"peripheral, depth=0, seed=True; inside this formation receives 228,960 KZT and sends 35,000 KZT (24% of its 148,000 KZT outflow) [breaking point]"
LOOP-171,100000002731501100,loop_member,"peripheral, depth=1, seed=False; inside this formation receives 560,370 KZT and sends 40,000 KZT (5% of its 833,960 KZT outflow)"
LOOP-171,100000003616818100,loop_member,"peripheral, depth=1, seed=False; inside this formation receives 63,000 KZT and sends 75,100 KZT (31% of its 240,100 KZT outflow)"
LOOP-171,100000004005964100,loop_member,"peripheral, depth=1, seed=False; inside this formation receives 87,900 KZT and sends 45,000 KZT (62% of its 72,000 KZT outflow)"
LOOP-171,100000004160650100,loop_member,"peripheral, depth=2, seed=False; inside this formation receives 75,100 KZT and sends 626,270 KZT (42% of its 1,489,827 KZT outflow) [breaking point]"
LOOP-172,100000002731501100,loop_member,"peripheral, depth=1, seed=False; inside this formation receives 560,370 KZT and sends 241,960 KZT (29% of its 833,960 KZT outflow)"
LOOP-172,100000003616818100,loop_member,"peripheral, depth=1, seed=False; inside this formation receives 43,000 KZT and sends 35,100 KZT (15% of its 240,100 KZT outflow)"
LOOP-172,100000004007116100,loop_member,"peripheral, depth=0, seed=True; inside this formation receives 737,704 KZT and sends 25,000 KZT (17% of its 148,000 KZT outflow)"
LOOP-172,100000004160650100,loop_member,"peripheral, depth=2, seed=False; inside this formation receives 75,100 KZT and sends 1,114,114 KZT (75% of its 1,489,827 KZT outflow) [breaking point]"
LOOP-173,100000002731501100,loop_member,"peripheral, depth=1, seed=False; inside this formation receives 20,000 KZT and sends 201,960 KZT (24% of its 833,960 KZT outflow)"
LOOP-173,100000004005964100,loop_member,"peripheral, depth=1, seed=False; inside this formation receives 10,000 KZT and sends 37,000 KZT (51% of its 72,000 KZT outflow)"
LOOP-173,100000004007116100,loop_member,"peripheral, depth=0, seed=True; inside this formation receives 228,960 KZT and sends 20,000 KZT (14% of its 148,000 KZT outflow) [breaking point]"
LOOP-174,100000002731501100,loop_member,"peripheral, depth=1, seed=False; inside this formation receives 570,370 KZT and sends 241,960 KZT (29% of its 833,960 KZT outflow)"
LOOP-174,100000004005964100,loop_member,"peripheral, depth=1, seed=False; inside this formation receives 57,900 KZT and sends 37,000 KZT (51% of its 72,000 KZT outflow)"
LOOP-174,100000004007116100,loop_member,"peripheral, depth=0, seed=True; inside this formation receives 764,704 KZT and sends 20,000 KZT (14% of its 148,000 KZT outflow)"
LOOP-174,100000004160650100,loop_member,"peripheral, depth=2, seed=False; inside this formation receives 40,000 KZT and sends 1,134,014 KZT (76% of its 1,489,827 KZT outflow) [breaking point]"
LOOP-175,100000002731501100,loop_member,"peripheral, depth=1, seed=False; inside this formation receives 560,370 KZT and sends 40,000 KZT (5% of its 833,960 KZT outflow)"
LOOP-175,100000004005964100,loop_member,"peripheral, depth=1, seed=False; inside this formation receives 47,900 KZT and sends 10,000 KZT (14% of its 72,000 KZT outflow)"
LOOP-175,100000004160650100,loop_member,"peripheral, depth=2, seed=False; inside this formation receives 40,000 KZT and sends 598,270 KZT (40% of its 1,489,827 KZT outflow) [breaking point]"
LOOP-176,100000002731501100,loop_member,"peripheral, depth=1, seed=False; inside this formation receives 10,000 KZT and sends 201,960 KZT (24% of its 833,960 KZT outflow) [breaking point]"
LOOP-176,100000004007116100,loop_member,"peripheral, depth=0, seed=True; inside this formation receives 201,960 KZT and sends 10,000 KZT (7% of its 148,000 KZT outflow)"
LOOP-177,100000002731501100,loop_member,"peripheral, depth=1, seed=False; inside this formation receives 560,370 KZT and sends 241,960 KZT (29% of its 833,960 KZT outflow)"
LOOP-177,100000004007116100,loop_member,"peripheral, depth=0, seed=True; inside this formation receives 737,704 KZT and sends 10,000 KZT (7% of its 148,000 KZT outflow)"
LOOP-177,100000004160650100,loop_member,"peripheral, depth=2, seed=False; inside this formation receives 40,000 KZT and sends 1,086,114 KZT (73% of its 1,489,827 KZT outflow) [breaking point]"
LOOP-178,100000002731501100,loop_member,"peripheral, depth=1, seed=False; inside this formation receives 550,370 KZT and sends 40,000 KZT (5% of its 833,960 KZT outflow) [breaking point]"
LOOP-178,100000004160650100,loop_member,"peripheral, depth=2, seed=False; inside this formation receives 40,000 KZT and sends 550,370 KZT (37% of its 1,489,827 KZT outflow)"
LOOP-179,100000002733905100,loop_member,"peripheral, depth=2, seed=False; inside this formation receives 30,000 KZT and sends 235,000 KZT (33% of its 717,839 KZT outflow) [breaking point]"
LOOP-179,100000005342513100,loop_member,"peripheral, depth=3, seed=False; inside this formation receives 235,000 KZT and sends 30,000 KZT (100% of its 30,000 KZT outflow)"
LOOP-180,100000002738256100,loop_member,"transit, depth=2, seed=False; inside this formation receives 150,200 KZT and sends 175,000 KZT (100% of its 175,000 KZT outflow) [breaking point]"
LOOP-180,100000004135268100,loop_member,"transit, depth=1, seed=False; inside this formation receives 175,000 KZT and sends 150,200 KZT (15% of its 1,000,200 KZT outflow)"
LOOP-181,100000002741024100,loop_member,"coordinator, depth=2, seed=False; inside this formation receives 765,205 KZT and sends 360,000 KZT (83% of its 434,989 KZT outflow) [breaking point]"
LOOP-181,100000007629096100,loop_member,"peripheral, depth=2, seed=False; inside this formation receives 360,000 KZT and sends 765,205 KZT (100% of its 765,205 KZT outflow)"
LOOP-182,100000002741024100,loop_member,"coordinator, depth=2, seed=False; inside this formation receives 5,991 KZT and sends 45,112 KZT (10% of its 434,989 KZT outflow) [breaking point]"
LOOP-182,100000008680912100,loop_member,"peripheral, depth=3, seed=False; inside this formation receives 45,112 KZT and sends 5,991 KZT (100% of its 5,991 KZT outflow)"
LOOP-183,100000002781227100,loop_member,"transit, depth=1, seed=False; inside this formation receives 46,168 KZT and sends 199,000 KZT (94% of its 212,420 KZT outflow) [breaking point]"
LOOP-183,100000002796853100,loop_member,"peripheral, depth=2, seed=False; inside this formation receives 199,000 KZT and sends 46,168 KZT (100% of its 46,168 KZT outflow)"
LOOP-184,100000002812641100,loop_member,"abstained_single_observation, depth=2, seed=False; inside this formation receives 10,000 KZT and sends 7,024 KZT (100% of its 7,024 KZT outflow) [breaking point]"
LOOP-184,100000002838861100,loop_member,"peripheral, depth=1, seed=False; inside this formation receives 7,024 KZT and sends 10,000 KZT (100% of its 10,000 KZT outflow)"
LOOP-185,100000002870463100,loop_member,"peripheral, depth=2, seed=False; inside this formation receives 57,000 KZT and sends 10,000 KZT (100% of its 10,000 KZT outflow) [breaking point]"
LOOP-185,100000005142492100,loop_member,"abstained_single_observation, depth=3, seed=False; inside this formation receives 10,000 KZT and sends 57,000 KZT (100% of its 57,000 KZT outflow)"
LOOP-186,100000002941114100,loop_member,"peripheral, depth=1, seed=False; inside this formation receives 103,510 KZT and sends 15,000 KZT (100% of its 15,000 KZT outflow) [breaking point]"
LOOP-186,100000005168487100,loop_member,"peripheral, depth=2, seed=False; inside this formation receives 15,000 KZT and sends 103,510 KZT (100% of its 103,510 KZT outflow)"
LOOP-187,100000002957787100,loop_member,"distributor, depth=2, seed=False; inside this formation receives 7,600 KZT and sends 6,000 KZT (0% of its 1,276,154 KZT outflow)"
LOOP-187,100000004070318100,loop_member,"coordinator, depth=1, seed=False; inside this formation receives 23,000 KZT and sends 27,400 KZT (5% of its 551,860 KZT outflow)"
LOOP-187,100000004400305100,loop_member,"distributor, depth=2, seed=False; inside this formation receives 59,800 KZT and sends 23,000 KZT (0% of its 5,830,181 KZT outflow) [breaking point]"
LOOP-187,100000008632060100,loop_member,"peripheral, depth=3, seed=False; inside this formation receives 6,000 KZT and sends 40,000 KZT (12% of its 339,200 KZT outflow)"
LOOP-188,100000002957787100,loop_member,"distributor, depth=2, seed=False; inside this formation receives 7,600 KZT and sends 6,000 KZT (0% of its 1,276,154 KZT outflow)"
LOOP-188,100000004070318100,loop_member,"coordinator, depth=1, seed=False; inside this formation receives 64,725 KZT and sends 92,600 KZT (17% of its 551,860 KZT outflow)"
LOOP-188,100000006866783100,loop_member,"distributor, depth=0, seed=True; inside this formation receives 105,000 KZT and sends 64,725 KZT (2% of its 3,948,037 KZT outflow) [breaking point]"
LOOP-188,100000008632060100,loop_member,"peripheral, depth=3, seed=False; inside this formation receives 6,000 KZT and sends 20,000 KZT (6% of its 339,200 KZT outflow)"
LOOP-189,100000002957787100,loop_member,"distributor, depth=2, seed=False; inside this formation receives 45,856 KZT and sends 6,000 KZT (0% of its 1,276,154 KZT outflow)"
LOOP-189,100000004400305100,loop_member,"distributor, depth=2, seed=False; inside this formation receives 40,000 KZT and sends 93,168 KZT (2% of its 5,830,181 KZT outflow)"
LOOP-189,100000005910114100,loop_member,"peripheral, depth=3, seed=False; inside this formation receives 93,168 KZT and sends 45,856 KZT (3% of its 1,469,993 KZT outflow) [breaking point]"
LOOP-189,100000008632060100,loop_member,"peripheral, depth=3, seed=False; inside this formation receives 6,000 KZT and sends 40,000 KZT (12% of its 339,200 KZT outflow)"
LOOP-190,100000002957787100,loop_member,"distributor, depth=2, seed=False; inside this formation receives 24,000 KZT and sends 19,713 KZT (2% of its 1,276,154 KZT outflow) [breaking point]"
LOOP-190,100000005268319100,loop_member,"peripheral, depth=3, seed=False; inside this formation receives 19,713 KZT and sends 24,000 KZT (26% of its 91,000 KZT outflow)"
LOOP-191,100000002963189100,loop_member,"peripheral, depth=3, seed=False; inside this formation receives 490,000 KZT and sends 1,150,000 KZT (22% of its 5,219,000 KZT outflow) [breaking point]"
LOOP-191,100000005933757100,loop_member,"distributor, depth=2, seed=False; inside this formation receives 1,150,000 KZT and sends 490,000 KZT (16% of its 3,002,628 KZT outflow)"
LOOP-192,100000003001661100,loop_member,"peripheral, depth=3, seed=False; inside this formation receives 110,000 KZT and sends 110,000 KZT (25% of its 439,500 KZT outflow) [breaking point]"
LOOP-192,100000007382543100,loop_member,"peripheral, depth=2, seed=False; inside this formation receives 110,000 KZT and sends 110,000 KZT (26% of its 427,000 KZT outflow)"
LOOP-193,100000003016635100,loop_member,"distributor, depth=0, seed=True; inside this formation receives 402,900 KZT and sends 110,723 KZT (1% of its 9,414,081 KZT outflow)"
LOOP-193,100000004150593100,loop_member,"peripheral, depth=2, seed=False; inside this formation receives 57,000 KZT and sends 64,395 KZT (7% of its 871,165 KZT outflow)"
LOOP-193,100000005287097100,loop_member,"peripheral, depth=1, seed=False; inside this formation receives 110,723 KZT and sends 449,500 KZT (64% of its 697,300 KZT outflow) [breaking point]"
LOOP-193,100000008595687100,loop_member,"abstained_single_observation, depth=3, seed=False; inside this formation receives 64,395 KZT and sends 10,400 KZT (100% of its 10,400 KZT outflow)"
LOOP-194,100000003016635100,loop_member,"distributor, depth=0, seed=True; inside this formation receives 410,500 KZT and sends 189,985 KZT (2% of its 9,414,081 KZT outflow) [breaking point]"
LOOP-194,100000004156082100,loop_member,"distributor, depth=1, seed=False; inside this formation receives 50,500 KZT and sends 25,050 KZT (1% of its 2,319,556 KZT outflow)"
LOOP-194,100000004188160100,loop_member,"peripheral, depth=1, seed=False; inside this formation receives 87,862 KZT and sends 18,000 KZT (13% of its 133,846 KZT outflow)"
LOOP-194,100000005287097100,loop_member,"peripheral, depth=1, seed=False; inside this formation receives 127,173 KZT and sends 443,000 KZT (64% of its 697,300 KZT outflow)"
LOOP-195,100000003016635100,loop_member,"distributor, depth=0, seed=True; inside this formation receives 35,300 KZT and sends 216,366 KZT (2% of its 9,414,081 KZT outflow) [breaking point]"
LOOP-195,100000004156082100,loop_member,"distributor, depth=1, seed=False; inside this formation receives 5,000 KZT and sends 8,600 KZT (0% of its 2,319,556 KZT outflow)"
LOOP-195,100000004188160100,loop_member,"peripheral, depth=1, seed=False; inside this formation receives 87,862 KZT and sends 18,000 KZT (13% of its 133,846 KZT outflow)"
LOOP-195,100000008169544100,loop_member,"peripheral, depth=1, seed=False; inside this formation receives 137,104 KZT and sends 22,300 KZT (52% of its 42,800 KZT outflow)"
LOOP-196,100000003016635100,loop_member,"distributor, depth=0, seed=True; inside this formation receives 409,800 KZT and sends 247,827 KZT (3% of its 9,414,081 KZT outflow) [breaking point]"
LOOP-196,100000004156082100,loop_member,"distributor, depth=1, seed=False; inside this formation receives 55,500 KZT and sends 16,450 KZT (1% of its 2,319,556 KZT outflow)"
LOOP-196,100000005287097100,loop_member,"peripheral, depth=1, seed=False; inside this formation receives 127,173 KZT and sends 443,000 KZT (64% of its 697,300 KZT outflow)"
LOOP-196,100000008169544100,loop_member,"peripheral, depth=1, seed=False; inside this formation receives 137,104 KZT and sends 22,300 KZT (52% of its 42,800 KZT outflow)"
LOOP-197,100000003016635100,loop_member,"distributor, depth=0, seed=True; inside this formation receives 18,000 KZT and sends 79,262 KZT (1% of its 9,414,081 KZT outflow) [breaking point]"
LOOP-197,100000004188160100,loop_member,"peripheral, depth=1, seed=False; inside this formation receives 79,262 KZT and sends 18,000 KZT (13% of its 133,846 KZT outflow)"
LOOP-198,100000003016635100,loop_member,"distributor, depth=0, seed=True; inside this formation receives 18,981 KZT and sends 96,671 KZT (1% of its 9,414,081 KZT outflow) [breaking point]"
LOOP-198,100000004330371100,loop_member,"peripheral, depth=1, seed=False; inside this formation receives 96,671 KZT and sends 18,981 KZT (21% of its 90,681 KZT outflow)"
LOOP-199,100000003016635100,loop_member,"distributor, depth=0, seed=True; inside this formation receives 392,500 KZT and sends 110,723 KZT (1% of its 9,414,081 KZT outflow) [breaking point]"
LOOP-199,100000005287097100,loop_member,"peripheral, depth=1, seed=False; inside this formation receives 110,723 KZT and sends 392,500 KZT (56% of its 697,300 KZT outflow)"
LOOP-200,100000003016635100,loop_member,"distributor, depth=0, seed=True; inside this formation receives 81,600 KZT and sends 42,930 KZT (0% of its 9,414,081 KZT outflow) [breaking point]"
LOOP-200,100000006579678100,loop_member,"peripheral, depth=1, seed=False; inside this formation receives 42,930 KZT and sends 81,600 KZT (5% of its 1,668,800 KZT outflow)"
LOOP-201,100000003016635100,loop_member,"distributor, depth=0, seed=True; inside this formation receives 17,300 KZT and sends 137,104 KZT (1% of its 9,414,081 KZT outflow) [breaking point]"
LOOP-201,100000008169544100,loop_member,"peripheral, depth=1, seed=False; inside this formation receives 137,104 KZT and sends 17,300 KZT (40% of its 42,800 KZT outflow)"
LOOP-202,100000003115284100,loop_member,"consolidator, depth=1, seed=False; inside this formation receives 30,500 KZT and sends 307,000 KZT (59% of its 517,000 KZT outflow) [breaking point]"
LOOP-202,100000003360542100,loop_member,"peripheral, depth=2, seed=False; inside this formation receives 307,000 KZT and sends 30,500 KZT (59% of its 51,800 KZT outflow)"
LOOP-203,100000003115284100,loop_member,"consolidator, depth=1, seed=False; inside this formation receives 30,500 KZT and sends 517,000 KZT (100% of its 517,000 KZT outflow) [breaking point]"
LOOP-203,100000003360542100,loop_member,"peripheral, depth=2, seed=False; inside this formation receives 317,000 KZT and sends 51,800 KZT (100% of its 51,800 KZT outflow)"
LOOP-203,100000003390036100,loop_member,"peripheral, depth=2, seed=False; inside this formation receives 231,300 KZT and sends 10,000 KZT (16% of its 62,000 KZT outflow)"
LOOP-203,100000005873152100,loop_member,"transit, depth=3, seed=False; inside this formation receives 10,000 KZT and sends 10,000 KZT (100% of its 10,000 KZT outflow)"
LOOP-204,100000003148220100,loop_member,"peripheral, depth=1, seed=False; inside this formation receives 5,650 KZT and sends 25,400 KZT (59% of its 43,400 KZT outflow) [breaking point]"
LOOP-204,100000004971871100,loop_member,"peripheral, depth=0, seed=True; inside this formation receives 25,400 KZT and sends 5,650 KZT (100% of its 5,650 KZT outflow)"
LOOP-205,100000003213473100,loop_member,"peripheral, depth=3, seed=False; inside this formation receives 57,500 KZT and sends 19,000 KZT (8% of its 240,000 KZT outflow)"
LOOP-205,100000004070318100,loop_member,"coordinator, depth=1, seed=False; inside this formation receives 87,725 KZT and sends 104,800 KZT (19% of its 551,860 KZT outflow) [breaking point]"
LOOP-205,100000004400305100,loop_member,"distributor, depth=2, seed=False; inside this formation receives 28,800 KZT and sends 80,500 KZT (1% of its 5,830,181 KZT outflow)"
LOOP-205,100000006866783100,loop_member,"distributor, depth=0, seed=True; inside this formation receives 95,000 KZT and sends 64,725 KZT (2% of its 3,948,037 KZT outflow)"
LOOP-206,100000003213473100,loop_member,"peripheral, depth=3, seed=False; inside this formation receives 57,500 KZT and sends 9,000 KZT (4% of its 240,000 KZT outflow) [breaking point]"
LOOP-206,100000004400305100,loop_member,"distributor, depth=2, seed=False; inside this formation receives 9,000 KZT and sends 57,500 KZT (1% of its 5,830,181 KZT outflow)"
LOOP-207,100000003213473100,loop_member,"peripheral, depth=3, seed=False; inside this formation receives 57,500 KZT and sends 19,000 KZT (8% of its 240,000 KZT outflow) [breaking point]"
LOOP-207,100000004400305100,loop_member,"distributor, depth=2, seed=False; inside this formation receives 19,000 KZT and sends 57,500 KZT (1% of its 5,830,181 KZT outflow)"
LOOP-207,100000006866783100,loop_member,"distributor, depth=0, seed=True; inside this formation receives 20,000 KZT and sends 23,018 KZT (1% of its 3,948,037 KZT outflow)"
LOOP-207,100000007639767100,loop_member,"coordinator, depth=1, seed=False; inside this formation receives 23,018 KZT and sends 20,000 KZT (2% of its 822,244 KZT outflow)"
LOOP-208,100000003237045100,loop_member,"peripheral, depth=2, seed=False; inside this formation receives 340,200 KZT and sends 150,000 KZT (100% of its 150,000 KZT outflow) [breaking point]"
LOOP-208,100000006579678100,loop_member,"peripheral, depth=1, seed=False; inside this formation receives 150,000 KZT and sends 340,200 KZT (20% of its 1,668,800 KZT outflow)"
LOOP-209,100000003242289100,loop_member,"distributor, depth=2, seed=False; inside this formation receives 49,000 KZT and sends 24,510 KZT (1% of its 2,377,741 KZT outflow)"
LOOP-209,100000004140487100,loop_member,"peripheral, depth=3, seed=False; inside this formation receives 24,510 KZT and sends 20,000 KZT (8% of its 262,600 KZT outflow)"
LOOP-209,100000004351795100,loop_member,"peripheral, depth=1, seed=False; inside this formation receives 22,418 KZT and sends 126,000 KZT (7% of its 1,715,161 KZT outflow) [breaking point]"
LOOP-209,100000008603629100,loop_member,"distributor, depth=2, seed=False; inside this formation receives 97,000 KZT and sends 22,418 KZT (0% of its 4,986,156 KZT outflow)"
LOOP-210,100000003242289100,loop_member,"distributor, depth=2, seed=False; inside this formation receives 49,000 KZT and sends 93,570 KZT (4% of its 2,377,741 KZT outflow)"
LOOP-210,100000004351795100,loop_member,"peripheral, depth=1, seed=False; inside this formation receives 66,404 KZT and sends 49,000 KZT (3% of its 1,715,161 KZT outflow)"
LOOP-210,100000006866783100,loop_member,"distributor, depth=0, seed=True; inside this formation receives 144,000 KZT and sends 89,971 KZT (2% of its 3,948,037 KZT outflow)"
LOOP-210,100000008304139100,loop_member,"distributor, depth=1, seed=False; inside this formation receives 117,137 KZT and sends 144,000 KZT (9% of its 1,692,997 KZT outflow) [breaking point]"
LOOP-211,100000003242289100,loop_member,"distributor, depth=2, seed=False; inside this formation receives 49,000 KZT and sends 93,570 KZT (4% of its 2,377,741 KZT outflow)"
LOOP-211,100000004351795100,loop_member,"peripheral, depth=1, seed=False; inside this formation receives 22,418 KZT and sends 126,000 KZT (7% of its 1,715,161 KZT outflow)"
LOOP-211,100000008304139100,loop_member,"distributor, depth=1, seed=False; inside this formation receives 93,570 KZT and sends 159,000 KZT (9% of its 1,692,997 KZT outflow)"
LOOP-211,100000008603629100,loop_member,"distributor, depth=2, seed=False; inside this formation receives 236,000 KZT and sends 22,418 KZT (0% of its 4,986,156 KZT outflow) [breaking point]"
LOOP-212,100000003242289100,loop_member,"distributor, depth=2, seed=False; inside this formation receives 468,791 KZT and sends 89,810 KZT (4% of its 2,377,741 KZT outflow) [breaking point]"
LOOP-212,100000008417359100,loop_member,"peripheral, depth=3, seed=False; inside this formation receives 40,810 KZT and sends 20,760 KZT (19% of its 110,760 KZT outflow)"
LOOP-212,100000008512552100,loop_member,"coordinator, depth=2, seed=False; inside this formation receives 69,760 KZT and sends 468,791 KZT (36% of its 1,302,275 KZT outflow)"
LOOP-213,100000003242289100,loop_member,"distributor, depth=2, seed=False; inside this formation receives 468,791 KZT and sends 49,000 KZT (2% of its 2,377,741 KZT outflow) [breaking point]"
LOOP-213,100000008512552100,loop_member,"coordinator, depth=2, seed=False; inside this formation receives 49,000 KZT and sends 468,791 KZT (36% of its 1,302,275 KZT outflow)"
LOOP-214,100000003299365100,loop_member,"transit, depth=1, seed=False; inside this formation receives 200,000 KZT and sends 200,000 KZT (100% of its 200,000 KZT outflow) [breaking point]"
LOOP-214,100000003684369100,loop_member,"distributor, depth=0, seed=True; inside this formation receives 200,000 KZT and sends 200,000 KZT (2% of its 8,588,655 KZT outflow)"
LOOP-215,100000003360542100,loop_member,"peripheral, depth=2, seed=False; inside this formation receives 10,000 KZT and sends 21,300 KZT (41% of its 51,800 KZT outflow) [breaking point]"
LOOP-215,100000003390036100,loop_member,"peripheral, depth=2, seed=False; inside this formation receives 21,300 KZT and sends 10,000 KZT (16% of its 62,000 KZT outflow)"
LOOP-215,100000005873152100,loop_member,"transit, depth=3, seed=False; inside this formation receives 10,000 KZT and sends 10,000 KZT (100% of its 10,000 KZT outflow)"
LOOP-216,100000003509750100,loop_member,"transit, depth=2, seed=False; inside this formation receives 10,000 KZT and sends 10,000 KZT (13% of its 78,400 KZT outflow) [breaking point]"
LOOP-216,100000004697956100,loop_member,"transit, depth=3, seed=False; inside this formation receives 10,000 KZT and sends 10,000 KZT (100% of its 10,000 KZT outflow)"
LOOP-217,100000003616818100,loop_member,"peripheral, depth=1, seed=False; inside this formation receives 35,000 KZT and sends 40,000 KZT (17% of its 240,100 KZT outflow) [breaking point]"
LOOP-217,100000004005964100,loop_member,"peripheral, depth=1, seed=False; inside this formation receives 40,000 KZT and sends 35,000 KZT (49% of its 72,000 KZT outflow)"
LOOP-218,100000003616818100,loop_member,"peripheral, depth=1, seed=False; inside this formation receives 50,000 KZT and sends 40,000 KZT (17% of its 240,100 KZT outflow)"
LOOP-218,100000004005964100,loop_member,"peripheral, depth=1, seed=False; inside this formation receives 50,000 KZT and sends 62,000 KZT (86% of its 72,000 KZT outflow) [breaking point]"
LOOP-218,100000004007116100,loop_member,"peripheral, depth=0, seed=True; inside this formation receives 27,000 KZT and sends 25,000 KZT (17% of its 148,000 KZT outflow)"
LOOP-219,100000003616818100,loop_member,"peripheral, depth=1, seed=False; inside this formation receives 78,000 KZT and sends 75,100 KZT (31% of its 240,100 KZT outflow)"
LOOP-219,100000004005964100,loop_member,"peripheral, depth=1, seed=False; inside this formation receives 97,900 KZT and sends 62,000 KZT (86% of its 72,000 KZT outflow)"
LOOP-219,100000004007116100,loop_member,"peripheral, depth=0, seed=True; inside this formation receives 562,744 KZT and sends 25,000 KZT (17% of its 148,000 KZT outflow)"
LOOP-219,100000004160650100,loop_member,"peripheral, depth=2, seed=False; inside this formation receives 35,100 KZT and sends 611,644 KZT (41% of its 1,489,827 KZT outflow) [breaking point]"
LOOP-220,100000003616818100,loop_member,"peripheral, depth=1, seed=False; inside this formation receives 63,000 KZT and sends 75,100 KZT (31% of its 240,100 KZT outflow) [breaking point]"
LOOP-220,100000004005964100,loop_member,"peripheral, depth=1, seed=False; inside this formation receives 87,900 KZT and sends 35,000 KZT (49% of its 72,000 KZT outflow)"
LOOP-220,100000004160650100,loop_member,"peripheral, depth=2, seed=False; inside this formation receives 35,100 KZT and sends 75,900 KZT (5% of its 1,489,827 KZT outflow)"
LOOP-221,100000003616818100,loop_member,"peripheral, depth=1, seed=False; inside this formation receives 43,000 KZT and sends 35,100 KZT (15% of its 240,100 KZT outflow)"
LOOP-221,100000004007116100,loop_member,"peripheral, depth=0, seed=True; inside this formation receives 535,744 KZT and sends 15,000 KZT (10% of its 148,000 KZT outflow)"
LOOP-221,100000004160650100,loop_member,"peripheral, depth=2, seed=False; inside this formation receives 35,100 KZT and sends 563,744 KZT (38% of its 1,489,827 KZT outflow) [breaking point]"
LOOP-222,100000003616818100,loop_member,"peripheral, depth=1, seed=False; inside this formation receives 28,000 KZT and sends 35,100 KZT (15% of its 240,100 KZT outflow) [breaking point]"
LOOP-222,100000004160650100,loop_member,"peripheral, depth=2, seed=False; inside this formation receives 35,100 KZT and sends 28,000 KZT (2% of its 1,489,827 KZT outflow)"
LOOP-223,100000003635170100,loop_member,"transit, depth=1, seed=False; inside this formation receives 232,500 KZT and sends 138,500 KZT (55% of its 253,500 KZT outflow) [breaking point]"
LOOP-223,100000004209339100,loop_member,"peripheral, depth=2, seed=False; inside this formation receives 138,500 KZT and sends 232,500 KZT (97% of its 238,500 KZT outflow)"
LOOP-224,100000003635170100,loop_member,"transit, depth=1, seed=False; inside this formation receives 11,000 KZT and sends 5,000 KZT (2% of its 253,500 KZT outflow) [breaking point]"
LOOP-224,100000005602999100,loop_member,"peripheral, depth=2, seed=False; inside this formation receives 5,000 KZT and sends 11,000 KZT (69% of its 16,000 KZT outflow)"
LOOP-225,100000003701161100,loop_member,"peripheral, depth=1, seed=False; inside this formation receives 120,000 KZT and sends 120,000 KZT (34% of its 349,000 KZT outflow) [breaking point]"
LOOP-225,100000003718221100,loop_member,"peripheral, depth=2, seed=False; inside this formation receives 120,000 KZT and sends 120,000 KZT (28% of its 423,500 KZT outflow)"
LOOP-226,100000003741418100,loop_member,"consolidator, depth=2, seed=False; inside this formation receives 5,000 KZT and sends 5,720 KZT (14% of its 39,920 KZT outflow) [breaking point]"
LOOP-226,100000006111439100,loop_member,"transit, depth=3, seed=False; inside this formation receives 5,720 KZT and sends 5,000 KZT (21% of its 24,000 KZT outflow)"
LOOP-227,100000003796063100,loop_member,"peripheral, depth=3, seed=False; inside this formation receives 35,000 KZT and sends 44,000 KZT (5% of its 959,150 KZT outflow)"
LOOP-227,100000004400305100,loop_member,"distributor, depth=2, seed=False; inside this formation receives 9,000 KZT and sends 93,168 KZT (2% of its 5,830,181 KZT outflow)"
LOOP-227,100000005910114100,loop_member,"peripheral, depth=3, seed=False; inside this formation receives 93,168 KZT and sends 56,016 KZT (4% of its 1,469,993 KZT outflow) [breaking point]"
LOOP-227,100000008111003100,loop_member,"peripheral, depth=2, seed=False; inside this formation receives 91,016 KZT and sends 35,000 KZT (100% of its 35,000 KZT outflow)"
LOOP-228,100000003796063100,loop_member,"peripheral, depth=3, seed=False; inside this formation receives 35,000 KZT and sends 44,000 KZT (5% of its 959,150 KZT outflow)"
LOOP-228,100000004400305100,loop_member,"distributor, depth=2, seed=False; inside this formation receives 9,000 KZT and sends 10,000 KZT (0% of its 5,830,181 KZT outflow)"
LOOP-228,100000007593823100,loop_member,"peripheral, depth=3, seed=False; inside this formation receives 10,000 KZT and sends 17,000 KZT (10% of its 162,900 KZT outflow)"
LOOP-228,100000008111003100,loop_member,"peripheral, depth=2, seed=False; inside this formation receives 52,000 KZT and sends 35,000 KZT (100% of its 35,000 KZT outflow) [breaking point]"
LOOP-229,100000003796063100,loop_member,"peripheral, depth=3, seed=False; inside this formation receives 35,000 KZT and sends 147,000 KZT (15% of its 959,150 KZT outflow)"
LOOP-229,100000005910114100,loop_member,"peripheral, depth=3, seed=False; inside this formation receives 92,009 KZT and sends 56,016 KZT (4% of its 1,469,993 KZT outflow)"
LOOP-229,100000008111003100,loop_member,"peripheral, depth=2, seed=False; inside this formation receives 91,016 KZT and sends 35,000 KZT (100% of its 35,000 KZT outflow)"
LOOP-229,100000008346837100,loop_member,"distributor, depth=2, seed=False; inside this formation receives 112,000 KZT and sends 92,009 KZT (7% of its 1,258,643 KZT outflow) [breaking point]"
LOOP-230,100000003796063100,loop_member,"peripheral, depth=3, seed=False; inside this formation receives 35,000 KZT and sends 161,000 KZT (17% of its 959,150 KZT outflow)"
LOOP-230,100000005910114100,loop_member,"peripheral, depth=3, seed=False; inside this formation receives 140,967 KZT and sends 56,016 KZT (4% of its 1,469,993 KZT outflow)"
LOOP-230,100000008111003100,loop_member,"peripheral, depth=2, seed=False; inside this formation receives 91,016 KZT and sends 35,000 KZT (100% of its 35,000 KZT outflow)"
LOOP-230,100000008477350100,loop_member,"distributor, depth=2, seed=False; inside this formation receives 126,000 KZT and sends 140,967 KZT (4% of its 3,374,866 KZT outflow) [breaking point]"
LOOP-231,100000003796063100,loop_member,"peripheral, depth=3, seed=False; inside this formation receives 35,000 KZT and sends 147,000 KZT (15% of its 959,150 KZT outflow) [breaking point]"
LOOP-231,100000007593823100,loop_member,"peripheral, depth=3, seed=False; inside this formation receives 5,000 KZT and sends 22,800 KZT (14% of its 162,900 KZT outflow)"
LOOP-231,100000008111003100,loop_member,"peripheral, depth=2, seed=False; inside this formation receives 52,000 KZT and sends 35,000 KZT (100% of its 35,000 KZT outflow)"
LOOP-231,100000008346837100,loop_member,"distributor, depth=2, seed=False; inside this formation receives 117,800 KZT and sends 5,000 KZT (0% of its 1,258,643 KZT outflow)"
LOOP-232,100000003796063100,loop_member,"peripheral, depth=3, seed=False; inside this formation receives 35,000 KZT and sends 161,000 KZT (17% of its 959,150 KZT outflow) [breaking point]"
LOOP-232,100000007593823100,loop_member,"peripheral, depth=3, seed=False; inside this formation receives 10,000 KZT and sends 17,000 KZT (10% of its 162,900 KZT outflow)"
LOOP-232,100000008111003100,loop_member,"peripheral, depth=2, seed=False; inside this formation receives 52,000 KZT and sends 35,000 KZT (100% of its 35,000 KZT outflow)"
LOOP-232,100000008477350100,loop_member,"distributor, depth=2, seed=False; inside this formation receives 126,000 KZT and sends 10,000 KZT (0% of its 3,374,866 KZT outflow)"
LOOP-233,100000003796063100,loop_member,"peripheral, depth=3, seed=False; inside this formation receives 35,000 KZT and sends 35,000 KZT (4% of its 959,150 KZT outflow) [breaking point]"
LOOP-233,100000008111003100,loop_member,"peripheral, depth=2, seed=False; inside this formation receives 35,000 KZT and sends 35,000 KZT (100% of its 35,000 KZT outflow)"
LOOP-234,100000003809101100,loop_member,"peripheral, depth=1, seed=False; inside this formation receives 20,000 KZT and sends 10,200 KZT (18% of its 55,200 KZT outflow) [breaking point]"
LOOP-234,100000008254069100,loop_member,"peripheral, depth=2, seed=False; inside this formation receives 10,200 KZT and sends 20,000 KZT (19% of its 107,500 KZT outflow)"
LOOP-235,100000003886323100,loop_member,"peripheral, depth=1, seed=False; inside this formation receives 70,375 KZT and sends 7,650 KZT (100% of its 7,650 KZT outflow) [breaking point]"
LOOP-235,100000007749092100,loop_member,"peripheral, depth=2, seed=False; inside this formation receives 7,650 KZT and sends 70,375 KZT (100% of its 70,375 KZT outflow)"
LOOP-236,100000003917461100,loop_member,"peripheral, depth=3, seed=False; inside this formation receives 10,000 KZT and sends 10,000 KZT (7% of its 140,000 KZT outflow) [breaking point]"
LOOP-236,100000004386258100,loop_member,"peripheral, depth=2, seed=False; inside this formation receives 10,000 KZT and sends 10,000 KZT (25% of its 40,000 KZT outflow)"
LOOP-237,100000003923946100,loop_member,"peripheral, depth=1, seed=False; inside this formation receives 282,000 KZT and sends 82,000 KZT (12% of its 675,000 KZT outflow) [breaking point]"
LOOP-237,100000003977183100,loop_member,"peripheral, depth=0, seed=True; inside this formation receives 82,000 KZT and sends 282,000 KZT (37% of its 766,000 KZT outflow)"
LOOP-238,100000003934614100,loop_member,"peripheral, depth=3, seed=False; inside this formation receives 10,000 KZT and sends 11,500 KZT (100% of its 11,500 KZT outflow)"
LOOP-238,100000004017410100,loop_member,"peripheral, depth=3, seed=False; inside this formation receives 52,650 KZT and sends 68,915 KZT (5% of its 1,330,915 KZT outflow)"
LOOP-238,100000004336312100,loop_member,"transit, depth=2, seed=False; inside this formation receives 70,415 KZT and sends 52,650 KZT (72% of its 72,650 KZT outflow) [breaking point]"
LOOP-239,100000003934614100,loop_member,"peripheral, depth=3, seed=False; inside this formation receives 17,000 KZT and sends 11,500 KZT (100% of its 11,500 KZT outflow)"
LOOP-239,100000004017410100,loop_member,"peripheral, depth=3, seed=False; inside this formation receives 193,650 KZT and sends 210,915 KZT (16% of its 1,330,915 KZT outflow) [breaking point]"
LOOP-239,100000004336312100,loop_member,"transit, depth=2, seed=False; inside this formation receives 70,415 KZT and sends 72,650 KZT (100% of its 72,650 KZT outflow)"
LOOP-239,100000005519998100,loop_member,"transit, depth=2, seed=False; inside this formation receives 162,000 KZT and sends 148,000 KZT (79% of its 188,000 KZT outflow)"
LOOP-240,100000003934614100,loop_member,"peripheral, depth=3, seed=False; inside this formation receives 7,000 KZT and sends 11,500 KZT (100% of its 11,500 KZT outflow)"
LOOP-240,100000004336312100,loop_member,"transit, depth=2, seed=False; inside this formation receives 11,500 KZT and sends 20,000 KZT (28% of its 72,650 KZT outflow) [breaking point]"
LOOP-240,100000005519998100,loop_member,"transit, depth=2, seed=False; inside this formation receives 20,000 KZT and sends 7,000 KZT (4% of its 188,000 KZT outflow)"
LOOP-241,100000003946524100,loop_member,"transit, depth=1, seed=False; inside this formation receives 20,000 KZT and sends 24,750 KZT (17% of its 144,750 KZT outflow) [breaking point]"
LOOP-241,100000007898453100,loop_member,"peripheral, depth=2, seed=False; inside this formation receives 24,750 KZT and sends 20,000 KZT (6% of its 320,000 KZT outflow)"
LOOP-242,100000003968044100,loop_member,"peripheral, depth=3, seed=False; inside this formation receives 40,000 KZT and sends 96,000 KZT (31% of its 311,000 KZT outflow)"
LOOP-242,100000008477350100,loop_member,"distributor, depth=2, seed=False; inside this formation receives 25,800 KZT and sends 40,000 KZT (1% of its 3,374,866 KZT outflow)"
LOOP-242,100000008603629100,loop_member,"distributor, depth=2, seed=False; inside this formation receives 151,500 KZT and sends 75,693 KZT (2% of its 4,986,156 KZT outflow) [breaking point]"
LOOP-242,100000008686313100,loop_member,"coordinator, depth=1, seed=False; inside this formation receives 75,693 KZT and sends 81,300 KZT (24% of its 333,800 KZT outflow)"
LOOP-243,100000003988112100,loop_member,"peripheral, depth=2, seed=False; inside this formation receives 92,000 KZT and sends 64,000 KZT (100% of its 64,000 KZT outflow) [breaking point]"
LOOP-243,100000004403675100,loop_member,"coordinator, depth=1, seed=False; inside this formation receives 64,000 KZT and sends 92,000 KZT (35% of its 264,699 KZT outflow)"
LOOP-244,100000004005964100,loop_member,"peripheral, depth=1, seed=False; inside this formation receives 10,000 KZT and sends 27,000 KZT (38% of its 72,000 KZT outflow) [breaking point]"
LOOP-244,100000004007116100,loop_member,"peripheral, depth=0, seed=True; inside this formation receives 27,000 KZT and sends 10,000 KZT (7% of its 148,000 KZT outflow)"
LOOP-245,100000004017410100,loop_member,"peripheral, depth=3, seed=False; inside this formation receives 193,650 KZT and sends 200,915 KZT (15% of its 1,330,915 KZT outflow) [breaking point]"
LOOP-245,100000004076740100,loop_member,"peripheral, depth=1, seed=False; inside this formation receives 40,000 KZT and sends 40,000 KZT (32% of its 125,000 KZT outflow)"
LOOP-245,100000004336312100,loop_member,"transit, depth=2, seed=False; inside this formation receives 78,915 KZT and sends 72,650 KZT (100% of its 72,650 KZT outflow)"
LOOP-245,100000005519998100,loop_member,"transit, depth=2, seed=False; inside this formation receives 182,000 KZT and sends 181,000 KZT (96% of its 188,000 KZT outflow)"
LOOP-246,100000004017410100,loop_member,"peripheral, depth=3, seed=False; inside this formation receives 52,650 KZT and sends 58,915 KZT (4% of its 1,330,915 KZT outflow) [breaking point]"
LOOP-246,100000004336312100,loop_member,"transit, depth=2, seed=False; inside this formation receives 58,915 KZT and sends 52,650 KZT (72% of its 72,650 KZT outflow)"
LOOP-247,100000004017410100,loop_member,"peripheral, depth=3, seed=False; inside this formation receives 193,650 KZT and sends 200,915 KZT (15% of its 1,330,915 KZT outflow) [breaking point]"
LOOP-247,100000004336312100,loop_member,"transit, depth=2, seed=False; inside this formation receives 58,915 KZT and sends 72,650 KZT (100% of its 72,650 KZT outflow)"
LOOP-247,100000005519998100,loop_member,"transit, depth=2, seed=False; inside this formation receives 162,000 KZT and sends 141,000 KZT (75% of its 188,000 KZT outflow)"
LOOP-248,100000004017410100,loop_member,"peripheral, depth=3, seed=False; inside this formation receives 141,000 KZT and sends 142,000 KZT (11% of its 1,330,915 KZT outflow) [breaking point]"
LOOP-248,100000005519998100,loop_member,"transit, depth=2, seed=False; inside this formation receives 142,000 KZT and sends 141,000 KZT (75% of its 188,000 KZT outflow)"
LOOP-249,100000004041163100,loop_member,"peripheral, depth=0, seed=True; inside this formation receives 50,000 KZT and sends 166,000 KZT (19% of its 866,000 KZT outflow) [breaking point]"
LOOP-249,100000005382566100,loop_member,"peripheral, depth=0, seed=True; inside this formation receives 166,000 KZT and sends 50,000 KZT (100% of its 50,000 KZT outflow)"
LOOP-250,100000004070318100,loop_member,"coordinator, depth=1, seed=False; inside this formation receives 87,725 KZT and sends 104,800 KZT (19% of its 551,860 KZT outflow)"
LOOP-250,100000004390333100,loop_member,"peripheral, depth=1, seed=False; inside this formation receives 64,558 KZT and sends 60,000 KZT (12% of its 506,500 KZT outflow)"
LOOP-250,100000004400305100,loop_member,"distributor, depth=2, seed=False; inside this formation receives 19,800 KZT and sends 41,807 KZT (1% of its 5,830,181 KZT outflow)"
LOOP-250,100000006866783100,loop_member,"distributor, depth=0, seed=True; inside this formation receives 145,000 KZT and sends 110,476 KZT (3% of its 3,948,037 KZT outflow) [breaking point]"
LOOP-251,100000004070318100,loop_member,"coordinator, depth=1, seed=False; inside this formation receives 23,000 KZT and sends 19,800 KZT (4% of its 551,860 KZT outflow) [breaking point]"
LOOP-251,100000004400305100,loop_member,"distributor, depth=2, seed=False; inside this formation receives 19,800 KZT and sends 23,000 KZT (0% of its 5,830,181 KZT outflow)"
LOOP-252,100000004070318100,loop_member,"coordinator, depth=1, seed=False; inside this formation receives 87,725 KZT and sends 104,800 KZT (19% of its 551,860 KZT outflow)"
LOOP-252,100000004400305100,loop_member,"distributor, depth=2, seed=False; inside this formation receives 19,800 KZT and sends 116,168 KZT (2% of its 5,830,181 KZT outflow)"
LOOP-252,100000005910114100,loop_member,"peripheral, depth=3, seed=False; inside this formation receives 93,168 KZT and sends 241,712 KZT (16% of its 1,469,993 KZT outflow)"
LOOP-252,100000006866783100,loop_member,"distributor, depth=0, seed=True; inside this formation receives 326,712 KZT and sends 64,725 KZT (2% of its 3,948,037 KZT outflow) [breaking point]"
LOOP-253,100000004070318100,loop_member,"coordinator, depth=1, seed=False; inside this formation receives 87,725 KZT and sends 104,800 KZT (19% of its 551,860 KZT outflow) [breaking point]"
LOOP-253,100000004400305100,loop_member,"distributor, depth=2, seed=False; inside this formation receives 29,800 KZT and sends 23,000 KZT (0% of its 5,830,181 KZT outflow)"
LOOP-253,100000006866783100,loop_member,"distributor, depth=0, seed=True; inside this formation receives 95,000 KZT and sends 87,743 KZT (2% of its 3,948,037 KZT outflow)"
LOOP-253,100000007639767100,loop_member,"coordinator, depth=1, seed=False; inside this formation receives 23,018 KZT and sends 20,000 KZT (2% of its 822,244 KZT outflow)"
LOOP-254,100000004070318100,loop_member,"coordinator, depth=1, seed=False; inside this formation receives 87,725 KZT and sends 104,800 KZT (19% of its 551,860 KZT outflow)"
LOOP-254,100000004400305100,loop_member,"distributor, depth=2, seed=False; inside this formation receives 19,800 KZT and sends 69,101 KZT (1% of its 5,830,181 KZT outflow)"
LOOP-254,100000006866783100,loop_member,"distributor, depth=0, seed=True; inside this formation receives 229,000 KZT and sends 88,292 KZT (2% of its 3,948,037 KZT outflow) [breaking point]"
LOOP-254,100000008304139100,loop_member,"distributor, depth=1, seed=False; inside this formation receives 69,668 KZT and sends 144,000 KZT (9% of its 1,692,997 KZT outflow)"
LOOP-255,100000004070318100,loop_member,"coordinator, depth=1, seed=False; inside this formation receives 87,725 KZT and sends 104,800 KZT (19% of its 551,860 KZT outflow)"
LOOP-255,100000004400305100,loop_member,"distributor, depth=2, seed=False; inside this formation receives 19,800 KZT and sends 155,507 KZT (3% of its 5,830,181 KZT outflow)"
LOOP-255,100000006866783100,loop_member,"distributor, depth=0, seed=True; inside this formation receives 180,500 KZT and sends 64,725 KZT (2% of its 3,948,037 KZT outflow) [breaking point]"
LOOP-255,100000008587459100,loop_member,"peripheral, depth=2, seed=False; inside this formation receives 132,507 KZT and sends 95,500 KZT (14% of its 686,500 KZT outflow)"
LOOP-256,100000004070318100,loop_member,"coordinator, depth=1, seed=False; inside this formation receives 87,725 KZT and sends 104,800 KZT (19% of its 551,860 KZT outflow)"
LOOP-256,100000004400305100,loop_member,"distributor, depth=2, seed=False; inside this formation receives 19,800 KZT and sends 105,417 KZT (2% of its 5,830,181 KZT outflow)"
LOOP-256,100000006866783100,loop_member,"distributor, depth=0, seed=True; inside this formation receives 133,100 KZT and sends 289,906 KZT (7% of its 3,948,037 KZT outflow) [breaking point]"
LOOP-256,100000008686313100,loop_member,"coordinator, depth=1, seed=False; inside this formation receives 307,598 KZT and sends 48,100 KZT (14% of its 333,800 KZT outflow)"
LOOP-257,100000004070318100,loop_member,"coordinator, depth=1, seed=False; inside this formation receives 23,000 KZT and sends 44,800 KZT (8% of its 551,860 KZT outflow) [breaking point]"
LOOP-257,100000004400305100,loop_member,"distributor, depth=2, seed=False; inside this formation receives 29,800 KZT and sends 23,000 KZT (0% of its 5,830,181 KZT outflow)"
LOOP-257,100000007639767100,loop_member,"coordinator, depth=1, seed=False; inside this formation receives 16,305 KZT and sends 10,000 KZT (1% of its 822,244 KZT outflow)"
LOOP-257,100000008477350100,loop_member,"distributor, depth=2, seed=False; inside this formation receives 25,000 KZT and sends 16,305 KZT (0% of its 3,374,866 KZT outflow)"
LOOP-258,100000004070318100,loop_member,"coordinator, depth=1, seed=False; inside this formation receives 23,000 KZT and sends 42,926 KZT (8% of its 551,860 KZT outflow)"
LOOP-258,100000004400305100,loop_member,"distributor, depth=2, seed=False; inside this formation receives 29,800 KZT and sends 23,000 KZT (0% of its 5,830,181 KZT outflow)"
LOOP-258,100000007639767100,loop_member,"coordinator, depth=1, seed=False; inside this formation receives 23,722 KZT and sends 108,250 KZT (13% of its 822,244 KZT outflow)"
LOOP-258,100000008603629100,loop_member,"distributor, depth=2, seed=False; inside this formation receives 121,376 KZT and sends 23,722 KZT (0% of its 4,986,156 KZT outflow) [breaking point]"
LOOP-259,100000004070318100,loop_member,"coordinator, depth=1, seed=False; inside this formation receives 64,725 KZT and sends 145,059 KZT (26% of its 551,860 KZT outflow)"
LOOP-259,100000005910114100,loop_member,"peripheral, depth=3, seed=False; inside this formation receives 92,009 KZT and sends 241,712 KZT (16% of its 1,469,993 KZT outflow)"
LOOP-259,100000006866783100,loop_member,"distributor, depth=0, seed=True; inside this formation receives 326,712 KZT and sends 64,725 KZT (2% of its 3,948,037 KZT outflow) [breaking point]"
LOOP-259,100000008346837100,loop_member,"distributor, depth=2, seed=False; inside this formation receives 60,059 KZT and sends 92,009 KZT (7% of its 1,258,643 KZT outflow)"
LOOP-260,100000004070318100,loop_member,"coordinator, depth=1, seed=False; inside this formation receives 64,725 KZT and sends 110,000 KZT (20% of its 551,860 KZT outflow)"
LOOP-260,100000005910114100,loop_member,"peripheral, depth=3, seed=False; inside this formation receives 140,967 KZT and sends 241,712 KZT (16% of its 1,469,993 KZT outflow)"
LOOP-260,100000006866783100,loop_member,"distributor, depth=0, seed=True; inside this formation receives 326,712 KZT and sends 64,725 KZT (2% of its 3,948,037 KZT outflow) [breaking point]"
LOOP-260,100000008477350100,loop_member,"distributor, depth=2, seed=False; inside this formation receives 25,000 KZT and sends 140,967 KZT (4% of its 3,374,866 KZT outflow)"
LOOP-261,100000004070318100,loop_member,"coordinator, depth=1, seed=False; inside this formation receives 64,725 KZT and sends 85,000 KZT (15% of its 551,860 KZT outflow) [breaking point]"
LOOP-261,100000006866783100,loop_member,"distributor, depth=0, seed=True; inside this formation receives 85,000 KZT and sends 64,725 KZT (2% of its 3,948,037 KZT outflow)"
LOOP-262,100000004070318100,loop_member,"coordinator, depth=1, seed=False; inside this formation receives 64,725 KZT and sends 110,000 KZT (20% of its 551,860 KZT outflow)"
LOOP-262,100000006866783100,loop_member,"distributor, depth=0, seed=True; inside this formation receives 95,000 KZT and sends 87,743 KZT (2% of its 3,948,037 KZT outflow) [breaking point]"
LOOP-262,100000007639767100,loop_member,"coordinator, depth=1, seed=False; inside this formation receives 39,323 KZT and sends 10,000 KZT (1% of its 822,244 KZT outflow)"
LOOP-262,100000008477350100,loop_member,"distributor, depth=2, seed=False; inside this formation receives 25,000 KZT and sends 16,305 KZT (0% of its 3,374,866 KZT outflow)"
LOOP-263,100000004070318100,loop_member,"coordinator, depth=1, seed=False; inside this formation receives 64,725 KZT and sends 108,126 KZT (20% of its 551,860 KZT outflow)"
LOOP-263,100000006866783100,loop_member,"distributor, depth=0, seed=True; inside this formation receives 95,000 KZT and sends 87,743 KZT (2% of its 3,948,037 KZT outflow) [breaking point]"
LOOP-263,100000007639767100,loop_member,"coordinator, depth=1, seed=False; inside this formation receives 46,740 KZT and sends 108,250 KZT (13% of its 822,244 KZT outflow)"
LOOP-263,100000008603629100,loop_member,"distributor, depth=2, seed=False; inside this formation receives 121,376 KZT and sends 23,722 KZT (0% of its 4,986,156 KZT outflow)"
LOOP-264,100000004070318100,loop_member,"coordinator, depth=1, seed=False; inside this formation receives 64,725 KZT and sends 108,126 KZT (20% of its 551,860 KZT outflow)"
LOOP-264,100000006866783100,loop_member,"distributor, depth=0, seed=True; inside this formation receives 133,100 KZT and sends 289,906 KZT (7% of its 3,948,037 KZT outflow) [breaking point]"
LOOP-264,100000008603629100,loop_member,"distributor, depth=2, seed=False; inside this formation receives 78,626 KZT and sends 75,693 KZT (2% of its 4,986,156 KZT outflow)"
LOOP-264,100000008686313100,loop_member,"coordinator, depth=1, seed=False; inside this formation receives 300,874 KZT and sends 103,600 KZT (31% of its 333,800 KZT outflow)"
LOOP-265,100000004071070100,loop_member,"peripheral, depth=2, seed=False; inside this formation receives 36,000 KZT and sends 6,000 KZT (100% of its 6,000 KZT outflow) [breaking point]"
LOOP-265,100000004071080100,loop_member,"consolidator, depth=1, seed=False; inside this formation receives 6,000 KZT and sends 36,000 KZT (77% of its 46,500 KZT outflow)"
LOOP-266,100000004076740100,loop_member,"peripheral, depth=1, seed=False; inside this formation receives 40,000 KZT and sends 40,000 KZT (32% of its 125,000 KZT outflow) [breaking point]"
LOOP-266,100000004336312100,loop_member,"transit, depth=2, seed=False; inside this formation receives 20,000 KZT and sends 20,000 KZT (28% of its 72,650 KZT outflow)"
LOOP-266,100000005519998100,loop_member,"transit, depth=2, seed=False; inside this formation receives 40,000 KZT and sends 40,000 KZT (21% of its 188,000 KZT outflow)"
LOOP-267,100000004076740100,loop_member,"peripheral, depth=1, seed=False; inside this formation receives 7,000 KZT and sends 20,000 KZT (16% of its 125,000 KZT outflow) [breaking point]"
LOOP-267,100000004467157100,loop_member,"peripheral, depth=2, seed=False; inside this formation receives 20,000 KZT and sends 7,000 KZT (100% of its 7,000 KZT outflow)"
LOOP-268,100000004076740100,loop_member,"peripheral, depth=1, seed=False; inside this formation receives 40,000 KZT and sends 20,000 KZT (16% of its 125,000 KZT outflow) [breaking point]"
LOOP-268,100000005519998100,loop_member,"transit, depth=2, seed=False; inside this formation receives 20,000 KZT and sends 40,000 KZT (21% of its 188,000 KZT outflow)"
LOOP-269,100000004135268100,loop_member,"transit, depth=1, seed=False; inside this formation receives 1,064,000 KZT and sends 850,000 KZT (85% of its 1,000,200 KZT outflow) [breaking point]"
LOOP-269,100000004979498100,loop_member,"peripheral, depth=2, seed=False; inside this formation receives 700,000 KZT and sends 200,000 KZT (100% of its 200,000 KZT outflow)"
LOOP-269,100000008571433100,loop_member,"peripheral, depth=0, seed=True; inside this formation receives 350,000 KZT and sends 1,064,000 KZT (74% of its 1,434,000 KZT outflow)"
LOOP-270,100000004135268100,loop_member,"transit, depth=1, seed=False; inside this formation receives 1,064,000 KZT and sends 150,000 KZT (15% of its 1,000,200 KZT outflow) [breaking point]"
LOOP-270,100000008571433100,loop_member,"peripheral, depth=0, seed=True; inside this formation receives 150,000 KZT and sends 1,064,000 KZT (74% of its 1,434,000 KZT outflow)"
LOOP-271,100000004156082100,loop_member,"distributor, depth=1, seed=False; inside this formation receives 50,500 KZT and sends 16,450 KZT (1% of its 2,319,556 KZT outflow) [breaking point]"
LOOP-271,100000005287097100,loop_member,"peripheral, depth=1, seed=False; inside this formation receives 16,450 KZT and sends 50,500 KZT (7% of its 697,300 KZT outflow)"
LOOP-272,100000004180097100,loop_member,"peripheral, depth=1, seed=False; inside this formation receives 6,000 KZT and sends 5,000 KZT (10% of its 47,800 KZT outflow) [breaking point]"
LOOP-272,100000004765639100,loop_member,"peripheral, depth=2, seed=False; inside this formation receives 5,000 KZT and sends 6,000 KZT (55% of its 11,000 KZT outflow)"
LOOP-273,100000004221668100,loop_member,"peripheral, depth=2, seed=False; inside this formation receives 683,600 KZT and sends 701,440 KZT (96% of its 731,440 KZT outflow) [breaking point]"
LOOP-273,100000004321983100,loop_member,"peripheral, depth=3, seed=False; inside this formation receives 10,840 KZT and sends 6,200 KZT (17% of its 36,200 KZT outflow)"
LOOP-273,100000005171642100,loop_member,"transit, depth=3, seed=False; inside this formation receives 696,800 KZT and sends 683,600 KZT (100% of its 683,600 KZT outflow)"
LOOP-274,100000004221668100,loop_member,"peripheral, depth=2, seed=False; inside this formation receives 683,600 KZT and sends 690,600 KZT (94% of its 731,440 KZT outflow) [breaking point]"
LOOP-274,100000005171642100,loop_member,"transit, depth=3, seed=False; inside this formation receives 690,600 KZT and sends 683,600 KZT (100% of its 683,600 KZT outflow)"
LOOP-275,100000004299488100,loop_member,"peripheral, depth=1, seed=False; inside this formation receives 605,000 KZT and sends 204,999 KZT (59% of its 344,999 KZT outflow) [breaking point]"
LOOP-275,100000007055802100,loop_member,"peripheral, depth=1, seed=False; inside this formation receives 204,999 KZT and sends 605,000 KZT (100% of its 605,000 KZT outflow)"
LOOP-276,100000004330371100,loop_member,"peripheral, depth=1, seed=False; inside this formation receives 167,500 KZT and sends 71,700 KZT (79% of its 90,681 KZT outflow) [breaking point]"
LOOP-276,100000006534886100,loop_member,"peripheral, depth=2, seed=False; inside this formation receives 71,700 KZT and sends 167,500 KZT (100% of its 167,500 KZT outflow)"
LOOP-277,100000004351795100,loop_member,"peripheral, depth=1, seed=False; inside this formation receives 88,822 KZT and sends 77,000 KZT (4% of its 1,715,161 KZT outflow)"
LOOP-277,100000006866783100,loop_member,"distributor, depth=0, seed=True; inside this formation receives 10,000 KZT and sends 89,422 KZT (2% of its 3,948,037 KZT outflow)"
LOOP-277,100000007639767100,loop_member,"coordinator, depth=1, seed=False; inside this formation receives 46,740 KZT and sends 108,250 KZT (13% of its 822,244 KZT outflow)"
LOOP-277,100000008603629100,loop_member,"distributor, depth=2, seed=False; inside this formation receives 175,250 KZT and sends 46,140 KZT (1% of its 4,986,156 KZT outflow) [breaking point]"
LOOP-278,100000004351795100,loop_member,"peripheral, depth=1, seed=False; inside this formation receives 88,822 KZT and sends 77,000 KZT (4% of its 1,715,161 KZT outflow)"
LOOP-278,100000006866783100,loop_member,"distributor, depth=0, seed=True; inside this formation receives 48,100 KZT and sends 291,585 KZT (7% of its 3,948,037 KZT outflow)"
LOOP-278,100000008603629100,loop_member,"distributor, depth=2, seed=False; inside this formation receives 132,500 KZT and sends 98,111 KZT (2% of its 4,986,156 KZT outflow)"
LOOP-278,100000008686313100,loop_member,"coordinator, depth=1, seed=False; inside this formation receives 300,874 KZT and sends 103,600 KZT (31% of its 333,800 KZT outflow) [breaking point]"
LOOP-279,100000004351795100,loop_member,"peripheral, depth=1, seed=False; inside this formation receives 22,418 KZT and sends 77,000 KZT (4% of its 1,715,161 KZT outflow) [breaking point]"
LOOP-279,100000008603629100,loop_member,"distributor, depth=2, seed=False; inside this formation receives 77,000 KZT and sends 22,418 KZT (0% of its 4,986,156 KZT outflow)"
LOOP-280,100000004386258100,loop_member,"peripheral, depth=2, seed=False; inside this formation receives 5,000 KZT and sends 20,000 KZT (50% of its 40,000 KZT outflow) [breaking point]"
LOOP-280,100000004386331100,loop_member,"transit, depth=3, seed=False; inside this formation receives 20,000 KZT and sends 5,000 KZT (29% of its 17,500 KZT outflow)"
LOOP-281,100000004390333100,loop_member,"peripheral, depth=1, seed=False; inside this formation receives 64,558 KZT and sends 60,000 KZT (12% of its 506,500 KZT outflow)"
LOOP-281,100000004400305100,loop_member,"distributor, depth=2, seed=False; inside this formation receives 10,000 KZT and sends 18,807 KZT (0% of its 5,830,181 KZT outflow)"
LOOP-281,100000006866783100,loop_member,"distributor, depth=0, seed=True; inside this formation receives 70,000 KZT and sends 68,769 KZT (2% of its 3,948,037 KZT outflow) [breaking point]"
LOOP-281,100000007639767100,loop_member,"coordinator, depth=1, seed=False; inside this formation receives 23,018 KZT and sends 20,000 KZT (2% of its 822,244 KZT outflow)"
LOOP-282,100000004390333100,loop_member,"peripheral, depth=1, seed=False; inside this formation receives 18,807 KZT and sends 40,000 KZT (8% of its 506,500 KZT outflow) [breaking point]"
LOOP-282,100000004400305100,loop_member,"distributor, depth=2, seed=False; inside this formation receives 10,000 KZT and sends 18,807 KZT (0% of its 5,830,181 KZT outflow)"
LOOP-282,100000007639767100,loop_member,"coordinator, depth=1, seed=False; inside this formation receives 16,305 KZT and sends 10,000 KZT (1% of its 822,244 KZT outflow)"
LOOP-282,100000008477350100,loop_member,"distributor, depth=2, seed=False; inside this formation receives 40,000 KZT and sends 16,305 KZT (0% of its 3,374,866 KZT outflow)"
LOOP-283,100000004390333100,loop_member,"peripheral, depth=1, seed=False; inside this formation receives 18,807 KZT and sends 60,000 KZT (12% of its 506,500 KZT outflow)"
LOOP-283,100000004400305100,loop_member,"distributor, depth=2, seed=False; inside this formation receives 10,000 KZT and sends 18,807 KZT (0% of its 5,830,181 KZT outflow)"
LOOP-283,100000007639767100,loop_member,"coordinator, depth=1, seed=False; inside this formation receives 23,722 KZT and sends 108,250 KZT (13% of its 822,244 KZT outflow)"
LOOP-283,100000008603629100,loop_member,"distributor, depth=2, seed=False; inside this formation receives 158,250 KZT and sends 23,722 KZT (0% of its 4,986,156 KZT outflow) [breaking point]"
LOOP-284,100000004390333100,loop_member,"peripheral, depth=1, seed=False; inside this formation receives 45,751 KZT and sends 100,000 KZT (20% of its 506,500 KZT outflow)"
LOOP-284,100000005910114100,loop_member,"peripheral, depth=3, seed=False; inside this formation receives 140,967 KZT and sends 241,712 KZT (16% of its 1,469,993 KZT outflow) [breaking point]"
LOOP-284,100000006866783100,loop_member,"distributor, depth=0, seed=True; inside this formation receives 301,712 KZT and sends 45,751 KZT (1% of its 3,948,037 KZT outflow)"
LOOP-284,100000008477350100,loop_member,"distributor, depth=2, seed=False; inside this formation receives 40,000 KZT and sends 140,967 KZT (4% of its 3,374,866 KZT outflow)"
LOOP-285,100000004390333100,loop_member,"peripheral, depth=1, seed=False; inside this formation receives 45,751 KZT and sends 60,000 KZT (12% of its 506,500 KZT outflow) [breaking point]"
LOOP-285,100000006866783100,loop_member,"distributor, depth=0, seed=True; inside this formation receives 60,000 KZT and sends 45,751 KZT (1% of its 3,948,037 KZT outflow)"
LOOP-286,100000004390333100,loop_member,"peripheral, depth=1, seed=False; inside this formation receives 45,751 KZT and sends 100,000 KZT (20% of its 506,500 KZT outflow) [breaking point]"
LOOP-286,100000006866783100,loop_member,"distributor, depth=0, seed=True; inside this formation receives 70,000 KZT and sends 68,769 KZT (2% of its 3,948,037 KZT outflow)"
LOOP-286,100000007639767100,loop_member,"coordinator, depth=1, seed=False; inside this formation receives 39,323 KZT and sends 10,000 KZT (1% of its 822,244 KZT outflow)"
LOOP-286,100000008477350100,loop_member,"distributor, depth=2, seed=False; inside this formation receives 40,000 KZT and sends 16,305 KZT (0% of its 3,374,866 KZT outflow)"
LOOP-287,100000004390333100,loop_member,"peripheral, depth=1, seed=False; inside this formation receives 45,751 KZT and sends 120,000 KZT (24% of its 506,500 KZT outflow)"
LOOP-287,100000006866783100,loop_member,"distributor, depth=0, seed=True; inside this formation receives 70,000 KZT and sends 68,769 KZT (2% of its 3,948,037 KZT outflow)"
LOOP-287,100000007639767100,loop_member,"coordinator, depth=1, seed=False; inside this formation receives 46,740 KZT and sends 108,250 KZT (13% of its 822,244 KZT outflow)"
LOOP-287,100000008603629100,loop_member,"distributor, depth=2, seed=False; inside this formation receives 158,250 KZT and sends 23,722 KZT (0% of its 4,986,156 KZT outflow) [breaking point]"
LOOP-288,100000004390333100,loop_member,"peripheral, depth=1, seed=False; inside this formation receives 45,751 KZT and sends 120,000 KZT (24% of its 506,500 KZT outflow)"
LOOP-288,100000006866783100,loop_member,"distributor, depth=0, seed=True; inside this formation receives 108,100 KZT and sends 270,932 KZT (7% of its 3,948,037 KZT outflow)"
LOOP-288,100000008603629100,loop_member,"distributor, depth=2, seed=False; inside this formation receives 115,500 KZT and sends 75,693 KZT (2% of its 4,986,156 KZT outflow)"
LOOP-288,100000008686313100,loop_member,"coordinator, depth=1, seed=False; inside this formation receives 300,874 KZT and sends 103,600 KZT (31% of its 333,800 KZT outflow) [breaking point]"
LOOP-289,100000004400305100,loop_member,"distributor, depth=2, seed=False; inside this formation receives 10,000 KZT and sends 47,067 KZT (1% of its 5,830,181 KZT outflow)"
LOOP-289,100000004847758100,loop_member,"coordinator, depth=1, seed=False; inside this formation receives 72,679 KZT and sends 42,000 KZT (9% of its 488,800 KZT outflow)"
LOOP-289,100000007639767100,loop_member,"coordinator, depth=1, seed=False; inside this formation receives 23,722 KZT and sends 108,250 KZT (13% of its 822,244 KZT outflow)"
LOOP-289,100000008603629100,loop_member,"distributor, depth=2, seed=False; inside this formation receives 140,250 KZT and sends 49,334 KZT (1% of its 4,986,156 KZT outflow) [breaking point]"
LOOP-290,100000004400305100,loop_member,"distributor, depth=2, seed=False; inside this formation receives 10,000 KZT and sends 10,168 KZT (0% of its 5,830,181 KZT outflow)"
LOOP-290,100000005048668100,loop_member,"peripheral, depth=3, seed=False; inside this formation receives 10,168 KZT and sends 65,000 KZT (41% of its 159,400 KZT outflow)"
LOOP-290,100000007639767100,loop_member,"coordinator, depth=1, seed=False; inside this formation receives 23,722 KZT and sends 108,250 KZT (13% of its 822,244 KZT outflow)"
LOOP-290,100000008603629100,loop_member,"distributor, depth=2, seed=False; inside this formation receives 163,250 KZT and sends 23,722 KZT (0% of its 4,986,156 KZT outflow) [breaking point]"
LOOP-291,100000004400305100,loop_member,"distributor, depth=2, seed=False; inside this formation receives 10,000 KZT and sends 9,500 KZT (0% of its 5,830,181 KZT outflow)"
LOOP-291,100000005052998100,loop_member,"abstained_single_observation, depth=3, seed=False; inside this formation receives 9,500 KZT and sends 28,400 KZT (100% of its 28,400 KZT outflow)"
LOOP-291,100000007639767100,loop_member,"coordinator, depth=1, seed=False; inside this formation receives 16,305 KZT and sends 10,000 KZT (1% of its 822,244 KZT outflow)"
LOOP-291,100000008477350100,loop_member,"distributor, depth=2, seed=False; inside this formation receives 28,400 KZT and sends 16,305 KZT (0% of its 3,374,866 KZT outflow) [breaking point]"
LOOP-292,100000004400305100,loop_member,"distributor, depth=2, seed=False; inside this formation receives 10,000 KZT and sends 93,168 KZT (2% of its 5,830,181 KZT outflow)"
LOOP-292,100000005910114100,loop_member,"peripheral, depth=3, seed=False; inside this formation receives 93,168 KZT and sends 241,712 KZT (16% of its 1,469,993 KZT outflow) [breaking point]"
LOOP-292,100000006866783100,loop_member,"distributor, depth=0, seed=True; inside this formation receives 251,712 KZT and sends 23,018 KZT (1% of its 3,948,037 KZT outflow)"
LOOP-292,100000007639767100,loop_member,"coordinator, depth=1, seed=False; inside this formation receives 23,018 KZT and sends 20,000 KZT (2% of its 822,244 KZT outflow)"
LOOP-293,100000004400305100,loop_member,"distributor, depth=2, seed=False; inside this formation receives 10,000 KZT and sends 93,168 KZT (2% of its 5,830,181 KZT outflow)"
LOOP-293,100000005910114100,loop_member,"peripheral, depth=3, seed=False; inside this formation receives 93,168 KZT and sends 232,624 KZT (16% of its 1,469,993 KZT outflow)"
LOOP-293,100000007639767100,loop_member,"coordinator, depth=1, seed=False; inside this formation receives 23,722 KZT and sends 108,250 KZT (13% of its 822,244 KZT outflow)"
LOOP-293,100000008603629100,loop_member,"distributor, depth=2, seed=False; inside this formation receives 330,874 KZT and sends 23,722 KZT (0% of its 4,986,156 KZT outflow) [breaking point]"
LOOP-294,100000004400305100,loop_member,"distributor, depth=2, seed=False; inside this formation receives 10,000 KZT and sends 46,101 KZT (1% of its 5,830,181 KZT outflow)"
LOOP-294,100000006866783100,loop_member,"distributor, depth=0, seed=True; inside this formation receives 154,000 KZT and sends 46,585 KZT (1% of its 3,948,037 KZT outflow)"
LOOP-294,100000007639767100,loop_member,"coordinator, depth=1, seed=False; inside this formation receives 23,018 KZT and sends 20,000 KZT (2% of its 822,244 KZT outflow)"
LOOP-294,100000008304139100,loop_member,"distributor, depth=1, seed=False; inside this formation receives 69,668 KZT and sends 144,000 KZT (9% of its 1,692,997 KZT outflow) [breaking point]"
LOOP-295,100000004400305100,loop_member,"distributor, depth=2, seed=False; inside this formation receives 10,000 KZT and sends 132,507 KZT (2% of its 5,830,181 KZT outflow)"
LOOP-295,100000006866783100,loop_member,"distributor, depth=0, seed=True; inside this formation receives 105,500 KZT and sends 23,018 KZT (1% of its 3,948,037 KZT outflow)"
LOOP-295,100000007639767100,loop_member,"coordinator, depth=1, seed=False; inside this formation receives 23,018 KZT and sends 20,000 KZT (2% of its 822,244 KZT outflow)"
LOOP-295,100000008587459100,loop_member,"peripheral, depth=2, seed=False; inside this formation receives 132,507 KZT and sends 95,500 KZT (14% of its 686,500 KZT outflow) [breaking point]"
LOOP-296,100000004400305100,loop_member,"distributor, depth=2, seed=False; inside this formation receives 10,000 KZT and sends 82,417 KZT (1% of its 5,830,181 KZT outflow)"
LOOP-296,100000006866783100,loop_member,"distributor, depth=0, seed=True; inside this formation receives 58,100 KZT and sends 248,199 KZT (6% of its 3,948,037 KZT outflow)"
LOOP-296,100000007639767100,loop_member,"coordinator, depth=1, seed=False; inside this formation receives 23,018 KZT and sends 20,000 KZT (2% of its 822,244 KZT outflow)"
LOOP-296,100000008686313100,loop_member,"coordinator, depth=1, seed=False; inside this formation receives 307,598 KZT and sends 48,100 KZT (14% of its 333,800 KZT outflow) [breaking point]"
LOOP-297,100000004400305100,loop_member,"distributor, depth=2, seed=False; inside this formation receives 10,000 KZT and sends 46,101 KZT (1% of its 5,830,181 KZT outflow)"
LOOP-297,100000007639767100,loop_member,"coordinator, depth=1, seed=False; inside this formation receives 16,305 KZT and sends 10,000 KZT (1% of its 822,244 KZT outflow)"
LOOP-297,100000008304139100,loop_member,"distributor, depth=1, seed=False; inside this formation receives 46,101 KZT and sends 60,000 KZT (4% of its 1,692,997 KZT outflow) [breaking point]"
LOOP-297,100000008477350100,loop_member,"distributor, depth=2, seed=False; inside this formation receives 60,000 KZT and sends 16,305 KZT (0% of its 3,374,866 KZT outflow)"
LOOP-298,100000004400305100,loop_member,"distributor, depth=2, seed=False; inside this formation receives 10,000 KZT and sends 46,101 KZT (1% of its 5,830,181 KZT outflow)"
LOOP-298,100000007639767100,loop_member,"coordinator, depth=1, seed=False; inside this formation receives 23,722 KZT and sends 108,250 KZT (13% of its 822,244 KZT outflow)"
LOOP-298,100000008304139100,loop_member,"distributor, depth=1, seed=False; inside this formation receives 46,101 KZT and sends 159,000 KZT (9% of its 1,692,997 KZT outflow)"
LOOP-298,100000008603629100,loop_member,"distributor, depth=2, seed=False; inside this formation receives 257,250 KZT and sends 23,722 KZT (0% of its 4,986,156 KZT outflow) [breaking point]"
LOOP-299,100000004400305100,loop_member,"distributor, depth=2, seed=False; inside this formation receives 10,000 KZT and sends 82,417 KZT (1% of its 5,830,181 KZT outflow)"
LOOP-299,100000007639767100,loop_member,"coordinator, depth=1, seed=False; inside this formation receives 16,305 KZT and sends 10,000 KZT (1% of its 822,244 KZT outflow)"
LOOP-299,100000008477350100,loop_member,"distributor, depth=2, seed=False; inside this formation receives 25,800 KZT and sends 16,305 KZT (0% of its 3,374,866 KZT outflow)"
LOOP-299,100000008686313100,loop_member,"coordinator, depth=1, seed=False; inside this formation receives 82,417 KZT and sends 25,800 KZT (8% of its 333,800 KZT outflow) [breaking point]"
LOOP-300,100000004400305100,loop_member,"distributor, depth=2, seed=False; inside this formation receives 10,000 KZT and sends 82,417 KZT (1% of its 5,830,181 KZT outflow)"
LOOP-300,100000007639767100,loop_member,"coordinator, depth=1, seed=False; inside this formation receives 23,722 KZT and sends 108,250 KZT (13% of its 822,244 KZT outflow)"
LOOP-300,100000008603629100,loop_member,"distributor, depth=2, seed=False; inside this formation receives 153,750 KZT and sends 99,415 KZT (2% of its 4,986,156 KZT outflow) [breaking point]"
LOOP-300,100000008686313100,loop_member,"coordinator, depth=1, seed=False; inside this formation receives 158,110 KZT and sends 55,500 KZT (17% of its 333,800 KZT outflow)"
LOOP-301,100000004407753100,loop_member,"peripheral, depth=3, seed=False; inside this formation receives 250,000 KZT and sends 100,000 KZT (100% of its 100,000 KZT outflow) [breaking point]"
LOOP-301,100000007382543100,loop_member,"peripheral, depth=2, seed=False; inside this formation receives 100,000 KZT and sends 250,000 KZT (59% of its 427,000 KZT outflow)"
LOOP-302,100000004475818100,loop_member,"peripheral, depth=3, seed=False; inside this formation receives 13,000 KZT and sends 18,498 KZT (34% of its 53,989 KZT outflow) [breaking point]"
LOOP-302,100000005665181100,loop_member,"coordinator, depth=2, seed=False; inside this formation receives 18,498 KZT and sends 13,000 KZT (7% of its 181,915 KZT outflow)"
LOOP-303,100000004479404100,loop_member,"peripheral, depth=2, seed=False; inside this formation receives 1,480,000 KZT and sends 300,000 KZT (100% of its 300,000 KZT outflow) [breaking point]"
LOOP-303,100000004717647100,loop_member,"peripheral, depth=3, seed=False; inside this formation receives 300,000 KZT and sends 1,480,000 KZT (66% of its 2,240,000 KZT outflow)"
LOOP-304,100000004508696100,loop_member,"peripheral, depth=3, seed=False; inside this formation receives 7,000 KZT and sends 7,000 KZT (6% of its 111,000 KZT outflow) [breaking point]"
LOOP-304,100000005911352100,loop_member,"peripheral, depth=2, seed=False; inside this formation receives 7,000 KZT and sends 7,000 KZT (29% of its 24,000 KZT outflow)"
LOOP-305,100000004544958100,loop_member,"peripheral, depth=2, seed=False; inside this formation receives 168,000 KZT and sends 18,000 KZT (78% of its 23,200 KZT outflow) [breaking point]"
LOOP-305,100000004677680100,loop_member,"peripheral, depth=1, seed=False; inside this formation receives 18,000 KZT and sends 168,000 KZT (100% of its 168,000 KZT outflow)"
LOOP-306,100000004552204100,loop_member,"peripheral, depth=3, seed=False; inside this formation receives 22,500 KZT and sends 5,000 KZT (50% of its 10,000 KZT outflow) [breaking point]"
LOOP-306,100000007322059100,loop_member,"peripheral, depth=2, seed=False; inside this formation receives 5,000 KZT and sends 22,500 KZT (100% of its 22,500 KZT outflow)"
LOOP-307,100000004569484100,loop_member,"peripheral, depth=3, seed=False; inside this formation receives 65,705 KZT and sends 92,000 KZT (59% of its 156,000 KZT outflow) [breaking point]"
LOOP-307,100000005578559100,loop_member,"distributor, depth=2, seed=False; inside this formation receives 51,000 KZT and sends 36,835 KZT (4% of its 893,164 KZT outflow)"
LOOP-307,100000005704413100,loop_member,"distributor, depth=3, seed=False; inside this formation receives 77,835 KZT and sends 65,705 KZT (5% of its 1,363,593 KZT outflow)"
LOOP-308,100000004569484100,loop_member,"peripheral, depth=3, seed=False; inside this formation receives 65,705 KZT and sends 41,000 KZT (26% of its 156,000 KZT outflow) [breaking point]"
LOOP-308,100000005704413100,loop_member,"distributor, depth=3, seed=False; inside this formation receives 41,000 KZT and sends 65,705 KZT (5% of its 1,363,593 KZT outflow)"
LOOP-309,100000004569484100,loop_member,"peripheral, depth=3, seed=False; inside this formation receives 98,312 KZT and sends 80,000 KZT (51% of its 156,000 KZT outflow) [breaking point]"
LOOP-309,100000005704413100,loop_member,"distributor, depth=3, seed=False; inside this formation receives 61,000 KZT and sends 65,705 KZT (5% of its 1,363,593 KZT outflow)"
LOOP-309,100000005933757100,loop_member,"distributor, depth=2, seed=False; inside this formation receives 39,000 KZT and sends 53,157 KZT (2% of its 3,002,628 KZT outflow)"
LOOP-309,100000008104567100,loop_member,"peripheral, depth=2, seed=False; inside this formation receives 20,550 KZT and sends 20,000 KZT (50% of its 40,000 KZT outflow)"
LOOP-310,100000004569484100,loop_member,"peripheral, depth=3, seed=False; inside this formation receives 32,607 KZT and sends 39,000 KZT (25% of its 156,000 KZT outflow) [breaking point]"
LOOP-310,100000005933757100,loop_member,"distributor, depth=2, seed=False; inside this formation receives 39,000 KZT and sends 32,607 KZT (1% of its 3,002,628 KZT outflow)"
LOOP-311,100000004679953100,loop_member,"peripheral, depth=1, seed=False; inside this formation receives 163,767 KZT and sends 16,000 KZT (47% of its 34,100 KZT outflow)"
LOOP-311,100000004847758100,loop_member,"coordinator, depth=1, seed=False; inside this formation receives 49,329 KZT and sends 42,000 KZT (9% of its 488,800 KZT outflow)"
LOOP-311,100000005782781100,loop_member,"coordinator, depth=2, seed=False; inside this formation receives 16,000 KZT and sends 23,717 KZT (2% of its 1,263,597 KZT outflow)"
LOOP-311,100000008603629100,loop_member,"distributor, depth=2, seed=False; inside this formation receives 42,000 KZT and sends 189,379 KZT (4% of its 4,986,156 KZT outflow) [breaking point]"
LOOP-312,100000004715209100,loop_member,"peripheral, depth=3, seed=False; inside this formation receives 5,000 KZT and sends 11,500 KZT (3% of its 350,450 KZT outflow) [breaking point]"
LOOP-312,100000008603331100,loop_member,"peripheral, depth=2, seed=False; inside this formation receives 11,500 KZT and sends 5,000 KZT (1% of its 741,774 KZT outflow)"
LOOP-313,100000004759121100,loop_member,"peripheral, depth=1, seed=False; inside this formation receives 175,000 KZT and sends 282,000 KZT (90% of its 312,000 KZT outflow) [breaking point]"
LOOP-313,100000006844768100,loop_member,"peripheral, depth=2, seed=False; inside this formation receives 282,000 KZT and sends 175,000 KZT (93% of its 188,000 KZT outflow)"
LOOP-314,100000004820260100,loop_member,"transit, depth=2, seed=False; inside this formation receives 234,200 KZT and sends 209,850 KZT (97% of its 215,350 KZT outflow) [breaking point]"
LOOP-314,100000005175148100,loop_member,"peripheral, depth=2, seed=False; inside this formation receives 79,000 KZT and sends 15,000 KZT (100% of its 15,000 KZT outflow)"
LOOP-314,100000005339662100,loop_member,"coordinator, depth=1, seed=False; inside this formation receives 150,850 KZT and sends 239,200 KZT (81% of its 295,160 KZT outflow)"
LOOP-315,100000004820260100,loop_member,"transit, depth=2, seed=False; inside this formation receives 234,200 KZT and sends 135,850 KZT (63% of its 215,350 KZT outflow) [breaking point]"
LOOP-315,100000005339662100,loop_member,"coordinator, depth=1, seed=False; inside this formation receives 135,850 KZT and sends 234,200 KZT (79% of its 295,160 KZT outflow)"
LOOP-316,100000004847758100,loop_member,"coordinator, depth=1, seed=False; inside this formation receives 44,387 KZT and sends 42,000 KZT (9% of its 488,800 KZT outflow)"
LOOP-316,100000006866783100,loop_member,"distributor, depth=0, seed=True; inside this formation receives 10,000 KZT and sends 41,793 KZT (1% of its 3,948,037 KZT outflow)"
LOOP-316,100000007639767100,loop_member,"coordinator, depth=1, seed=False; inside this formation receives 46,740 KZT and sends 108,250 KZT (13% of its 822,244 KZT outflow)"
LOOP-316,100000008603629100,loop_member,"distributor, depth=2, seed=False; inside this formation receives 140,250 KZT and sends 49,334 KZT (1% of its 4,986,156 KZT outflow) [breaking point]"
LOOP-317,100000004847758100,loop_member,"coordinator, depth=1, seed=False; inside this formation receives 44,387 KZT and sends 42,000 KZT (9% of its 488,800 KZT outflow)"
LOOP-317,100000006866783100,loop_member,"distributor, depth=0, seed=True; inside this formation receives 48,100 KZT and sends 243,956 KZT (6% of its 3,948,037 KZT outflow)"
LOOP-317,100000008603629100,loop_member,"distributor, depth=2, seed=False; inside this formation receives 97,500 KZT and sends 101,305 KZT (2% of its 4,986,156 KZT outflow)"
LOOP-317,100000008686313100,loop_member,"coordinator, depth=1, seed=False; inside this formation receives 300,874 KZT and sends 103,600 KZT (31% of its 333,800 KZT outflow) [breaking point]"
LOOP-318,100000004847758100,loop_member,"coordinator, depth=1, seed=False; inside this formation receives 25,612 KZT and sends 42,000 KZT (9% of its 488,800 KZT outflow) [breaking point]"
LOOP-318,100000008603629100,loop_member,"distributor, depth=2, seed=False; inside this formation receives 42,000 KZT and sends 25,612 KZT (1% of its 4,986,156 KZT outflow)"
LOOP-319,100000005037490100,loop_member,"peripheral, depth=3, seed=False; inside this formation receives 15,000 KZT and sends 14,000 KZT (47% of its 30,000 KZT outflow) [breaking point]"
LOOP-319,100000008733194100,loop_member,"coordinator, depth=2, seed=False; inside this formation receives 14,000 KZT and sends 15,000 KZT (9% of its 159,695 KZT outflow)"
LOOP-320,100000005048668100,loop_member,"peripheral, depth=3, seed=False; inside this formation receives 6,500 KZT and sends 7,000 KZT (4% of its 159,400 KZT outflow) [breaking point]"
LOOP-320,100000008346837100,loop_member,"distributor, depth=2, seed=False; inside this formation receives 7,000 KZT and sends 6,500 KZT (1% of its 1,258,643 KZT outflow)"
LOOP-321,100000005074393100,loop_member,"coordinator, depth=1, seed=False; inside this formation receives 10,000 KZT and sends 120,000 KZT (18% of its 685,500 KZT outflow) [breaking point]"
LOOP-321,100000005882013100,loop_member,"peripheral, depth=2, seed=False; inside this formation receives 120,000 KZT and sends 10,000 KZT (100% of its 10,000 KZT outflow)"
LOOP-322,100000005175148100,loop_member,"peripheral, depth=2, seed=False; inside this formation receives 5,000 KZT and sends 15,000 KZT (100% of its 15,000 KZT outflow) [breaking point]"
LOOP-322,100000005339662100,loop_member,"coordinator, depth=1, seed=False; inside this formation receives 15,000 KZT and sends 5,000 KZT (2% of its 295,160 KZT outflow)"
LOOP-323,100000005264874100,loop_member,"peripheral, depth=3, seed=False; inside this formation receives 30,000 KZT and sends 13,000 KZT (17% of its 78,000 KZT outflow) [breaking point]"
LOOP-323,100000005507142100,loop_member,"peripheral, depth=2, seed=False; inside this formation receives 13,000 KZT and sends 30,000 KZT (30% of its 100,000 KZT outflow)"
LOOP-324,100000005367445100,loop_member,"transit, depth=3, seed=False; inside this formation receives 5,000 KZT and sends 5,000 KZT (100% of its 5,000 KZT outflow) [breaking point]"
LOOP-324,100000005413948100,loop_member,"peripheral, depth=2, seed=False; inside this formation receives 5,000 KZT and sends 5,000 KZT (100% of its 5,000 KZT outflow)"
LOOP-325,100000005456919100,loop_member,"peripheral, depth=1, seed=False; inside this formation receives 479,950 KZT and sends 5,000 KZT (100% of its 5,000 KZT outflow) [breaking point]"
LOOP-325,100000008193577100,loop_member,"peripheral, depth=1, seed=False; inside this formation receives 87,000 KZT and sends 272,190 KZT (57% of its 480,180 KZT outflow)"
LOOP-325,100000008659445100,loop_member,"peripheral, depth=0, seed=True; inside this formation receives 61,190 KZT and sends 350,950 KZT (40% of its 875,150 KZT outflow)"
LOOP-326,100000005456919100,loop_member,"peripheral, depth=1, seed=False; inside this formation receives 479,950 KZT and sends 5,000 KZT (100% of its 5,000 KZT outflow)"
LOOP-326,100000008193577100,loop_member,"peripheral, depth=1, seed=False; inside this formation receives 154,300 KZT and sends 398,180 KZT (83% of its 480,180 KZT outflow)"
LOOP-326,100000008659445100,loop_member,"peripheral, depth=0, seed=True; inside this formation receives 138,490 KZT and sends 603,450 KZT (69% of its 875,150 KZT outflow) [breaking point]"
LOOP-326,100000008736940100,loop_member,"peripheral, depth=1, seed=False; inside this formation receives 378,490 KZT and sends 144,600 KZT (79% of its 182,100 KZT outflow)"
LOOP-327,100000005456919100,loop_member,"peripheral, depth=1, seed=False; inside this formation receives 263,950 KZT and sends 5,000 KZT (100% of its 5,000 KZT outflow) [breaking point]"
LOOP-327,100000008659445100,loop_member,"peripheral, depth=0, seed=True; inside this formation receives 5,000 KZT and sends 263,950 KZT (30% of its 875,150 KZT outflow)"
LOOP-328,100000005473151100,loop_member,"peripheral, depth=1, seed=False; inside this formation receives 1,060,000 KZT and sends 30,000 KZT (13% of its 225,000 KZT outflow) [breaking point]"
LOOP-328,100000008545727100,loop_member,"peripheral, depth=2, seed=False; inside this formation receives 30,000 KZT and sends 1,060,000 KZT (57% of its 1,866,500 KZT outflow)"
LOOP-329,100000005546031100,loop_member,"peripheral, depth=1, seed=False; inside this formation receives 16,300 KZT and sends 8,000 KZT (100% of its 8,000 KZT outflow) [breaking point]"
LOOP-329,100000005547096100,loop_member,"peripheral, depth=2, seed=False; inside this formation receives 8,000 KZT and sends 16,300 KZT (7% of its 226,300 KZT outflow)"
LOOP-330,100000005660203100,loop_member,"peripheral, depth=2, seed=False; inside this formation receives 572,899 KZT and sends 23,000 KZT (56% of its 41,000 KZT outflow) [breaking point]"
LOOP-330,100000006518161100,loop_member,"transit, depth=1, seed=False; inside this formation receives 23,000 KZT and sends 572,899 KZT (96% of its 595,899 KZT outflow)"
LOOP-331,100000005664922100,loop_member,"peripheral, depth=2, seed=False; inside this formation receives 5,000 KZT and sends 22,000 KZT (4% of its 537,000 KZT outflow) [breaking point]"
LOOP-331,100000008686247100,loop_member,"peripheral, depth=3, seed=False; inside this formation receives 22,000 KZT and sends 5,000 KZT (100% of its 5,000 KZT outflow)"
LOOP-332,100000005910114100,loop_member,"peripheral, depth=3, seed=False; inside this formation receives 140,967 KZT and sends 241,712 KZT (16% of its 1,469,993 KZT outflow)"
LOOP-332,100000006866783100,loop_member,"distributor, depth=0, seed=True; inside this formation receives 385,712 KZT and sends 23,567 KZT (1% of its 3,948,037 KZT outflow) [breaking point]"
LOOP-332,100000008304139100,loop_member,"distributor, depth=1, seed=False; inside this formation receives 23,567 KZT and sends 204,000 KZT (12% of its 1,692,997 KZT outflow)"
LOOP-332,100000008477350100,loop_member,"distributor, depth=2, seed=False; inside this formation receives 60,000 KZT and sends 140,967 KZT (4% of its 3,374,866 KZT outflow)"
LOOP-333,100000005910114100,loop_member,"peripheral, depth=3, seed=False; inside this formation receives 140,967 KZT and sends 241,712 KZT (16% of its 1,469,993 KZT outflow) [breaking point]"
LOOP-333,100000006866783100,loop_member,"distributor, depth=0, seed=True; inside this formation receives 241,712 KZT and sends 24,500 KZT (1% of its 3,948,037 KZT outflow)"
LOOP-333,100000008443341100,loop_member,"peripheral, depth=1, seed=False; inside this formation receives 24,500 KZT and sends 17,000 KZT (34% of its 50,000 KZT outflow)"
LOOP-333,100000008477350100,loop_member,"distributor, depth=2, seed=False; inside this formation receives 17,000 KZT and sends 140,967 KZT (4% of its 3,374,866 KZT outflow)"
LOOP-334,100000005910114100,loop_member,"peripheral, depth=3, seed=False; inside this formation receives 140,967 KZT and sends 241,712 KZT (16% of its 1,469,993 KZT outflow)"
LOOP-334,100000006866783100,loop_member,"distributor, depth=0, seed=True; inside this formation receives 289,812 KZT and sends 225,181 KZT (6% of its 3,948,037 KZT outflow) [breaking point]"
LOOP-334,100000008477350100,loop_member,"distributor, depth=2, seed=False; inside this formation receives 25,800 KZT and sends 140,967 KZT (4% of its 3,374,866 KZT outflow)"
LOOP-334,100000008686313100,loop_member,"coordinator, depth=1, seed=False; inside this formation receives 225,181 KZT and sends 73,900 KZT (22% of its 333,800 KZT outflow)"
LOOP-335,100000005910114100,loop_member,"peripheral, depth=3, seed=False; inside this formation receives 140,967 KZT and sends 232,624 KZT (16% of its 1,469,993 KZT outflow) [breaking point]"
LOOP-335,100000008477350100,loop_member,"distributor, depth=2, seed=False; inside this formation receives 25,800 KZT and sends 140,967 KZT (4% of its 3,374,866 KZT outflow)"
LOOP-335,100000008603629100,loop_member,"distributor, depth=2, seed=False; inside this formation receives 288,124 KZT and sends 75,693 KZT (2% of its 4,986,156 KZT outflow)"
LOOP-335,100000008686313100,loop_member,"coordinator, depth=1, seed=False; inside this formation receives 75,693 KZT and sends 81,300 KZT (24% of its 333,800 KZT outflow)"
LOOP-336,100000006169033100,loop_member,"peripheral, depth=3, seed=False; inside this formation receives 49,000 KZT and sends 346,000 KZT (30% of its 1,140,271 KZT outflow) [breaking point]"
LOOP-336,100000008011159100,loop_member,"peripheral, depth=2, seed=False; inside this formation receives 346,000 KZT and sends 49,000 KZT (32% of its 153,037 KZT outflow)"
LOOP-337,100000006274203100,loop_member,"peripheral, depth=3, seed=False; inside this formation receives 3,376,312 KZT and sends 5,000 KZT (7% of its 72,000 KZT outflow) [breaking point]"
LOOP-337,100000007594394100,loop_member,"peripheral, depth=2, seed=False; inside this formation receives 5,000 KZT and sends 3,376,312 KZT (100% of its 3,376,312 KZT outflow)"
LOOP-338,100000006385877100,loop_member,"peripheral, depth=2, seed=False; inside this formation receives 53,707 KZT and sends 36,603 KZT (100% of its 36,603 KZT outflow) [breaking point]"
LOOP-338,100000006443391100,loop_member,"peripheral, depth=1, seed=False; inside this formation receives 36,603 KZT and sends 53,707 KZT (89% of its 60,042 KZT outflow)"
LOOP-339,100000006443391100,loop_member,"peripheral, depth=1, seed=False; inside this formation receives 25,000 KZT and sends 6,335 KZT (11% of its 60,042 KZT outflow) [breaking point]"
LOOP-339,100000006912294100,loop_member,"peripheral, depth=2, seed=False; inside this formation receives 6,335 KZT and sends 25,000 KZT (83% of its 30,000 KZT outflow)"
LOOP-340,100000006866783100,loop_member,"distributor, depth=0, seed=True; inside this formation receives 10,000 KZT and sends 23,018 KZT (1% of its 3,948,037 KZT outflow) [breaking point]"
LOOP-340,100000007639767100,loop_member,"coordinator, depth=1, seed=False; inside this formation receives 23,018 KZT and sends 10,000 KZT (1% of its 822,244 KZT outflow)"
LOOP-341,100000006866783100,loop_member,"distributor, depth=0, seed=True; inside this formation receives 154,000 KZT and sends 46,585 KZT (1% of its 3,948,037 KZT outflow)"
LOOP-341,100000007639767100,loop_member,"coordinator, depth=1, seed=False; inside this formation receives 39,323 KZT and sends 10,000 KZT (1% of its 822,244 KZT outflow)"
LOOP-341,100000008304139100,loop_member,"distributor, depth=1, seed=False; inside this formation receives 23,567 KZT and sends 204,000 KZT (12% of its 1,692,997 KZT outflow) [breaking point]"
LOOP-341,100000008477350100,loop_member,"distributor, depth=2, seed=False; inside this formation receives 60,000 KZT and sends 16,305 KZT (0% of its 3,374,866 KZT outflow)"
LOOP-342,100000006866783100,loop_member,"distributor, depth=0, seed=True; inside this formation receives 154,000 KZT and sends 46,585 KZT (1% of its 3,948,037 KZT outflow)"
LOOP-342,100000007639767100,loop_member,"coordinator, depth=1, seed=False; inside this formation receives 46,740 KZT and sends 108,250 KZT (13% of its 822,244 KZT outflow)"
LOOP-342,100000008304139100,loop_member,"distributor, depth=1, seed=False; inside this formation receives 23,567 KZT and sends 303,000 KZT (18% of its 1,692,997 KZT outflow) [breaking point]"
LOOP-342,100000008603629100,loop_member,"distributor, depth=2, seed=False; inside this formation receives 257,250 KZT and sends 23,722 KZT (0% of its 4,986,156 KZT outflow)"
LOOP-343,100000006866783100,loop_member,"distributor, depth=0, seed=True; inside this formation receives 10,000 KZT and sends 47,518 KZT (1% of its 3,948,037 KZT outflow) [breaking point]"
LOOP-343,100000007639767100,loop_member,"coordinator, depth=1, seed=False; inside this formation receives 39,323 KZT and sends 10,000 KZT (1% of its 822,244 KZT outflow)"
LOOP-343,100000008443341100,loop_member,"peripheral, depth=1, seed=False; inside this formation receives 24,500 KZT and sends 17,000 KZT (34% of its 50,000 KZT outflow)"
LOOP-343,100000008477350100,loop_member,"distributor, depth=2, seed=False; inside this formation receives 17,000 KZT and sends 16,305 KZT (0% of its 3,374,866 KZT outflow)"
LOOP-344,100000006866783100,loop_member,"distributor, depth=0, seed=True; inside this formation receives 58,100 KZT and sends 248,199 KZT (6% of its 3,948,037 KZT outflow) [breaking point]"
LOOP-344,100000007639767100,loop_member,"coordinator, depth=1, seed=False; inside this formation receives 39,323 KZT and sends 10,000 KZT (1% of its 822,244 KZT outflow)"
LOOP-344,100000008477350100,loop_member,"distributor, depth=2, seed=False; inside this formation receives 25,800 KZT and sends 16,305 KZT (0% of its 3,374,866 KZT outflow)"
LOOP-344,100000008686313100,loop_member,"coordinator, depth=1, seed=False; inside this formation receives 225,181 KZT and sends 73,900 KZT (22% of its 333,800 KZT outflow)"
LOOP-345,100000006866783100,loop_member,"distributor, depth=0, seed=True; inside this formation receives 58,100 KZT and sends 248,199 KZT (6% of its 3,948,037 KZT outflow)"
LOOP-345,100000007639767100,loop_member,"coordinator, depth=1, seed=False; inside this formation receives 46,740 KZT and sends 108,250 KZT (13% of its 822,244 KZT outflow)"
LOOP-345,100000008603629100,loop_member,"distributor, depth=2, seed=False; inside this formation receives 153,750 KZT and sends 99,415 KZT (2% of its 4,986,156 KZT outflow)"
LOOP-345,100000008686313100,loop_member,"coordinator, depth=1, seed=False; inside this formation receives 300,874 KZT and sends 103,600 KZT (31% of its 333,800 KZT outflow) [breaking point]"
LOOP-346,100000006866783100,loop_member,"distributor, depth=0, seed=True; inside this formation receives 48,100 KZT and sends 269,087 KZT (7% of its 3,948,037 KZT outflow)"
LOOP-346,100000008137435100,loop_member,"peripheral, depth=1, seed=False; inside this formation receives 43,906 KZT and sends 51,400 KZT (4% of its 1,419,700 KZT outflow)"
LOOP-346,100000008686313100,loop_member,"coordinator, depth=1, seed=False; inside this formation receives 276,581 KZT and sends 48,100 KZT (14% of its 333,800 KZT outflow) [breaking point]"
LOOP-347,100000006866783100,loop_member,"distributor, depth=0, seed=True; inside this formation receives 144,000 KZT and sends 23,567 KZT (1% of its 3,948,037 KZT outflow) [breaking point]"
LOOP-347,100000008304139100,loop_member,"distributor, depth=1, seed=False; inside this formation receives 23,567 KZT and sends 144,000 KZT (9% of its 1,692,997 KZT outflow)"
LOOP-348,100000006866783100,loop_member,"distributor, depth=0, seed=True; inside this formation receives 239,500 KZT and sends 23,567 KZT (1% of its 3,948,037 KZT outflow) [breaking point]"
LOOP-348,100000008304139100,loop_member,"distributor, depth=1, seed=False; inside this formation receives 23,567 KZT and sends 193,000 KZT (11% of its 1,692,997 KZT outflow)"
LOOP-348,100000008587459100,loop_member,"peripheral, depth=2, seed=False; inside this formation receives 49,000 KZT and sends 95,500 KZT (14% of its 686,500 KZT outflow)"
LOOP-349,100000006866783100,loop_member,"distributor, depth=0, seed=True; inside this formation receives 192,100 KZT and sends 248,748 KZT (6% of its 3,948,037 KZT outflow) [breaking point]"
LOOP-349,100000008304139100,loop_member,"distributor, depth=1, seed=False; inside this formation receives 23,567 KZT and sends 303,000 KZT (18% of its 1,692,997 KZT outflow)"
LOOP-349,100000008603629100,loop_member,"distributor, depth=2, seed=False; inside this formation receives 214,500 KZT and sends 75,693 KZT (2% of its 4,986,156 KZT outflow)"
LOOP-349,100000008686313100,loop_member,"coordinator, depth=1, seed=False; inside this formation receives 300,874 KZT and sends 103,600 KZT (31% of its 333,800 KZT outflow)"
LOOP-350,100000006866783100,loop_member,"distributor, depth=0, seed=True; inside this formation receives 48,100 KZT and sends 225,181 KZT (6% of its 3,948,037 KZT outflow) [breaking point]"
LOOP-350,100000008686313100,loop_member,"coordinator, depth=1, seed=False; inside this formation receives 225,181 KZT and sends 48,100 KZT (14% of its 333,800 KZT outflow)"
LOOP-351,100000007390016100,loop_member,"peripheral, depth=3, seed=False; inside this formation receives 511,000 KZT and sends 346,500 KZT (100% of its 346,500 KZT outflow) [breaking point]"
LOOP-351,100000008324800100,loop_member,"transit, depth=2, seed=False; inside this formation receives 346,500 KZT and sends 511,000 KZT (100% of its 511,000 KZT outflow)"
LOOP-352,100000007511163100,loop_member,"peripheral, depth=1, seed=False; inside this formation receives 49,000 KZT and sends 49,000 KZT (60% of its 82,052 KZT outflow) [breaking point]"
LOOP-352,100000008389800100,loop_member,"peripheral, depth=2, seed=False; inside this formation receives 49,000 KZT and sends 49,000 KZT (12% of its 401,620 KZT outflow)"
LOOP-353,100000007593823100,loop_member,"peripheral, depth=3, seed=False; inside this formation receives 5,000 KZT and sends 5,800 KZT (4% of its 162,900 KZT outflow) [breaking point]"
LOOP-353,100000008346837100,loop_member,"distributor, depth=2, seed=False; inside this formation receives 5,800 KZT and sends 5,000 KZT (0% of its 1,258,643 KZT outflow)"
LOOP-354,100000007639767100,loop_member,"coordinator, depth=1, seed=False; inside this formation receives 40,027 KZT and sends 98,250 KZT (12% of its 822,244 KZT outflow)"
LOOP-354,100000008477350100,loop_member,"distributor, depth=2, seed=False; inside this formation receives 25,800 KZT and sends 16,305 KZT (0% of its 3,374,866 KZT outflow)"
LOOP-354,100000008603629100,loop_member,"distributor, depth=2, seed=False; inside this formation receives 153,750 KZT and sends 99,415 KZT (2% of its 4,986,156 KZT outflow) [breaking point]"
LOOP-354,100000008686313100,loop_member,"coordinator, depth=1, seed=False; inside this formation receives 75,693 KZT and sends 81,300 KZT (24% of its 333,800 KZT outflow)"
LOOP-355,100000007639767100,loop_member,"coordinator, depth=1, seed=False; inside this formation receives 23,722 KZT and sends 98,250 KZT (12% of its 822,244 KZT outflow) [breaking point]"
LOOP-355,100000008603629100,loop_member,"distributor, depth=2, seed=False; inside this formation receives 98,250 KZT and sends 23,722 KZT (0% of its 4,986,156 KZT outflow)"
LOOP-356,100000007689942100,loop_member,"peripheral, depth=3, seed=False; inside this formation receives 5,000 KZT and sends 5,000 KZT (20% of its 25,000 KZT outflow) [breaking point]"
LOOP-356,100000008546855100,loop_member,"peripheral, depth=2, seed=False; inside this formation receives 5,000 KZT and sends 5,000 KZT (50% of its 10,000 KZT outflow)"
LOOP-357,100000008086440100,loop_member,"transit, depth=3, seed=False; inside this formation receives 199,733 KZT and sends 18,900 KZT (12% of its 161,300 KZT outflow) [breaking point]"
LOOP-357,100000008477350100,loop_member,"distributor, depth=2, seed=False; inside this formation receives 18,900 KZT and sends 199,733 KZT (6% of its 3,374,866 KZT outflow)"
LOOP-358,100000008086440100,loop_member,"transit, depth=3, seed=False; inside this formation receives 199,733 KZT and sends 82,800 KZT (51% of its 161,300 KZT outflow) [breaking point]"
LOOP-358,100000008477350100,loop_member,"distributor, depth=2, seed=False; inside this formation receives 44,700 KZT and sends 199,733 KZT (6% of its 3,374,866 KZT outflow)"
LOOP-358,100000008603629100,loop_member,"distributor, depth=2, seed=False; inside this formation receives 119,400 KZT and sends 75,693 KZT (2% of its 4,986,156 KZT outflow)"
LOOP-358,100000008686313100,loop_member,"coordinator, depth=1, seed=False; inside this formation receives 75,693 KZT and sends 81,300 KZT (24% of its 333,800 KZT outflow)"
LOOP-359,100000008193577100,loop_member,"peripheral, depth=1, seed=False; inside this formation receives 87,000 KZT and sends 56,190 KZT (12% of its 480,180 KZT outflow) [breaking point]"
LOOP-359,100000008659445100,loop_member,"peripheral, depth=0, seed=True; inside this formation receives 56,190 KZT and sends 87,000 KZT (10% of its 875,150 KZT outflow)"
LOOP-360,100000008193577100,loop_member,"peripheral, depth=1, seed=False; inside this formation receives 154,300 KZT and sends 182,180 KZT (38% of its 480,180 KZT outflow)"
LOOP-360,100000008659445100,loop_member,"peripheral, depth=0, seed=True; inside this formation receives 133,490 KZT and sends 339,500 KZT (39% of its 875,150 KZT outflow)"
LOOP-360,100000008736940100,loop_member,"peripheral, depth=1, seed=False; inside this formation receives 378,490 KZT and sends 144,600 KZT (79% of its 182,100 KZT outflow) [breaking point]"
LOOP-361,100000008193577100,loop_member,"peripheral, depth=1, seed=False; inside this formation receives 154,300 KZT and sends 259,180 KZT (54% of its 480,180 KZT outflow)"
LOOP-361,100000008659445100,loop_member,"peripheral, depth=0, seed=True; inside this formation receives 133,490 KZT and sends 611,200 KZT (70% of its 875,150 KZT outflow) [breaking point]"
LOOP-361,100000008736940100,loop_member,"peripheral, depth=1, seed=False; inside this formation receives 451,090 KZT and sends 182,100 KZT (100% of its 182,100 KZT outflow)"
LOOP-361,100000008751429100,loop_member,"peripheral, depth=1, seed=False; inside this formation receives 386,200 KZT and sends 72,600 KZT (100% of its 72,600 KZT outflow)"
LOOP-362,100000008193577100,loop_member,"peripheral, depth=1, seed=False; inside this formation receives 67,300 KZT and sends 125,990 KZT (26% of its 480,180 KZT outflow) [breaking point]"
LOOP-362,100000008736940100,loop_member,"peripheral, depth=1, seed=False; inside this formation receives 125,990 KZT and sends 67,300 KZT (37% of its 182,100 KZT outflow)"
LOOP-363,100000008193577100,loop_member,"peripheral, depth=1, seed=False; inside this formation receives 67,300 KZT and sends 202,990 KZT (42% of its 480,180 KZT outflow)"
LOOP-363,100000008736940100,loop_member,"peripheral, depth=1, seed=False; inside this formation receives 198,590 KZT and sends 104,800 KZT (58% of its 182,100 KZT outflow) [breaking point]"
LOOP-363,100000008751429100,loop_member,"peripheral, depth=1, seed=False; inside this formation receives 114,500 KZT and sends 72,600 KZT (100% of its 72,600 KZT outflow)"
LOOP-364,100000008314203100,loop_member,"transit, depth=0, seed=True; inside this formation receives 60,000 KZT and sends 232,000 KZT (71% of its 327,000 KZT outflow) [breaking point]"
LOOP-364,100000008637537100,loop_member,"peripheral, depth=0, seed=True; inside this formation receives 232,000 KZT and sends 60,000 KZT (3% of its 2,351,495 KZT outflow)"
LOOP-365,100000008389800100,loop_member,"peripheral, depth=2, seed=False; inside this formation receives 20,000 KZT and sends 20,000 KZT (5% of its 401,620 KZT outflow) [breaking point]"
LOOP-365,100000008430691100,loop_member,"peripheral, depth=3, seed=False; inside this formation receives 20,000 KZT and sends 20,000 KZT (3% of its 604,900 KZT outflow)"
LOOP-366,100000008443341100,loop_member,"peripheral, depth=1, seed=False; inside this formation receives 10,000 KZT and sends 14,000 KZT (28% of its 50,000 KZT outflow) [breaking point]"
LOOP-366,100000008474308100,loop_member,"peripheral, depth=2, seed=False; inside this formation receives 14,000 KZT and sends 10,000 KZT (100% of its 10,000 KZT outflow)"
LOOP-367,100000008465789100,loop_member,"peripheral, depth=3, seed=False; inside this formation receives 30,099 KZT and sends 50,000 KZT (3% of its 1,858,100 KZT outflow)"
LOOP-367,100000008466579100,loop_member,"peripheral, depth=2, seed=False; inside this formation receives 30,000 KZT and sends 35,000 KZT (2% of its 1,933,000 KZT outflow)"
LOOP-367,100000008547844100,loop_member,"peripheral, depth=2, seed=False; inside this formation receives 100,000 KZT and sends 91,099 KZT (4% of its 2,042,199 KZT outflow)"
LOOP-367,100000008547948100,loop_member,"distributor, depth=2, seed=False; inside this formation receives 116,000 KZT and sends 100,000 KZT (2% of its 5,185,600 KZT outflow) [breaking point]"
LOOP-368,100000008465789100,loop_member,"peripheral, depth=3, seed=False; inside this formation receives 30,099 KZT and sends 20,000 KZT (1% of its 1,858,100 KZT outflow)"
LOOP-368,100000008547844100,loop_member,"peripheral, depth=2, seed=False; inside this formation receives 100,000 KZT and sends 91,099 KZT (4% of its 2,042,199 KZT outflow) [breaking point]"
LOOP-368,100000008547948100,loop_member,"distributor, depth=2, seed=False; inside this formation receives 81,000 KZT and sends 100,000 KZT (2% of its 5,185,600 KZT outflow)"
LOOP-369,100000008489922100,loop_member,"distributor, depth=3, seed=False; inside this formation receives 87,000 KZT and sends 48,200 KZT (1% of its 3,789,900 KZT outflow)"
LOOP-369,100000008547844100,loop_member,"peripheral, depth=2, seed=False; inside this formation receives 169,000 KZT and sends 61,000 KZT (3% of its 2,042,199 KZT outflow)"
LOOP-369,100000008547948100,loop_member,"distributor, depth=2, seed=False; inside this formation receives 91,000 KZT and sends 187,000 KZT (4% of its 5,185,600 KZT outflow) [breaking point]"
LOOP-369,100000008710843100,loop_member,"peripheral, depth=2, seed=False; inside this formation receives 18,200 KZT and sends 69,000 KZT (3% of its 1,985,500 KZT outflow)"
LOOP-370,100000008489922100,loop_member,"distributor, depth=3, seed=False; inside this formation receives 87,000 KZT and sends 30,000 KZT (1% of its 3,789,900 KZT outflow) [breaking point]"
LOOP-370,100000008547948100,loop_member,"distributor, depth=2, seed=False; inside this formation receives 30,000 KZT and sends 87,000 KZT (2% of its 5,185,600 KZT outflow)"
LOOP-371,100000008546855100,loop_member,"peripheral, depth=2, seed=False; inside this formation receives 5,000 KZT and sends 5,000 KZT (50% of its 10,000 KZT outflow) [breaking point]"
LOOP-371,100000008582730100,loop_member,"transit, depth=3, seed=False; inside this formation receives 5,000 KZT and sends 5,000 KZT (100% of its 5,000 KZT outflow)"
LOOP-372,100000008547844100,loop_member,"peripheral, depth=2, seed=False; inside this formation receives 100,000 KZT and sends 61,000 KZT (3% of its 2,042,199 KZT outflow) [breaking point]"
LOOP-372,100000008547948100,loop_member,"distributor, depth=2, seed=False; inside this formation receives 61,000 KZT and sends 100,000 KZT (2% of its 5,185,600 KZT outflow)"
LOOP-373,100000008603629100,loop_member,"distributor, depth=2, seed=False; inside this formation receives 55,500 KZT and sends 75,693 KZT (2% of its 4,986,156 KZT outflow) [breaking point]"
LOOP-373,100000008686313100,loop_member,"coordinator, depth=1, seed=False; inside this formation receives 75,693 KZT and sends 55,500 KZT (17% of its 333,800 KZT outflow)"
LOOP-374,100000008659445100,loop_member,"peripheral, depth=0, seed=True; inside this formation receives 77,300 KZT and sends 252,500 KZT (29% of its 875,150 KZT outflow) [breaking point]"
LOOP-374,100000008736940100,loop_member,"peripheral, depth=1, seed=False; inside this formation receives 252,500 KZT and sends 77,300 KZT (42% of its 182,100 KZT outflow)"
LOOP-375,100000008659445100,loop_member,"peripheral, depth=0, seed=True; inside this formation receives 77,300 KZT and sends 524,200 KZT (60% of its 875,150 KZT outflow) [breaking point]"
LOOP-375,100000008736940100,loop_member,"peripheral, depth=1, seed=False; inside this formation receives 325,100 KZT and sends 114,800 KZT (63% of its 182,100 KZT outflow)"
LOOP-375,100000008751429100,loop_member,"peripheral, depth=1, seed=False; inside this formation receives 309,200 KZT and sends 72,600 KZT (100% of its 72,600 KZT outflow)"
LOOP-376,100000008736940100,loop_member,"peripheral, depth=1, seed=False; inside this formation receives 72,600 KZT and sends 37,500 KZT (21% of its 182,100 KZT outflow) [breaking point]"
LOOP-376,100000008751429100,loop_member,"peripheral, depth=1, seed=False; inside this formation receives 37,500 KZT and sends 72,600 KZT (100% of its 72,600 KZT outflow)"
LOOP-377,100000008748914100,loop_member,"peripheral, depth=1, seed=False; inside this formation receives 85,000 KZT and sends 150,000 KZT (3% of its 4,471,847 KZT outflow) [breaking point]"
LOOP-377,100000008762832100,loop_member,"peripheral, depth=2, seed=False; inside this formation receives 150,000 KZT and sends 85,000 KZT (100% of its 85,000 KZT outflow)"
