gid,role,role_score,cluster_id,priority_score,evidence,in_deg,out_deg,in_kzt,out_kzt,in_tx,out_tx,pagerank,authority_score,hub_score,pass_through,dwell_days,depth,is_seed,truncated_by_depth,genuine_terminal,component_id
100000000343175100,distributor,0.7,33,0.0869,"out_deg=31 receivers, out=4,000,039 KZT over 33 transfers",8,31,178712.0,4000039.0,14,33,0.0007132581979384031,0.0002893306725282859,0.006589397755091382,22.382598818210305,0.0,0,True,False,False,0
100000000456947100,peripheral,0.1,0,0.0,"no transfer observed in either direction in the window, so nothing about this account's behaviour is measurable here; depth=0, already known to the investigation",0,0,0.0,0.0,0,0,0.0002855692942172902,0.0,0.0,,,0,True,False,True,16
100000000580561100,peripheral,0.4,1,0.0114,"no rule threshold met: in_deg=2, out_deg=3, in=27,980, out=1,488,077 KZT",2,3,27980.0,1488077.0,3,13,0.0008349888856684632,-2.1040642247677897e-18,-1.98808325405983e-18,53.183595425303785,-8.0,0,True,False,False,4
100000001415126100,terminal,0.8,34,0.004,"depth=0 < 4 and no outgoing: money arrives and stays; in=27,000 KZT over 1 transfers from 1 payer",1,0,27000.0,0.0,1,0,0.0004096189054308039,2.8874364319155937e-07,0.0,0.0,,0,True,False,True,0
100000001429930100,terminal,0.8,55,0.0032,"depth=0 < 4 and no outgoing: money arrives and stays; in=26,000 KZT over 1 transfers from 1 payer",1,0,26000.0,0.0,1,0,0.000350797891474077,4.2599461439362225e-08,0.0,0.0,,0,True,False,True,0
100000001616816100,transit,0.7,29,0.1351,"pass_through=1.03: in=176,195, out=181,326 KZT, dwell=1d",5,3,176195.0,181326.0,12,10,0.0024346571906844502,4.7490014961182567e-07,2.187037232152238e-05,1.0291211441868384,1.0,0,True,False,False,0
100000001732159100,peripheral,0.4,66,0.054,"no rule threshold met: in_deg=2, out_deg=4, in=2,378,100, out=1,505,966 KZT",2,4,2378100.0,1505966.0,30,23,0.001095056787299681,7.699492624894568e-07,5.340185807580643e-05,0.633264370716118,0.0,0,True,False,False,0
100000002527114100,distributor,0.7,46,0.0489,"out_deg=111 receivers, out=3,289,249 KZT over 113 transfers",3,111,129000.0,3289249.0,4,113,0.0008111056953132608,-4.129245874040611e-18,-3.7209876052736717e-16,25.49805426356589,-3.0,0,True,False,False,1
100000002916006100,peripheral,0.5,34,0.0,"seed, outbound only: out_deg=1, out=32,000 KZT; inflow not observable by collection design",0,1,0.0,32000.0,0,1,0.0002855692942172902,0.0,-8.78216372081626e-19,,,0,True,False,False,0
100000003016635100,distributor,0.7,20,0.1225,"out_deg=73 receivers, out=9,414,081 KZT over 151 transfers",8,73,586981.0,9414081.0,36,151,0.001189636334387764,1.249079105106922e-05,0.015842594967054868,16.038135817002594,-1.0,0,True,False,False,0
100000003200071100,peripheral,0.5,40,0.0,"seed, outbound only: out_deg=1, out=30,000 KZT; inflow not observable by collection design",0,1,0.0,30000.0,0,1,0.0002855692942172902,0.0,-2.347623865126829e-19,,,0,True,False,False,14
100000003265658100,peripheral,0.1,2,0.0,"no transfer observed in either direction in the window, so nothing about this account's behaviour is measurable here; depth=0, already known to the investigation",0,0,0.0,0.0,0,0,0.0002855692942172902,0.0,0.0,,,0,True,False,True,17
100000003349739100,peripheral,0.1,3,0.0,"no transfer observed in either direction in the window, so nothing about this account's behaviour is measurable here; depth=0, already known to the investigation",0,0,0.0,0.0,0,0,0.0002855692942172902,0.0,0.0,,,0,True,False,True,18
100000003684369100,distributor,0.7,24,0.4782,"out_deg=62 receivers, out=8,588,655 KZT over 67 transfers",24,62,3848436.0,8588655.0,58,67,0.002020291208486861,0.0013537174513606589,0.024746163659923794,2.2317260830113845,3.0,0,True,False,False,0
100000003770083100,peripheral,0.1,4,0.0,"no transfer observed in either direction in the window, so nothing about this account's behaviour is measurable here; depth=0, already known to the investigation",0,0,0.0,0.0,0,0,0.0002855692942172902,0.0,0.0,,,0,True,False,True,19
100000003975102100,peripheral,0.4,20,0.0031,"no rule threshold met: in_deg=1, out_deg=2, in=25,650, out=88,500 KZT",1,2,25650.0,88500.0,1,2,0.00034546521801697994,-2.4880253431252885e-18,4.642704712324828e-07,3.4502923976608186,-15.0,0,True,False,False,0
100000003977183100,peripheral,0.4,29,0.0068,"no rule threshold met: in_deg=2, out_deg=4, in=123,800, out=766,000 KZT",2,4,123800.0,766000.0,2,6,0.0003314603816994432,4.200664191209409e-05,4.95192590025565e-05,6.187399030694669,-6.0,0,True,False,False,0
100000004007116100,peripheral,0.4,41,0.0229,"no rule threshold met: in_deg=3, out_deg=4, in=764,704, out=148,000 KZT",3,4,764704.0,148000.0,24,6,0.0006277769573248414,-7.83307872280065e-18,-1.2059774164096684e-17,0.19353893794200108,9.0,0,True,False,False,2
100000004019124100,terminal,0.8,20,0.0209,"depth=0 < 4 and no outgoing: money arrives and stays; in=193,000 KZT over 3 transfers from 3 payers",3,0,193000.0,0.0,3,0,0.0012028680902033675,2.667322885135075e-08,0.0,0.0,,0,True,False,True,0
100000004021459100,peripheral,0.1,5,0.0,"no transfer observed in either direction in the window, so nothing about this account's behaviour is measurable here; depth=0, already known to the investigation",0,0,0.0,0.0,0,0,0.0002855692942172902,0.0,0.0,,,0,True,False,True,20
100000004041163100,peripheral,0.4,34,0.0263,"no rule threshold met: in_deg=1, out_deg=2, in=50,000, out=866,000 KZT",1,2,50000.0,866000.0,1,6,0.0020847480556725156,-5.515702773971273e-19,4.6424055325529803e-07,17.32,-14.0,0,True,False,False,0
100000004174835100,peripheral,0.1,6,0.0,"no transfer observed in either direction in the window, so nothing about this account's behaviour is measurable here; depth=0, already known to the investigation",0,0,0.0,0.0,0,0,0.0002855692942172902,0.0,0.0,,,0,True,False,True,21
100000004193835100,abstained_single_observation,0.0,20,0.0051,"abstained on a single observation: in_tx=1, out_tx=1, fewer than 3 transfers is not a stable ratio",1,1,47000.0,5000.0,1,1,0.000469930139695584,6.973423449957878e-11,4.6055822935878857e-07,0.10638297872340426,0.0,0,True,False,False,0
100000004269433100,peripheral,0.5,53,0.0,"seed, outbound only: out_deg=1, out=1,372,000 KZT; inflow not observable by collection design",0,1,0.0,1372000.0,0,67,0.0002855692942172902,0.0,-2.347623865126829e-19,,,0,True,False,False,0
100000004358004100,peripheral,0.5,24,0.0,"seed, outbound only: out_deg=11, out=980,850 KZT; inflow not observable by collection design",0,11,0.0,980850.0,0,17,0.0002855692942172902,0.0,0.003638172734635448,,,0,True,False,False,0
100000004388983100,peripheral,0.5,30,0.0,"seed, outbound only: out_deg=2, out=450,816 KZT; inflow not observable by collection design",0,2,0.0,450816.0,0,23,0.0002855692942172902,0.0,-9.009757596449287e-19,,,0,True,False,False,12
100000004714705100,peripheral,0.5,34,0.0,"seed, outbound only: out_deg=1, out=36,550 KZT; inflow not observable by collection design",0,1,0.0,36550.0,0,1,0.0002855692942172902,0.0,-2.347623865126829e-19,,,0,True,False,False,0
100000004723755100,peripheral,0.5,24,0.0,"seed, outbound only: out_deg=1, out=95,000 KZT; inflow not observable by collection design",0,1,0.0,95000.0,0,5,0.0002855692942172902,0.0,-4.504878798224643e-19,,,0,True,False,False,0
100000004813068100,peripheral,0.5,67,0.0,"seed, outbound only: out_deg=3, out=297,000 KZT; inflow not observable by collection design",0,3,0.0,297000.0,0,5,0.0002855692942172902,0.0,-1.98808325405983e-18,,,0,True,False,False,0
100000004971871100,peripheral,0.4,51,0.0083,"no rule threshold met: in_deg=1, out_deg=1, in=25,400, out=5,650 KZT",1,1,25400.0,5650.0,3,1,0.0007430293125206662,-1.0584136944965696e-18,-2.347623865126829e-19,0.22244094488188976,3.0,0,True,False,False,10
100000005017150100,peripheral,0.1,7,0.0,"no transfer observed in either direction in the window, so nothing about this account's behaviour is measurable here; depth=0, already known to the investigation",0,0,0.0,0.0,0,0,0.0002855692942172902,0.0,0.0,,,0,True,False,True,22
100000005087431100,peripheral,0.1,8,0.0,"no transfer observed in either direction in the window, so nothing about this account's behaviour is measurable here; depth=0, already known to the investigation",0,0,0.0,0.0,0,0,0.0002855692942172902,0.0,0.0,,,0,True,False,True,23
100000005235389100,peripheral,0.1,9,0.0,"no transfer observed in either direction in the window, so nothing about this account's behaviour is measurable here; depth=0, already known to the investigation",0,0,0.0,0.0,0,0,0.0002855692942172902,0.0,0.0,,,0,True,False,True,24
100000005264990100,peripheral,0.4,34,0.0032,"no rule threshold met: in_deg=1, out_deg=2, in=17,070, out=122,000 KZT",1,2,17070.0,122000.0,1,2,0.0003639962150845005,2.8874364319155937e-07,4.6424055325529803e-07,7.147041593438781,-7.0,0,True,False,False,0
100000005370580100,terminal,0.8,55,0.0031,"depth=0 < 4 and no outgoing: money arrives and stays; in=24,075 KZT over 1 transfers from 1 payer",1,0,24075.0,0.0,1,0,0.0003459684664848726,4.2599461439362225e-08,0.0,0.0,,0,True,False,True,0
100000005382566100,peripheral,0.4,34,0.0437,"no rule threshold met: in_deg=7, out_deg=1, in=393,066, out=50,000 KZT",7,1,393066.0,50000.0,11,1,0.0021132620521571092,1.0820738113055129e-06,-2.347623865126829e-19,0.12720510041570626,10.0,0,True,False,False,0
100000005386383100,peripheral,0.4,34,0.0075,"no rule threshold met: in_deg=2, out_deg=1, in=37,500, out=29,000 KZT",2,1,37500.0,29000.0,2,1,0.0005243332756978205,-2.6271775559433857e-18,4.6055822935878857e-07,0.7733333333333333,-6.0,0,True,False,False,0
100000005392290100,peripheral,0.5,27,0.0,"seed, outbound only: out_deg=1, out=81,465 KZT; inflow not observable by collection design",0,1,0.0,81465.0,0,1,0.0002855692942172902,0.0,-2.347623865126829e-19,,,0,True,False,False,15
100000005395727100,terminal,0.8,53,0.0033,"depth=0 < 4 and no outgoing: money arrives and stays; in=17,000 KZT over 1 transfers from 1 payer",1,0,17000.0,0.0,1,0,0.0003712067299561792,-1.5711443432498958e-18,0.0,0.0,,0,True,False,True,0
100000005409680100,terminal,0.8,57,0.0095,"depth=0 < 4 and no outgoing: money arrives and stays; in=55,060 KZT over 2 transfers from 2 payers",2,0,55060.0,0.0,2,0,0.0006335288187931603,3.5825206343680895e-05,0.0,0.0,,0,True,False,True,0
100000005417257100,peripheral,0.5,34,0.0,"seed, outbound only: out_deg=2, out=106,000 KZT; inflow not observable by collection design",0,2,0.0,106000.0,0,2,0.0002855692942172902,0.0,-9.009757596449287e-19,,,0,True,False,False,0
100000005454368100,terminal,0.8,55,0.006,"depth=0 < 4 and no outgoing: money arrives and stays; in=48,600 KZT over 2 transfers from 2 payers",2,0,48600.0,0.0,2,0,0.0003941929632081931,5.071743849081007e-06,0.0,0.0,,0,True,False,True,0
100000005480435100,peripheral,0.1,10,0.0,"no transfer observed in either direction in the window, so nothing about this account's behaviour is measurable here; depth=0, already known to the investigation",0,0,0.0,0.0,0,0,0.0002855692942172902,0.0,0.0,,,0,True,False,True,25
100000005485830100,peripheral,0.5,37,0.0,"seed, outbound only: out_deg=5, out=275,885 KZT; inflow not observable by collection design",0,5,0.0,275885.0,0,9,0.0002855692942172902,0.0,-5.3218400851879345e-18,,,0,True,False,False,5
100000005493505100,terminal,0.8,24,0.011,"depth=0 < 4 and no outgoing: money arrives and stays; in=62,020 KZT over 3 transfers from 3 payers",3,0,62020.0,0.0,3,0,0.0006174200765778768,4.328893644793048e-08,0.0,0.0,,0,True,False,True,0
100000005495722100,peripheral,0.1,11,0.0,"no transfer observed in either direction in the window, so nothing about this account's behaviour is measurable here; depth=0, already known to the investigation",0,0,0.0,0.0,0,0,0.0002855692942172902,0.0,0.0,,,0,True,False,True,26
100000005498992100,peripheral,0.5,80,0.0,"seed, outbound only: out_deg=16, out=2,262,868 KZT; inflow not observable by collection design",0,16,0.0,2262868.0,0,19,0.0002855692942172902,0.0,0.0012206418473347691,,,0,True,False,False,0
100000005519347100,peripheral,0.4,20,0.0085,"no rule threshold met: in_deg=2, out_deg=1, in=73,100, out=99,000 KZT",2,1,73100.0,99000.0,2,1,0.0005567200012967682,-3.47250432214681e-18,1.135280691826246e-08,1.3543091655266757,10.0,0,True,False,False,0
100000005523088100,terminal,0.8,34,0.0324,"depth=0 < 4 and no outgoing: money arrives and stays; in=700,000 KZT over 2 transfers from 1 payer",1,0,700000.0,0.0,2,0,0.0017206377268585364,8.651558042301998e-09,0.0,0.0,,0,True,False,True,0
100000005543136100,peripheral,0.5,24,0.0,"seed, outbound only: out_deg=1, out=10,000 KZT; inflow not observable by collection design",0,1,0.0,10000.0,0,1,0.0002855692942172902,0.0,1.8424876115641386e-08,,,0,True,False,False,0
100000005550592100,peripheral,0.1,12,0.0,"no transfer observed in either direction in the window, so nothing about this account's behaviour is measurable here; depth=0, already known to the investigation",0,0,0.0,0.0,0,0,0.0002855692942172902,0.0,0.0,,,0,True,False,True,27
100000005560900100,peripheral,0.1,13,0.0,"no transfer observed in either direction in the window, so nothing about this account's behaviour is measurable here; depth=0, already known to the investigation",0,0,0.0,0.0,0,0,0.0002855692942172902,0.0,0.0,,,0,True,False,True,28
100000005568407100,peripheral,0.1,14,0.0,"no transfer observed in either direction in the window, so nothing about this account's behaviour is measurable here; depth=0, already known to the investigation",0,0,0.0,0.0,0,0,0.0002855692942172902,0.0,0.0,,,0,True,False,True,29
100000005668605100,terminal,0.8,34,0.0145,"depth=0 < 4 and no outgoing: money arrives and stays; in=94,500 KZT over 3 transfers from 3 payers",3,0,94500.0,0.0,3,0,0.0008383018688148909,2.928720722885225e-06,0.0,0.0,,0,True,False,True,0
100000005744674100,peripheral,0.5,34,0.0,"seed, outbound only: out_deg=1, out=50,066 KZT; inflow not observable by collection design",0,1,0.0,50066.0,0,2,0.0002855692942172902,0.0,4.6055822935878857e-07,,,0,True,False,False,0
100000006232815100,peripheral,0.4,25,0.0081,"no rule threshold met: in_deg=1, out_deg=5, in=160,000, out=296,500 KZT",1,5,160000.0,296500.0,2,5,0.0005566536352336254,-1.5569893857636381e-18,-5.7431047588493664e-18,1.853125,-10.0,0,True,False,False,3
100000006249740100,peripheral,0.5,15,0.0,"seed, outbound only: out_deg=3, out=93,007 KZT; inflow not observable by collection design",0,3,0.0,93007.0,0,5,0.0002855692942172902,0.0,-2.197933954730211e-18,,,0,True,False,False,8
100000006831291100,peripheral,0.5,15,0.0,"seed, outbound only: out_deg=1, out=15,000 KZT; inflow not observable by collection design",0,1,0.0,15000.0,0,3,0.0002855692942172902,0.0,-8.76121763524916e-19,,,0,True,False,False,8
100000006866783100,distributor,0.7,47,0.1729,"out_deg=67 receivers, out=3,948,037 KZT over 90 transfers",13,67,838812.0,3948037.0,31,90,0.0008703719471293999,0.0006837652775653673,0.11545872592100198,4.706700667133994,0.0,0,True,False,False,0
100000007018630100,peripheral,0.5,28,0.0,"seed, outbound only: out_deg=1, out=200,000 KZT; inflow not observable by collection design",0,1,0.0,200000.0,0,5,0.0002855692942172902,0.0,-2.347623865126829e-19,,,0,True,False,False,13
100000007747786100,peripheral,0.5,29,0.0,"seed, outbound only: out_deg=31, out=4,238,009 KZT; inflow not observable by collection design",0,31,0.0,4238009.4,0,35,0.0002855692942172902,0.0,0.00023295930000682676,,,0,True,False,False,0
100000007982728100,peripheral,0.5,29,0.0,"seed, outbound only: out_deg=8, out=1,804,384 KZT; inflow not observable by collection design",0,8,0.0,1804384.0,0,12,0.0002855692942172902,0.0,0.0021944642459760405,,,0,True,False,False,0
100000008117324100,peripheral,0.1,16,0.0,"no transfer observed in either direction in the window, so nothing about this account's behaviour is measurable here; depth=0, already known to the investigation",0,0,0.0,0.0,0,0,0.0002855692942172902,0.0,0.0,,,0,True,False,True,30
100000008205000100,peripheral,0.1,17,0.0,"no transfer observed in either direction in the window, so nothing about this account's behaviour is measurable here; depth=0, already known to the investigation",0,0,0.0,0.0,0,0,0.0002855692942172902,0.0,0.0,,,0,True,False,True,31
100000008314203100,transit,0.7,66,0.0433,"pass_through=0.86: in=382,076, out=327,000 KZT, dwell=-5d",2,2,382076.0,327000.0,10,13,0.000502990862402695,1.0094203836538232e-06,4.055189449426658e-05,0.8558506684533967,-5.0,0,True,False,False,0
100000008418835100,peripheral,0.4,53,0.0279,"no rule threshold met: in_deg=1, out_deg=4, in=1,372,000, out=186,179 KZT",1,4,1372000.0,186179.0,67,6,0.0005285862410602071,-5.515702773971273e-19,0.00012847887531501834,0.13569897959183674,11.0,0,True,False,False,0
100000008513251100,peripheral,0.1,18,0.0,"no transfer observed in either direction in the window, so nothing about this account's behaviour is measurable here; depth=0, already known to the investigation",0,0,0.0,0.0,0,0,0.0002855692942172902,0.0,0.0,,,0,True,False,True,32
100000008516839100,terminal,0.8,34,0.0185,"depth=0 < 4 and no outgoing: money arrives and stays; in=155,000 KZT over 4 transfers from 3 payers",3,0,155000.0,0.0,4,0,0.0010695838614429936,-2.063354590824079e-18,0.0,0.0,,0,True,False,True,0
100000008522127100,peripheral,0.5,26,0.0,"seed, outbound only: out_deg=1, out=145,000 KZT; inflow not observable by collection design",0,1,0.0,145000.0,0,3,0.0002855692942172902,0.0,-4.504878798224643e-19,,,0,True,False,False,0
100000008571433100,peripheral,0.4,38,0.0272,"no rule threshold met: in_deg=2, out_deg=2, in=350,000, out=1,434,000 KZT",2,2,350000.0,1434000.0,2,3,0.0016264807087207852,-2.0622405754924825e-18,-1.121123258010362e-18,4.097142857142857,1.0,0,True,False,False,9
100000008575624100,peripheral,0.5,56,0.0,"seed, outbound only: out_deg=3, out=89,500 KZT; inflow not observable by collection design",0,3,0.0,89500.0,0,5,0.0002855692942172902,0.0,-2.6045581215125995e-18,,,0,True,False,False,6
100000008601794100,peripheral,0.4,19,0.0393,"no rule threshold met: in_deg=2, out_deg=1, in=494,400, out=871,400 KZT",2,1,494400.0,871400.0,8,13,0.0023677797580180984,-2.0622405754924825e-18,-2.347623865126829e-19,1.7625404530744337,-13.0,0,True,False,False,11
100000008637537100,peripheral,0.4,66,0.0239,"no rule threshold met: in_deg=3, out_deg=3, in=619,890, out=2,351,495 KZT",3,3,619890.0,2351495.0,22,30,0.000828733153434527,9.450604459427464e-05,7.634003709733999e-07,3.793406894771653,0.0,0,True,False,False,0
100000008650785100,peripheral,0.4,20,0.0096,"no rule threshold met: in_deg=2, out_deg=2, in=92,000, out=120,120 KZT",2,2,92000.0,120120.0,2,2,0.0006125210138081797,8.721849826348395e-09,-1.915479055020413e-18,1.3056521739130436,1.0,0,True,False,False,0
100000008654653100,peripheral,0.5,20,0.0,"seed, outbound only: out_deg=1, out=54,000 KZT; inflow not observable by collection design",0,1,0.0,54000.0,0,1,0.0002855692942172902,0.0,1.135280691826246e-08,,,0,True,False,False,0
100000008659445100,peripheral,0.4,21,0.036,"no rule threshold met: in_deg=3, out_deg=4, in=138,490, out=875,150 KZT",3,4,138490.0,875150.0,7,18,0.0024238038911821155,-4.16381355214536e-18,-7.479972074193085e-18,6.319228825185934,7.0,0,True,False,False,7
100000008669037100,peripheral,0.1,22,0.0,"no transfer observed in either direction in the window, so nothing about this account's behaviour is measurable here; depth=0, already known to the investigation",0,0,0.0,0.0,0,0,0.0002855692942172902,0.0,0.0,,,0,True,False,True,33
100000008673001100,terminal,0.8,34,0.0056,"depth=0 < 4 and no outgoing: money arrives and stays; in=80,000 KZT over 1 transfers from 1 payer",1,0,80000.0,0.0,1,0,0.0004689783107025104,-1.0584136944965696e-18,0.0,0.0,,0,True,False,True,0
100000008680731100,peripheral,0.5,43,0.0,"seed, outbound only: out_deg=27, out=1,464,354 KZT; inflow not observable by collection design",0,27,0.0,1464354.0,0,28,0.0002855692942172902,0.0,0.0005419654118780042,,,0,True,False,False,0
100000008701222100,peripheral,0.1,23,0.0,"no transfer observed in either direction in the window, so nothing about this account's behaviour is measurable here; depth=0, already known to the investigation",0,0,0.0,0.0,0,0,0.0002855692942172902,0.0,0.0,,,0,True,False,True,34
100000008738325100,abstained_single_observation,0.0,34,0.0057,"abstained on a single observation: in_tx=1, out_tx=1, fewer than 3 transfers is not a stable ratio",1,1,36550.0,54000.0,1,1,0.0005285862410602071,-5.515702773971273e-19,1.2465382826251366e-06,1.4774281805745555,-2.0,0,True,False,False,0
100000003134937100,terminal,0.8,20,0.0046,"depth=1 < 4 and no outgoing: money arrives and stays; in=10,286 KZT over 1 transfers from 1 payer",1,0,10286.0,0.0,1,0,0.00028667522491586535,0.00029524161332084226,0.0,0.0,,1,False,False,True,0
100000005074393100,coordinator,0.5,55,0.111,"both sides active: in_deg=4, out_deg=6, in=563,026, out=685,500 KZT",4,6,563026.0,685500.0,5,10,0.0010600834163353916,0.00073229186022765,2.616706433351579e-06,1.2175281425724567,-3.0,1,False,False,False,0
100000001924185100,terminal,0.8,33,0.0116,"depth=1 < 4 and no outgoing: money arrives and stays; in=151,000 KZT over 2 transfers from 2 payers",2,0,151000.0,0.0,2,0,0.00031021987602786454,0.0005839675713304694,0.0,0.0,,1,False,False,True,0
100000004070318100,coordinator,0.5,47,0.2266,"both sides active: in_deg=4, out_deg=19, in=207,247, out=551,860 KZT",4,19,207246.55,551860.0,6,37,0.0003141223476175547,0.006655303540804896,0.00497721819234987,2.662818753798314,-1.0,1,False,False,False,0
100000005807278100,terminal,0.8,37,0.0021,"depth=1 < 4 and no outgoing: money arrives and stays; in=8,385 KZT over 1 transfers from 1 payer",1,0,8385.0,0.0,1,0,0.00029295533223776195,-2.500714748775719e-18,0.0,0.0,,1,False,False,True,5
100000003377795100,terminal,0.8,29,0.002,"depth=1 < 4 and no outgoing: money arrives and stays; in=7,000 KZT over 1 transfers from 1 payer",1,0,7000.0,0.0,1,0,0.0002859706898885458,4.3414150090396185e-06,0.0,0.0,,1,False,False,True,0
100000004330371100,peripheral,0.4,20,0.0234,"no rule threshold met: in_deg=2, out_deg=2, in=264,171, out=90,681 KZT",2,2,264171.0,90681.0,12,6,0.0012542719301566058,0.00029760217313452733,5.3589059152563825e-06,0.3432662934235779,0.0,1,False,False,False,0
100000008165763100,transit,0.7,24,0.2126,"pass_through=1.09: in=1,165,815, out=1,267,858 KZT, dwell=-2d",15,17,1165815.0,1267858.0,26,17,0.0009102399259160779,0.0009408997842647564,0.00766085930298579,1.087529324978663,-2.0,1,False,False,False,0
100000001684867100,terminal,0.8,20,0.0049,"depth=1 < 4 and no outgoing: money arrives and stays; in=30,550 KZT over 1 transfers from 1 payer",1,0,30550.0,0.0,1,0,0.0002888539707525294,0.00029524161332084226,0.0,0.0,,1,False,False,True,0
100000003900547100,terminal,0.8,20,0.0048,"depth=1 < 4 and no outgoing: money arrives and stays; in=23,700 KZT over 1 transfers from 1 payer",1,0,23700.0,0.0,1,0,0.00028811747208587187,0.00029524161332084226,0.0,0.0,,1,False,False,True,0
100000006656003100,abstained_single_observation,0.0,46,0.0023,"abstained on a single observation: in_tx=1, out_tx=1, fewer than 3 transfers is not a stable ratio",1,1,20000.0,9000.0,1,1,0.00028976705994767336,-7.530357151555147e-18,-1.757512425183613e-18,0.45,0.0,1,False,False,False,1
100000008237827100,terminal,0.8,24,0.0066,"depth=1 < 4 and no outgoing: money arrives and stays; in=40,001 KZT over 1 transfers from 1 payer",1,0,40001.0,0.0,1,0,0.0002935789518042098,0.0004611679650745792,0.0,0.0,,1,False,False,True,0
100000003014659100,terminal,0.8,33,0.0081,"depth=1 < 4 and no outgoing: money arrives and stays; in=280,000 KZT over 1 transfers from 1 payer",1,0,280000.0,0.0,1,0,0.0003280369433880586,0.00012279960625588996,0.0,0.0,,1,False,False,True,0
100000007939160100,peripheral,0.4,1,0.0201,"no rule threshold met: in_deg=1, out_deg=2, in=795,000, out=14,300 KZT",1,2,795000.0,14300.0,2,2,0.0006653456234025163,-1.5569893857636381e-18,-1.3433151468388487e-18,0.017987421383647798,-11.0,1,False,False,False,4
100000007274584100,terminal,0.8,24,0.0065,"depth=1 < 4 and no outgoing: money arrives and stays; in=38,000 KZT over 1 transfers from 1 payer",1,0,38000.0,0.0,1,0,0.0002931782787002518,0.0004611679650745792,0.0,0.0,,1,False,False,True,0
100000001524952100,terminal,0.8,47,0.0222,"depth=1 < 4 and no outgoing: money arrives and stays; in=103,807 KZT over 1 transfers from 1 payer",1,0,103807.0,0.0,1,0,0.0003050489293103606,0.002151681626890837,0.0,0.0,,1,False,False,True,0
100000003131693100,terminal,0.8,24,0.0126,"depth=1 < 4 and no outgoing: money arrives and stays; in=353,277 KZT over 1 transfers from 1 payer",1,0,353277.0,0.0,1,0,0.00035630822082748,0.0004611679650745792,0.0,0.0,,1,False,False,True,0
100000008383405100,terminal,0.8,67,0.0026,"depth=1 < 4 and no outgoing: money arrives and stays; in=25,000 KZT over 2 transfers from 1 payer",1,0,25000.0,0.0,2,0,0.0003060252661737647,-1.5569893857636381e-18,0.0,0.0,,1,False,False,True,0
100000008736173100,terminal,0.8,46,0.0025,"depth=1 < 4 and no outgoing: money arrives and stays; in=31,060 KZT over 1 transfers from 1 payer",1,0,31060.0,0.0,1,0,0.00029208842439657525,-7.530357151555147e-18,0.0,0.0,,1,False,False,True,1
100000002861485100,terminal,0.8,20,0.0049,"depth=1 < 4 and no outgoing: money arrives and stays; in=29,323 KZT over 1 transfers from 1 payer",1,0,29323.0,0.0,1,0,0.00028872204610085224,0.00029524161332084226,0.0,0.0,,1,False,False,True,0
100000008745474100,terminal,0.8,46,0.0027,"depth=1 < 4 and no outgoing: money arrives and stays; in=40,559 KZT over 1 transfers from 1 payer",1,0,40559.0,0.0,1,0,0.00029408215323022076,-7.530357151555147e-18,0.0,0.0,,1,False,False,True,1
100000008691330100,terminal,0.8,46,0.0023,"depth=1 < 4 and no outgoing: money arrives and stays; in=21,440 KZT over 1 transfers from 1 payer",1,0,21440.0,0.0,1,0,0.00029006929908026094,-7.530357151555147e-18,0.0,0.0,,1,False,False,True,1
100000007639767100,coordinator,0.5,47,0.2017,"both sides active: in_deg=4, out_deg=10, in=90,913, out=822,244 KZT",4,10,90913.0,822244.0,4,13,0.0003014400392272213,0.006025939301765347,0.002597445933157045,9.044295095310902,-7.0,1,False,False,False,0
100000002921047100,peripheral,0.4,29,0.0098,"no rule threshold met: in_deg=2, out_deg=1, in=338,000, out=163,000 KZT",2,1,338000.0,163000.02,2,1,0.00031704809387447764,5.617563035295538e-06,-2.347623865126829e-19,0.48224857988165676,17.0,1,False,False,False,0
100000004783447100,terminal,0.8,46,0.0024,"depth=1 < 4 and no outgoing: money arrives and stays; in=26,200 KZT over 1 transfers from 1 payer",1,0,26200.0,0.0,1,0,0.00029106836732409216,-7.530357151555147e-18,0.0,0.0,,1,False,False,True,1
100000008696919100,terminal,0.8,46,0.0025,"depth=1 < 4 and no outgoing: money arrives and stays; in=31,945 KZT over 1 transfers from 1 payer",1,0,31945.0,0.0,1,0,0.0002922741755301447,-7.530357151555147e-18,0.0,0.0,,1,False,False,True,1
100000008736940100,peripheral,0.4,21,0.0411,"no rule threshold met: in_deg=3, out_deg=3, in=451,090, out=182,100 KZT",3,3,451090.0,182100.0,13,6,0.0024141567490764573,-4.616444104077876e-18,-5.536360728131033e-18,0.40368884258130305,0.0,1,False,False,False,7
100000005940652100,terminal,0.8,66,0.002,"depth=1 < 4 and no outgoing: money arrives and stays; in=8,395 KZT over 1 transfers from 1 payer",1,0,8395.0,0.0,1,0,0.00028808836221548334,1.4226681776652755e-08,0.0,0.0,,1,False,False,True,0
100000004180097100,peripheral,0.4,47,0.0335,"no rule threshold met: in_deg=3, out_deg=3, in=104,854, out=47,800 KZT",3,3,104854.0,47800.0,5,7,0.0008565318930578556,0.0021866488045282156,7.623101045105765e-06,0.4558719743643542,11.0,1,False,False,False,0
100000005539201100,abstained_single_observation,0.0,20,0.0052,"abstained on a single observation: in_tx=1, out_tx=1, fewer than 3 transfers is not a stable ratio",1,1,45504.0,25000.0,1,1,0.000290461795724967,0.00029524161332084226,-2.347623865126829e-19,0.5494022503516175,-4.0,1,False,False,False,0
100000005620225100,terminal,0.8,47,0.0285,"depth=1 < 4 and no outgoing: money arrives and stays; in=49,846 KZT over 2 transfers from 2 payers",2,0,49845.66,0.0,2,0,0.0002962362431450003,0.0027944973115175977,0.0,0.0,,1,False,False,True,0
100000004388353100,terminal,0.8,33,0.0068,"depth=1 < 4 and no outgoing: money arrives and stays; in=62,960 KZT over 2 transfers from 2 payers",2,0,62960.0,0.0,2,0,0.000340759074079163,0.000151901477710622,0.0,0.0,,1,False,False,True,0
100000007442518100,coordinator,0.5,62,0.2313,"both sides active: in_deg=5, out_deg=9, in=510,000, out=4,419,999 KZT",5,9,510000.0,4419999.0,8,12,0.0006487732246506209,0.0054932567741546945,2.0802215632682268e-05,8.666664705882352,11.0,1,False,False,False,0
100000000267734100,peripheral,0.4,29,0.0101,"no rule threshold met: in_deg=2, out_deg=7, in=180,000, out=282,000 KZT",2,7,180000.0,282000.0,4,8,0.0005373190777888414,4.376405902721427e-06,-1.0363442952550371e-17,1.5666666666666667,14.0,1,False,False,False,0
100000001987030100,peripheral,0.4,53,0.0072,"no rule threshold met: in_deg=2, out_deg=1, in=30,864, out=19,000 KZT",2,1,30864.0,19000.0,2,1,0.0002938727535543698,0.00033091796293033737,1.8969132871425629e-06,0.6156039398652151,13.0,1,False,False,False,0
100000002603478100,terminal,0.8,43,0.0024,"depth=1 < 4 and no outgoing: money arrives and stays; in=23,500 KZT over 1 transfers from 1 payer",1,0,23500.0,0.0,1,0,0.00028946923798144053,1.0100033668705065e-05,0.0,0.0,,1,False,False,True,0
100000001380054100,peripheral,0.4,25,0.0115,"no rule threshold met: in_deg=2, out_deg=3, in=127,050, out=360,000 KZT",2,3,127050.0,360000.0,2,4,0.0007164305424822346,-3.4523559615285018e-18,-1.98808325405983e-18,2.833530106257379,0.0,1,False,False,False,3
100000002992171100,terminal,0.8,46,0.0022,"depth=1 < 4 and no outgoing: money arrives and stays; in=14,627 KZT over 1 transfers from 1 payer",1,0,14627.0,0.0,1,0,0.0002886393301842059,-7.530357151555147e-18,0.0,0.0,,1,False,False,True,1
100000002781227100,transit,0.7,26,0.1125,"pass_through=1.11: in=191,168, out=212,420 KZT, dwell=11d",2,3,191167.62,212420.0,8,10,0.0023265921896669477,-1.0584136944965696e-18,2.6559289169044026e-06,1.1111714421092862,11.0,1,False,False,False,0
100000008745643100,terminal,0.8,46,0.0023,"depth=1 < 4 and no outgoing: money arrives and stays; in=20,313 KZT over 1 transfers from 1 payer",1,0,20313.0,0.0,1,0,0.0002898327549813539,-7.530357151555147e-18,0.0,0.0,,1,False,False,True,1
100000002836736100,terminal,0.8,29,0.0145,"depth=1 < 4 and no outgoing: money arrives and stays; in=509,000 KZT over 2 transfers from 2 payers",2,0,509000.0,0.0,2,0,0.0004517900546889046,5.452157877816833e-06,0.0,0.0,,1,False,False,True,0
100000004188160100,peripheral,0.4,20,0.0082,"no rule threshold met: in_deg=2, out_deg=5, in=87,862, out=133,846 KZT",2,5,87862.0,133846.0,5,6,0.0002968274021349173,0.00033091796293033737,9.609308633688412e-05,1.5233661878855478,18.0,1,False,False,False,0
100000004841728100,terminal,0.8,46,0.0029,"depth=1 < 4 and no outgoing: money arrives and stays; in=52,208 KZT over 1 transfers from 1 payer",1,0,52208.0,0.0,1,0,0.00029652714187988245,-7.530357151555147e-18,0.0,0.0,,1,False,False,True,1
100000001554432100,terminal,0.8,24,0.0068,"depth=1 < 4 and no outgoing: money arrives and stays; in=53,920 KZT over 1 transfers from 1 payer",1,0,53920.0,0.0,1,0,0.00029636604272574514,0.0004611679650745792,0.0,0.0,,1,False,False,True,0
100000008768896100,terminal,0.8,46,0.0028,"depth=1 < 4 and no outgoing: money arrives and stays; in=47,060 KZT over 1 transfers from 1 payer",1,0,47060.0,0.0,1,0,0.0002954466369808818,-7.530357151555147e-18,0.0,0.0,,1,False,False,True,1
100000008232832100,peripheral,0.4,66,0.0102,"no rule threshold met: in_deg=1, out_deg=1, in=337,000, out=138,000 KZT",1,1,337000.0,138000.0,2,1,0.0004942271899045263,9.95193701877155e-07,1.232445872335875e-05,0.4094955489614243,-7.0,1,False,False,False,0
100000002864256100,terminal,0.8,24,0.0084,"depth=1 < 4 and no outgoing: money arrives and stays; in=135,780 KZT over 1 transfers from 1 payer",1,0,135780.0,0.0,1,0,0.00031275739719351445,0.0004611679650745792,0.0,0.0,,1,False,False,True,0
100000001929088100,terminal,0.8,29,0.011,"depth=1 < 4 and no outgoing: money arrives and stays; in=396,010 KZT over 2 transfers from 2 payers",2,0,396010.0,0.0,2,0,0.0003175873990634118,2.708922046915769e-05,0.0,0.0,,1,False,False,True,0
100000002794197100,terminal,0.8,29,0.0024,"depth=1 < 4 and no outgoing: money arrives and stays; in=30,100 KZT over 1 transfers from 1 payer",1,0,30100.0,0.0,1,0,0.00028729529560368917,4.3414150090396185e-06,0.0,0.0,,1,False,False,True,0
100000005669845100,terminal,0.8,25,0.0026,"depth=1 < 4 and no outgoing: money arrives and stays; in=20,000 KZT over 1 transfers from 1 payer",1,0,20000.0,0.0,1,0,0.00031753584489255785,-2.510243011407876e-18,0.0,0.0,,1,False,False,True,3
100000002211413100,terminal,0.8,46,0.0026,"depth=1 < 4 and no outgoing: money arrives and stays; in=37,000 KZT over 1 transfers from 1 payer",1,0,37000.0,0.0,1,0,0.00029333516081849907,-7.530357151555147e-18,0.0,0.0,,1,False,False,True,1
100000002784085100,terminal,0.8,80,0.0057,"depth=1 < 4 and no outgoing: money arrives and stays; in=200,000 KZT over 1 transfers from 1 payer",1,0,200000.0,0.0,1,0,0.0003070479617173757,2.274780546011801e-05,0.0,0.0,,1,False,False,True,0
100000008782421100,terminal,0.8,46,0.0028,"depth=1 < 4 and no outgoing: money arrives and stays; in=49,680 KZT over 1 transfers from 1 payer",1,0,49680.0,0.0,1,0,0.00029599654429156205,-7.530357151555147e-18,0.0,0.0,,1,False,False,True,1
100000003739818100,terminal,0.8,24,0.0069,"depth=1 < 4 and no outgoing: money arrives and stays; in=57,293 KZT over 1 transfers from 1 payer",1,0,57293.0,0.0,1,0,0.00029704144021682486,0.0004611679650745792,0.0,0.0,,1,False,False,True,0
100000002214570100,terminal,0.8,46,0.0024,"depth=1 < 4 and no outgoing: money arrives and stays; in=26,471 KZT over 1 transfers from 1 payer",1,0,26471.0,0.0,1,0,0.00029112524704973884,-7.530357151555147e-18,0.0,0.0,,1,False,False,True,1
100000006443391100,peripheral,0.4,80,0.0353,"no rule threshold met: in_deg=3, out_deg=2, in=86,776, out=60,042 KZT",3,2,86775.93,60041.71000000001,7,6,0.0024195077535015346,2.3115980147420656e-05,-9.009757596449287e-19,0.6919166409394865,8.0,1,False,False,False,0
100000005473151100,peripheral,0.4,49,0.0284,"no rule threshold met: in_deg=3, out_deg=4, in=1,220,000, out=225,000 KZT",3,4,1220000.0,225000.0,4,6,0.0004682674337196505,6.247986024184057e-06,-3.463019716723573e-18,0.18442622950819673,-4.0,1,False,False,False,0
100000005124479100,peripheral,0.4,47,0.0198,"no rule threshold met: in_deg=2, out_deg=2, in=137,753, out=22,000 KZT",2,2,137753.0,22000.0,2,2,0.00030323005398091857,0.0015931064087231896,-1.121123258010362e-18,0.15970614070110994,-7.0,1,False,False,False,0
100000005527892100,peripheral,0.4,59,0.0359,"no rule threshold met: in_deg=3, out_deg=8, in=220,001, out=552,419 KZT",3,8,220001.0,552419.0,3,8,0.00031243167214620995,0.0030873352842451713,3.0608802363865186e-06,2.510984040981632,4.0,1,False,False,False,0
100000008028628100,terminal,0.8,46,0.003,"depth=1 < 4 and no outgoing: money arrives and stays; in=57,224 KZT over 1 transfers from 1 payer",1,0,57224.0,0.0,1,0,0.0002975799415250626,-7.530357151555147e-18,0.0,0.0,,1,False,False,True,1
100000001953577100,terminal,0.8,46,0.0022,"depth=1 < 4 and no outgoing: money arrives and stays; in=15,600 KZT over 1 transfers from 1 payer",1,0,15600.0,0.0,1,0,0.0002888435514869891,-7.530357151555147e-18,0.0,0.0,,1,False,False,True,1
100000008193577100,peripheral,0.4,21,0.0188,"no rule threshold met: in_deg=2, out_deg=5, in=154,300, out=480,180 KZT",2,5,154300.0,480180.0,6,16,0.0012389478209868744,-3.2504119892461857e-18,-8.85686566906354e-18,3.1119896305897603,-14.0,1,False,False,False,7
100000008753193100,terminal,0.8,46,0.0026,"depth=1 < 4 and no outgoing: money arrives and stays; in=35,225 KZT over 1 transfers from 1 payer",1,0,35225.0,0.0,1,0,0.00029296260910992755,-7.530357151555147e-18,0.0,0.0,,1,False,False,True,1
100000008746025100,terminal,0.8,46,0.0023,"depth=1 < 4 and no outgoing: money arrives and stays; in=22,000 KZT over 1 transfers from 1 payer",1,0,22000.0,0.0,1,0,0.0002901868365207117,-7.530357151555147e-18,0.0,0.0,,1,False,False,True,1
100000002934441100,terminal,0.8,47,0.0288,"depth=1 < 4 and no outgoing: money arrives and stays; in=60,846 KZT over 2 transfers from 2 payers",2,0,60845.6,0.0,2,0,0.00030248130107500483,0.0027944973115175977,0.0,0.0,,1,False,False,True,0
100000003701161100,peripheral,0.4,44,0.0542,"no rule threshold met: in_deg=4, out_deg=3, in=1,527,103, out=349,000 KZT",4,3,1527103.0,349000.0,13,7,0.001648816162632477,0.000393519224641684,2.7773114874898107e-06,0.22853730232996727,2.0,1,False,False,False,0
100000006707582100,peripheral,0.4,33,0.0079,"no rule threshold met: in_deg=2, out_deg=14, in=39,520, out=961,138 KZT",2,14,39520.0,961138.0,2,15,0.0005380556485142938,2.2929682109600445e-05,0.0012464161695834176,24.320293522267207,-1.0,1,False,False,False,0
100000003239379100,terminal,0.8,43,0.0037,"depth=1 < 4 and no outgoing: money arrives and stays; in=92,500 KZT over 1 transfers from 1 payer",1,0,92500.0,0.0,1,0,0.00030092013669320096,1.0100033668705065e-05,0.0,0.0,,1,False,False,True,0
100000000979923100,terminal,0.8,33,0.0047,"depth=1 < 4 and no outgoing: money arrives and stays; in=97,900 KZT over 1 transfers from 1 payer",1,0,97900.0,0.0,1,0,0.00030041780440949814,0.00012279960625588996,0.0,0.0,,1,False,False,True,0
100000001111763100,terminal,0.8,46,0.0022,"depth=1 < 4 and no outgoing: money arrives and stays; in=17,144 KZT over 1 transfers from 1 payer",1,0,17144.0,0.0,1,0,0.0002891676190013747,-7.530357151555147e-18,0.0,0.0,,1,False,False,True,1
100000003865939100,terminal,0.8,27,0.0064,"depth=1 < 4 and no outgoing: money arrives and stays; in=81,465 KZT over 1 transfers from 1 payer",1,0,81465.0,0.0,1,0,0.0005285862410602071,-5.515702773971273e-19,0.0,0.0,,1,False,False,True,15
100000002858835100,terminal,0.8,46,0.0023,"depth=1 < 4 and no outgoing: money arrives and stays; in=24,400 KZT over 1 transfers from 1 payer",1,0,24400.0,0.0,1,0,0.0002906905684083577,-7.530357151555147e-18,0.0,0.0,,1,False,False,True,1
100000003404627100,terminal,0.8,66,0.0367,"depth=1 < 4 and no outgoing: money arrives and stays; in=877,700 KZT over 5 transfers from 4 payers",4,0,877700.0,0.0,5,0,0.0013785777125656792,2.895610842005639e-05,0.0,0.0,,1,False,False,True,0
100000008691027100,terminal,0.8,46,0.0022,"depth=1 < 4 and no outgoing: money arrives and stays; in=17,534 KZT over 1 transfers from 1 payer",1,0,17534.0,0.0,1,0,0.00028924947543311713,-7.530357151555147e-18,0.0,0.0,,1,False,False,True,1
100000004071080100,consolidator,0.7,47,0.3797,"in_deg=9 payers, in=238,600 KZT, pass_through=0.19",9,2,238600.0,46500.0,16,5,0.0013690045738923406,0.009263053882842239,0.0002780090576337448,0.19488683989941324,1.0,1,False,False,False,0
100000002864680100,terminal,0.8,43,0.003,"depth=1 < 4 and no outgoing: money arrives and stays; in=55,932 KZT over 1 transfers from 1 payer",1,0,55932.0,0.0,1,0,0.0002948514922860755,1.0100033668705065e-05,0.0,0.0,,1,False,False,True,0
100000001330685100,peripheral,0.4,90,0.1012,"no rule threshold met: in_deg=3, out_deg=1, in=2,435,923, out=100,500 KZT",3,1,2435923.0,100500.0,7,1,0.00043821602588479746,0.006229763140151138,-2.347623865126829e-19,0.04125746175063826,-9.0,1,False,False,False,0
100000008745725100,terminal,0.8,46,0.0028,"depth=1 < 4 and no outgoing: money arrives and stays; in=47,060 KZT over 1 transfers from 1 payer",1,0,47060.0,0.0,1,0,0.0002954466369808818,-7.530357151555147e-18,0.0,0.0,,1,False,False,True,1
100000002621949100,terminal,0.8,24,0.009,"depth=1 < 4 and no outgoing: money arrives and stays; in=164,612 KZT over 1 transfers from 1 payer",1,0,164612.0,0.0,1,0,0.00031853061405174465,0.0004611679650745792,0.0,0.0,,1,False,False,True,0
100000007908818100,coordinator,0.5,24,0.098,"both sides active: in_deg=4, out_deg=6, in=727,475, out=302,000 KZT",4,6,727475.0,302000.0,4,13,0.00047538119204737516,0.0008570152459958337,-7.848703329945302e-18,0.4151345407058662,-14.0,1,False,False,False,0
100000008691495100,terminal,0.8,46,0.0024,"depth=1 < 4 and no outgoing: money arrives and stays; in=27,000 KZT over 1 transfers from 1 payer",1,0,27000.0,0.0,1,0,0.0002912362779533075,-7.530357151555147e-18,0.0,0.0,,1,False,False,True,1
100000003832231100,terminal,0.8,24,0.0065,"depth=1 < 4 and no outgoing: money arrives and stays; in=35,000 KZT over 1 transfers from 1 payer",1,0,35000.0,0.0,1,0,0.00029257756939896534,0.0004611679650745792,0.0,0.0,,1,False,False,True,0
100000002371751100,peripheral,0.4,28,0.0084,"no rule threshold met: in_deg=1, out_deg=1, in=200,000, out=250,000 KZT",1,1,200000.0,250000.0,5,1,0.0005285862410602071,-5.515702773971273e-19,-2.347623865126829e-19,1.25,3.0,1,False,False,False,13
100000002894076100,terminal,0.8,29,0.0286,"depth=1 < 4 and no outgoing: money arrives and stays; in=1,122,782 KZT over 6 transfers from 4 payers",4,0,1122782.0,0.0,6,0,0.00038267994337591447,0.00013028097700293478,0.0,0.0,,1,False,False,True,0
100000001362940100,terminal,0.8,24,0.0074,"depth=1 < 4 and no outgoing: money arrives and stays; in=81,000 KZT over 1 transfers from 1 payer",1,0,81000.0,0.0,1,0,0.0003017884453520241,0.0004611679650745792,0.0,0.0,,1,False,False,True,0
100000008741372100,terminal,0.8,46,0.0026,"depth=1 < 4 and no outgoing: money arrives and stays; in=35,975 KZT over 1 transfers from 1 payer",1,0,35975.0,0.0,1,0,0.00029312002532481696,-7.530357151555147e-18,0.0,0.0,,1,False,False,True,1
100000002618492100,terminal,0.8,33,0.011,"depth=1 < 4 and no outgoing: money arrives and stays; in=296,500 KZT over 2 transfers from 2 payers",2,0,296500.0,0.0,2,0,0.00036902681066638786,0.00014602774038052074,0.0,0.0,,1,False,False,True,0
100000002750332100,terminal,0.8,80,0.0023,"depth=1 < 4 and no outgoing: money arrives and stays; in=11,360 KZT over 1 transfers from 1 payer",1,0,11360.0,0.0,1,0,0.00028678928253129504,2.274780546011801e-05,0.0,0.0,,1,False,False,True,0
100000004948177100,terminal,0.8,20,0.0175,"depth=1 < 4 and no outgoing: money arrives and stays; in=437,163 KZT over 8 transfers from 3 payers",3,0,437163.0,0.0,8,0,0.0004221580715489715,0.0003298403392395628,0.0,0.0,,1,False,False,True,0
100000002511825100,terminal,0.8,47,0.0214,"depth=1 < 4 and no outgoing: money arrives and stays; in=65,000 KZT over 1 transfers from 1 payer",1,0,65000.0,0.0,1,0,0.0002977667017240053,0.002151681626890837,0.0,0.0,,1,False,False,True,0
100000008566737100,terminal,0.8,47,0.0137,"depth=1 < 4 and no outgoing: money arrives and stays; in=230,000 KZT over 2 transfers from 2 payers",2,0,230000.0,0.0,2,0,0.00034946381190953304,0.0006222222245244111,0.0,0.0,,1,False,False,True,0
100000008661585100,terminal,0.8,46,0.0027,"depth=1 < 4 and no outgoing: money arrives and stays; in=43,141 KZT over 1 transfers from 1 payer",1,0,43141.0,0.0,1,0,0.0002946240847860133,-7.530357151555147e-18,0.0,0.0,,1,False,False,True,1
100000004759121100,peripheral,0.4,47,0.126,"no rule threshold met: in_deg=6, out_deg=2, in=710,000, out=312,000 KZT",6,2,710000.0,312000.0,10,6,0.0014151796822407302,0.01035023699871318,-9.009757596449287e-19,0.4394366197183099,-4.0,1,False,False,False,0
100000004360785100,terminal,0.8,20,0.0061,"depth=1 < 4 and no outgoing: money arrives and stays; in=94,705 KZT over 1 transfers from 1 payer",1,0,94705.0,0.0,1,0,0.0002957517914765318,0.00029524161332084226,0.0,0.0,,1,False,False,True,0
100000005092518100,terminal,0.8,46,0.0024,"depth=1 < 4 and no outgoing: money arrives and stays; in=26,144 KZT over 1 transfers from 1 payer",1,0,26144.0,0.0,1,0,0.0002910566135800471,-7.530357151555147e-18,0.0,0.0,,1,False,False,True,1
100000008737958100,terminal,0.8,46,0.0048,"depth=1 < 4 and no outgoing: money arrives and stays; in=53,373 KZT over 2 transfers from 2 payers",2,0,53373.0,0.0,2,0,0.0002996261402634527,-1.1494315191699942e-17,0.0,0.0,,1,False,False,True,1
100000003044518100,terminal,0.8,29,0.0025,"depth=1 < 4 and no outgoing: money arrives and stays; in=34,423 KZT over 1 transfers from 1 payer",1,0,34423.0,0.0,1,0,0.00028754318610180884,4.3414150090396185e-06,0.0,0.0,,1,False,False,True,0
100000004159526100,coordinator,0.5,45,0.0666,"both sides active: in_deg=4, out_deg=4, in=275,037, out=68,000 KZT",4,4,275037.0,68000.0,4,6,0.0008532026216190913,5.239896447167919e-05,-3.463019716723573e-18,0.24723946232688693,-7.0,1,False,False,False,0
100000007544358100,transit,0.7,20,0.0419,"pass_through=1.09: in=322,500, out=350,000 KZT, dwell=0d",2,1,322500.0,350000.0,2,3,0.000340571674274265,0.0003197167634671071,-2.347623865126829e-19,1.0852713178294573,0.0,1,False,False,False,0
100000005901606100,terminal,0.8,46,0.0026,"depth=1 < 4 and no outgoing: money arrives and stays; in=35,660 KZT over 1 transfers from 1 payer",1,0,35660.0,0.0,1,0,0.0002930539105145634,-7.530357151555147e-18,0.0,0.0,,1,False,False,True,1
100000006658598100,terminal,0.8,20,0.0046,"depth=1 < 4 and no outgoing: money arrives and stays; in=9,000 KZT over 1 transfers from 1 payer",1,0,9000.0,0.0,1,0,0.00028653695669903005,0.00029524161332084226,0.0,0.0,,1,False,False,True,0
100000002793851100,terminal,0.8,20,0.0046,"depth=1 < 4 and no outgoing: money arrives and stays; in=11,052 KZT over 1 transfers from 1 payer",1,0,11052.0,0.0,1,0,0.0002867575837448668,0.00029524161332084226,0.0,0.0,,1,False,False,True,0
100000005612411100,peripheral,0.4,24,0.0105,"no rule threshold met: in_deg=3, out_deg=8, in=115,500, out=506,997 KZT",3,8,115500.0,506997.0,4,8,0.0003272060826887592,0.00028074996253846577,-1.2999950049010253e-17,4.389584415584416,-21.0,1,False,False,False,0
100000007511163100,peripheral,0.4,20,0.0081,"no rule threshold met: in_deg=2, out_deg=3, in=63,666, out=82,052 KZT",2,3,63666.0,82052.0,2,3,0.00033959732516021664,0.0003053651890932982,0.00012739686232495826,1.2887883642760658,-1.0,1,False,False,False,0
100000002648315100,peripheral,0.4,29,0.0042,"no rule threshold met: in_deg=1, out_deg=2, in=132,000, out=76,000 KZT",1,2,132000.0,76000.0,1,3,0.00029313846973239526,4.3414150090396185e-06,-9.009757596449287e-19,0.5757575757575758,4.0,1,False,False,False,0
100000004739664100,transit,0.7,46,0.007,"pass-through 0.83 from a single transfer each way, so the ratio is one observation rather than a rate: in=12,000, out=10,000 KZT, dwell=-21d",1,1,12000.0,10000.0,1,1,0.0002880879536555201,-7.530357151555147e-18,-2.347623865126829e-19,0.8333333333333334,-21.0,1,False,False,False,1
100000003713616100,terminal,0.8,20,0.0047,"depth=1 < 4 and no outgoing: money arrives and stays; in=15,893 KZT over 1 transfers from 1 payer",1,0,15893.0,0.0,1,0,0.0002872780786419893,0.00029524161332084226,0.0,0.0,,1,False,False,True,0
100000003476560100,terminal,0.8,24,0.0068,"depth=1 < 4 and no outgoing: money arrives and stays; in=50,000 KZT over 1 transfers from 1 payer",1,0,50000.0,0.0,1,0,0.0002955811159053975,0.0004611679650745792,0.0,0.0,,1,False,False,True,0
100000008782800100,terminal,0.8,46,0.0027,"depth=1 < 4 and no outgoing: money arrives and stays; in=43,381 KZT over 1 transfers from 1 payer",1,0,43381.0,0.0,1,0,0.0002946744579747778,-7.530357151555147e-18,0.0,0.0,,1,False,False,True,1
100000004218576100,terminal,0.8,46,0.0024,"depth=1 < 4 and no outgoing: money arrives and stays; in=26,144 KZT over 1 transfers from 1 payer",1,0,26144.0,0.0,1,0,0.0002910566135800471,-7.530357151555147e-18,0.0,0.0,,1,False,False,True,1
100000003299365100,transit,0.7,24,0.0322,"pass-through 1.00 from a single transfer each way, so the ratio is one observation rather than a rate: in=200,000, out=200,000 KZT, dwell=0d",1,1,200000.0,200000.0,1,1,0.00032561658096971947,0.0004611679650745792,0.0005761766950986004,1.0,0.0,1,False,False,False,0
100000008730021100,terminal,0.8,53,0.0056,"depth=1 < 4 and no outgoing: money arrives and stays; in=75,555 KZT over 3 transfers from 1 payer",1,0,75555.0,0.0,3,0,0.00046813825917664087,2.394324320259244e-06,0.0,0.0,,1,False,False,True,0
100000002757797100,terminal,0.8,43,0.0038,"depth=1 < 4 and no outgoing: money arrives and stays; in=100,000 KZT over 1 transfers from 1 payer",1,0,100000.0,0.0,1,0,0.0003021647995966532,1.0100033668705065e-05,0.0,0.0,,1,False,False,True,0
100000002845605100,terminal,0.8,47,0.0213,"depth=1 < 4 and no outgoing: money arrives and stays; in=57,567 KZT over 1 transfers from 1 payer",1,0,57567.0,0.0,1,0,0.0002963718812625067,0.002151681626890837,0.0,0.0,,1,False,False,True,0
100000000817146100,terminal,0.8,20,0.007,"depth=1 < 4 and no outgoing: money arrives and stays; in=70,020 KZT over 1 transfers from 1 payer",1,0,70020.0,0.0,1,0,0.0005894684786410244,-1.0278814910163152e-18,0.0,0.0,,1,False,False,True,0
100000002957306100,terminal,0.8,33,0.0163,"depth=1 < 4 and no outgoing: money arrives and stays; in=398,490 KZT over 2 transfers from 2 payers",2,0,398490.0,0.0,2,0,0.0003551868796242696,0.0005839675713304694,0.0,0.0,,1,False,False,True,0
100000008188026100,peripheral,0.4,53,0.0083,"no rule threshold met: in_deg=2, out_deg=4, in=86,468, out=337,983 KZT",2,4,86468.0,337983.17,5,4,0.0002993035967853822,0.0003478114498496637,-3.463019716723573e-18,3.9087659018365173,26.0,1,False,False,False,0
100000004790991100,terminal,0.8,20,0.0087,"depth=1 < 4 and no outgoing: money arrives and stays; in=239,413 KZT over 4 transfers from 1 payer",1,0,239413.0,0.0,4,0,0.00031131051396626665,0.00029524161332084226,0.0,0.0,,1,False,False,True,0
100000002973903100,terminal,0.8,43,0.0089,"depth=1 < 4 and no outgoing: money arrives and stays; in=92,880 KZT over 3 transfers from 3 payers",3,0,92880.0,0.0,3,0,0.00031686903979445224,0.00015492745254172983,0.0,0.0,,1,False,False,True,0
100000004325327100,transit,0.7,47,0.1604,"pass_through=0.99: in=70,817, out=70,000 KZT, dwell=2d",2,1,70817.0,70000.0,3,1,0.000295792319681355,0.005057463282107347,-2.347623865126829e-19,0.988463222107686,2.0,1,False,False,False,0
100000001477796100,terminal,0.8,24,0.0061,"depth=1 < 4 and no outgoing: money arrives and stays; in=182,000 KZT over 1 transfers from 1 payer",1,0,182000.0,0.0,1,0,0.0003306619019813834,6.780076054127148e-05,0.0,0.0,,1,False,False,True,0
100000007536804100,peripheral,0.4,29,0.0037,"no rule threshold met: in_deg=1, out_deg=2, in=100,000, out=55,000 KZT",1,2,100000.0,55000.0,1,2,0.0002913035180923698,4.3414150090396185e-06,-1.3243034455270906e-18,0.55,2.0,1,False,False,False,0
100000008665380100,peripheral,0.4,47,0.048,"no rule threshold met: in_deg=2, out_deg=1, in=69,100, out=18,200 KZT",2,1,69100.0,18200.0,2,1,0.00029077432850192623,0.005057463282107347,-2.347623865126829e-19,0.2633863965267728,1.0,1,False,False,False,0
100000001870116100,terminal,0.8,46,0.0023,"depth=1 < 4 and no outgoing: money arrives and stays; in=24,000 KZT over 1 transfers from 1 payer",1,0,24000.0,0.0,1,0,0.00029060661309375003,-7.530357151555147e-18,0.0,0.0,,1,False,False,True,1
100000001074553100,terminal,0.8,80,0.0046,"depth=1 < 4 and no outgoing: money arrives and stays; in=28,971 KZT over 2 transfers from 2 payers",2,0,28971.0,0.0,2,0,0.0002894987523363474,3.2847839128823006e-05,0.0,0.0,,1,False,False,True,0
100000000978041100,terminal,0.8,46,0.0027,"depth=1 < 4 and no outgoing: money arrives and stays; in=44,445 KZT over 1 transfers from 1 payer",1,0,44445.0,0.0,1,0,0.0002948977791116342,-7.530357151555147e-18,0.0,0.0,,1,False,False,True,1
100000002603769100,terminal,0.8,47,0.057,"depth=1 < 4 and no outgoing: money arrives and stays; in=1,185,368 KZT over 3 transfers from 3 payers",3,0,1185368.0,0.0,3,0,0.0005415388680707092,0.0033208802164018283,0.0,0.0,,1,False,False,True,0
100000005034574100,terminal,0.8,30,0.008,"depth=1 < 4 and no outgoing: money arrives and stays; in=258,816 KZT over 16 transfers from 1 payer",1,0,258816.0,0.0,16,0,0.00042508668959388804,-1.0584136944965696e-18,0.0,0.0,,1,False,False,True,12
100000002958286100,terminal,0.8,80,0.0067,"depth=1 < 4 and no outgoing: money arrives and stays; in=257,000 KZT over 1 transfers from 1 payer",1,0,257000.0,0.0,1,0,0.00031316938195489997,2.274780546011801e-05,0.0,0.0,,1,False,False,True,0
100000005634552100,peripheral,0.4,47,0.0049,"no rule threshold met: in_deg=1, out_deg=3, in=25,850, out=1,196,000 KZT",1,3,25850.0,1196000.0,1,4,0.0002883486359009542,0.00029524161332084226,0.0016790760342022034,46.2669245647969,-12.0,1,False,False,False,0
100000008736760100,terminal,0.8,46,0.0029,"depth=1 < 4 and no outgoing: money arrives and stays; in=54,757 KZT over 1 transfers from 1 payer",1,0,54757.0,0.0,1,0,0.0002970621471222198,-7.530357151555147e-18,0.0,0.0,,1,False,False,True,1
100000008701944100,terminal,0.8,53,0.0044,"depth=1 < 4 and no outgoing: money arrives and stays; in=52,124 KZT over 1 transfers from 1 payer",1,0,52124.0,0.0,1,0,0.00041152025351238905,2.394324320259244e-06,0.0,0.0,,1,False,False,True,0
100000008748408100,distributor,0.7,29,0.0295,"out_deg=21 receivers, out=1,499,960 KZT over 22 transfers",1,21,360000.0,1499960.0,2,22,0.0003340545949423299,4.0895899043316926e-05,0.0015411842099784141,4.166555555555555,0.0,1,False,False,False,0
100000008486520100,peripheral,0.4,20,0.005,"no rule threshold met: in_deg=1, out_deg=1, in=35,720, out=14,000 KZT",1,1,35720.0,14000.0,2,1,0.00028940983908926223,0.00029524161332084226,-2.347623865126829e-19,0.3919372900335946,-2.0,1,False,False,False,0
100000003163256100,transit,0.7,20,0.0154,"pass-through 1.11 from a single transfer each way, so the ratio is one observation rather than a rate: in=13,485, out=15,000 KZT, dwell=-5d",1,1,13485.0,15000.0,1,1,0.0002870191751690971,0.00029524161332084226,-2.347623865126829e-19,1.1123470522803114,-5.0,1,False,False,False,0
100000003102157100,terminal,0.8,47,0.022,"depth=1 < 4 and no outgoing: money arrives and stays; in=96,746 KZT over 2 transfers from 1 payer",1,0,96746.0,0.0,2,0,0.000303723915550285,0.002151681626890837,0.0,0.0,,1,False,False,True,0
100000004741837100,terminal,0.8,20,0.0049,"depth=1 < 4 and no outgoing: money arrives and stays; in=25,596 KZT over 1 transfers from 1 payer",1,0,25596.0,0.0,1,0,0.0002883213263153584,0.00029524161332084226,0.0,0.0,,1,False,False,True,0
100000008443341100,peripheral,0.4,43,0.0278,"no rule threshold met: in_deg=2, out_deg=3, in=34,500, out=50,000 KZT",2,3,34500.0,50000.0,2,4,0.0006689699930486642,0.00216888507298759,0.00024016148339999909,1.4492753623188406,-10.0,1,False,False,False,0
100000004792397100,terminal,0.8,46,0.0033,"depth=1 < 4 and no outgoing: money arrives and stays; in=73,520 KZT over 1 transfers from 1 payer",1,0,73520.0,0.0,1,0,0.0003010002810421788,-7.530357151555147e-18,0.0,0.0,,1,False,False,True,1
100000003809101100,peripheral,0.4,33,0.0086,"no rule threshold met: in_deg=2, out_deg=2, in=166,050, out=55,200 KZT",2,2,166050.0,55200.0,3,4,0.0003619470775424321,0.00012382997603206707,-9.009757596449287e-19,0.3324299909665763,-5.0,1,False,False,False,0
100000002838861100,peripheral,0.4,80,0.043,"no rule threshold met: in_deg=5, out_deg=1, in=554,524, out=10,000 KZT",5,1,554523.95,10000.0,5,1,0.0021199186472606823,3.073196046165582e-05,-2.347623865126829e-19,0.018033486200190272,9.0,1,False,False,False,0
100000008560717100,peripheral,0.4,90,0.1275,"no rule threshold met: in_deg=7, out_deg=1, in=529,000, out=25,000 KZT",7,1,529000.0,25000.0,9,1,0.000330834156555212,0.012337796852200966,-2.347623865126829e-19,0.04725897920604915,25.0,1,False,False,False,0
100000008693069100,terminal,0.8,46,0.0023,"depth=1 < 4 and no outgoing: money arrives and stays; in=20,000 KZT over 1 transfers from 1 payer",1,0,20000.0,0.0,1,0,0.00028976705994767336,-7.530357151555147e-18,0.0,0.0,,1,False,False,True,1
100000008672162100,terminal,0.8,46,0.0022,"depth=1 < 4 and no outgoing: money arrives and stays; in=15,550 KZT over 1 transfers from 1 payer",1,0,15550.0,0.0,1,0,0.0002888330570726631,-7.530357151555147e-18,0.0,0.0,,1,False,False,True,1
100000007311010100,peripheral,0.4,24,0.0103,"no rule threshold met: in_deg=2, out_deg=1, in=64,480, out=20,000 KZT",2,1,64480.0,20000.0,2,1,0.0003093598362490267,0.0006039352620193629,-2.347623865126829e-19,0.31017369727047145,-15.0,1,False,False,False,0
100000005505655100,peripheral,0.4,64,0.0073,"no rule threshold met: in_deg=2, out_deg=1, in=33,070, out=20,000 KZT",2,1,33070.0,20000.0,2,1,0.0003215080211255211,0.00029774229506284925,8.933928360066833e-09,0.6047777441790142,3.0,1,False,False,False,0
100000004707703100,transit,0.7,20,0.0496,"pass_through=0.97: in=239,300, out=231,650 KZT, dwell=0d",2,5,239300.0,231650.0,3,6,0.0006355624384346332,0.00029760217313452733,-6.555035647819996e-18,0.9680317592979524,0.0,1,False,False,False,0
100000004005964100,peripheral,0.4,41,0.0088,"no rule threshold met: in_deg=3, out_deg=3, in=97,900, out=72,000 KZT",3,3,97900.0,72000.0,9,5,0.00040452469148817116,-6.785991692858262e-18,-8.846209439446555e-18,0.7354443309499489,6.0,1,False,False,False,2
100000008244300100,terminal,0.8,90,0.0144,"depth=1 < 4 and no outgoing: money arrives and stays; in=65,430 KZT over 6 transfers from 5 payers",5,0,65430.0,0.0,6,0,0.0004793659147286648,0.00015744284086380292,0.0,0.0,,1,False,False,True,0
100000002692044100,terminal,0.8,43,0.0038,"depth=1 < 4 and no outgoing: money arrives and stays; in=97,000 KZT over 1 transfers from 1 payer",1,0,97000.0,0.0,1,0,0.00030166693443527224,1.0100033668705065e-05,0.0,0.0,,1,False,False,True,0
100000001103905100,terminal,0.8,46,0.0022,"depth=1 < 4 and no outgoing: money arrives and stays; in=18,000 KZT over 1 transfers from 1 payer",1,0,18000.0,0.0,1,0,0.00028934728337463503,-7.530357151555147e-18,0.0,0.0,,1,False,False,True,1
100000008755361100,terminal,0.8,46,0.0022,"depth=1 < 4 and no outgoing: money arrives and stays; in=14,627 KZT over 1 transfers from 1 payer",1,0,14627.0,0.0,1,0,0.0002886393301842059,-7.530357151555147e-18,0.0,0.0,,1,False,False,True,1
100000002810870100,terminal,0.8,46,0.0025,"depth=1 < 4 and no outgoing: money arrives and stays; in=33,677 KZT over 1 transfers from 1 payer",1,0,33677.0,0.0,1,0,0.00029263770204239595,-7.530357151555147e-18,0.0,0.0,,1,False,False,True,1
100000005897462100,terminal,0.8,33,0.0048,"depth=1 < 4 and no outgoing: money arrives and stays; in=98,400 KZT over 1 transfers from 1 payer",1,0,98400.0,0.0,1,0,0.0003004936394973031,0.00012279960625588996,0.0,0.0,,1,False,False,True,0
100000000941942100,terminal,0.8,24,0.0083,"depth=1 < 4 and no outgoing: money arrives and stays; in=130,000 KZT over 1 transfers from 1 payer",1,0,130000.0,0.0,1,0,0.0003116000306063692,0.0004611679650745792,0.0,0.0,,1,False,False,True,0
100000008723830100,transit,0.7,20,0.0495,"pass_through=0.99: in=459,785, out=455,000 KZT, dwell=1d",2,1,459785.0,455000.0,2,1,0.00034023098770657236,0.0003197167634671071,-2.347623865126829e-19,0.9895929619278576,1.0,1,False,False,False,0
100000008776576100,terminal,0.8,46,0.0022,"depth=1 < 4 and no outgoing: money arrives and stays; in=14,765 KZT over 1 transfers from 1 payer",1,0,14765.0,0.0,1,0,0.0002886682947677456,-7.530357151555147e-18,0.0,0.0,,1,False,False,True,1
100000005432267100,terminal,0.8,24,0.0152,"depth=1 < 4 and no outgoing: money arrives and stays; in=350,001 KZT over 2 transfers from 2 payers",2,0,350001.0,0.0,2,0,0.00034233348585063165,0.0005748252019694782,0.0,0.0,,1,False,False,True,0
100000006745291100,terminal,0.8,33,0.0045,"depth=1 < 4 and no outgoing: money arrives and stays; in=82,534 KZT over 1 transfers from 1 payer",1,0,82534.0,0.0,1,0,0.00029808724049107665,0.00012279960625588996,0.0,0.0,,1,False,False,True,0
100000008670667100,terminal,0.8,46,0.0022,"depth=1 < 4 and no outgoing: money arrives and stays; in=15,534 KZT over 1 transfers from 1 payer",1,0,15534.0,0.0,1,0,0.0002888296988600788,-7.530357151555147e-18,0.0,0.0,,1,False,False,True,1
100000002480800100,terminal,0.8,24,0.0219,"depth=1 < 4 and no outgoing: money arrives and stays; in=569,251 KZT over 2 transfers from 2 payers",2,0,569251.0,0.0,2,0,0.0006410781031176412,0.00046485516402146716,0.0,0.0,,1,False,False,True,0
100000002182176100,terminal,0.8,47,0.021,"depth=1 < 4 and no outgoing: money arrives and stays; in=42,465 KZT over 1 transfers from 1 payer",1,0,42465.0,0.0,1,0,0.00029353795436763876,0.002151681626890837,0.0,0.0,,1,False,False,True,0
100000008219168100,terminal,0.8,29,0.0028,"depth=1 < 4 and no outgoing: money arrives and stays; in=53,200 KZT over 2 transfers from 1 payer",1,0,53200.0,0.0,2,0,0.00028861990131883255,4.3414150090396185e-06,0.0,0.0,,1,False,False,True,0
100000004226848100,terminal,0.8,24,0.0116,"depth=1 < 4 and no outgoing: money arrives and stays; in=301,866 KZT over 1 transfers from 1 payer",1,0,301866.0,0.0,1,0,0.0003460138655313343,0.0004611679650745792,0.0,0.0,,1,False,False,True,0
100000006326645100,terminal,0.8,46,0.0024,"depth=1 < 4 and no outgoing: money arrives and stays; in=25,264 KZT over 1 transfers from 1 payer",1,0,25264.0,0.0,1,0,0.00029087191188791023,-7.530357151555147e-18,0.0,0.0,,1,False,False,True,1
100000003589877100,peripheral,0.4,66,0.007,"no rule threshold met: in_deg=2, out_deg=6, in=176,000, out=416,129 KZT",2,6,176000.0,416129.0,2,6,0.00030697515997142073,4.833056457586048e-06,0.00012316260585160837,2.364369318181818,-1.0,1,False,False,False,0
100000003942602100,transit,0.7,46,0.0082,"pass-through 1.00 from a single transfer each way, so the ratio is one observation rather than a rate: in=30,000, out=30,000 KZT, dwell=0d",1,1,30000.0,30000.0,1,1,0.000291865942812865,-7.530357151555147e-18,-1.757512425183613e-18,1.0,0.0,1,False,False,False,1
100000000922570100,transit,0.7,43,0.0095,"pass-through 1.06 from a single transfer each way, so the ratio is one observation rather than a rate: in=47,101, out=50,000 KZT, dwell=-11d",1,1,47101.0,50000.0,1,1,0.00029338594320602393,1.0100033668705065e-05,-2.347623865126829e-19,1.0615485870788306,-11.0,1,False,False,False,0
100000005079754100,peripheral,0.4,24,0.0072,"no rule threshold met: in_deg=1, out_deg=2, in=70,000, out=122,000 KZT",1,2,70000.0,122000.0,1,2,0.00029958584458064045,0.0004611679650745792,-9.009757596449287e-19,1.7428571428571429,-9.0,1,False,False,False,0
100000003187359100,terminal,0.8,46,0.0022,"depth=1 < 4 and no outgoing: money arrives and stays; in=19,072 KZT over 1 transfers from 1 payer",1,0,19072.0,0.0,1,0,0.00028957228361778365,-7.530357151555147e-18,0.0,0.0,,1,False,False,True,1
100000000998559100,terminal,0.8,24,0.0077,"depth=1 < 4 and no outgoing: money arrives and stays; in=100,000 KZT over 1 transfers from 1 payer",1,0,100000.0,0.0,1,0,0.0003055929375935048,0.0004611679650745792,0.0,0.0,,1,False,False,True,0
100000008690932100,terminal,0.8,46,0.0023,"depth=1 < 4 and no outgoing: money arrives and stays; in=23,000 KZT over 1 transfers from 1 payer",1,0,23000.0,0.0,1,0,0.0002903967248072309,-7.530357151555147e-18,0.0,0.0,,1,False,False,True,1
100000008773876100,terminal,0.8,46,0.0024,"depth=1 < 4 and no outgoing: money arrives and stays; in=26,120 KZT over 1 transfers from 1 payer",1,0,26120.0,0.0,1,0,0.00029105157626117063,-7.530357151555147e-18,0.0,0.0,,1,False,False,True,1
100000006789108100,terminal,0.8,33,0.0036,"depth=1 < 4 and no outgoing: money arrives and stays; in=37,500 KZT over 1 transfers from 1 payer",1,0,37500.0,0.0,1,0,0.000291256925802661,0.00012279960625588996,0.0,0.0,,1,False,False,True,0
100000004058740100,terminal,0.8,46,0.0025,"depth=1 < 4 and no outgoing: money arrives and stays; in=30,000 KZT over 1 transfers from 1 payer",1,0,30000.0,0.0,1,0,0.000291865942812865,-7.530357151555147e-18,0.0,0.0,,1,False,False,True,1
100000007641801100,terminal,0.8,29,0.0054,"depth=1 < 4 and no outgoing: money arrives and stays; in=200,000 KZT over 1 transfers from 1 payer",1,0,200000.0,0.0,1,0,0.00029703774196744934,4.3414150090396185e-06,0.0,0.0,,1,False,False,True,0
100000000555721100,terminal,0.8,47,0.0339,"depth=1 < 4 and no outgoing: money arrives and stays; in=113,000 KZT over 3 transfers from 2 payers",2,0,113000.0,0.0,3,0,0.000308091961795813,0.003289589059980982,0.0,0.0,,1,False,False,True,0
100000008729801100,terminal,0.8,46,0.0022,"depth=1 < 4 and no outgoing: money arrives and stays; in=17,534 KZT over 1 transfers from 1 payer",1,0,17534.0,0.0,1,0,0.00028924947543311713,-7.530357151555147e-18,0.0,0.0,,1,False,False,True,1
100000004664905100,terminal,0.8,20,0.0135,"depth=1 < 4 and no outgoing: money arrives and stays; in=329,020 KZT over 4 transfers from 2 payers",2,0,329020.0,0.0,4,0,0.0004118439668426317,0.0003053651890932982,0.0,0.0,,1,False,False,True,0
100000003057225100,terminal,0.8,20,0.0087,"depth=1 < 4 and no outgoing: money arrives and stays; in=236,000 KZT over 1 transfers from 1 payer",1,0,236000.0,0.0,1,0,0.0003109435548495802,0.00029524161332084226,0.0,0.0,,1,False,False,True,0
100000000703902100,terminal,0.8,46,0.0024,"depth=1 < 4 and no outgoing: money arrives and stays; in=25,499 KZT over 1 transfers from 1 payer",1,0,25499.0,0.0,1,0,0.00029092123563524225,-7.530357151555147e-18,0.0,0.0,,1,False,False,True,1
100000008720798100,terminal,0.8,46,0.0022,"depth=1 < 4 and no outgoing: money arrives and stays; in=15,534 KZT over 1 transfers from 1 payer",1,0,15534.0,0.0,1,0,0.0002888296988600788,-7.530357151555147e-18,0.0,0.0,,1,False,False,True,1
100000001411870100,terminal,0.8,29,0.0216,"depth=1 < 4 and no outgoing: money arrives and stays; in=900,000 KZT over 4 transfers from 2 payers",2,0,900000.0,0.0,4,0,0.0004780448174649516,4.200664191209409e-05,0.0,0.0,,1,False,False,True,0
100000008556318100,terminal,0.8,24,0.0143,"depth=1 < 4 and no outgoing: money arrives and stays; in=180,132 KZT over 2 transfers from 2 payers",2,0,180132.0,0.0,2,0,0.0005605041030696594,0.00046485516402146716,0.0,0.0,,1,False,False,True,0
100000002720627100,terminal,0.8,33,0.0066,"depth=1 < 4 and no outgoing: money arrives and stays; in=199,300 KZT over 1 transfers from 1 payer",1,0,199300.0,0.0,1,0,0.0003157971602163407,0.00012279960625588996,0.0,0.0,,1,False,False,True,0
100000003022835100,terminal,0.8,24,0.0082,"depth=1 < 4 and no outgoing: money arrives and stays; in=125,000 KZT over 1 transfers from 1 payer",1,0,125000.0,0.0,1,0,0.0003105988484375585,0.0004611679650745792,0.0,0.0,,1,False,False,True,0
100000008304115100,terminal,0.8,43,0.0029,"depth=1 < 4 and no outgoing: money arrives and stays; in=51,000 KZT over 1 transfers from 1 payer",1,0,51000.0,0.0,1,0,0.0002940330019607653,1.0100033668705065e-05,0.0,0.0,,1,False,False,True,0
100000003886323100,peripheral,0.4,20,0.0275,"no rule threshold met: in_deg=2, out_deg=1, in=78,168, out=7,650 KZT",2,1,78168.0,7650.0,6,1,0.0018048414724056996,0.00029760217313452733,-2.347623865126829e-19,0.09786613447958244,10.0,1,False,False,False,0
100000000607731100,abstained_single_observation,0.0,25,0.0026,"abstained on a single observation: in_tx=1, out_tx=1, fewer than 3 transfers is not a stable ratio",1,1,20000.0,66666.0,1,1,0.00031753584489255785,-2.510243011407876e-18,-2.347623865126829e-19,3.3333,-16.0,1,False,False,False,3
100000005961971100,terminal,0.8,46,0.0028,"depth=1 < 4 and no outgoing: money arrives and stays; in=47,353 KZT over 1 transfers from 1 payer",1,0,47353.0,0.0,1,0,0.000295508134248832,-7.530357151555147e-18,0.0,0.0,,1,False,False,True,1
100000000440392100,terminal,0.8,20,0.0063,"depth=1 < 4 and no outgoing: money arrives and stays; in=105,705 KZT over 4 transfers from 1 payer",1,0,105705.0,0.0,4,0,0.000296934490065325,0.00029524161332084226,0.0,0.0,,1,False,False,True,0
100000004105288100,terminal,0.8,24,0.0107,"depth=1 < 4 and no outgoing: money arrives and stays; in=215,000 KZT over 2 transfers from 2 payers",2,0,215000.0,0.0,2,0,0.00046304013809882774,0.0001237973872109559,0.0,0.0,,1,False,False,True,0
100000008169544100,peripheral,0.4,20,0.0069,"no rule threshold met: in_deg=1, out_deg=4, in=137,104, out=42,800 KZT",1,4,137104.0,42800.0,2,7,0.00030031044942800835,0.00029524161332084226,0.00013281054774999193,0.31217178200490137,-9.0,1,False,False,False,0
100000004186824100,peripheral,0.4,20,0.0152,"no rule threshold met: in_deg=2, out_deg=1, in=451,700, out=7,000 KZT",2,1,451700.0,7000.0,7,1,0.00038192715477473974,0.0003078381006324109,0.000126667079897997,0.015497011290679655,15.0,1,False,False,False,0
100000008672200100,terminal,0.8,46,0.002,"depth=1 < 4 and no outgoing: money arrives and stays; in=8,511 KZT over 1 transfers from 1 payer",1,0,8511.0,0.0,1,0,0.0002873556534238548,-7.530357151555147e-18,0.0,0.0,,1,False,False,True,1
100000002188829100,terminal,0.8,24,0.0135,"depth=1 < 4 and no outgoing: money arrives and stays; in=400,000 KZT over 1 transfers from 1 payer",1,0,400000.0,0.0,1,0,0.00036566386772214876,0.0004611679650745792,0.0,0.0,,1,False,False,True,0
100000008717341100,terminal,0.8,46,0.0022,"depth=1 < 4 and no outgoing: money arrives and stays; in=14,627 KZT over 1 transfers from 1 payer",1,0,14627.0,0.0,1,0,0.0002886393301842059,-7.530357151555147e-18,0.0,0.0,,1,False,False,True,1
100000002214301100,abstained_single_observation,0.0,47,0.0206,"abstained on a single observation: in_tx=1, out_tx=1, fewer than 3 transfers is not a stable ratio",1,1,21438.0,8000.0,1,1,0.000289592186865428,0.002151681626890837,-6.74231101406452e-19,0.373169138912212,19.0,1,False,False,False,0
100000002565277100,terminal,0.8,24,0.0151,"depth=1 < 4 and no outgoing: money arrives and stays; in=483,319 KZT over 1 transfers from 1 payer",1,0,483319.0,0.0,1,0,0.00038234736714677707,0.0004611679650745792,0.0,0.0,,1,False,False,True,0
100000005546031100,peripheral,0.4,56,0.0123,"no rule threshold met: in_deg=3, out_deg=1, in=66,800, out=8,000 KZT",3,1,66800.0,8000.0,6,1,0.0007125289535173731,-3.0569984707907825e-18,-2.347623865126829e-19,0.11976047904191617,2.0,1,False,False,False,6
100000003449074100,terminal,0.8,47,0.0204,"depth=1 < 4 and no outgoing: money arrives and stays; in=10,000 KZT over 1 transfers from 1 payer",1,0,10000.0,0.0,1,0,0.0002874458184490925,0.002151681626890837,0.0,0.0,,1,False,False,True,0
100000008748914100,peripheral,0.4,24,0.0134,"no rule threshold met: in_deg=2, out_deg=13, in=180,000, out=4,471,847 KZT",2,13,180000.0,4471847.0,9,21,0.0007908267344260654,-1.0584136944965696e-18,0.003333268452987301,24.843594444444445,-2.0,1,False,False,False,0
100000004744306100,peripheral,0.4,34,0.0053,"no rule threshold met: in_deg=1, out_deg=2, in=69,000, out=92,000 KZT",1,2,69000.0,92000.0,1,3,0.0004607769966825409,8.651558042301998e-09,-1.3243034455270906e-18,1.3333333333333333,3.0,1,False,False,False,0
100000003158727100,terminal,0.8,29,0.0122,"depth=1 < 4 and no outgoing: money arrives and stays; in=367,940 KZT over 3 transfers from 3 payers",3,0,367940.0,0.0,3,0,0.0003141291273527455,7.583777668915005e-06,0.0,0.0,,1,False,False,True,0
100000001389255100,terminal,0.8,46,0.0022,"depth=1 < 4 and no outgoing: money arrives and stays; in=16,136 KZT over 1 transfers from 1 payer",1,0,16136.0,0.0,1,0,0.00028895605160856333,-7.530357151555147e-18,0.0,0.0,,1,False,False,True,1
100000008695495100,terminal,0.8,46,0.0023,"depth=1 < 4 and no outgoing: money arrives and stays; in=21,000 KZT over 1 transfers from 1 payer",1,0,21000.0,0.0,1,0,0.00028997694823419256,-7.530357151555147e-18,0.0,0.0,,1,False,False,True,1
100000004015047100,consolidator,0.7,29,0.196,"in_deg=9 payers, in=919,104 KZT, pass_through=0.08",9,1,919104.0,69195.0,18,7,0.002278597110650866,5.0568922022040905e-05,2.021296234529171e-07,0.07528527783580531,-1.0,1,False,False,False,0
100000005183943100,terminal,0.8,1,0.0175,"depth=1 < 4 and no outgoing: money arrives and stays; in=680,900 KZT over 9 transfers from 1 payer",1,0,680900.0,0.0,9,0,0.0006108393603081334,-1.5569893857636381e-18,0.0,0.0,,1,False,False,True,4
100000003004487100,peripheral,0.4,60,0.0603,"no rule threshold met: in_deg=4, out_deg=2, in=183,703, out=265,015 KZT",4,2,183702.8,265015.0,9,3,0.00035087248171634185,0.00574775252638457,-1.5499404758380496e-18,1.4426290726107605,14.0,1,False,False,False,0
100000003042994100,terminal,0.8,20,0.0096,"depth=1 < 4 and no outgoing: money arrives and stays; in=286,086 KZT over 3 transfers from 1 payer",1,0,286086.0,0.0,3,0,0.0003163287040785161,0.00029524161332084226,0.0,0.0,,1,False,False,True,0
100000001899164100,peripheral,0.4,43,0.0251,"no rule threshold met: in_deg=4, out_deg=3, in=291,675, out=76,500 KZT",4,3,291675.0,76500.0,5,3,0.0011765620095510463,0.0001272035960966511,-2.455632073526549e-18,0.2622782206222679,8.0,1,False,False,False,0
100000003946524100,transit,0.7,24,0.0349,"pass_through=1.08: in=133,757, out=144,750 KZT, dwell=-8d",2,2,133757.0,144750.0,2,2,0.0003260605758889195,0.0004648848820710121,-9.009757596449287e-19,1.0821863528637754,-8.0,1,False,False,False,0
100000008717340100,terminal,0.8,46,0.0027,"depth=1 < 4 and no outgoing: money arrives and stays; in=41,500 KZT over 1 transfers from 1 payer",1,0,41500.0,0.0,1,0,0.0002942796581078353,-7.530357151555147e-18,0.0,0.0,,1,False,False,True,1
100000003831324100,terminal,0.8,29,0.0092,"depth=1 < 4 and no outgoing: money arrives and stays; in=300,000 KZT over 2 transfers from 2 payers",2,0,300000.0,0.0,2,0,0.00031519260326985616,4.672374915292062e-06,0.0,0.0,,1,False,False,True,0
100000008129393100,terminal,0.8,15,0.0024,"depth=1 < 4 and no outgoing: money arrives and stays; in=10,000 KZT over 1 transfers from 1 payer",1,0,10000.0,0.0,1,0,0.0003116981820260483,-1.5527877523314866e-18,0.0,0.0,,1,False,False,True,8
100000004388209100,terminal,0.8,46,0.0021,"depth=1 < 4 and no outgoing: money arrives and stays; in=11,800 KZT over 1 transfers from 1 payer",1,0,11800.0,0.0,1,0,0.00028804597599821623,-7.530357151555147e-18,0.0,0.0,,1,False,False,True,1
100000000706545100,peripheral,0.4,20,0.0648,"no rule threshold met: in_deg=3, out_deg=1, in=1,070,300, out=75,800 KZT",3,1,1070300.0,75800.0,8,3,0.0032266260404967277,0.0003222730106543281,-2.347623865126829e-19,0.07082126506586939,17.0,1,False,False,False,0
100000004497606100,terminal,0.8,46,0.0022,"depth=1 < 4 and no outgoing: money arrives and stays; in=15,534 KZT over 1 transfers from 1 payer",1,0,15534.0,0.0,1,0,0.0002888296988600788,-7.530357151555147e-18,0.0,0.0,,1,False,False,True,1
100000008470470100,terminal,0.8,46,0.0025,"depth=1 < 4 and no outgoing: money arrives and stays; in=33,547 KZT over 1 transfers from 1 payer",1,0,33547.0,0.0,1,0,0.00029261041656514843,-7.530357151555147e-18,0.0,0.0,,1,False,False,True,1
100000004318918100,terminal,0.8,33,0.0043,"depth=1 < 4 and no outgoing: money arrives and stays; in=75,600 KZT over 1 transfers from 1 payer",1,0,75600.0,0.0,1,0,0.0002970355594933977,0.00012279960625588996,0.0,0.0,,1,False,False,True,0
100000005228059100,terminal,0.8,46,0.0024,"depth=1 < 4 and no outgoing: money arrives and stays; in=26,000 KZT over 1 transfers from 1 payer",1,0,26000.0,0.0,1,0,0.0002910263896667883,-7.530357151555147e-18,0.0,0.0,,1,False,False,True,1
100000001609499100,peripheral,0.4,47,0.0672,"no rule threshold met: in_deg=3, out_deg=2, in=263,113, out=21,000 KZT",3,2,263113.0,21000.0,3,2,0.0003209139565492521,0.006661875080243103,0.0005433343005036692,0.07981361620292422,3.0,1,False,False,False,0
100000002824176100,terminal,0.8,29,0.005,"depth=1 < 4 and no outgoing: money arrives and stays; in=144,000 KZT over 1 transfers from 1 payer",1,0,144000.0,0.0,1,0,0.0003385981575005855,9.228378273096028e-07,0.0,0.0,,1,False,False,True,0
100000001363952100,peripheral,0.4,82,0.0266,"no rule threshold met: in_deg=2, out_deg=1, in=196,655, out=91,000 KZT",2,1,196655.0,91000.0,2,2,0.00030709529312418954,0.0022653388637857365,-2.347623865126829e-19,0.4627393150441128,-11.0,1,False,False,False,0
100000001049200100,peripheral,0.4,57,0.0084,"no rule threshold met: in_deg=2, out_deg=4, in=76,624, out=36,000 KZT",2,4,76624.0,36000.0,2,5,0.00029829130032713914,0.00037972234725827425,1.101239097839376e-05,0.46982668615577367,10.0,1,False,False,False,0
100000002662768100,terminal,0.8,24,0.0041,"depth=1 < 4 and no outgoing: money arrives and stays; in=84,300 KZT over 1 transfers from 1 payer",1,0,84300.0,0.0,1,0,0.0003064555955058235,6.780076054127148e-05,0.0,0.0,,1,False,False,True,0
100000004737477100,transit,0.7,47,0.159,"pass_through=0.82: in=49,598, out=40,500 KZT, dwell=-2d",2,1,49598.0,40500.0,3,3,0.0002923193048489305,0.005057463282107347,-2.347623865126829e-19,0.8165651840800032,-2.0,1,False,False,False,0
100000008680451100,terminal,0.8,46,0.0023,"depth=1 < 4 and no outgoing: money arrives and stays; in=23,534 KZT over 1 transfers from 1 payer",1,0,23534.0,0.0,1,0,0.0002905088051522321,-7.530357151555147e-18,0.0,0.0,,1,False,False,True,1
100000001952325100,terminal,0.8,46,0.0034,"depth=1 < 4 and no outgoing: money arrives and stays; in=77,888 KZT over 2 transfers from 1 payer",1,0,77888.0,0.0,2,0,0.00030191707307769447,-7.530357151555147e-18,0.0,0.0,,1,False,False,True,1
100000008751429100,peripheral,0.4,21,0.0281,"no rule threshold met: in_deg=3, out_deg=1, in=386,200, out=72,600 KZT",3,1,386200.0,72600.0,6,2,0.0015043129924041075,-5.59336084392074e-18,-1.9648764255210594e-18,0.1879854997410668,3.0,1,False,False,False,7
100000001960517100,terminal,0.8,29,0.0062,"depth=1 < 4 and no outgoing: money arrives and stays; in=200,000 KZT over 1 transfers from 1 payer",1,0,200000.0,0.0,1,0,0.000359220493221867,9.228378273096028e-07,0.0,0.0,,1,False,False,True,0
100000008686234100,terminal,0.8,47,0.0209,"depth=1 < 4 and no outgoing: money arrives and stays; in=39,778 KZT over 1 transfers from 1 payer",1,0,39778.0,0.0,1,0,0.0002930337323065535,0.002151681626890837,0.0,0.0,,1,False,False,True,0
100000004213658100,terminal,0.8,46,0.0024,"depth=1 < 4 and no outgoing: money arrives and stays; in=25,347 KZT over 1 transfers from 1 payer",1,0,25347.0,0.0,1,0,0.00029088933261569135,-7.530357151555147e-18,0.0,0.0,,1,False,False,True,1
100000001194266100,terminal,0.8,24,0.0068,"depth=1 < 4 and no outgoing: money arrives and stays; in=50,000 KZT over 1 transfers from 1 payer",1,0,50000.0,0.0,1,0,0.0002955811159053975,0.0004611679650745792,0.0,0.0,,1,False,False,True,0
100000002243354100,terminal,0.8,46,0.0023,"depth=1 < 4 and no outgoing: money arrives and stays; in=20,879 KZT over 1 transfers from 1 payer",1,0,20879.0,0.0,1,0,0.00028995155175152374,-7.530357151555147e-18,0.0,0.0,,1,False,False,True,1
100000006069103100,transit,0.7,32,0.0782,"pass_through=1.18: in=228,818, out=270,000 KZT, dwell=-1d",3,3,228818.0,270000.0,3,4,0.0011516310982681705,0.0003102993737615634,-1.98808325405983e-18,1.1799770997036947,-1.0,1,False,False,False,0
100000002760175100,terminal,0.8,33,0.0064,"depth=1 < 4 and no outgoing: money arrives and stays; in=187,410 KZT over 1 transfers from 1 payer",1,0,187410.0,0.0,1,0,0.00031399380182833917,0.00012279960625588996,0.0,0.0,,1,False,False,True,0
100000003567087100,terminal,0.8,46,0.0031,"depth=1 < 4 and no outgoing: money arrives and stays; in=62,115 KZT over 1 transfers from 1 payer",1,0,62115.0,0.0,1,0,0.0002986065051344278,-7.530357151555147e-18,0.0,0.0,,1,False,False,True,1
100000008229700100,abstained_single_observation,0.0,43,0.0024,"abstained on a single observation: in_tx=1, out_tx=1, fewer than 3 transfers is not a stable ratio",1,1,23500.0,7200.0,1,1,0.00028946923798144053,1.0100033668705065e-05,-2.347623865126829e-19,0.30638297872340425,11.0,1,False,False,False,0
100000004076740100,peripheral,0.4,87,0.0318,"no rule threshold met: in_deg=3, out_deg=6, in=93,250, out=125,000 KZT",3,6,93250.0,125000.0,5,10,0.0007414546780411341,0.0021866522981851847,1.9583614636197112e-07,1.3404825737265416,2.0,1,False,False,False,0
100000003284932100,terminal,0.8,24,0.0071,"depth=1 < 4 and no outgoing: money arrives and stays; in=69,925 KZT over 1 transfers from 1 payer",1,0,69925.0,0.0,1,0,0.0002995708268481083,0.0004611679650745792,0.0,0.0,,1,False,False,True,0
100000008071620100,terminal,0.8,47,0.0211,"depth=1 < 4 and no outgoing: money arrives and stays; in=46,968 KZT over 1 transfers from 1 payer",1,0,46968.0,0.0,1,0,0.00029438295322921934,0.002151681626890837,0.0,0.0,,1,False,False,True,0
100000003235780100,terminal,0.8,47,0.0479,"depth=1 < 4 and no outgoing: money arrives and stays; in=65,000 KZT over 2 transfers from 2 payers",2,0,65000.0,0.0,2,0,0.00029120007891764486,0.005057463282107347,0.0,0.0,,1,False,False,True,0
100000005363908100,transit,0.7,56,0.0097,"pass-through 1.00 from a single transfer each way, so the ratio is one observation rather than a rate: in=19,500, out=19,500 KZT, dwell=0d",1,1,19500.0,19500.0,1,1,0.0003385171206244062,-1.5311835079090476e-18,-1.3011365658700089e-18,1.0,0.0,1,False,False,False,6
100000001851289100,terminal,0.8,20,0.0064,"depth=1 < 4 and no outgoing: money arrives and stays; in=109,510 KZT over 3 transfers from 1 payer",1,0,109510.0,0.0,3,0,0.00029734359625899394,0.00029524161332084226,0.0,0.0,,1,False,False,True,0
100000002870937100,terminal,0.8,29,0.0034,"depth=1 < 4 and no outgoing: money arrives and stays; in=83,700 KZT over 1 transfers from 1 payer",1,0,83700.0,0.0,1,0,0.0002903688396007318,4.3414150090396185e-06,0.0,0.0,,1,False,False,True,0
100000002152857100,peripheral,0.4,31,0.0042,"no rule threshold met: in_deg=1, out_deg=5, in=105,000, out=1,230,000 KZT",1,5,105000.0,1230000.0,1,6,0.0002997108402620934,4.0895899043316926e-05,2.2981552650700297e-05,11.714285714285714,-11.0,1,False,False,False,0
100000002600345100,terminal,0.8,20,0.0075,"depth=1 < 4 and no outgoing: money arrives and stays; in=52,400 KZT over 2 transfers from 2 payers",2,0,52400.0,0.0,2,0,0.0002957205308431155,0.0003197167634671071,0.0,0.0,,1,False,False,True,0
100000002580377100,peripheral,0.4,20,0.0051,"no rule threshold met: in_deg=1, out_deg=1, in=37,750, out=5,000 KZT",1,1,37750.0,5000.0,2,1,0.00028962810073792137,0.00029524161332084226,-2.347623865126829e-19,0.13245033112582782,9.0,1,False,False,False,0
100000004094958100,transit,0.7,56,0.0131,"pass-through 1.03 from a single transfer each way, so the ratio is one observation rather than a rate: in=39,000, out=40,000 KZT, dwell=0d",1,1,39000.0,40000.0,1,1,0.0003914649470315221,-1.5311835079090476e-18,-6.517107778212955e-19,1.0256410256410255,0.0,1,False,False,False,6
100000002609774100,abstained_single_observation,0.0,49,0.0045,"abstained on a single observation: in_tx=1, out_tx=1, fewer than 3 transfers is not a stable ratio",1,1,7700.0,27500.0,1,1,0.0002863971832294454,0.00029524161332084226,1.2056205087955805e-05,3.5714285714285716,-12.0,1,False,False,False,0
100000002596035100,terminal,0.8,33,0.0072,"depth=1 < 4 and no outgoing: money arrives and stays; in=231,570 KZT over 1 transfers from 1 payer",1,0,231570.0,0.0,1,0,0.0003206915567832718,0.00012279960625588996,0.0,0.0,,1,False,False,True,0
100000004664515100,terminal,0.8,47,0.0209,"depth=1 < 4 and no outgoing: money arrives and stays; in=37,691 KZT over 1 transfers from 1 payer",1,0,37691.0,0.0,1,0,0.0002926421016993763,0.002151681626890837,0.0,0.0,,1,False,False,True,0
100000000661912100,transit,0.7,47,0.3402,"pass_through=1.10: in=393,036, out=430,700 KZT, dwell=0d",5,2,393036.0,430700.0,9,8,0.0017491597591117558,0.00786214449865559,-9.009757596449287e-19,1.0958283719557496,0.0,1,False,False,False,0
100000004144536100,terminal,0.8,41,0.0193,"depth=1 < 4 and no outgoing: money arrives and stays; in=168,000 KZT over 6 transfers from 4 payers",4,0,168000.0,0.0,6,0,0.0009685966718954024,-8.59730328450894e-18,0.0,0.0,,1,False,False,True,2
100000006177176100,terminal,0.8,20,0.0045,"depth=1 < 4 and no outgoing: money arrives and stays; in=8,911 KZT over 1 transfers from 1 payer",1,0,8911.0,0.0,1,0,0.0002865273875922662,0.00029524161332084226,0.0,0.0,,1,False,False,True,0
100000002158488100,terminal,0.8,46,0.0025,"depth=1 < 4 and no outgoing: money arrives and stays; in=31,723 KZT over 1 transfers from 1 payer",1,0,31723.0,0.0,1,0,0.00029222758033053747,-7.530357151555147e-18,0.0,0.0,,1,False,False,True,1
100000000041368100,terminal,0.8,24,0.0089,"depth=1 < 4 and no outgoing: money arrives and stays; in=160,000 KZT over 1 transfers from 1 payer",1,0,160000.0,0.0,1,0,0.00031760712361923363,0.0004611679650745792,0.0,0.0,,1,False,False,True,0
100000008722328100,terminal,0.8,46,0.0023,"depth=1 < 4 and no outgoing: money arrives and stays; in=23,677 KZT over 1 transfers from 1 payer",1,0,23677.0,0.0,1,0,0.00029053881917720433,-7.530357151555147e-18,0.0,0.0,,1,False,False,True,1
100000008735384100,terminal,0.8,46,0.0026,"depth=1 < 4 and no outgoing: money arrives and stays; in=39,220 KZT over 1 transfers from 1 payer",1,0,39220.0,0.0,1,0,0.00029380111281457165,-7.530357151555147e-18,0.0,0.0,,1,False,False,True,1
100000004480280100,peripheral,0.4,24,0.0086,"no rule threshold met: in_deg=1, out_deg=2, in=146,694, out=295,850 KZT",1,2,146694.0,295850.0,1,7,0.0003149427776315945,0.0004611679650745792,1.8572189434801308e-08,2.0167832358515003,-17.0,1,False,False,False,0
100000004286573100,terminal,0.8,43,0.0023,"depth=1 < 4 and no outgoing: money arrives and stays; in=16,590 KZT over 1 transfers from 1 payer",1,0,16590.0,0.0,1,0,0.0002883224885597265,1.0100033668705065e-05,0.0,0.0,,1,False,False,True,0
100000001746925100,abstained_single_observation,0.0,24,0.0071,"abstained on a single observation: in_tx=1, out_tx=1, fewer than 3 transfers is not a stable ratio",1,1,65250.0,5000.0,1,1,0.0002986347215202703,0.0004611679650745792,-2.347623865126829e-19,0.07662835249042145,-14.0,1,False,False,False,0
100000001660397100,transit,0.7,47,0.1222,"pass_through=1.01: in=48,600, out=49,000 KZT, dwell=0d",2,3,48600.0,49000.0,2,4,0.00029515233462771814,0.0037560934250265945,0.0005350800982536775,1.008230452674897,0.0,1,False,False,False,0
100000002591469100,terminal,0.8,29,0.006,"depth=1 < 4 and no outgoing: money arrives and stays; in=235,670 KZT over 1 transfers from 1 payer",1,0,235670.0,0.0,1,0,0.0002990831396236902,4.3414150090396185e-06,0.0,0.0,,1,False,False,True,0
100000002731501100,peripheral,0.4,41,0.0178,"no rule threshold met: in_deg=3, out_deg=7, in=570,370, out=833,960 KZT",3,7,570370.0,833960.0,7,20,0.0004855839777590116,-6.4754707619186e-18,-1.5521628940500162e-17,1.4621386117783193,-10.0,1,False,False,False,2
100000000089154100,peripheral,0.4,47,0.0204,"no rule threshold met: in_deg=1, out_deg=15, in=10,000, out=425,500 KZT",1,15,10000.0,425500.0,1,21,0.0002874458184490925,0.002151681626890837,0.0028494328304310497,42.55,-7.0,1,False,False,False,0
100000008732098100,terminal,0.8,46,0.0022,"depth=1 < 4 and no outgoing: money arrives and stays; in=15,677 KZT over 1 transfers from 1 payer",1,0,15677.0,0.0,1,0,0.00028885971288505105,-7.530357151555147e-18,0.0,0.0,,1,False,False,True,1
100000005456919100,peripheral,0.4,21,0.026,"no rule threshold met: in_deg=2, out_deg=1, in=479,950, out=5,000 KZT",2,1,479950.0,5000.0,10,1,0.0013700274780428564,-4.1138516057266444e-18,-1.772225311175891e-18,0.010417751849150954,15.0,1,False,False,False,7
100000000507799100,abstained_single_observation,0.0,79,0.0045,"abstained on a single observation: in_tx=1, out_tx=1, fewer than 3 transfers is not a stable ratio",1,1,5132.0,8000.0,1,1,0.000286121076867989,0.00029524161332084226,-8.777422187260618e-19,1.558846453624318,3.0,1,False,False,False,0
100000008716439100,terminal,0.8,46,0.0021,"depth=1 < 4 and no outgoing: money arrives and stays; in=12,267 KZT over 1 transfers from 1 payer",1,0,12267.0,0.0,1,0,0.0002881439938280207,-7.530357151555147e-18,0.0,0.0,,1,False,False,True,1
100000002981527100,terminal,0.8,80,0.0051,"depth=1 < 4 and no outgoing: money arrives and stays; in=168,000 KZT over 1 transfers from 1 payer",1,0,168000.0,0.0,1,0,0.000303611374917362,2.274780546011801e-05,0.0,0.0,,1,False,False,True,0
100000002844652100,terminal,0.8,29,0.003,"depth=1 < 4 and no outgoing: money arrives and stays; in=61,360 KZT over 1 transfers from 1 payer",1,0,61360.0,0.0,1,0,0.000289087813987039,4.3414150090396185e-06,0.0,0.0,,1,False,False,True,0
100000002605548100,terminal,0.8,33,0.0071,"depth=1 < 4 and no outgoing: money arrives and stays; in=116,695 KZT over 2 transfers from 2 payers",2,0,116695.0,0.0,2,0,0.0003143213711267536,0.0001250948569094621,0.0,0.0,,1,False,False,True,0
100000002750956100,terminal,0.8,47,0.0211,"depth=1 < 4 and no outgoing: money arrives and stays; in=47,416 KZT over 1 transfers from 1 payer",1,0,47416.0,0.0,1,0,0.0002944670215148041,0.002151681626890837,0.0,0.0,,1,False,False,True,0
100000002982252100,terminal,0.8,46,0.0023,"depth=1 < 4 and no outgoing: money arrives and stays; in=20,320 KZT over 1 transfers from 1 payer",1,0,20320.0,0.0,1,0,0.00028983422419935953,-7.530357151555147e-18,0.0,0.0,,1,False,False,True,1
100000000961900100,terminal,0.8,47,0.0282,"depth=1 < 4 and no outgoing: money arrives and stays; in=36,000 KZT over 3 transfers from 2 payers",2,0,36000.0,0.0,3,0,0.00029432044056326376,0.0027944973115175977,0.0,0.0,,1,False,False,True,0
100000007175718100,terminal,0.8,37,0.0024,"depth=1 < 4 and no outgoing: money arrives and stays; in=20,000 KZT over 1 transfers from 1 payer",1,0,20000.0,0.0,1,0,0.0003031865584283141,-2.500714748775719e-18,0.0,0.0,,1,False,False,True,5
100000002306369100,peripheral,0.4,24,0.0216,"no rule threshold met: in_deg=1, out_deg=6, in=73,166, out=260,900 KZT",1,6,73166.0,260900.0,1,9,0.0002992990714116951,0.002151681626890837,0.003795760997273637,3.5658639258672062,17.0,1,False,False,False,0
100000000667713100,peripheral,0.4,20,0.0088,"no rule threshold met: in_deg=2, out_deg=6, in=119,495, out=79,236 KZT",2,6,119495.0,79236.0,10,7,0.0003201059721320311,0.00030027075770848357,0.0006759245224282952,0.663090505878907,0.0,1,False,False,False,0
100000001072022100,terminal,0.8,24,0.066,"depth=1 < 4 and no outgoing: money arrives and stays; in=1,684,000 KZT over 6 transfers from 3 payers",3,0,1684000.0,0.0,6,0,0.0005021346766292344,0.0034634606285789647,0.0,0.0,,1,False,False,True,0
100000008116374100,terminal,0.8,20,0.005,"depth=1 < 4 and no outgoing: money arrives and stays; in=31,284 KZT over 1 transfers from 1 payer",1,0,31284.0,0.0,1,0,0.000288932889003818,0.00029524161332084226,0.0,0.0,,1,False,False,True,0
100000000703894100,abstained_single_observation,0.0,25,0.0064,"abstained on a single observation: in_tx=1, out_tx=1, fewer than 3 transfers is not a stable ratio",1,1,120000.0,35000.0,1,1,0.00047736859826889627,-2.510243011407876e-18,-2.347623865126829e-19,0.2916666666666667,-13.0,1,False,False,False,3
100000008066326100,terminal,0.8,47,0.0206,"depth=1 < 4 and no outgoing: money arrives and stays; in=19,320 KZT over 1 transfers from 1 payer",1,0,19320.0,0.0,1,0,0.0002891947390331323,0.002151681626890837,0.0,0.0,,1,False,False,True,0
100000004662806100,peripheral,0.4,43,0.0113,"no rule threshold met: in_deg=2, out_deg=2, in=106,585, out=59,900 KZT",2,2,106585.0,59900.0,2,3,0.00030544976624820216,0.0006529157182954634,-9.009757596449287e-19,0.5619927757189098,1.0,1,False,False,False,0
100000005778283100,terminal,0.8,29,0.0189,"depth=1 < 4 and no outgoing: money arrives and stays; in=615,760 KZT over 3 transfers from 3 payers",3,0,615760.0,0.0,3,0,0.00043758405542756654,0.00011357615241737058,0.0,0.0,,1,False,False,True,0
100000004408683100,terminal,0.8,20,0.0096,"depth=1 < 4 and no outgoing: money arrives and stays; in=112,920 KZT over 3 transfers from 2 payers",2,0,112919.68,0.0,3,0,0.00038531432958818963,0.00031210940414831505,0.0,0.0,,1,False,False,True,0
100000002704875100,terminal,0.8,82,0.0513,"depth=1 < 4 and no outgoing: money arrives and stays; in=244,891 KZT over 4 transfers from 3 payers",3,0,244891.0,0.0,4,0,0.0003150737954997622,0.004839827491626757,0.0,0.0,,1,False,False,True,0
100000008349675100,peripheral,0.4,29,0.0027,"no rule threshold met: in_deg=1, out_deg=1, in=46,520, out=36,650 KZT",1,1,46520.0,36650.0,1,2,0.0002882368551639772,4.3414150090396185e-06,-2.347623865126829e-19,0.7878331900257953,0.0,1,False,False,False,0
100000006889963100,peripheral,0.4,90,0.0728,"no rule threshold met: in_deg=4, out_deg=1, in=1,431,000, out=443,476 KZT",4,1,1431000.0,443475.8,6,3,0.00042726044416286594,0.004656080095149237,-2.347623865126829e-19,0.30990621942697416,1.0,1,False,False,False,0
100000008771819100,terminal,0.8,46,0.0026,"depth=1 < 4 and no outgoing: money arrives and stays; in=38,900 KZT over 1 transfers from 1 payer",1,0,38900.0,0.0,1,0,0.0002937339485628855,-7.530357151555147e-18,0.0,0.0,,1,False,False,True,1
100000008586731100,terminal,0.8,43,0.0022,"depth=1 < 4 and no outgoing: money arrives and stays; in=12,000 KZT over 1 transfers from 1 payer",1,0,12000.0,0.0,1,0,0.00028756075486281377,1.0100033668705065e-05,0.0,0.0,,1,False,False,True,0
100000005844459100,terminal,0.8,47,0.0365,"depth=1 < 4 and no outgoing: money arrives and stays; in=243,400 KZT over 2 transfers from 2 payers",2,0,243400.0,0.0,2,0,0.0003380825577474265,0.003289589059980982,0.0,0.0,,1,False,False,True,0
100000008172352100,peripheral,0.4,81,0.0093,"no rule threshold met: in_deg=3, out_deg=7, in=90,265, out=289,510 KZT",3,7,90265.0,289510.0,3,8,0.00037526567278554305,0.00012101161498525132,-1.0642989793835191e-17,3.207333961114496,-7.0,1,False,False,False,0
100000001162560100,peripheral,0.4,80,0.0081,"no rule threshold met: in_deg=1, out_deg=12, in=331,300, out=2,904,398 KZT",1,12,331300.0,2904398.0,2,14,0.0003211487069311817,2.274780546011801e-05,2.6898546450421797e-05,8.76667069121642,-21.0,1,False,False,False,0
100000008779584100,terminal,0.8,46,0.0025,"depth=1 < 4 and no outgoing: money arrives and stays; in=31,400 KZT over 1 transfers from 1 payer",1,0,31400.0,0.0,1,0,0.0002921597864139918,-7.530357151555147e-18,0.0,0.0,,1,False,False,True,1
100000007631637100,terminal,0.8,46,0.0022,"depth=1 < 4 and no outgoing: money arrives and stays; in=15,341 KZT over 1 transfers from 1 payer",1,0,15341.0,0.0,1,0,0.0002887891904207806,-7.530357151555147e-18,0.0,0.0,,1,False,False,True,1
100000007347733100,terminal,0.8,15,0.003,"depth=1 < 4 and no outgoing: money arrives and stays; in=23,007 KZT over 1 transfers from 1 payer",1,0,23007.0,0.0,1,0,0.0003456840263989,-1.5527877523314866e-18,0.0,0.0,,1,False,False,True,8
100000001463701100,terminal,0.8,33,0.0189,"depth=1 < 4 and no outgoing: money arrives and stays; in=621,000 KZT over 2 transfers from 2 payers",2,0,621000.0,0.0,2,0,0.0005722109368497123,0.00012378143199652154,0.0,0.0,,1,False,False,True,0
100000008664469100,terminal,0.8,24,0.0063,"depth=1 < 4 and no outgoing: money arrives and stays; in=25,000 KZT over 1 transfers from 1 payer",1,0,25000.0,0.0,1,0,0.00029057520506134383,0.0004611679650745792,0.0,0.0,,1,False,False,True,0
100000003923946100,peripheral,0.4,29,0.0079,"no rule threshold met: in_deg=1, out_deg=4, in=282,000, out=675,000 KZT",1,4,282000.0,675000.0,3,4,0.0003894174848137435,9.228378273096028e-07,5.960219897413441e-05,2.393617021276596,0.0,1,False,False,False,0
100000006562026100,terminal,0.8,15,0.0103,"depth=1 < 4 and no outgoing: money arrives and stays; in=75,000 KZT over 6 transfers from 2 payers",2,0,75000.0,0.0,6,0,0.0006853595679127559,-2.058433343260426e-18,0.0,0.0,,1,False,False,True,8
100000008776298100,terminal,0.8,46,0.0027,"depth=1 < 4 and no outgoing: money arrives and stays; in=42,800 KZT over 1 transfers from 1 payer",1,0,42800.0,0.0,1,0,0.0002945525128803102,-7.530357151555147e-18,0.0,0.0,,1,False,False,True,1
100000006446271100,terminal,0.8,24,0.0106,"depth=1 < 4 and no outgoing: money arrives and stays; in=80,000 KZT over 2 transfers from 2 payers",2,0,80000.0,0.0,2,0,0.00031391369620990085,0.0006039352620193629,0.0,0.0,,1,False,False,True,0
100000004588479100,terminal,0.8,20,0.0076,"depth=1 < 4 and no outgoing: money arrives and stays; in=177,633 KZT over 2 transfers from 1 payer",1,0,177633.0,0.0,2,0,0.0003046680486193901,0.00029524161332084226,0.0,0.0,,1,False,False,True,0
100000002324543100,terminal,0.8,80,0.0026,"depth=1 < 4 and no outgoing: money arrives and stays; in=30,202 KZT over 1 transfers from 1 payer",1,0,30202.0,0.0,1,0,0.00028881278779647806,2.274780546011801e-05,0.0,0.0,,1,False,False,True,0
100000007129492100,peripheral,0.4,33,0.0097,"no rule threshold met: in_deg=2, out_deg=1, in=50,990, out=37,000 KZT",2,1,50990.0,37000.0,2,1,0.0002945171129254449,0.0005839675713304694,-2.347623865126829e-19,0.725632476956266,0.0,1,False,False,False,0
100000003877908100,terminal,0.8,24,0.0066,"depth=1 < 4 and no outgoing: money arrives and stays; in=40,000 KZT over 1 transfers from 1 payer",1,0,40000.0,0.0,1,0,0.00029357875156777607,0.0004611679650745792,0.0,0.0,,1,False,False,True,0
100000002748180100,peripheral,0.4,54,0.0021,"no rule threshold met: in_deg=1, out_deg=8, in=9,900, out=679,743 KZT",1,8,9900.0,679743.0,1,9,0.0002872122492498471,1.0100033668705065e-05,2.193742786697857e-06,68.66090909090909,-7.0,1,False,False,False,0
100000000945428100,terminal,0.8,47,0.0219,"depth=1 < 4 and no outgoing: money arrives and stays; in=89,629 KZT over 1 transfers from 1 payer",1,0,89629.0,0.0,1,0,0.00030238839325451126,0.002151681626890837,0.0,0.0,,1,False,False,True,0
100000003115284100,consolidator,0.7,33,0.3666,"in_deg=8 payers, in=2,160,500 KZT, pass_through=0.24",8,2,2160500.0,517000.0,15,4,0.0015286375827955714,0.005009559527507034,1.7324688633747318e-05,0.23929645915297384,-1.0,1,False,False,False,0
100000005394708100,abstained_single_observation,0.0,34,0.0031,"abstained on a single observation: in_tx=1, out_tx=1, fewer than 3 transfers is not a stable ratio",1,1,26000.0,65000.0,1,1,0.00034517722457498676,-1.0584136944965696e-18,-8.78216372081626e-19,2.5,1.0,1,False,False,False,0
100000008747113100,terminal,0.8,90,0.0363,"depth=1 < 4 and no outgoing: money arrives and stays; in=197,801 KZT over 2 transfers from 2 payers",2,0,197801.0,0.0,2,0,0.00030751915506009543,0.0034013420452447367,0.0,0.0,,1,False,False,True,0
100000004491881100,terminal,0.8,46,0.0022,"depth=1 < 4 and no outgoing: money arrives and stays; in=17,144 KZT over 1 transfers from 1 payer",1,0,17144.0,0.0,1,0,0.0002891676190013747,-7.530357151555147e-18,0.0,0.0,,1,False,False,True,1
100000006008169100,terminal,0.8,43,0.0033,"depth=1 < 4 and no outgoing: money arrives and stays; in=70,000 KZT over 1 transfers from 1 payer",1,0,70000.0,0.0,1,0,0.00029718614798284425,1.0100033668705065e-05,0.0,0.0,,1,False,False,True,0
100000002681449100,peripheral,0.4,66,0.0334,"no rule threshold met: in_deg=2, out_deg=2, in=94,638, out=133,000 KZT",2,2,94638.0,133000.0,2,2,0.0002951397503203059,0.003283620070539448,0.00014075988950704434,1.4053551427544961,0.0,1,False,False,False,0
100000002645609100,terminal,0.8,47,0.068,"depth=1 < 4 and no outgoing: money arrives and stays; in=546,821 KZT over 5 transfers from 4 payers",4,0,546820.6799999999,0.0,5,0,0.0003553578831259949,0.005933623592512493,0.0,0.0,,1,False,False,True,0
100000006369769100,terminal,0.8,46,0.0027,"depth=1 < 4 and no outgoing: money arrives and stays; in=40,000 KZT over 1 transfers from 1 payer",1,0,40000.0,0.0,1,0,0.0002939648256780566,-7.530357151555147e-18,0.0,0.0,,1,False,False,True,1
100000002173161100,terminal,0.8,20,0.0339,"depth=1 < 4 and no outgoing: money arrives and stays; in=1,427,500 KZT over 5 transfers from 3 payers",3,0,1427500.0,0.0,5,0,0.0004354146921033421,0.0003011826207838567,0.0,0.0,,1,False,False,True,0
100000008686313100,coordinator,0.5,47,0.4588,"both sides active: in_deg=6, out_deg=7, in=1,912,716, out=333,800 KZT",6,7,1912716.0,333800.0,16,13,0.00046763290222869583,0.010825895242181019,0.0018982930976390781,0.17451623764322566,2.0,1,False,False,False,0
100000004692798100,peripheral,0.4,43,0.0292,"no rule threshold met: in_deg=2, out_deg=1, in=240,305, out=15,000 KZT",2,1,240305.0,15000.0,4,2,0.0019106511787003809,1.0180786965393045e-05,-2.347623865126829e-19,0.06242067372713843,9.0,1,False,False,False,0
100000002939838100,terminal,0.8,20,0.0206,"depth=1 < 4 and no outgoing: money arrives and stays; in=571,233 KZT over 3 transfers from 3 payers",3,0,571233.0,0.0,3,0,0.00040003336210329694,0.00046898867135412224,0.0,0.0,,1,False,False,True,0
100000003119550100,terminal,0.8,46,0.0023,"depth=1 < 4 and no outgoing: money arrives and stays; in=21,000 KZT over 1 transfers from 1 payer",1,0,21000.0,0.0,1,0,0.00028997694823419256,-7.530357151555147e-18,0.0,0.0,,1,False,False,True,1
100000004315838100,peripheral,0.4,24,0.0336,"no rule threshold met: in_deg=2, out_deg=1, in=50,000, out=18,000 KZT",2,1,50000.0,18000.0,2,1,0.0002913854344131959,0.0034013420452447367,-2.347623865126829e-19,0.36,-2.0,1,False,False,False,0
100000002671806100,terminal,0.8,43,0.0022,"depth=1 < 4 and no outgoing: money arrives and stays; in=12,440 KZT over 1 transfers from 1 payer",1,0,12440.0,0.0,1,0,0.0002876337750864829,1.0100033668705065e-05,0.0,0.0,,1,False,False,True,0
100000008716222100,terminal,0.8,46,0.0022,"depth=1 < 4 and no outgoing: money arrives and stays; in=18,000 KZT over 1 transfers from 1 payer",1,0,18000.0,0.0,1,0,0.00028934728337463503,-7.530357151555147e-18,0.0,0.0,,1,False,False,True,1
100000005496254100,terminal,0.8,47,0.0204,"depth=1 < 4 and no outgoing: money arrives and stays; in=12,700 KZT over 1 transfers from 1 payer",1,0,12700.0,0.0,1,0,0.00028795247999167917,0.002151681626890837,0.0,0.0,,1,False,False,True,0
100000004622227100,peripheral,0.4,47,0.0207,"no rule threshold met: in_deg=1, out_deg=3, in=24,931, out=19,000 KZT",1,3,24931.0,19000.0,1,3,0.00029024765677959657,0.002151681626890837,0.00034393568930460875,0.762103405398901,3.0,1,False,False,False,0
100000000274067100,peripheral,0.4,29,0.0141,"no rule threshold met: in_deg=2, out_deg=3, in=517,704, out=2,969,000 KZT",2,3,517704.0,2969000.0,9,9,0.00041370365128518645,4.376405902721427e-06,-1.98808325405983e-18,5.734937338710924,-12.0,1,False,False,False,0
100000008782056100,terminal,0.8,46,0.0024,"depth=1 < 4 and no outgoing: money arrives and stays; in=29,082 KZT over 1 transfers from 1 payer",1,0,29082.0,0.0,1,0,0.00029167326536584036,-7.530357151555147e-18,0.0,0.0,,1,False,False,True,1
100000006788200100,peripheral,0.4,29,0.0528,"no rule threshold met: in_deg=4, out_deg=3, in=272,156, out=64,500 KZT",4,3,272155.8,64500.0,4,4,0.00033716343435244173,0.004712143611845416,1.2623492597190561e-05,0.23699660268125833,-1.0,1,False,False,False,0
100000001164648100,terminal,0.8,52,0.0066,"depth=1 < 4 and no outgoing: money arrives and stays; in=13,660 KZT over 2 transfers from 2 payers",2,0,13660.0,0.0,2,0,0.00029014259597535106,0.0002989289952673658,0.0,0.0,,1,False,False,True,0
100000005133757100,terminal,0.8,82,0.01,"depth=1 < 4 and no outgoing: money arrives and stays; in=65,000 KZT over 2 transfers from 2 payers",2,0,65000.0,0.0,2,0,0.00029941072919292984,0.0005914483427951593,0.0,0.0,,1,False,False,True,0
100000006445501100,terminal,0.8,33,0.0046,"depth=1 < 4 and no outgoing: money arrives and stays; in=91,000 KZT over 1 transfers from 1 payer",1,0,91000.0,0.0,1,0,0.00029937128019778993,0.00012279960625588996,0.0,0.0,,1,False,False,True,0
100000004390333100,peripheral,0.4,47,0.048,"no rule threshold met: in_deg=2, out_deg=9, in=64,558, out=506,500 KZT",2,9,64558.0,506500.0,2,14,0.00029521378985057525,0.005057463282107347,0.0028691080189600575,7.845658167849066,1.0,1,False,False,False,0
100000001641789100,terminal,0.8,29,0.0049,"depth=1 < 4 and no outgoing: money arrives and stays; in=17,826 KZT over 1 transfers from 1 payer",1,0,17826.0,0.0,1,0,0.0004895828148678119,4.075748967608225e-07,0.0,0.0,,1,False,False,True,0
100000000968253100,terminal,0.8,46,0.0022,"depth=1 < 4 and no outgoing: money arrives and stays; in=15,000 KZT over 1 transfers from 1 payer",1,0,15000.0,0.0,1,0,0.0002887176185150776,-7.530357151555147e-18,0.0,0.0,,1,False,False,True,1
100000001527186100,terminal,0.8,24,0.0189,"depth=1 < 4 and no outgoing: money arrives and stays; in=678,000 KZT over 2 transfers from 1 payer",1,0,678000.0,0.0,2,0,0.0004213295963080255,0.0004611679650745792,0.0,0.0,,1,False,False,True,0
100000005852946100,terminal,0.8,24,0.0063,"depth=1 < 4 and no outgoing: money arrives and stays; in=23,746 KZT over 1 transfers from 1 payer",1,0,23746.0,0.0,1,0,0.00029032410857340613,0.0004611679650745792,0.0,0.0,,1,False,False,True,0
100000001530983100,coordinator,0.5,20,0.2137,"both sides active: in_deg=4, out_deg=11, in=564,158, out=1,829,538 KZT",4,11,564158.0,1829538.0,4,17,0.000356090309991762,0.0054396671569106585,0.00021682601059340223,3.24295321523403,-7.0,1,False,False,False,0
100000008221543100,terminal,0.8,36,0.0342,"depth=1 < 4 and no outgoing: money arrives and stays; in=542,000 KZT over 2 transfers from 2 payers",2,0,542000.0,0.0,2,0,0.00037148464522539644,0.0023850262526692255,0.0,0.0,,1,False,False,True,0
100000001937767100,peripheral,0.4,45,0.0107,"no rule threshold met: in_deg=1, out_deg=4, in=53,000, out=1,933,000 KZT",1,4,53000.0,1933000.0,1,6,0.0008921392815659748,4.075748967608225e-07,2.3309326433273502e-07,36.471698113207545,0.0,1,False,False,False,0
100000002462183100,terminal,0.8,37,0.0049,"depth=1 < 4 and no outgoing: money arrives and stays; in=107,500 KZT over 3 transfers from 1 payer",1,0,107500.0,0.0,3,0,0.0003802620893515438,-2.500714748775719e-18,0.0,0.0,,1,False,False,True,5
100000001805543100,terminal,0.8,20,0.0055,"depth=1 < 4 and no outgoing: money arrives and stays; in=59,000 KZT over 1 transfers from 1 payer",1,0,59000.0,0.0,1,0,0.0002919128593753627,0.00029524161332084226,0.0,0.0,,1,False,False,True,0
100000002606567100,abstained_single_observation,0.0,47,0.0205,"abstained on a single observation: in_tx=1, out_tx=1, fewer than 3 transfers is not a stable ratio",1,1,14095.0,53000.0,1,1,0.0002882142551220156,0.002151681626890837,-2.347623865126829e-19,3.7601986520042567,-1.0,1,False,False,False,0
100000007281639100,terminal,0.8,20,0.0107,"depth=1 < 4 and no outgoing: money arrives and stays; in=216,770 KZT over 4 transfers from 2 payers",2,0,216770.0,0.0,4,0,0.0003235711404553899,0.00033091796293033737,0.0,0.0,,1,False,False,True,0
100000002991079100,peripheral,0.4,20,0.0103,"no rule threshold met: in_deg=2, out_deg=1, in=148,900, out=11,000 KZT",2,1,148900.0,11000.0,3,1,0.0003951739742726738,0.0003053651890932982,-2.347623865126829e-19,0.07387508394895903,0.0,1,False,False,False,0
100000002847207100,terminal,0.8,24,0.0067,"depth=1 < 4 and no outgoing: money arrives and stays; in=46,243 KZT over 1 transfers from 1 payer",1,0,46243.0,0.0,1,0,0.00029482882762375313,0.0004611679650745792,0.0,0.0,,1,False,False,True,0
100000000011452100,peripheral,0.4,47,0.0422,"no rule threshold met: in_deg=3, out_deg=1, in=110,000, out=16,685 KZT",3,1,110000.0,16685.0,7,2,0.0004768640252326467,0.003786366749604583,0.0006938863234414882,0.1516818181818182,2.0,1,False,False,False,0
100000003148220100,peripheral,0.4,51,0.0103,"no rule threshold met: in_deg=1, out_deg=2, in=5,650, out=43,400 KZT",1,2,5650.0,43400.0,1,4,0.0009182428014100962,-5.515702773971273e-19,-9.009757596449287e-19,7.68141592920354,-13.0,1,False,False,False,10
100000002479804100,peripheral,0.4,24,0.0034,"no rule threshold met: in_deg=1, out_deg=2, in=46,000, out=35,300 KZT",1,2,46000.0,35300.0,1,2,0.0002969663269488742,6.780076054127148e-05,-1.9696606491428443e-18,0.7673913043478261,-5.0,1,False,False,False,0
100000008745489100,terminal,0.8,46,0.003,"depth=1 < 4 and no outgoing: money arrives and stays; in=55,539 KZT over 1 transfers from 1 payer",1,0,55539.0,0.0,1,0,0.0002972262797622778,-7.530357151555147e-18,0.0,0.0,,1,False,False,True,1
100000002289937100,terminal,0.8,46,0.0023,"depth=1 < 4 and no outgoing: money arrives and stays; in=20,000 KZT over 1 transfers from 1 payer",1,0,20000.0,0.0,1,0,0.00028976705994767336,-7.530357151555147e-18,0.0,0.0,,1,False,False,True,1
100000004679953100,peripheral,0.4,82,0.0687,"no rule threshold met: in_deg=3, out_deg=3, in=343,538, out=34,100 KZT",3,3,343538.0,34100.0,3,3,0.0003342675529915214,0.006661875080243103,0.0002663927813036781,0.09926121709970949,3.0,1,False,False,False,0
100000003066385100,terminal,0.8,47,0.0279,"depth=1 < 4 and no outgoing: money arrives and stays; in=20,000 KZT over 2 transfers from 2 payers",2,0,20000.0,0.0,2,0,0.00029153974169365615,0.0027944973115175977,0.0,0.0,,1,False,False,True,0
100000008744849100,terminal,0.8,46,0.0027,"depth=1 < 4 and no outgoing: money arrives and stays; in=44,445 KZT over 1 transfers from 1 payer",1,0,44445.0,0.0,1,0,0.0002948977791116342,-7.530357151555147e-18,0.0,0.0,,1,False,False,True,1
100000005093521100,terminal,0.8,24,0.0061,"depth=1 < 4 and no outgoing: money arrives and stays; in=15,200 KZT over 1 transfers from 1 payer",1,0,15200.0,0.0,1,0,0.0002886128880104748,0.0004611679650745792,0.0,0.0,,1,False,False,True,0
100000006518161100,transit,0.7,20,0.0842,"pass_through=1.00: in=594,200, out=595,899 KZT, dwell=-5d",3,2,594200.0,595899.0,13,13,0.0008108053328700445,0.00033358509224978546,-9.009757596449287e-19,1.002859306630764,-5.0,1,False,False,False,0
100000001126374100,peripheral,0.4,47,0.0645,"no rule threshold met: in_deg=4, out_deg=2, in=182,500, out=29,200 KZT",4,2,182500.0,29200.0,7,4,0.00031350041044900305,0.006302313106225183,-9.009757596449287e-19,0.16,-2.0,1,False,False,False,0
100000004509286100,terminal,0.8,24,0.0066,"depth=1 < 4 and no outgoing: money arrives and stays; in=40,000 KZT over 1 transfers from 1 payer",1,0,40000.0,0.0,1,0,0.00029357875156777607,0.0004611679650745792,0.0,0.0,,1,False,False,True,0
100000005056870100,terminal,0.8,37,0.0024,"depth=1 < 4 and no outgoing: money arrives and stays; in=20,000 KZT over 1 transfers from 1 payer",1,0,20000.0,0.0,1,0,0.0003031865584283141,-2.500714748775719e-18,0.0,0.0,,1,False,False,True,5
100000008708368100,terminal,0.8,46,0.0023,"depth=1 < 4 and no outgoing: money arrives and stays; in=23,677 KZT over 1 transfers from 1 payer",1,0,23677.0,0.0,1,0,0.00029053881917720433,-7.530357151555147e-18,0.0,0.0,,1,False,False,True,1
100000005895525100,terminal,0.8,37,0.0053,"depth=1 < 4 and no outgoing: money arrives and stays; in=120,000 KZT over 3 transfers from 1 payer",1,0,120000.0,0.0,3,0,0.00039127287948343374,-2.500714748775719e-18,0.0,0.0,,1,False,False,True,5
100000008716773100,terminal,0.8,46,0.0022,"depth=1 < 4 and no outgoing: money arrives and stays; in=15,677 KZT over 1 transfers from 1 payer",1,0,15677.0,0.0,1,0,0.00028885971288505105,-7.530357151555147e-18,0.0,0.0,,1,False,False,True,1
100000002778085100,terminal,0.8,20,0.0056,"depth=1 < 4 and no outgoing: money arrives and stays; in=66,208 KZT over 1 transfers from 1 payer",1,0,66208.0,0.0,1,0,0.0002926878495051828,0.00029524161332084226,0.0,0.0,,1,False,False,True,0
100000007055802100,peripheral,0.4,47,0.1489,"no rule threshold met: in_deg=6, out_deg=1, in=2,024,999, out=605,000 KZT",6,1,2024999.0,605000.0,34,7,0.0011819243661223106,0.01082050129101884,0.0034341664001234563,0.29876557963732325,0.0,1,False,False,False,0
100000003071930100,peripheral,0.4,80,0.0157,"no rule threshold met: in_deg=3, out_deg=1, in=477,610, out=5,000 KZT",3,1,477610.0,5000.0,4,1,0.0003483674806474168,0.0001463133048421314,-2.347623865126829e-19,0.010468792529469651,8.0,1,False,False,False,0
100000002941114100,peripheral,0.4,33,0.027,"no rule threshold met: in_deg=2, out_deg=1, in=128,510, out=15,000 KZT",2,1,128510.0,15000.0,15,1,0.0018146321453408225,0.00012378143199652154,-2.347623865126829e-19,0.11672243405182477,19.0,1,False,False,False,0
100000003888271100,peripheral,0.4,1,0.0022,"no rule threshold met: in_deg=1, out_deg=2, in=12,177, out=25,590 KZT",1,2,12177.0,25590.0,2,3,0.0002913863210858292,-1.5569893857636381e-18,-1.3433151468388487e-18,2.10150283321015,2.0,1,False,False,False,4
100000007507343100,terminal,0.8,38,0.0127,"depth=1 < 4 and no outgoing: money arrives and stays; in=370,000 KZT over 1 transfers from 1 payer",1,0,370000.0,0.0,1,0,0.0006416178761806914,-1.0499656032901273e-18,0.0,0.0,,1,False,False,True,9
100000008002020100,abstained_single_observation,0.0,43,0.0034,"abstained on a single observation: in_tx=1, out_tx=1, fewer than 3 transfers is not a stable ratio",1,1,73860.0,17000.0,1,1,0.00029782673449048764,1.0100033668705065e-05,-4.504878798224643e-19,0.23016517736257786,7.0,1,False,False,False,0
100000001872484100,peripheral,0.4,19,0.0425,"no rule threshold met: in_deg=1, out_deg=3, in=871,400, out=514,580 KZT",1,3,871400.0,514580.0,13,9,0.0022739787649245706,-5.515702773971273e-19,-2.1794104017753214e-18,0.5905210006885472,13.0,1,False,False,False,11
100000008769636100,terminal,0.8,46,0.0023,"depth=1 < 4 and no outgoing: money arrives and stays; in=23,118 KZT over 1 transfers from 1 payer",1,0,23118.0,0.0,1,0,0.0002904214916250401,-7.530357151555147e-18,0.0,0.0,,1,False,False,True,1
100000004135268100,transit,0.7,38,0.145,"pass_through=0.81: in=1,239,000, out=1,000,200 KZT, dwell=-1d",2,3,1239000.0,1000200.0,3,4,0.0017405273422577722,-1.584094629283539e-18,-2.1794104017753214e-18,0.8072639225181598,-1.0,1,False,False,False,9
100000005316708100,peripheral,0.4,29,0.0039,"no rule threshold met: in_deg=1, out_deg=2, in=90,000, out=257,500 KZT",1,2,90000.0,257500.0,1,4,0.0002976906193985501,4.0895899043316926e-05,2.09904291059548e-06,2.861111111111111,-15.0,1,False,False,False,0
100000008671929100,terminal,0.8,24,0.0072,"depth=1 < 4 and no outgoing: money arrives and stays; in=75,000 KZT over 2 transfers from 1 payer",1,0,75000.0,0.0,2,0,0.0003005870267494512,0.0004611679650745792,0.0,0.0,,1,False,False,True,0
100000005287097100,peripheral,0.4,20,0.0089,"no rule threshold met: in_deg=2, out_deg=9, in=127,173, out=697,300 KZT",2,9,127173.0,697300.0,5,42,0.0003027074338818183,0.00033091796293033737,0.00013971096895630945,5.483082100760382,-8.0,1,False,False,False,0
100000007283257100,terminal,0.8,30,0.0064,"depth=1 < 4 and no outgoing: money arrives and stays; in=192,000 KZT over 7 transfers from 1 payer",1,0,192000.0,0.0,7,0,0.0003890688456836091,-1.0584136944965696e-18,0.0,0.0,,1,False,False,True,12
100000004847758100,coordinator,0.5,24,0.2243,"both sides active: in_deg=4, out_deg=15, in=115,171, out=488,800 KZT",4,15,115171.0,488800.0,4,23,0.0003047422483467836,0.006770186979824129,0.008557695668543513,4.244123954815014,4.0,1,False,False,False,0
100000008737422100,terminal,0.8,46,0.0034,"depth=1 < 4 and no outgoing: money arrives and stays; in=76,903 KZT over 1 transfers from 1 payer",1,0,76903.0,0.0,1,0,0.0003017103331154731,-7.530357151555147e-18,0.0,0.0,,1,False,False,True,1
100000008555918100,peripheral,0.4,24,0.0085,"no rule threshold met: in_deg=1, out_deg=2, in=139,211, out=43,300 KZT",1,2,139211.0,43300.0,1,2,0.0003134444083977524,0.0004611679650745792,-9.009757596449287e-19,0.3110386391879952,-13.0,1,False,False,False,0
100000008094734100,terminal,0.8,47,0.0321,"depth=1 < 4 and no outgoing: money arrives and stays; in=236,249 KZT over 4 transfers from 4 payers",4,0,236249.0,0.0,4,0,0.00034413600318898276,0.002335465649868427,0.0,0.0,,1,False,False,True,0
100000006952718100,terminal,0.8,20,0.0057,"depth=1 < 4 and no outgoing: money arrives and stays; in=71,489 KZT over 1 transfers from 1 payer",1,0,71489.0,0.0,1,0,0.0002932556523458571,0.00029524161332084226,0.0,0.0,,1,False,False,True,0
100000005339662100,coordinator,0.5,53,0.1058,"both sides active: in_deg=4, out_deg=4, in=202,939, out=295,160 KZT",4,4,202939.0,295160.0,9,15,0.0016567441326948023,0.00033631555291214625,0.00012866402220671386,1.4544271924075707,0.0,1,False,False,False,0
100000001716579100,terminal,0.8,46,0.0021,"depth=1 < 4 and no outgoing: money arrives and stays; in=13,916 KZT over 1 transfers from 1 payer",1,0,13916.0,0.0,1,0,0.0002884900996124908,-7.530357151555147e-18,0.0,0.0,,1,False,False,True,1
100000002774456100,terminal,0.8,33,0.0039,"depth=1 < 4 and no outgoing: money arrives and stays; in=50,363 KZT over 1 transfers from 1 payer",1,0,50363.0,0.0,1,0,0.00029320785927153096,0.00012279960625588996,0.0,0.0,,1,False,False,True,0
100000004394765100,peripheral,0.4,20,0.0202,"no rule threshold met: in_deg=3, out_deg=2, in=603,844, out=82,500 KZT",3,2,603844.0,82500.0,10,2,0.00038027545911161945,0.0003834877994591583,3.741922543562866e-09,0.13662469114539516,-2.0,1,False,False,False,0
100000004004621100,terminal,0.8,55,0.0382,"depth=1 < 4 and no outgoing: money arrives and stays; in=75,389 KZT over 3 transfers from 3 payers",3,0,75389.0,0.0,3,0,0.0003007744031334764,0.003660802133037808,0.0,0.0,,1,False,False,True,0
100000000907277100,terminal,0.8,46,0.0022,"depth=1 < 4 and no outgoing: money arrives and stays; in=17,534 KZT over 1 transfers from 1 payer",1,0,17534.0,0.0,1,0,0.00028924947543311713,-7.530357151555147e-18,0.0,0.0,,1,False,False,True,1
100000003835149100,peripheral,0.4,67,0.0087,"no rule threshold met: in_deg=1, out_deg=2, in=248,500, out=4,600,440 KZT",1,2,248500.0,4600440.0,1,13,0.0004889016554646466,-1.5569893857636381e-18,-2.7231810532378893e-18,18.512837022132796,-1.0,1,False,False,False,0
100000004254434100,terminal,0.8,46,0.0027,"depth=1 < 4 and no outgoing: money arrives and stays; in=44,445 KZT over 2 transfers from 1 payer",1,0,44445.0,0.0,2,0,0.0002948977791116342,-7.530357151555147e-18,0.0,0.0,,1,False,False,True,1
100000003635170100,transit,0.7,39,0.075,"pass_through=0.94: in=268,500, out=253,500 KZT, dwell=6d",3,4,268500.0,253500.0,13,10,0.0011481911115018457,0.00012479516816602272,-3.938803474336379e-18,0.9441340782122905,6.0,1,False,False,False,0
100000006687202100,terminal,0.8,47,0.0211,"depth=1 < 4 and no outgoing: money arrives and stays; in=50,000 KZT over 1 transfers from 1 payer",1,0,50000.0,0.0,1,0,0.00029495191537630183,0.002151681626890837,0.0,0.0,,1,False,False,True,0
100000006030946100,terminal,0.8,46,0.0033,"depth=1 < 4 and no outgoing: money arrives and stays; in=73,289 KZT over 1 transfers from 1 payer",1,0,73289.0,0.0,1,0,0.00030095179684799285,-7.530357151555147e-18,0.0,0.0,,1,False,False,True,1
100000002615479100,terminal,0.8,80,0.006,"depth=1 < 4 and no outgoing: money arrives and stays; in=220,000 KZT over 1 transfers from 1 payer",1,0,220000.0,0.0,1,0,0.00030919582846738417,2.274780546011801e-05,0.0,0.0,,1,False,False,True,0
100000002952631100,terminal,0.8,20,0.0053,"depth=1 < 4 and no outgoing: money arrives and stays; in=48,050 KZT over 1 transfers from 1 payer",1,0,48050.0,0.0,1,0,0.00029073553668924586,0.00029524161332084226,0.0,0.0,,1,False,False,True,0
100000002890167100,terminal,0.8,20,0.0065,"depth=1 < 4 and no outgoing: money arrives and stays; in=118,150 KZT over 1 transfers from 1 payer",1,0,118150.0,0.0,1,0,0.0002982725522414642,0.00029524161332084226,0.0,0.0,,1,False,False,True,0
100000008687671100,terminal,0.8,46,0.0026,"depth=1 < 4 and no outgoing: money arrives and stays; in=37,500 KZT over 1 transfers from 1 payer",1,0,37500.0,0.0,1,0,0.00029344010496175864,-7.530357151555147e-18,0.0,0.0,,1,False,False,True,1
100000000810551100,abstained_single_observation,0.0,24,0.0077,"abstained on a single observation: in_tx=1, out_tx=1, fewer than 3 transfers is not a stable ratio",1,1,100000.0,7100.0,1,1,0.0003055929375935048,0.0004611679650745792,-2.347623865126829e-19,0.071,-2.0,1,False,False,False,0
100000008724279100,terminal,0.8,20,0.0046,"depth=1 < 4 and no outgoing: money arrives and stays; in=11,750 KZT over 1 transfers from 1 payer",1,0,11750.0,0.0,1,0,0.0002868326313462284,0.00029524161332084226,0.0,0.0,,1,False,False,True,0
100000002592567100,peripheral,0.4,20,0.0045,"no rule threshold met: in_deg=1, out_deg=2, in=5,297, out=48,600 KZT",1,2,5297.0,48600.0,1,2,0.00028613881734682083,0.00029524161332084226,1.4085735220119758e-06,9.175004719652634,7.0,1,False,False,False,0
100000002670860100,terminal,0.8,54,0.0116,"depth=1 < 4 and no outgoing: money arrives and stays; in=450,000 KZT over 2 transfers from 2 payers",2,0,450000.0,0.0,2,0,0.00030894570400308004,4.720828643391082e-06,0.0,0.0,,1,False,False,True,0
100000002844897100,terminal,0.8,80,0.0023,"depth=1 < 4 and no outgoing: money arrives and stays; in=10,800 KZT over 1 transfers from 1 payer",1,0,10800.0,0.0,1,0,0.0002867291422622948,2.274780546011801e-05,0.0,0.0,,1,False,False,True,0
100000007938486100,terminal,0.8,46,0.0026,"depth=1 < 4 and no outgoing: money arrives and stays; in=39,500 KZT over 1 transfers from 1 payer",1,0,39500.0,0.0,1,0,0.000293859881534797,-7.530357151555147e-18,0.0,0.0,,1,False,False,True,1
100000008438656100,peripheral,0.4,24,0.0342,"no rule threshold met: in_deg=2, out_deg=1, in=80,000, out=5,000 KZT",2,1,80000.0,5000.0,2,1,0.00029739252742606035,0.0034013420452447367,-2.347623865126829e-19,0.0625,14.0,1,False,False,False,0
100000008304139100,distributor,0.7,24,0.2001,"out_deg=24 receivers, out=1,692,997 KZT over 43 transfers",4,24,189329.75,1692997.0,4,43,0.0003136180059586529,0.0057567097229346735,0.007628711684476202,8.942054801213228,0.0,1,False,False,False,0
100000002597003100,abstained_single_observation,0.0,47,0.0205,"abstained on a single observation: in_tx=1, out_tx=1, fewer than 3 transfers is not a stable ratio",1,1,17700.0,11000.0,1,1,0.00028889074210758034,0.002151681626890837,-2.347623865126829e-19,0.6214689265536724,-9.0,1,False,False,False,0
100000002830055100,terminal,0.8,46,0.0021,"depth=1 < 4 and no outgoing: money arrives and stays; in=14,000 KZT over 1 transfers from 1 payer",1,0,14000.0,0.0,1,0,0.0002885077302285584,-7.530357151555147e-18,0.0,0.0,,1,False,False,True,1
100000004299488100,peripheral,0.4,47,0.1245,"no rule threshold met: in_deg=6, out_deg=2, in=1,749,000, out=344,999 KZT",6,2,1749000.0,344999.0,22,14,0.0014621185934412442,0.008068516179620863,0.004642303929143001,0.19725500285877645,0.0,1,False,False,False,0
100000002809568100,terminal,0.8,47,0.0204,"depth=1 < 4 and no outgoing: money arrives and stays; in=10,000 KZT over 1 transfers from 1 payer",1,0,10000.0,0.0,1,0,0.0002874458184490925,0.002151681626890837,0.0,0.0,,1,False,False,True,0
100000004784224100,peripheral,0.4,67,0.0025,"no rule threshold met: in_deg=1, out_deg=1, in=23,500, out=100,000 KZT",1,1,23500.0,100000.0,2,1,0.0003047979078563762,-1.5569893857636381e-18,-2.347623865126829e-19,4.25531914893617,6.0,1,False,False,False,0
100000003123296100,terminal,0.8,43,0.0036,"depth=1 < 4 and no outgoing: money arrives and stays; in=86,200 KZT over 2 transfers from 1 payer",1,0,86200.0,0.0,2,0,0.0002998746198543011,1.0100033668705065e-05,0.0,0.0,,1,False,False,True,0
100000004130144100,terminal,0.8,29,0.0054,"depth=1 < 4 and no outgoing: money arrives and stays; in=200,000 KZT over 1 transfers from 1 payer",1,0,200000.0,0.0,1,0,0.00029703774196744934,4.3414150090396185e-06,0.0,0.0,,1,False,False,True,0
100000001253557100,terminal,0.8,66,0.0141,"depth=1 < 4 and no outgoing: money arrives and stays; in=210,200 KZT over 5 transfers from 5 payers",5,0,210200.0,0.0,5,0,0.0003510659229876527,4.141702257362737e-05,0.0,0.0,,1,False,False,True,0
100000008767925100,terminal,0.8,46,0.0022,"depth=1 < 4 and no outgoing: money arrives and stays; in=17,144 KZT over 1 transfers from 1 payer",1,0,17144.0,0.0,1,0,0.0002891676190013747,-7.530357151555147e-18,0.0,0.0,,1,False,False,True,1
100000007181706100,terminal,0.8,24,0.0358,"depth=1 < 4 and no outgoing: money arrives and stays; in=176,272 KZT over 2 transfers from 2 payers",2,0,176272.0,0.0,2,0,0.00031906641503554723,0.0033669496202910886,0.0,0.0,,1,False,False,True,0
100000003366154100,peripheral,0.4,24,0.0082,"no rule threshold met: in_deg=1, out_deg=3, in=125,000, out=289,170 KZT",1,3,125000.0,289170.0,1,3,0.0003105988484375585,0.0004611679650745792,5.3540689468429376e-05,2.31336,0.0,1,False,False,False,0
100000007641183100,terminal,0.8,20,0.0049,"depth=1 < 4 and no outgoing: money arrives and stays; in=28,000 KZT over 1 transfers from 1 payer",1,0,28000.0,0.0,1,0,0.00028857979971603646,0.00029524161332084226,0.0,0.0,,1,False,False,True,0
100000008663007100,terminal,0.8,46,0.0021,"depth=1 < 4 and no outgoing: money arrives and stays; in=14,000 KZT over 1 transfers from 1 payer",1,0,14000.0,0.0,1,0,0.0002885077302285584,-7.530357151555147e-18,0.0,0.0,,1,False,False,True,1
100000007334196100,terminal,0.8,33,0.0057,"depth=1 < 4 and no outgoing: money arrives and stays; in=150,002 KZT over 1 transfers from 1 payer",1,0,150002.0,0.0,1,0,0.0003083201238991245,0.00012279960625588996,0.0,0.0,,1,False,False,True,0
100000003873332100,peripheral,0.4,57,0.0206,"no rule threshold met: in_deg=1, out_deg=4, in=23,468, out=286,000 KZT",1,4,23468.0,286000.0,1,8,0.00028997312128448393,0.002151681626890837,-3.463019716723573e-18,12.186807567751833,-10.0,1,False,False,False,0
100000001550388100,terminal,0.8,47,0.0211,"depth=1 < 4 and no outgoing: money arrives and stays; in=50,000 KZT over 1 transfers from 1 payer",1,0,50000.0,0.0,1,0,0.00029495191537630183,0.002151681626890837,0.0,0.0,,1,False,False,True,0
100000008718089100,terminal,0.8,46,0.0022,"depth=1 < 4 and no outgoing: money arrives and stays; in=15,534 KZT over 1 transfers from 1 payer",1,0,15534.0,0.0,1,0,0.0002888296988600788,-7.530357151555147e-18,0.0,0.0,,1,False,False,True,1
100000008728457100,terminal,0.8,33,0.0038,"depth=1 < 4 and no outgoing: money arrives and stays; in=45,000 KZT over 1 transfers from 1 payer",1,0,45000.0,0.0,1,0,0.0002923944521197351,0.00012279960625588996,0.0,0.0,,1,False,False,True,0
100000004206046100,terminal,0.8,20,0.0046,"depth=1 < 4 and no outgoing: money arrives and stays; in=11,075 KZT over 1 transfers from 1 payer",1,0,11075.0,0.0,1,0,0.00028676005666009784,0.00029524161332084226,0.0,0.0,,1,False,False,True,0
100000006579678100,peripheral,0.4,20,0.014,"no rule threshold met: in_deg=2, out_deg=6, in=192,930, out=1,668,800 KZT",2,6,192930.0,1668800.0,2,15,0.0006256438748763348,0.00029760217313452733,1.008789137238357e-05,8.649769346395066,-1.0,1,False,False,False,0
100000002988894100,peripheral,0.4,24,0.0117,"no rule threshold met: in_deg=1, out_deg=3, in=306,121, out=77,500 KZT",1,3,306121.0,77500.0,1,3,0.00034686587155699223,0.0004611679650745792,-1.98808325405983e-18,0.25316786499456095,-18.0,1,False,False,False,0
100000008749406100,terminal,0.8,46,0.0022,"depth=1 < 4 and no outgoing: money arrives and stays; in=17,144 KZT over 1 transfers from 1 payer",1,0,17144.0,0.0,1,0,0.0002891676190013747,-7.530357151555147e-18,0.0,0.0,,1,False,False,True,1
100000005584222100,peripheral,0.4,47,0.0332,"no rule threshold met: in_deg=2, out_deg=2, in=192,717, out=108,587 KZT",2,2,192717.0,108587.0,6,3,0.0008759174247919255,0.00216888507298759,-9.009757596449287e-19,0.5634531463233653,-4.0,1,False,False,False,0
100000003239859100,terminal,0.8,43,0.0023,"depth=1 < 4 and no outgoing: money arrives and stays; in=18,600 KZT over 1 transfers from 1 payer",1,0,18600.0,0.0,1,0,0.0002886560582178517,1.0100033668705065e-05,0.0,0.0,,1,False,False,True,0
100000003980083100,terminal,0.8,40,0.0056,"depth=1 < 4 and no outgoing: money arrives and stays; in=30,000 KZT over 1 transfers from 1 payer",1,0,30000.0,0.0,1,0,0.0005285862410602071,-5.515702773971273e-19,0.0,0.0,,1,False,False,True,14
100000004351795100,peripheral,0.4,47,0.0421,"no rule threshold met: in_deg=3, out_deg=14, in=118,333, out=1,715,161 KZT",3,14,118333.0,1715161.0,3,37,0.0003135156057452146,0.004015553512819666,0.0027753550197295077,14.494359139039828,2.0,1,False,False,False,0
100000002666248100,terminal,0.8,24,0.0072,"depth=1 < 4 and no outgoing: money arrives and stays; in=70,032 KZT over 1 transfers from 1 payer",1,0,70032.0,0.0,1,0,0.00029959225214652084,0.0004611679650745792,0.0,0.0,,1,False,False,True,0
100000005877725100,terminal,0.8,46,0.0032,"depth=1 < 4 and no outgoing: money arrives and stays; in=70,000 KZT over 1 transfers from 1 payer",1,0,70000.0,0.0,1,0,0.00030026147427363134,-7.530357151555147e-18,0.0,0.0,,1,False,False,True,1
100000001697501100,distributor,0.7,46,0.039,"out_deg=38 receivers, out=1,482,606 KZT over 55 transfers",3,38,123700.0,1482606.0,3,55,0.0005916045492534855,-4.1936532844123756e-17,-6.6478267742494e-17,11.98549717057397,-3.0,1,False,False,False,1
100000006972210100,terminal,0.8,80,0.0162,"depth=1 < 4 and no outgoing: money arrives and stays; in=488,775 KZT over 4 transfers from 3 payers",3,0,488775.0,0.0,4,0,0.0003462960003537612,0.00018644331075932488,0.0,0.0,,1,False,False,True,0
100000008749618100,terminal,0.8,46,0.0028,"depth=1 < 4 and no outgoing: money arrives and stays; in=47,280 KZT over 1 transfers from 1 payer",1,0,47280.0,0.0,1,0,0.000295492812403916,-7.530357151555147e-18,0.0,0.0,,1,False,False,True,1
100000008671026100,terminal,0.8,46,0.0023,"depth=1 < 4 and no outgoing: money arrives and stays; in=23,534 KZT over 1 transfers from 1 payer",1,0,23534.0,0.0,1,0,0.0002905088051522321,-7.530357151555147e-18,0.0,0.0,,1,False,False,True,1
100000001696818100,terminal,0.8,24,0.0035,"depth=1 < 4 and no outgoing: money arrives and stays; in=53,550 KZT over 1 transfers from 1 payer",1,0,53550.0,0.0,1,0,0.0002988369268863407,6.780076054127148e-05,0.0,0.0,,1,False,False,True,0
100000008679986100,terminal,0.8,46,0.0022,"depth=1 < 4 and no outgoing: money arrives and stays; in=19,000 KZT over 1 transfers from 1 payer",1,0,19000.0,0.0,1,0,0.0002895571716611542,-7.530357151555147e-18,0.0,0.0,,1,False,False,True,1
100000003616818100,peripheral,0.4,41,0.0099,"no rule threshold met: in_deg=3, out_deg=3, in=78,000, out=240,100 KZT",3,3,78000.0,240100.0,4,8,0.0005130034108689012,-6.4754707619186e-18,-5.2669408731541286e-18,3.0782051282051284,-13.0,1,False,False,False,2
100000004156082100,distributor,0.7,53,0.0779,"out_deg=26 receivers, out=2,319,556 KZT over 29 transfers",5,26,377366.11,2319556.0,7,29,0.0008669668928480412,7.739634815812528e-06,0.001914384460946924,6.146699288921308,-4.0,1,False,False,False,0
100000008667058100,terminal,0.8,46,0.0022,"depth=1 < 4 and no outgoing: money arrives and stays; in=17,534 KZT over 1 transfers from 1 payer",1,0,17534.0,0.0,1,0,0.00028924947543311713,-7.530357151555147e-18,0.0,0.0,,1,False,False,True,1
100000008628231100,peripheral,0.4,42,0.0068,"no rule threshold met: in_deg=1, out_deg=2, in=50,000, out=627,870 KZT",1,2,50000.0,627870.0,1,19,0.0002955811159053975,0.0004611679650745792,-9.009757596449287e-19,12.5574,1.0,1,False,False,False,0
100000008749063100,terminal,0.8,46,0.0022,"depth=1 < 4 and no outgoing: money arrives and stays; in=19,000 KZT over 1 transfers from 1 payer",1,0,19000.0,0.0,1,0,0.0002895571716611542,-7.530357151555147e-18,0.0,0.0,,1,False,False,True,1
100000004494983100,terminal,0.8,46,0.0026,"depth=1 < 4 and no outgoing: money arrives and stays; in=35,000 KZT over 1 transfers from 1 payer",1,0,35000.0,0.0,1,0,0.00029291538424546074,-7.530357151555147e-18,0.0,0.0,,1,False,False,True,1
100000007648946100,abstained_single_observation,0.0,55,0.0206,"abstained on a single observation: in_tx=1, out_tx=1, fewer than 3 transfers is not a stable ratio",1,1,19550.0,25000.0,1,1,0.0002892378990904637,0.002151681626890837,6.0562085187515334e-05,1.278772378516624,3.0,1,False,False,False,0
100000003037660100,terminal,0.8,24,0.0068,"depth=1 < 4 and no outgoing: money arrives and stays; in=53,000 KZT over 1 transfers from 1 payer",1,0,53000.0,0.0,1,0,0.000296181825206684,0.0004611679650745792,0.0,0.0,,1,False,False,True,0
100000002679516100,terminal,0.8,43,0.0092,"depth=1 < 4 and no outgoing: money arrives and stays; in=102,335 KZT over 3 transfers from 3 payers",3,0,102335.0,0.0,3,0,0.0003268254970708488,0.00015523711606143007,0.0,0.0,,1,False,False,True,0
100000005588444100,terminal,0.8,29,0.0021,"depth=1 < 4 and no outgoing: money arrives and stays; in=12,300 KZT over 1 transfers from 1 payer",1,0,12300.0,0.0,1,0,0.000286274603753925,4.3414150090396185e-06,0.0,0.0,,1,False,False,True,0
100000001307612100,terminal,0.8,46,0.0026,"depth=1 < 4 and no outgoing: money arrives and stays; in=38,483 KZT over 1 transfers from 1 payer",1,0,38483.0,0.0,1,0,0.00029364642514740697,-7.530357151555147e-18,0.0,0.0,,1,False,False,True,1
100000003001564100,abstained_single_observation,0.0,20,0.0048,"abstained on a single observation: in_tx=1, out_tx=1, fewer than 3 transfers is not a stable ratio",1,1,23520.0,180000.0,1,1,0.00028809811883623705,0.00029524161332084226,-2.347623865126829e-19,7.653061224489796,5.0,1,False,False,False,0
100000002762076100,peripheral,0.4,29,0.0064,"no rule threshold met: in_deg=2, out_deg=1, in=140,350, out=30,000 KZT",2,1,140350.0,30000.0,2,1,0.00029914566971164466,1.4441448677744592e-05,-2.347623865126829e-19,0.21375133594584966,-4.0,1,False,False,False,0
100000005514161100,peripheral,0.4,29,0.0211,"no rule threshold met: in_deg=4, out_deg=1, in=401,500, out=50,000 KZT",4,1,401500.0,50000.0,7,1,0.0008061423847001035,4.456765853890291e-06,-2.347623865126829e-19,0.12453300124533001,-15.0,1,False,False,False,0
100000008746673100,terminal,0.8,46,0.0029,"depth=1 < 4 and no outgoing: money arrives and stays; in=53,048 KZT over 1 transfers from 1 payer",1,0,53048.0,0.0,1,0,0.0002967034480405586,-7.530357151555147e-18,0.0,0.0,,1,False,False,True,1
100000003265158100,transit,0.7,43,0.0318,"pass_through=1.06: in=146,100, out=154,200 KZT, dwell=3d",3,2,146100.4,154200.0,3,4,0.0003846709844220256,1.947059306538645e-05,-1.7446137594175052e-18,1.055438588806054,3.0,1,False,False,False,0
100000001567366100,terminal,0.8,20,0.0193,"depth=1 < 4 and no outgoing: money arrives and stays; in=824,070 KZT over 4 transfers from 1 payer",1,0,824070.0,0.0,4,0,0.0003741716965869987,0.00029524161332084226,0.0,0.0,,1,False,False,True,0
100000008777088100,terminal,0.8,46,0.0022,"depth=1 < 4 and no outgoing: money arrives and stays; in=18,000 KZT over 1 transfers from 1 payer",1,0,18000.0,0.0,1,0,0.00028934728337463503,-7.530357151555147e-18,0.0,0.0,,1,False,False,True,1
100000002589019100,terminal,0.8,43,0.0026,"depth=1 < 4 and no outgoing: money arrives and stays; in=34,710 KZT over 1 transfers from 1 payer",1,0,34710.0,0.0,1,0,0.00029132959413446705,1.0100033668705065e-05,0.0,0.0,,1,False,False,True,0
100000008666075100,terminal,0.8,46,0.0024,"depth=1 < 4 and no outgoing: money arrives and stays; in=26,217 KZT over 1 transfers from 1 payer",1,0,26217.0,0.0,1,0,0.00029107193542496297,-7.530357151555147e-18,0.0,0.0,,1,False,False,True,1
100000008137435100,peripheral,0.4,44,0.0295,"no rule threshold met: in_deg=2, out_deg=6, in=93,906, out=1,419,700 KZT",2,6,93906.0,1419700.0,2,7,0.00031427797773225964,0.0027944973115175977,0.00493174206956419,15.118309799160864,-3.0,1,False,False,False,0
100000004403675100,coordinator,0.5,34,0.1179,"both sides active: in_deg=4, out_deg=5, in=182,980, out=264,699 KZT",4,5,182980.0,264699.0,8,6,0.0007400733271266633,0.0022164237422610212,0.00010061852340628044,1.4466007213903158,3.0,1,False,False,False,0
100000004677680100,peripheral,0.4,33,0.0165,"no rule threshold met: in_deg=2, out_deg=1, in=63,000, out=168,000 KZT",2,1,63000.0,168000.0,2,3,0.001092834174565077,0.00012378934530589915,-2.347623865126829e-19,2.6666666666666665,5.0,1,False,False,False,0
100000005958064100,peripheral,0.4,45,0.0045,"no rule threshold met: in_deg=1, out_deg=2, in=5,746, out=163,987 KZT",1,2,5746.0,163986.84,1,3,0.0002861870929528544,0.00029524161332084226,2.748388188846588e-08,28.539303863557258,26.0,1,False,False,False,0
100000002881669100,terminal,0.8,43,0.0023,"depth=1 < 4 and no outgoing: money arrives and stays; in=18,600 KZT over 1 transfers from 1 payer",1,0,18600.0,0.0,1,0,0.0002886560582178517,1.0100033668705065e-05,0.0,0.0,,1,False,False,True,0
100000002938501100,abstained_single_observation,0.0,20,0.0045,"abstained on a single observation: in_tx=1, out_tx=1, fewer than 3 transfers is not a stable ratio",1,1,8395.0,5000.0,1,1,0.00028647190827664644,0.00029524161332084226,1.1976942066189377e-06,0.5955926146515783,-2.0,1,False,False,False,0
100000006734554100,abstained_single_observation,0.0,25,0.0025,"abstained on a single observation: in_tx=1, out_tx=1, fewer than 3 transfers is not a stable ratio",1,1,16500.0,25000.0,1,1,0.000311941698524386,-2.510243011407876e-18,-2.347623865126829e-19,1.5151515151515151,19.0,1,False,False,False,3
100000008003034100,peripheral,0.4,55,0.0046,"no rule threshold met: in_deg=1, out_deg=4, in=12,201, out=135,000 KZT",1,4,12201.0,135000.0,1,4,0.00028688112198836885,0.00029524161332084226,9.14438493727767e-05,11.064666830587656,-2.0,1,False,False,False,0
100000003970394100,terminal,0.8,43,0.0036,"depth=1 < 4 and no outgoing: money arrives and stays; in=85,000 KZT over 1 transfers from 1 payer",1,0,85000.0,0.0,1,0,0.0002996754737897487,1.0100033668705065e-05,0.0,0.0,,1,False,False,True,0
100000003205210100,terminal,0.8,24,0.0085,"depth=1 < 4 and no outgoing: money arrives and stays; in=137,563 KZT over 1 transfers from 1 payer",1,0,137563.0,0.0,1,0,0.00031311441875491234,0.0004611679650745792,0.0,0.0,,1,False,False,True,0
100000004559194100,terminal,0.8,20,0.0095,"depth=1 < 4 and no outgoing: money arrives and stays; in=282,145 KZT over 6 transfers from 1 payer",1,0,282145.0,0.0,6,0,0.00031590497542956757,0.00029524161332084226,0.0,0.0,,1,False,False,True,0
100000008173359100,terminal,0.8,20,0.0045,"depth=1 < 4 and no outgoing: money arrives and stays; in=6,110 KZT over 1 transfers from 1 payer",1,0,6110.0,0.0,1,0,0.00028622622952433806,0.00029524161332084226,0.0,0.0,,1,False,False,True,0
100000007953156100,abstained_single_observation,0.0,45,0.0047,"abstained on a single observation: in_tx=1, out_tx=1, fewer than 3 transfers is not a stable ratio",1,1,18000.0,10000.0,1,1,0.00047784166830759937,-2.034076640383946e-18,-2.347623865126829e-19,0.5555555555555556,11.0,2,False,False,False,0
100000002224132100,coordinator,0.5,67,0.5008,"both sides active: in_deg=5, out_deg=4, in=3,951,020, out=12,115,000 KZT",5,4,3951020.0,12115000.0,10,25,0.005995733195474407,-4.90143236034235e-18,-4.444191259057108e-18,3.0662968043695047,-2.0,2,False,False,False,0
100000008547844100,peripheral,0.4,66,0.0094,"no rule threshold met: in_deg=3, out_deg=19, in=177,600, out=2,042,199 KZT",3,19,177600.0,2042199.0,3,21,0.0003443380521779426,3.282746562842669e-06,1.4018980015445008e-05,11.498868243243244,-4.0,2,False,False,False,0
100000002635780100,terminal,0.8,29,0.0081,"depth=2 < 4 and no outgoing: money arrives and stays; in=163,000 KZT over 1 transfers from 1 payer",1,0,163000.02,0.0,1,0,0.0005553850086577899,-5.515702773971273e-19,0.0,0.0,,2,False,False,True,0
100000001279875100,terminal,0.8,54,0.0029,"depth=2 < 4 and no outgoing: money arrives and stays; in=49,235 KZT over 1 transfers from 1 payer",1,0,49235.0,0.0,1,0,0.00030327274282640596,4.0882453970007735e-08,0.0,0.0,,2,False,False,True,0
100000001961048100,terminal,0.8,62,0.0046,"depth=2 < 4 and no outgoing: money arrives and stays; in=150,000 KZT over 1 transfers from 1 payer",1,0,150000.0,0.0,1,0,0.00030430933928482474,3.8766879521675266e-07,0.0,0.0,,2,False,False,True,0
100000000993112100,terminal,0.8,81,0.0063,"depth=2 < 4 and no outgoing: money arrives and stays; in=141,000 KZT over 1 transfers from 1 payer",1,0,141000.0,0.0,1,0,0.00044111482764995513,-3.4421239331451193e-18,0.0,0.0,,2,False,False,True,0
100000005547096100,peripheral,0.4,56,0.01,"no rule threshold met: in_deg=1, out_deg=2, in=8,000, out=226,300 KZT",1,2,8000.0,226300.0,1,3,0.0008920567423173877,-5.515702773971273e-19,-1.9528473436913043e-18,28.2875,-4.0,2,False,False,False,6
100000000331309100,distributor,0.7,90,0.1183,"out_deg=99 receivers, out=23,001,375 KZT over 126 transfers",5,99,984635.0,23001375.0,8,126,0.0008756899038073739,0.00022784744557258245,0.15776904400718922,23.360306103276848,-8.0,2,False,False,False,0
100000006684930100,terminal,0.8,55,0.0022,"depth=2 < 4 and no outgoing: money arrives and stays; in=10,000 KZT over 1 transfers from 1 payer",1,0,10000.0,0.0,1,0,0.0002987343713958278,4.876477815229562e-08,0.0,0.0,,2,False,False,True,0
100000004479404100,peripheral,0.4,75,0.037,"no rule threshold met: in_deg=2, out_deg=1, in=1,492,000, out=300,000 KZT",2,1,1492000.0,300000.0,8,2,0.0008667096306509913,9.352123925619103e-05,-2.347623865126829e-19,0.20107238605898123,25.0,2,False,False,False,0
100000004134060100,terminal,0.8,59,0.0039,"depth=2 < 4 and no outgoing: money arrives and stays; in=88,179 KZT over 1 transfers from 1 payer",1,0,88179.0,0.0,1,0,0.0003280105841798631,5.7042373488902e-08,0.0,0.0,,2,False,False,True,0
100000001083990100,terminal,0.8,43,0.0056,"depth=2 < 4 and no outgoing: money arrives and stays; in=49,900 KZT over 2 transfers from 1 payer",1,0,49900.0,0.0,2,0,0.0005021137973799169,-1.0584136944965696e-18,0.0,0.0,,2,False,False,True,0
100000004573782100,terminal,0.8,29,0.0024,"depth=2 < 4 and no outgoing: money arrives and stays; in=15,000 KZT over 1 transfers from 1 payer",1,0,15000.0,0.0,1,0,0.000309897016928629,-3.410842358276672e-18,0.0,0.0,,2,False,False,True,0
100000005660203100,peripheral,0.4,20,0.0201,"no rule threshold met: in_deg=1, out_deg=2, in=572,899, out=41,000 KZT",1,2,572899.0,41000.0,12,5,0.0009492504038791937,-1.0584136944965696e-18,0.0001431175268876008,0.07156584319400104,12.0,2,False,False,False,0
100000008771627100,terminal,0.8,46,0.0022,"depth=2 < 4 and no outgoing: money arrives and stays; in=16,500 KZT over 1 transfers from 1 payer",1,0,16500.0,0.0,1,0,0.0002911733098421879,-3.878785572730466e-18,0.0,0.0,,2,False,False,True,1
100000000031787100,transit,0.7,29,0.0176,"pass_through=1.00: in=90,000, out=90,000 KZT, dwell=-20d",1,2,90000.0,90000.0,2,4,0.00043153563048532306,-3.410842358276672e-18,1.8776030584265265e-06,1.0,-20.0,2,False,False,False,0
100000001346560100,peripheral,0.4,24,0.0079,"no rule threshold met: in_deg=2, out_deg=1, in=10,000, out=22,200 KZT",2,1,10000.0,22200.0,2,1,0.0005866163489075479,-3.4446599546777683e-18,-2.347623865126829e-19,2.22,12.0,2,False,False,False,0
100000001703168100,abstained_single_observation,0.0,24,0.0039,"abstained on a single observation: in_tx=1, out_tx=1, fewer than 3 transfers is not a stable ratio",1,1,45000.0,90000.0,1,1,0.0002926634317603069,0.0001421681959280047,-2.347623865126829e-19,2.0,2.0,2,False,False,False,0
100000004904960100,terminal,0.8,47,0.0108,"depth=2 < 4 and no outgoing: money arrives and stays; in=32,000 KZT over 2 transfers from 2 payers",2,0,32000.0,0.0,2,0,0.0007779174826823405,-1.584094629283539e-18,0.0,0.0,,2,False,False,True,0
100000004467157100,peripheral,0.4,87,0.0035,"no rule threshold met: in_deg=1, out_deg=1, in=20,000, out=7,000 KZT",1,1,20000.0,7000.0,3,1,0.0003865607584834239,3.6495902266941607e-09,0.0009306950229767229,0.35,16.0,2,False,False,False,0
100000008346837100,distributor,0.7,55,0.0877,"out_deg=25 receivers, out=1,258,643 KZT over 26 transfers",9,25,254359.0,1258643.0,12,26,0.0005474079827287922,0.00020790594427749908,0.013922566791271705,4.948293553599441,-8.0,2,False,False,False,0
100000006385877100,peripheral,0.4,80,0.0265,"no rule threshold met: in_deg=1, out_deg=1, in=53,707, out=36,603 KZT",1,1,53706.62,36602.93,5,5,0.0020942975539589184,-1.0584136944965696e-18,9.838751086438686e-06,0.6815347903107661,-8.0,2,False,False,False,0
100000002459093100,peripheral,0.4,31,0.0116,"no rule threshold met: in_deg=1, out_deg=1, in=500,000, out=55,000 KZT",1,1,500000.0,55000.0,2,3,0.0003892499869806256,4.2828278418361176e-07,-2.347623865126829e-19,0.11,-12.0,2,False,False,False,0
100000005053653100,peripheral,0.4,55,0.0087,"no rule threshold met: in_deg=2, out_deg=1, in=63,073, out=25,000 KZT",2,1,63073.0,25000.0,2,1,0.00031360085843204776,0.0004189407714022715,-2.347623865126829e-19,0.3963661154535221,-2.0,2,False,False,False,0
100000001557930100,terminal,0.8,29,0.0028,"depth=2 < 4 and no outgoing: money arrives and stays; in=34,610 KZT over 1 transfers from 1 payer",1,0,34610.0,0.0,1,0,0.0002921289541275448,2.872141297084127e-05,0.0,0.0,,2,False,False,True,0
100000002820010100,terminal,0.8,29,0.0027,"depth=2 < 4 and no outgoing: money arrives and stays; in=30,000 KZT over 1 transfers from 1 payer",1,0,30000.0,0.0,1,0,0.0002912552172830988,2.872141297084127e-05,0.0,0.0,,2,False,False,True,0
100000000769919100,terminal,0.8,28,0.012,"depth=2 < 4 and no outgoing: money arrives and stays; in=250,000 KZT over 1 transfers from 1 payer",1,0,250000.0,0.0,1,0,0.0007354469638244235,-5.515702773971273e-19,0.0,0.0,,2,False,False,True,13
100000003188607100,abstained_single_observation,0.0,29,0.0026,"abstained on a single observation: in_tx=1, out_tx=1, fewer than 3 transfers is not a stable ratio",1,1,18000.0,5000.0,1,1,0.00031476256147089675,-3.410842358276672e-18,-2.347623865126829e-19,0.2777777777777778,-23.0,2,False,False,False,0
100000002836052100,terminal,0.8,24,0.0024,"depth=2 < 4 and no outgoing: money arrives and stays; in=15,000 KZT over 1 transfers from 1 payer",1,0,15000.0,0.0,1,0,0.0003056660501463517,-2.999147294007146e-18,0.0,0.0,,2,False,False,True,0
100000001102676100,transit,0.7,24,0.0102,"pass-through 1.00 from a single transfer each way, so the ratio is one observation rather than a rate: in=50,000, out=50,000 KZT, dwell=0d",1,1,50000.0,50000.0,1,1,0.00031303095439867446,-3.8178954906251595e-18,0.0005761766950986004,1.0,0.0,2,False,False,False,0
100000003390036100,peripheral,0.4,33,0.0216,"no rule threshold met: in_deg=2, out_deg=2, in=231,300, out=62,000 KZT",2,2,231300.0,62000.0,4,2,0.0013242239371446245,4.037862125750572e-05,-9.009757596449287e-19,0.2680501513186338,0.0,2,False,False,False,0
100000008335401100,terminal,0.8,49,0.0079,"depth=2 < 4 and no outgoing: money arrives and stays; in=150,000 KZT over 3 transfers from 1 payer",1,0,150000.0,0.0,3,0,0.0005512278448300608,-2.034076640383946e-18,0.0,0.0,,2,False,False,True,0
100000006994985100,peripheral,0.4,29,0.0055,"no rule threshold met: in_deg=1, out_deg=1, in=48,500, out=10,200 KZT",1,1,48500.0,10200.0,2,2,0.0005013304862324064,2.3525062200155936e-07,-2.347623865126829e-19,0.21030927835051547,1.0,2,False,False,False,0
100000008356606100,terminal,0.8,55,0.0111,"depth=2 < 4 and no outgoing: money arrives and stays; in=168,500 KZT over 2 transfers from 2 payers",2,0,168500.0,0.0,2,0,0.0006267853006401138,1.717767092429622e-06,0.0,0.0,,2,False,False,True,0
100000007930878100,terminal,0.8,1,0.0046,"depth=2 < 4 and no outgoing: money arrives and stays; in=5,000 KZT over 1 transfers from 1 payer",1,0,5000.0,0.0,1,0,0.00048363772579278794,-1.0520321123838949e-18,0.0,0.0,,2,False,False,True,4
100000008389800100,peripheral,0.4,20,0.0117,"no rule threshold met: in_deg=3, out_deg=7, in=189,000, out=401,620 KZT",3,7,189000.0,401620.0,3,8,0.0005050963840560323,2.5828077591101977e-06,0.0005432286755832042,2.124973544973545,-1.0,2,False,False,False,0
100000005474472100,terminal,0.8,67,0.0069,"depth=2 < 4 and no outgoing: money arrives and stays; in=100,000 KZT over 1 transfers from 1 payer",1,0,100000.0,0.0,1,0,0.0005449540086863319,-5.515702773971273e-19,0.0,0.0,,2,False,False,True,0
100000004486525100,peripheral,0.4,47,0.0304,"no rule threshold met: in_deg=8, out_deg=2, in=360,924, out=271,045 KZT",8,2,360924.0,271045.0,21,3,0.0008057988481996686,0.0003017568837891748,0.00046487107471172124,0.7509752745730403,0.0,2,False,False,False,0
100000003031890100,terminal,0.8,41,0.0069,"depth=2 < 4 and no outgoing: money arrives and stays; in=215,000 KZT over 10 transfers from 1 payer",1,0,215000.0,0.0,10,0,0.00039212223001592727,-2.895105824974091e-18,0.0,0.0,,2,False,False,True,2
100000008624978100,terminal,0.8,59,0.0044,"depth=2 < 4 and no outgoing: money arrives and stays; in=109,000 KZT over 1 transfers from 1 payer",1,0,109000.0,0.0,1,0,0.00033803190556376094,5.7042373488902e-08,0.0,0.0,,2,False,False,True,0
100000000790311100,terminal,0.8,53,0.0031,"depth=2 < 4 and no outgoing: money arrives and stays; in=46,300 KZT over 1 transfers from 1 payer",1,0,46300.0,0.0,1,0,0.00030029921906631226,3.567634960949481e-05,0.0,0.0,,2,False,False,True,0
100000008546855100,peripheral,0.4,57,0.0292,"no rule threshold met: in_deg=6, out_deg=2, in=71,790, out=10,000 KZT",6,2,71790.0,10000.0,8,2,0.0014269758891576876,0.0002071416863476731,-9.009757596449287e-19,0.1392951664577239,1.0,2,False,False,False,0
100000002863356100,abstained_single_observation,0.0,46,0.0028,"abstained on a single observation: in_tx=1, out_tx=1, fewer than 3 transfers is not a stable ratio",1,1,45000.0,20000.0,1,1,0.00030085297319428395,-3.878785572730466e-18,-2.347623865126829e-19,0.4444444444444444,-2.0,2,False,False,False,1
100000000332284100,peripheral,0.4,90,0.0292,"no rule threshold met: in_deg=10, out_deg=3, in=107,426, out=289,500 KZT",10,3,107426.0,289500.0,12,3,0.0007170946224349055,0.0003565292361106538,0.0012820006472910467,2.69487833485376,3.0,2,False,False,False,0
100000002605308100,terminal,0.8,45,0.0563,"depth=2 < 4 and no outgoing: money arrives and stays; in=2,569,522 KZT over 7 transfers from 3 payers",3,0,2569521.84,0.0,7,0,0.0008849814697633063,6.406073018907422e-08,0.0,0.0,,2,False,False,True,0
100000005931985100,terminal,0.8,54,0.0035,"depth=2 < 4 and no outgoing: money arrives and stays; in=76,000 KZT over 1 transfers from 1 payer",1,0,76000.0,0.0,1,0,0.0003128966445634423,4.0882453970007735e-08,0.0,0.0,,2,False,False,True,0
100000001166289100,peripheral,0.4,46,0.0383,"no rule threshold met: in_deg=2, out_deg=1, in=721,039, out=25,000 KZT",2,1,721039.0,25000.0,10,1,0.0020021280906723808,-4.5465749024379026e-18,-1.7159482868359776e-18,0.0346721883282319,23.0,2,False,False,False,1
100000008477350100,distributor,0.7,47,0.1511,"out_deg=39 receivers, out=3,374,866 KZT over 44 transfers",11,39,610100.0,3374866.0,14,44,0.0010342350786611216,0.0005529343103492946,0.06105984305423058,5.531660383543682,-7.0,2,False,False,False,0
100000003824464100,terminal,0.8,44,0.0065,"depth=2 < 4 and no outgoing: money arrives and stays; in=200,000 KZT over 1 transfers from 1 payer",1,0,200000.0,0.0,1,0,0.0003232476510835702,9.190763811915134e-05,0.0,0.0,,2,False,False,True,0
100000002738256100,transit,0.7,38,0.0243,"pass-through 1.17 from a single transfer each way, so the ratio is one observation rather than a rate: in=150,200, out=175,000 KZT, dwell=1d",1,1,150200.0,175000.0,1,1,0.0005073102992973024,-1.5291237482046708e-18,-6.74231101406452e-19,1.1651131824234353,1.0,2,False,False,False,9
100000001857829100,coordinator,0.5,82,0.1593,"both sides active: in_deg=6, out_deg=16, in=888,535, out=2,390,993 KZT",6,16,888535.0,2390993.0,9,16,0.000620479025252112,0.0020377594022790136,0.006990814178146254,2.690938454872346,0.0,2,False,False,False,0
100000008672762100,terminal,0.8,46,0.0021,"depth=2 < 4 and no outgoing: money arrives and stays; in=13,000 KZT over 1 transfers from 1 payer",1,0,13000.0,0.0,1,0,0.0002899845792550884,-3.878785572730466e-18,0.0,0.0,,2,False,False,True,1
100000001737722100,terminal,0.8,24,0.0033,"depth=2 < 4 and no outgoing: money arrives and stays; in=60,460 KZT over 1 transfers from 1 payer",1,0,60460.0,0.0,1,0,0.00031877593370862,-3.8178954906251595e-18,0.0,0.0,,2,False,False,True,0
100000005572303100,abstained_single_observation,0.0,20,0.0035,"abstained on a single observation: in_tx=1, out_tx=1, fewer than 3 transfers is not a stable ratio",1,1,75000.0,20000.0,1,1,0.00031327623939934467,2.6036449179581198e-06,-2.347623865126829e-19,0.26666666666666666,-5.0,2,False,False,False,0
100000008733049100,terminal,0.8,53,0.0024,"depth=2 < 4 and no outgoing: money arrives and stays; in=10,000 KZT over 1 transfers from 1 payer",1,0,10000.0,0.0,1,0,0.0002887507034719386,3.567634960949481e-05,0.0,0.0,,2,False,False,True,0
100000000850297100,transit,0.7,33,0.0082,"pass-through 1.00 from a single transfer each way, so the ratio is one observation rather than a rate: in=17,520, out=17,520 KZT, dwell=0d",1,1,17520.0,17520.0,1,1,0.00029391683130875195,2.3228134124630864e-05,9.759457887088472e-06,1.0,0.0,2,False,False,False,0
100000005140601100,peripheral,0.4,82,0.0522,"no rule threshold met: in_deg=3, out_deg=2, in=52,685, out=195,300 KZT",3,2,52685.0,195300.0,4,5,0.0027057314547033204,0.0016302742427693705,0.0016244594188492263,3.706937458479643,2.0,2,False,False,False,0
100000004410489100,terminal,0.8,24,0.0045,"depth=2 < 4 and no outgoing: money arrives and stays; in=54,000 KZT over 1 transfers from 1 payer",1,0,54000.0,0.0,1,0,0.00031421991061413013,0.00015948068360919801,0.0,0.0,,2,False,False,True,0
100000006852430100,terminal,0.8,33,0.0058,"depth=2 < 4 and no outgoing: money arrives and stays; in=37,000 KZT over 1 transfers from 1 payer",1,0,37000.0,0.0,1,0,0.0005362020040442936,-5.515702773971273e-19,0.0,0.0,,2,False,False,True,0
100000003166755100,terminal,0.8,24,0.0035,"depth=2 < 4 and no outgoing: money arrives and stays; in=24,010 KZT over 1 transfers from 1 payer",1,0,24010.0,0.0,1,0,0.000289354410715242,0.0001421681959280047,0.0,0.0,,2,False,False,True,0
100000008258083100,peripheral,0.4,62,0.0667,"no rule threshold met: in_deg=2, out_deg=2, in=3,149,500, out=2,045,650 KZT",2,2,3149500.0,2045650.0,13,6,0.0010500443938968583,4.539369165004324e-05,1.9464493945846314e-05,0.6495157961581204,1.0,2,False,False,False,0
100000003054328100,peripheral,0.4,54,0.0049,"no rule threshold met: in_deg=1, out_deg=2, in=140,000, out=193,720 KZT",1,2,140000.0,193720.0,1,2,0.0003359091501180967,4.0882453970007735e-08,-9.009757596449287e-19,1.3837142857142857,0.0,2,False,False,False,0
100000008473207100,terminal,0.8,24,0.0088,"depth=2 < 4 and no outgoing: money arrives and stays; in=202,000 KZT over 4 transfers from 1 payer",1,0,202000.0,0.0,4,0,0.000556205607395318,-2.999147294007146e-18,0.0,0.0,,2,False,False,True,0
100000008104567100,peripheral,0.4,49,0.0101,"no rule threshold met: in_deg=3, out_deg=3, in=53,550, out=40,000 KZT",3,3,53550.0,40000.0,3,4,0.0005380423675699446,2.832585101685864e-05,1.2232102383582622e-06,0.7469654528478058,6.0,2,False,False,False,0
100000002721825100,terminal,0.8,47,0.0053,"depth=2 < 4 and no outgoing: money arrives and stays; in=11,000 KZT over 1 transfers from 1 payer",1,0,11000.0,0.0,1,0,0.0005314143750831572,-5.515702773971273e-19,0.0,0.0,,2,False,False,True,0
100000003509750100,transit,0.7,29,0.0855,"pass_through=0.95: in=82,290, out=78,400 KZT, dwell=5d",3,3,82290.0,78400.0,4,5,0.001687048026555679,2.9184390090318853e-05,-1.98808325405983e-18,0.9527281565196257,5.0,2,False,False,False,0
100000007322059100,peripheral,0.4,81,0.0094,"no rule threshold met: in_deg=2, out_deg=1, in=29,000, out=22,500 KZT",2,1,29000.0,22500.0,2,2,0.0006801571631888173,-4.352781860819254e-18,-2.347623865126829e-19,0.7758620689655172,0.0,2,False,False,False,0
100000004441291100,terminal,0.8,24,0.0057,"depth=2 < 4 and no outgoing: money arrives and stays; in=20,000 KZT over 1 transfers from 1 payer",1,0,20000.0,0.0,1,0,0.0005488430695675697,-5.515702773971273e-19,0.0,0.0,,2,False,False,True,0
100000006122699100,terminal,0.8,43,0.0061,"depth=2 < 4 and no outgoing: money arrives and stays; in=45,865 KZT over 2 transfers from 2 payers",2,0,45865.0,0.0,2,0,0.0004047064849586182,7.403304381193213e-06,0.0,0.0,,2,False,False,True,0
100000008254069100,peripheral,0.4,34,0.0028,"no rule threshold met: in_deg=1, out_deg=5, in=10,200, out=107,500 KZT",1,5,10200.0,107500.0,2,6,0.00034248614123752176,-1.0584136944965696e-18,5.528939788227548e-05,10.53921568627451,-1.0,2,False,False,False,0
100000003336565100,terminal,0.8,46,0.0022,"depth=2 < 4 and no outgoing: money arrives and stays; in=16,550 KZT over 1 transfers from 1 payer",1,0,16550.0,0.0,1,0,0.0002911902917077179,-3.878785572730466e-18,0.0,0.0,,2,False,False,True,1
100000002492277100,terminal,0.8,24,0.0057,"depth=2 < 4 and no outgoing: money arrives and stays; in=138,500 KZT over 1 transfers from 1 payer",1,0,138500.0,0.0,1,0,0.0003074034730996861,0.0001421681959280047,0.0,0.0,,2,False,False,True,0
100000001339466100,terminal,0.8,24,0.0038,"depth=2 < 4 and no outgoing: money arrives and stays; in=30,000 KZT over 1 transfers from 1 payer",1,0,30000.0,0.0,1,0,0.00030390187452179355,0.000142767296944784,0.0,0.0,,2,False,False,True,0
100000005022964100,terminal,0.8,24,0.0028,"depth=2 < 4 and no outgoing: money arrives and stays; in=20,000 KZT over 1 transfers from 1 payer",1,0,20000.0,0.0,1,0,0.00032736478588998896,-1.0584136944965696e-18,0.0,0.0,,2,False,False,True,0
100000003112436100,terminal,0.8,20,0.0038,"depth=2 < 4 and no outgoing: money arrives and stays; in=100,000 KZT over 1 transfers from 1 payer",1,0,100000.0,0.0,1,0,0.0003021326407143051,4.040756032113254e-06,0.0,0.0,,2,False,False,True,0
100000000489417100,transit,0.7,55,0.0385,"pass_through=1.09: in=73,504, out=80,000 KZT, dwell=0d",3,1,73504.0,80000.0,3,1,0.0005517574141078721,0.00014228960023296422,0.0013727343928219532,1.0883761427949499,0.0,2,False,False,False,0
100000002217161100,peripheral,0.4,88,0.0189,"no rule threshold met: in_deg=2, out_deg=7, in=404,750, out=995,132 KZT",2,7,404750.0,995132.0,15,19,0.000891569456171597,5.213487353611459e-05,-1.0014866199096059e-17,2.4586337245213095,4.0,2,False,False,False,0
100000002469065100,terminal,0.8,20,0.0057,"depth=2 < 4 and no outgoing: money arrives and stays; in=200,000 KZT over 1 transfers from 1 payer",1,0,200000.0,0.0,1,0,0.00031869598721132004,4.040756032113254e-06,0.0,0.0,,2,False,False,True,0
100000007337374100,terminal,0.8,46,0.0023,"depth=2 < 4 and no outgoing: money arrives and stays; in=20,000 KZT over 2 transfers from 1 payer",1,0,20000.0,0.0,2,0,0.0002923620404292874,-3.878785572730466e-18,0.0,0.0,,2,False,False,True,1
100000003249054100,peripheral,0.4,24,0.02,"no rule threshold met: in_deg=7, out_deg=1, in=99,700, out=15,000 KZT",7,1,99700.0,15000.0,11,1,0.00043146322860656444,0.0003818541063057762,-2.347623865126829e-19,0.15045135406218657,16.0,2,False,False,False,0
100000003024542100,terminal,0.8,24,0.0024,"depth=2 < 4 and no outgoing: money arrives and stays; in=8,500 KZT over 1 transfers from 1 payer",1,0,8500.0,0.0,1,0,0.00031794749343884177,-1.5569893857636381e-18,0.0,0.0,,2,False,False,True,0
100000002718366100,terminal,0.8,80,0.0586,"depth=2 < 4 and no outgoing: money arrives and stays; in=2,525,000 KZT over 10 transfers from 6 payers",6,0,2525000.0,0.0,10,0,0.0006811994866182274,7.932283167519758e-06,0.0,0.0,,2,False,False,True,0
100000005059998100,terminal,0.8,47,0.0028,"depth=2 < 4 and no outgoing: money arrives and stays; in=18,000 KZT over 1 transfers from 1 payer",1,0,18000.0,0.0,1,0,0.0002959172747769886,5.310185279970136e-05,0.0,0.0,,2,False,False,True,0
100000004071070100,peripheral,0.4,47,0.0218,"no rule threshold met: in_deg=2, out_deg=1, in=41,000, out=6,000 KZT",2,1,41000.0,6000.0,5,1,0.0011875923340219261,0.0006479966441137779,0.003942592132037432,0.14634146341463414,11.0,2,False,False,False,0
100000001584286100,terminal,0.8,54,0.0166,"depth=2 < 4 and no outgoing: money arrives and stays; in=738,699 KZT over 3 transfers from 2 payers",2,0,738699.0,0.0,3,0,0.000328484994070642,7.67082429568067e-07,0.0,0.0,,2,False,False,True,0
100000008701256100,terminal,0.8,47,0.0035,"depth=2 < 4 and no outgoing: money arrives and stays; in=58,250 KZT over 1 transfers from 1 payer",1,0,58250.0,0.0,1,0,0.00030374263490071714,4.840584067279952e-05,0.0,0.0,,2,False,False,True,0
100000001490461100,abstained_single_observation,0.0,49,0.0027,"abstained on a single observation: in_tx=1, out_tx=1, fewer than 3 transfers is not a stable ratio",1,1,20000.0,5000.0,1,1,0.00032099043429899293,-2.034076640383946e-18,-2.347623865126829e-19,0.25,12.0,2,False,False,False,0
100000008531186100,terminal,0.8,24,0.0062,"depth=2 < 4 and no outgoing: money arrives and stays; in=125,000 KZT over 1 transfers from 1 payer",1,0,125000.0,0.0,1,0,0.0003619550454860541,0.000142767296944784,0.0,0.0,,2,False,False,True,0
100000004765639100,peripheral,0.4,47,0.003,"no rule threshold met: in_deg=1, out_deg=2, in=5,000, out=11,000 KZT",1,2,5000.0,11000.0,1,2,0.00036185625061451924,1.4206363640056945e-07,0.0009381957052138346,2.2,-15.0,2,False,False,False,0
100000002983879100,terminal,0.8,24,0.0343,"depth=2 < 4 and no outgoing: money arrives and stays; in=200,050 KZT over 2 transfers from 2 payers",2,0,200050.0,0.0,2,0,0.0003580797764870854,0.0030829413771149413,0.0,0.0,,2,False,False,True,0
100000008734364100,terminal,0.8,46,0.0024,"depth=2 < 4 and no outgoing: money arrives and stays; in=26,200 KZT over 1 transfers from 1 payer",1,0,26200.0,0.0,1,0,0.0002944677917550065,-3.878785572730466e-18,0.0,0.0,,2,False,False,True,1
100000003192220100,terminal,0.8,32,0.0057,"depth=2 < 4 and no outgoing: money arrives and stays; in=60,000 KZT over 2 transfers from 1 payer",1,0,60000.0,0.0,2,0,0.0005031715963348377,-1.5569893857636381e-18,0.0,0.0,,2,False,False,True,0
100000008060273100,terminal,0.8,24,0.0022,"depth=2 < 4 and no outgoing: money arrives and stays; in=10,000 KZT over 2 transfers from 1 payer",1,0,10000.0,0.0,2,0,0.0002989671315033312,-2.999147294007146e-18,0.0,0.0,,2,False,False,True,0
100000008205937100,terminal,0.8,55,0.0031,"depth=2 < 4 and no outgoing: money arrives and stays; in=35,000 KZT over 3 transfers from 1 payer",1,0,35000.0,0.0,3,0,0.0003316470643421718,4.876477815229562e-08,0.0,0.0,,2,False,False,True,0
100000005507142100,peripheral,0.4,83,0.0101,"no rule threshold met: in_deg=3, out_deg=3, in=51,000, out=100,000 KZT",3,3,51000.0,100000.0,3,4,0.0005589500977581298,-3.608637548429865e-18,-1.98808325405983e-18,1.9607843137254901,19.0,2,False,False,False,0
100000005539910100,peripheral,0.4,24,0.0064,"no rule threshold met: in_deg=1, out_deg=2, in=102,000, out=22,000 KZT",1,2,102000.0,22000.0,1,2,0.0004987263017480539,-1.0584136944965696e-18,-9.009757596449287e-19,0.21568627450980393,4.0,2,False,False,False,0
100000002459163100,terminal,0.8,19,0.0032,"depth=2 < 4 and no outgoing: money arrives and stays; in=20,180 KZT over 1 transfers from 1 payer",1,0,20180.0,0.0,1,0,0.0003611154442225131,-1.5291237482046708e-18,0.0,0.0,,2,False,False,True,11
100000004666651100,terminal,0.8,42,0.0113,"depth=2 < 4 and no outgoing: money arrives and stays; in=429,250 KZT over 1 transfers from 1 payer",1,0,429250.0,0.0,1,0,0.0004575388898979418,-1.0584136944965696e-18,0.0,0.0,,2,False,False,True,0
100000003927792100,terminal,0.8,53,0.0025,"depth=2 < 4 and no outgoing: money arrives and stays; in=13,067 KZT over 1 transfers from 1 payer",1,0,13067.0,0.0,1,0,0.0002897264416903393,3.567634960949481e-05,0.0,0.0,,2,False,False,True,0
100000000607941100,peripheral,0.4,20,0.0085,"no rule threshold met: in_deg=2, out_deg=1, in=50,000, out=70,000 KZT",2,1,50000.0,70000.0,3,4,0.0005785720589504676,2.6248002570664584e-06,-2.347623865126829e-19,1.4,-8.0,2,False,False,False,0
100000004158362100,terminal,0.8,47,0.0029,"depth=2 < 4 and no outgoing: money arrives and stays; in=12,000 KZT over 1 transfers from 1 payer",1,0,12000.0,0.0,1,0,0.00029138223393265013,9.275512831168473e-05,0.0,0.0,,2,False,False,True,0
100000005664922100,peripheral,0.4,67,0.011,"no rule threshold met: in_deg=2, out_deg=3, in=22,000, out=537,000 KZT",2,3,22000.0,537000.0,2,4,0.0008059658576323321,-1.0584136944965696e-18,-3.3601874059924428e-18,24.40909090909091,-20.0,2,False,False,False,0
100000007594394100,peripheral,0.4,57,0.0569,"no rule threshold met: in_deg=6, out_deg=1, in=395,385, out=3,376,312 KZT",6,1,395385.0,3376312.0,6,40,0.000405585478703186,0.004408816492028847,0.0012614186087725285,8.539302199122375,0.0,2,False,False,False,0
100000000979567100,terminal,0.8,46,0.0053,"depth=2 < 4 and no outgoing: money arrives and stays; in=10,000 KZT over 1 transfers from 1 payer",1,0,10000.0,0.0,1,0,0.0005307306769296829,-5.515702773971273e-19,0.0,0.0,,2,False,False,True,1
100000002831727100,peripheral,0.4,57,0.002,"no rule threshold met: in_deg=1, out_deg=1, in=6,000, out=77,000 KZT",1,1,6000.0,77000.0,1,3,0.0002907462180152874,-2.034076640383946e-18,-2.347623865126829e-19,12.833333333333334,2.0,2,False,False,False,0
100000003062895100,terminal,0.8,66,0.0118,"depth=2 < 4 and no outgoing: money arrives and stays; in=328,444 KZT over 2 transfers from 2 payers",2,0,328444.0,0.0,2,0,0.000407650670955184,0.00011595248754847114,0.0,0.0,,2,False,False,True,0
100000008376089100,terminal,0.8,62,0.0043,"depth=2 < 4 and no outgoing: money arrives and stays; in=135,000 KZT over 1 transfers from 1 payer",1,0,135000.0,0.0,1,0,0.00030243533477807125,3.8766879521675266e-07,0.0,0.0,,2,False,False,True,0
100000003219438100,terminal,0.8,87,0.0045,"depth=2 < 4 and no outgoing: money arrives and stays; in=32,000 KZT over 1 transfers from 1 payer",1,0,32000.0,0.0,1,0,0.00044715563704310416,3.6495902266941607e-09,0.0,0.0,,2,False,False,True,0
100000000967918100,terminal,0.8,47,0.0048,"depth=2 < 4 and no outgoing: money arrives and stays; in=21,200 KZT over 3 transfers from 1 payer",1,0,21200.0,0.0,3,0,0.00047927096158051656,-1.0584136944965696e-18,0.0,0.0,,2,False,False,True,0
100000003254723100,terminal,0.8,24,0.0096,"depth=2 < 4 and no outgoing: money arrives and stays; in=269,850 KZT over 6 transfers from 1 payer",1,0,269850.0,0.0,6,0,0.0005300436631859086,3.46110164921758e-10,0.0,0.0,,2,False,False,True,0
100000003823811100,peripheral,0.4,34,0.0033,"no rule threshold met: in_deg=1, out_deg=3, in=30,000, out=66,130 KZT",1,3,30000.0,66130.0,1,3,0.0003569753080281222,1.875120536892786e-06,1.5493915430709137e-05,2.2043333333333335,-18.0,2,False,False,False,0
100000008587459100,peripheral,0.4,47,0.0329,"no rule threshold met: in_deg=2, out_deg=2, in=181,507, out=686,500 KZT",2,2,181507.0,686500.0,2,4,0.00030075681163842564,0.0030479498511445146,0.000503592678791096,3.782223275135394,-9.0,2,False,False,False,0
100000008603331100,peripheral,0.4,66,0.0052,"no rule threshold met: in_deg=2, out_deg=6, in=39,500, out=741,774 KZT",2,6,39500.0,741774.0,3,6,0.00034423402970945057,1.7182172420781134e-06,2.6120657852419294e-06,18.779088607594936,-3.0,2,False,False,False,0
100000008758168100,peripheral,0.4,59,0.0054,"no rule threshold met: in_deg=2, out_deg=5, in=75,410, out=1,533,600 KZT",2,5,75410.0,1533600.0,2,5,0.00031836725127907677,1.3331903997448122e-06,4.48839354442136e-06,20.33682535472749,3.0,2,False,False,False,0
100000003724440100,terminal,0.8,24,0.0084,"depth=2 < 4 and no outgoing: money arrives and stays; in=50,000 KZT over 2 transfers from 2 payers",2,0,50000.0,0.0,2,0,0.0003080878958078083,0.0004189407714022715,0.0,0.0,,2,False,False,True,0
100000000291906100,transit,0.7,48,0.055,"pass_through=1.17: in=388,000, out=455,854 KZT, dwell=-2d",2,2,388000.0,455854.0,3,6,0.0007629373053537469,-1.584094629283539e-18,-9.009757596449287e-19,1.1748814432989692,-2.0,2,False,False,False,0
100000005077484100,peripheral,0.4,25,0.0077,"no rule threshold met: in_deg=1, out_deg=2, in=150,000, out=13,550 KZT",1,2,150000.0,13550.0,1,2,0.0005397108639201045,-1.5569893857636381e-18,-1.9056965662481216e-18,0.09033333333333333,0.0,2,False,False,False,3
100000004192107100,terminal,0.8,24,0.0025,"depth=2 < 4 and no outgoing: money arrives and stays; in=25,000 KZT over 1 transfers from 1 payer",1,0,25000.0,0.0,1,0,0.0002993001243079823,-3.8178954906251595e-18,0.0,0.0,,2,False,False,True,0
100000002193259100,peripheral,0.4,43,0.0125,"no rule threshold met: in_deg=2, out_deg=3, in=48,000, out=58,000 KZT",2,3,48000.0,58000.0,2,3,0.0008908421386694397,-2.6271775559433857e-18,5.501382857356136e-05,1.2083333333333333,0.0,2,False,False,False,0
100000005481280100,peripheral,0.4,53,0.0029,"no rule threshold met: in_deg=1, out_deg=3, in=32,700, out=50,000 KZT",1,3,32700.0,50000.0,1,3,0.00029597250247999043,3.567634960949481e-05,-2.455632073526549e-18,1.529051987767584,-11.0,2,False,False,False,0
100000004527381100,abstained_single_observation,0.0,53,0.005,"abstained on a single observation: in_tx=1, out_tx=1, fewer than 3 transfers is not a stable ratio",1,1,119333.17,273866.11,1,1,0.00037549896425589674,-2.034076640383946e-18,3.294186098408249e-06,2.2949705433954364,0.0,2,False,False,False,0
100000001578517100,terminal,0.8,20,0.0025,"depth=2 < 4 and no outgoing: money arrives and stays; in=30,000 KZT over 1 transfers from 1 payer",1,0,30000.0,0.0,1,0,0.0002905382981663947,4.040756032113254e-06,0.0,0.0,,2,False,False,True,0
100000003741418100,consolidator,0.7,90,0.0895,"in_deg=9 payers, in=151,900 KZT, pass_through=0.26",9,3,151900.0,39920.0,13,3,0.0006325013799441029,0.00034011174508634466,0.00499868758440684,0.2628044766293614,-6.0,2,False,False,False,0
100000008737514100,terminal,0.8,53,0.004,"depth=2 < 4 and no outgoing: money arrives and stays; in=85,000 KZT over 1 transfers from 1 payer",1,0,85000.0,0.0,1,0,0.00031261127288180154,3.567634960949481e-05,0.0,0.0,,2,False,False,True,0
100000002870463100,peripheral,0.4,29,0.0309,"no rule threshold met: in_deg=3, out_deg=1, in=207,000, out=10,000 KZT",3,1,207000.0,10000.0,4,1,0.0019299755548282795,3.173137803353355e-05,-2.347623865126829e-19,0.04830917874396135,14.0,2,False,False,False,0
100000008545727100,peripheral,0.4,49,0.0031,"no rule threshold met: in_deg=1, out_deg=6, in=30,000, out=1,866,500 KZT",1,6,30000.0,1866500.0,1,7,0.0003387010043398443,-2.034076640383946e-18,3.0530858567964252e-06,62.21666666666667,0.0,2,False,False,False,0
100000000425407100,terminal,0.8,24,0.0031,"depth=2 < 4 and no outgoing: money arrives and stays; in=20,000 KZT over 1 transfers from 1 payer",1,0,20000.0,0.0,1,0,0.00030509459327138065,7.073756559110792e-05,0.0,0.0,,2,False,False,True,0
100000001418900100,terminal,0.8,46,0.0027,"depth=2 < 4 and no outgoing: money arrives and stays; in=40,140 KZT over 2 transfers from 1 payer",1,0,40140.0,0.0,2,0,0.0002992023358647686,-3.878785572730466e-18,0.0,0.0,,2,False,False,True,1
100000001677929100,peripheral,0.4,29,0.0478,"no rule threshold met: in_deg=3, out_deg=2, in=126,777, out=286,098 KZT",3,2,126777.0,286098.0,3,4,0.003334091954588842,-2.063354590824079e-18,-9.009757596449287e-19,2.2567027142147236,-8.0,2,False,False,False,0
100000002539625100,terminal,0.8,66,0.0043,"depth=2 < 4 and no outgoing: money arrives and stays; in=94,700 KZT over 1 transfers from 1 payer",1,0,94700.0,0.0,1,0,0.00034502020785975537,2.2952506535720576e-06,0.0,0.0,,2,False,False,True,0
100000001965374100,peripheral,0.4,67,0.0462,"no rule threshold met: in_deg=2, out_deg=3, in=1,759,720, out=3,082,100 KZT",2,3,1759720.0,3082100.0,8,5,0.0012816556260608692,-1.496635708606496e-18,-1.98808325405983e-18,1.7514718250630783,-1.0,2,False,False,False,0
100000001287955100,peripheral,0.4,54,0.0025,"no rule threshold met: in_deg=1, out_deg=4, in=17,520, out=310,000 KZT",1,4,17520.0,310000.0,1,5,0.00029391683130875195,2.3228134124630864e-05,2.206589994972356e-05,17.69406392694064,1.0,2,False,False,False,0
100000005402643100,abstained_single_observation,0.0,80,0.0042,"abstained on a single observation: in_tx=1, out_tx=1, fewer than 3 transfers is not a stable ratio",1,1,127800.0,90000.0,1,1,0.0002975952292869957,5.012796367314138e-07,-2.347623865126829e-19,0.704225352112676,-7.0,2,False,False,False,0
100000008752616100,peripheral,0.4,80,0.0052,"no rule threshold met: in_deg=2, out_deg=7, in=64,510, out=1,265,000 KZT",2,7,64510.0,1265000.0,2,7,0.0003130606975707809,1.3473242142653978e-06,4.859721138656936e-06,19.6093628894745,5.0,2,False,False,False,0
100000000733373100,terminal,0.8,20,0.0023,"depth=2 < 4 and no outgoing: money arrives and stays; in=10,710 KZT over 1 transfers from 1 payer",1,0,10710.0,0.0,1,0,0.000305781397776004,1.790784773457608e-06,0.0,0.0,,2,False,False,True,0
100000008531133100,peripheral,0.4,20,0.0055,"no rule threshold met: in_deg=1, out_deg=3, in=25,000, out=158,272 KZT",1,3,25000.0,158271.68,1,3,0.0005327484529006024,-5.515702773971273e-19,0.0009051216563373584,6.3308672,-4.0,2,False,False,False,0
100000005933757100,distributor,0.7,45,0.1255,"out_deg=34 receivers, out=3,002,628 KZT over 46 transfers",4,34,1246000.0,3002628.0,6,46,0.0009979855720130422,3.5038570099530766e-06,0.001310038203282078,2.409813804173355,-5.0,2,False,False,False,0
100000006490557100,terminal,0.8,29,0.002,"depth=2 < 4 and no outgoing: money arrives and stays; in=5,000 KZT over 1 transfers from 1 payer",1,0,5000.0,0.0,1,0,0.0002861622896167219,-1.5569893857636381e-18,0.0,0.0,,2,False,False,True,0
100000008497298100,terminal,0.8,80,0.0126,"depth=2 < 4 and no outgoing: money arrives and stays; in=600,000 KZT over 1 transfers from 1 payer",1,0,600000.0,0.0,1,0,0.00034202908327694034,5.012796367314138e-07,0.0,0.0,,2,False,False,True,0
100000005168487100,peripheral,0.4,33,0.0222,"no rule threshold met: in_deg=1, out_deg=1, in=15,000, out=103,510 KZT",1,1,15000.0,103510.0,1,14,0.0018125473143557728,-5.515702773971273e-19,5.268453644491489e-05,6.900666666666667,-19.0,2,False,False,False,0
100000005799271100,terminal,0.8,33,0.0059,"depth=2 < 4 and no outgoing: money arrives and stays; in=45,000 KZT over 2 transfers from 1 payer",1,0,45000.0,0.0,2,0,0.0005366730310712532,-1.0584136944965696e-18,0.0,0.0,,2,False,False,True,0
100000000912487100,terminal,0.8,24,0.0033,"depth=2 < 4 and no outgoing: money arrives and stays; in=10,000 KZT over 1 transfers from 1 payer",1,0,10000.0,0.0,1,0,0.0002916801543187913,0.000142767296944784,0.0,0.0,,2,False,False,True,0
100000007982908100,terminal,0.8,46,0.0025,"depth=2 < 4 and no outgoing: money arrives and stays; in=31,080 KZT over 1 transfers from 1 payer",1,0,31080.0,0.0,1,0,0.0002961252218307339,-3.878785572730466e-18,0.0,0.0,,2,False,False,True,1
100000005413948100,peripheral,0.4,66,0.0248,"no rule threshold met: in_deg=2, out_deg=1, in=28,215, out=5,000 KZT",2,1,28215.0,5000.0,2,1,0.0018520392070328138,2.3136019841791286e-06,-2.347623865126829e-19,0.177210703526493,10.0,2,False,False,False,0
100000000724540100,abstained_single_observation,0.0,59,0.003,"abstained on a single observation: in_tx=1, out_tx=1, fewer than 3 transfers is not a stable ratio",1,1,50000.0,100000.0,1,1,0.00030963471226612996,5.7042373488902e-08,-2.347623865126829e-19,2.0,-21.0,2,False,False,False,0
100000005730108100,terminal,0.8,47,0.003,"depth=2 < 4 and no outgoing: money arrives and stays; in=8,000 KZT over 1 transfers from 1 payer",1,0,8000.0,0.0,1,0,0.000358664263033602,-1.0584136944965696e-18,0.0,0.0,,2,False,False,True,0
100000002566204100,terminal,0.8,33,0.0039,"depth=2 < 4 and no outgoing: money arrives and stays; in=80,805 KZT over 1 transfers from 1 payer",1,0,80805.0,0.0,1,0,0.0003240694503060784,2.3228134124630864e-05,0.0,0.0,,2,False,False,True,0
100000000625169100,terminal,0.8,46,0.0021,"depth=2 < 4 and no outgoing: money arrives and stays; in=10,000 KZT over 1 transfers from 1 payer",1,0,10000.0,0.0,1,0,0.00028896566732328877,-3.878785572730466e-18,0.0,0.0,,2,False,False,True,1
100000001114385100,terminal,0.8,24,0.0036,"depth=2 < 4 and no outgoing: money arrives and stays; in=29,500 KZT over 1 transfers from 1 payer",1,0,29500.0,0.0,1,0,0.00029021989549549,0.0001421681959280047,0.0,0.0,,2,False,False,True,0
100000002964966100,terminal,0.8,24,0.0067,"depth=2 < 4 and no outgoing: money arrives and stays; in=200,000 KZT over 1 transfers from 1 payer",1,0,200000.0,0.0,1,0,0.00039541593494282724,-3.8178954906251595e-18,0.0,0.0,,2,False,False,True,0
100000008771814100,terminal,0.8,46,0.0024,"depth=2 < 4 and no outgoing: money arrives and stays; in=23,700 KZT over 1 transfers from 1 payer",1,0,23700.0,0.0,1,0,0.0002936186984785069,-3.878785572730466e-18,0.0,0.0,,2,False,False,True,1
100000001241318100,terminal,0.8,47,0.006,"depth=2 < 4 and no outgoing: money arrives and stays; in=53,000 KZT over 1 transfers from 1 payer",1,0,53000.0,0.0,1,0,0.0005308383624756579,-5.515702773971273e-19,0.0,0.0,,2,False,False,True,0
100000001250022100,terminal,0.8,29,0.0031,"depth=2 < 4 and no outgoing: money arrives and stays; in=50,000 KZT over 1 transfers from 1 payer",1,0,50000.0,0.0,1,0,0.00029504583266030455,2.872141297084127e-05,0.0,0.0,,2,False,False,True,0
100000006534886100,peripheral,0.4,20,0.0141,"no rule threshold met: in_deg=1, out_deg=1, in=71,700, out=167,500 KZT",1,1,71700.0,167500.0,5,8,0.0011276985721232146,9.986823694829412e-08,0.000126667079897997,2.336122733612273,6.0,2,False,False,False,0
100000008655035100,terminal,0.8,29,0.0057,"depth=2 < 4 and no outgoing: money arrives and stays; in=30,000 KZT over 1 transfers from 1 payer",1,0,30000.0,0.0,1,0,0.000540142714317588,-5.515702773971273e-19,0.0,0.0,,2,False,False,True,0
100000005932987100,terminal,0.8,87,0.0039,"depth=2 < 4 and no outgoing: money arrives and stays; in=25,000 KZT over 3 transfers from 1 payer",1,0,25000.0,0.0,3,0,0.0004118086245499573,3.6495902266941607e-09,0.0,0.0,,2,False,False,True,0
100000008636603100,peripheral,0.4,43,0.0106,"no rule threshold met: in_deg=2, out_deg=6, in=35,460, out=159,375 KZT",2,6,35460.0,159375.0,2,7,0.0003387006850594568,0.0006554121719383269,0.0002698626953974407,4.494500846023689,0.0,2,False,False,False,0
100000008710843100,peripheral,0.4,59,0.0048,"no rule threshold met: in_deg=2, out_deg=13, in=33,944, out=1,985,500 KZT",2,13,33944.0,1985500.0,3,14,0.00029287559446499205,4.968198869905549e-05,6.923621764176529e-05,58.49340089559274,6.0,2,False,False,False,0
100000000917179100,terminal,0.8,45,0.0053,"depth=2 < 4 and no outgoing: money arrives and stays; in=94,465 KZT over 2 transfers from 1 payer",1,0,94465.0,0.0,2,0,0.00042586253334482804,5.121879106147772e-10,0.0,0.0,,2,False,False,True,0
100000004209339100,peripheral,0.4,39,0.0112,"no rule threshold met: in_deg=1, out_deg=2, in=138,500, out=238,500 KZT",1,2,138500.0,238500.0,6,11,0.0008195334277812183,-2.049260727878211e-18,5.3540689468430006e-05,1.7220216606498195,-6.0,2,False,False,False,0
100000008765627100,terminal,0.8,29,0.0033,"depth=2 < 4 and no outgoing: money arrives and stays; in=60,000 KZT over 1 transfers from 1 payer",1,0,60000.0,0.0,1,0,0.0002969411403489074,2.872141297084127e-05,0.0,0.0,,2,False,False,True,0
100000002443664100,terminal,0.8,54,0.0156,"depth=2 < 4 and no outgoing: money arrives and stays; in=556,880 KZT over 3 transfers from 3 payers",3,0,556880.0,0.0,3,0,0.0003387703864093905,1.069109326236438e-06,0.0,0.0,,2,False,False,True,0
100000008144528100,terminal,0.8,20,0.0373,"depth=2 < 4 and no outgoing: money arrives and stays; in=1,068,203 KZT over 13 transfers from 5 payers",5,0,1068202.6,0.0,13,0,0.001055538276590799,5.437775228455908e-06,0.0,0.0,,2,False,False,True,0
100000003988112100,peripheral,0.4,34,0.0063,"no rule threshold met: in_deg=1, out_deg=1, in=92,000, out=64,000 KZT",1,1,92000.0,64000.0,2,5,0.0005045477365705085,1.875120536892786e-06,0.0009433665093631077,0.6956521739130435,-1.0,2,False,False,False,0
100000008008463100,terminal,0.8,29,0.0032,"depth=2 < 4 and no outgoing: money arrives and stays; in=54,180 KZT over 1 transfers from 1 payer",1,0,54180.0,0.0,1,0,0.0002958380712741406,2.872141297084127e-05,0.0,0.0,,2,False,False,True,0
100000006679055100,terminal,0.8,24,0.0037,"depth=2 < 4 and no outgoing: money arrives and stays; in=25,000 KZT over 1 transfers from 1 payer",1,0,25000.0,0.0,1,0,0.000300846444471043,0.000142767296944784,0.0,0.0,,2,False,False,True,0
100000007382543100,peripheral,0.4,50,0.0211,"no rule threshold met: in_deg=3, out_deg=5, in=218,000, out=427,000 KZT",3,5,218000.0,427000.0,3,8,0.0011904909010560423,3.7093997312537435e-09,-5.3218400851879345e-18,1.9587155963302751,-7.0,2,False,False,False,0
100000007749092100,peripheral,0.4,20,0.022,"no rule threshold met: in_deg=1, out_deg=1, in=7,650, out=70,375 KZT",1,1,7650.0,70375.0,1,5,0.0018044164784854798,-5.515702773971273e-19,0.000126667079897997,9.199346405228757,-10.0,2,False,False,False,0
100000004221668100,peripheral,0.4,31,0.0634,"no rule threshold met: in_deg=4, out_deg=3, in=1,128,300, out=731,440 KZT",4,3,1128300.0,731440.0,8,10,0.0030901749053247247,2.9664717156471326e-05,-2.455632073526549e-18,0.6482673047948241,5.0,2,False,False,False,0
100000008174521100,terminal,0.8,20,0.0053,"depth=2 < 4 and no outgoing: money arrives and stays; in=82,110 KZT over 1 transfers from 1 payer",1,0,82110.0,0.0,1,0,0.0004405287548340963,1.790784773457608e-06,0.0,0.0,,2,False,False,True,0
100000002692750100,peripheral,0.4,29,0.0305,"no rule threshold met: in_deg=3, out_deg=1, in=112,830, out=77,000 KZT",3,1,112830.0,77000.0,3,8,0.0020142415855482925,2.918818223158346e-05,-2.347623865126829e-19,0.682442612780289,-6.0,2,False,False,False,0
100000002173070100,terminal,0.8,20,0.0025,"depth=2 < 4 and no outgoing: money arrives and stays; in=30,000 KZT over 1 transfers from 1 payer",1,0,30000.0,0.0,1,0,0.0002905382981663947,4.040756032113254e-06,0.0,0.0,,2,False,False,True,0
100000005911352100,peripheral,0.4,79,0.0075,"no rule threshold met: in_deg=2, out_deg=3, in=15,000, out=24,000 KZT",2,3,15000.0,24000.0,2,3,0.0005517344998567147,-2.0622405754924825e-18,-1.98808325405983e-18,1.6,-16.0,2,False,False,False,0
100000003068941100,peripheral,0.4,47,0.0335,"no rule threshold met: in_deg=3, out_deg=1, in=94,000, out=25,000 KZT",3,1,94000.0,25000.0,3,2,0.0003201743837350562,0.0030414454592150417,-2.347623865126829e-19,0.26595744680851063,4.0,2,False,False,False,0
100000001420847100,terminal,0.8,57,0.0024,"depth=2 < 4 and no outgoing: money arrives and stays; in=20,000 KZT over 2 transfers from 1 payer",1,0,20000.0,0.0,2,0,0.0003028257068772808,-2.034076640383946e-18,0.0,0.0,,2,False,False,True,0
100000005602999100,peripheral,0.4,39,0.0022,"no rule threshold met: in_deg=1, out_deg=2, in=5,000, out=16,000 KZT",1,2,5000.0,16000.0,1,3,0.0003048459777394537,-2.049260727878211e-18,5.3540689468430006e-05,3.2,-2.0,2,False,False,False,0
100000000723383100,peripheral,0.4,78,0.0034,"no rule threshold met: in_deg=1, out_deg=2, in=6,800, out=75,000 KZT",1,2,6800.0,75000.0,1,2,0.00038931955491752166,1.4206363640056945e-07,-9.009757596449287e-19,11.029411764705882,-5.0,2,False,False,False,0
100000006977207100,peripheral,0.4,82,0.0101,"no rule threshold met: in_deg=1, out_deg=15, in=414,000, out=4,157,018 KZT",1,15,414000.0,4157018.0,1,15,0.0003478854757097009,6.211858333422742e-05,0.004258462583134178,10.041106280193237,-22.0,2,False,False,False,0
100000001273783100,terminal,0.8,33,0.0026,"depth=2 < 4 and no outgoing: money arrives and stays; in=23,200 KZT over 1 transfers from 1 payer",1,0,23200.0,0.0,1,0,0.0002966231104571254,2.3228134124630864e-05,0.0,0.0,,2,False,False,True,0
100000000201868100,transit,0.7,32,0.047,"pass-through 1.00 from a single transfer each way, so the ratio is one observation rather than a rate: in=190,000, out=190,000 KZT, dwell=1d",1,1,190000.0,190000.0,1,1,0.0009746432509228572,-1.5569893857636381e-18,0.00013207133252614788,1.0,1.0,2,False,False,False,0
100000007777377100,peripheral,0.4,20,0.0105,"no rule threshold met: in_deg=1, out_deg=2, in=456,290, out=10,000 KZT",1,2,456290.0,10000.0,7,2,0.0003611461879485195,4.040756032113254e-06,-2.754226629790001e-18,0.021915886826360427,4.0,2,False,False,False,0
100000004192865100,terminal,0.8,25,0.0065,"depth=2 < 4 and no outgoing: money arrives and stays; in=66,666 KZT over 1 transfers from 1 payer",1,0,66666.0,0.0,1,0,0.0005558092873800465,-5.515702773971273e-19,0.0,0.0,,2,False,False,True,3
100000006901046100,peripheral,0.4,20,0.0388,"no rule threshold met: in_deg=1, out_deg=1, in=75,800, out=5,500 KZT",1,1,75800.0,5500.0,3,1,0.0029998776847224916,-5.515702773971273e-19,0.00013716761796314913,0.07255936675461741,4.0,2,False,False,False,0
100000000437046100,distributor,0.7,47,0.1535,"out_deg=42 receivers, out=7,606,224 KZT over 73 transfers",9,42,1107200.0,7606224.0,20,73,0.0007924860106097857,0.00047761943640853315,0.06073954849608461,6.86978323699422,-3.0,2,False,False,False,0
100000008765494100,terminal,0.8,46,0.0024,"depth=2 < 4 and no outgoing: money arrives and stays; in=24,000 KZT over 1 transfers from 1 payer",1,0,24000.0,0.0,1,0,0.0002937205896716869,-3.878785572730466e-18,0.0,0.0,,2,False,False,True,1
100000008713270100,peripheral,0.4,29,0.0027,"no rule threshold met: in_deg=1, out_deg=3, in=30,000, out=190,000 KZT",1,3,30000.0,190000.0,1,3,0.0002912552172830988,2.872141297084127e-05,-1.98808325405983e-18,6.333333333333333,-7.0,2,False,False,False,0
100000003603979100,terminal,0.8,41,0.0086,"depth=2 < 4 and no outgoing: money arrives and stays; in=165,000 KZT over 3 transfers from 1 payer",1,0,165000.0,0.0,3,0,0.0005856463349534333,-1.3581026565291175e-18,0.0,0.0,,2,False,False,True,2
100000000943371100,terminal,0.8,55,0.0024,"depth=2 < 4 and no outgoing: money arrives and stays; in=15,500 KZT over 1 transfers from 1 payer",1,0,15500.0,0.0,1,0,0.0003059751638440235,4.876477815229562e-08,0.0,0.0,,2,False,False,True,0
100000008672480100,terminal,0.8,46,0.0021,"depth=2 < 4 and no outgoing: money arrives and stays; in=13,000 KZT over 1 transfers from 1 payer",1,0,13000.0,0.0,1,0,0.0002899845792550884,-3.878785572730466e-18,0.0,0.0,,2,False,False,True,1
100000008691168100,terminal,0.8,46,0.0024,"depth=2 < 4 and no outgoing: money arrives and stays; in=24,000 KZT over 1 transfers from 1 payer",1,0,24000.0,0.0,1,0,0.0002937205896716869,-3.878785572730466e-18,0.0,0.0,,2,False,False,True,1
100000003237045100,peripheral,0.4,20,0.009,"no rule threshold met: in_deg=1, out_deg=1, in=340,200, out=150,000 KZT",1,1,340200.0,150000.0,2,1,0.0003941344320653889,1.8799731546192255e-07,0.000126667079897997,0.4409171075837742,-14.0,2,False,False,False,0
100000008736394100,terminal,0.8,46,0.0022,"depth=2 < 4 and no outgoing: money arrives and stays; in=16,000 KZT over 1 transfers from 1 payer",1,0,16000.0,0.0,1,0,0.000291003491186888,-3.878785572730466e-18,0.0,0.0,,2,False,False,True,1
100000004160650100,peripheral,0.4,41,0.0061,"no rule threshold met: in_deg=2, out_deg=10, in=75,100, out=1,489,827 KZT",2,10,75100.0,1489827.0,4,40,0.00036922766671020936,-4.230494619458974e-18,-2.4995064409544192e-17,19.83790945406125,-22.0,2,False,False,False,2
100000000629812100,terminal,0.8,35,0.0043,"depth=2 < 4 and no outgoing: money arrives and stays; in=22,000 KZT over 2 transfers from 2 payers",2,0,22000.0,0.0,2,0,0.00029798400743920154,4.0735882987277e-06,0.0,0.0,,2,False,False,True,0
100000000955444100,terminal,0.8,1,0.0029,"depth=2 < 4 and no outgoing: money arrives and stays; in=6,910 KZT over 1 transfers from 1 payer",1,0,6910.0,0.0,1,0,0.0003525283441776951,-1.0520321123838949e-18,0.0,0.0,,2,False,False,True,4
100000008731444100,peripheral,0.4,47,0.0157,"no rule threshold met: in_deg=3, out_deg=9, in=439,000, out=879,768 KZT",3,9,439000.0,879767.8,5,9,0.0003533618851938035,0.00021378442089983458,0.00864213337504679,2.0040268792710707,-2.0,2,False,False,False,0
100000008413748100,peripheral,0.4,36,0.0057,"no rule threshold met: in_deg=2, out_deg=18, in=26,480, out=1,377,320 KZT",2,18,26480.0,1377320.22,2,21,0.00039089149206356826,2.046210058060496e-05,0.025000180927120943,52.01360347432024,-5.0,2,False,False,False,0
100000006787636100,terminal,0.8,32,0.0032,"depth=2 < 4 and no outgoing: money arrives and stays; in=20,000 KZT over 1 transfers from 1 payer",1,0,20000.0,0.0,1,0,0.00035810339492313935,-1.5569893857636381e-18,0.0,0.0,,2,False,False,True,0
100000005942793100,terminal,0.8,47,0.0114,"depth=2 < 4 and no outgoing: money arrives and stays; in=55,000 KZT over 4 transfers from 4 payers",4,0,55000.0,0.0,4,0,0.00033223226815400065,0.00028335148952281474,0.0,0.0,,2,False,False,True,0
100000008730846100,peripheral,0.4,33,0.0211,"no rule threshold met: in_deg=7, out_deg=3, in=155,042, out=363,370 KZT",7,3,155042.0,363370.0,11,4,0.0005360575471707999,0.00024907633130588077,0.00216656649286807,2.343687516930896,0.0,2,False,False,False,0
100000002570206100,terminal,0.8,36,0.0115,"depth=2 < 4 and no outgoing: money arrives and stays; in=166,960 KZT over 2 transfers from 2 payers",2,0,166959.6,0.0,2,0,0.00031851046572736367,0.0005280203983831662,0.0,0.0,,2,False,False,True,0
100000000785800100,transit,0.7,19,0.0104,"pass-through 1.00 from a single transfer each way, so the ratio is one observation rather than a rate: in=19,000, out=19,000 KZT, dwell=0d",1,1,19000.0,19000.0,1,1,0.00035669797856313927,-1.5291237482046708e-18,-8.777422187260618e-19,1.0,0.0,2,False,False,False,11
100000007382152100,terminal,0.8,47,0.0024,"depth=2 < 4 and no outgoing: money arrives and stays; in=5,860 KZT over 1 transfers from 1 payer",1,0,5860.0,0.0,1,0,0.0002864808806193,5.172134333213596e-05,0.0,0.0,,2,False,False,True,0
100000000910216100,peripheral,0.4,24,0.0049,"no rule threshold met: in_deg=1, out_deg=1, in=71,000, out=52,010 KZT",1,1,71000.0,52010.0,3,1,0.0003232395491094316,0.00015948068360919801,1.6371251057131427e-06,0.7325352112676057,12.0,2,False,False,False,0
100000003131016100,peripheral,0.4,47,0.0269,"no rule threshold met: in_deg=1, out_deg=1, in=405,700, out=126,000 KZT",1,1,405700.0,126000.0,7,4,0.0016774572234080564,-1.0584136944965696e-18,0.003346329345957539,0.31057431599704216,-1.0,2,False,False,False,0
100000003221384100,terminal,0.8,53,0.0128,"depth=2 < 4 and no outgoing: money arrives and stays; in=511,200 KZT over 1 transfers from 1 payer",1,0,511200.0,0.0,1,0,0.0004482029353149161,3.567634960949481e-05,0.0,0.0,,2,False,False,True,0
100000002156381100,peripheral,0.4,39,0.0152,"no rule threshold met: in_deg=2, out_deg=1, in=61,000, out=21,800 KZT",2,1,61000.0,21800.0,7,3,0.0010807758307164056,-3.10637031168052e-18,-2.347623865126829e-19,0.35737704918032787,-13.0,2,False,False,False,0
100000002779485100,terminal,0.8,82,0.0068,"depth=2 < 4 and no outgoing: money arrives and stays; in=91,000 KZT over 2 transfers from 1 payer",1,0,91000.0,0.0,2,0,0.0005469132844919454,-5.515702773971273e-19,0.0,0.0,,2,False,False,True,0
100000008774237100,abstained_single_observation,0.0,41,0.003,"abstained on a single observation: in_tx=1, out_tx=1, fewer than 3 transfers is not a stable ratio",1,1,50000.0,10000.0,1,1,0.00031034904672860115,-2.895105824974091e-18,-3.659231686974071e-18,0.2,1.0,2,False,False,False,2
100000002628146100,terminal,0.8,81,0.0028,"depth=2 < 4 and no outgoing: money arrives and stays; in=30,500 KZT over 2 transfers from 1 payer",1,0,30500.0,0.0,2,0,0.0003192156684704553,-3.4421239331451193e-18,0.0,0.0,,2,False,False,True,0
100000002852402100,terminal,0.8,53,0.0033,"depth=2 < 4 and no outgoing: money arrives and stays; in=55,000 KZT over 1 transfers from 1 payer",1,0,55000.0,0.0,1,0,0.00032701738322827813,-2.034076640383946e-18,0.0,0.0,,2,False,False,True,0
100000006989106100,terminal,0.8,29,0.0057,"depth=2 < 4 and no outgoing: money arrives and stays; in=64,000 KZT over 2 transfers from 1 payer",1,0,64000.0,0.0,2,0,0.0004956408524122065,-1.0584136944965696e-18,0.0,0.0,,2,False,False,True,0
100000002958343100,peripheral,0.4,29,0.0547,"no rule threshold met: in_deg=1, out_deg=2, in=2,900,000, out=1,390,000 KZT",1,2,2900000.0,1390000.0,4,17,0.0006295066258876736,-1.5569893857636381e-18,1.8776030584265265e-06,0.4793103448275862,2.0,2,False,False,False,0
100000008461532100,peripheral,0.4,76,0.0193,"no rule threshold met: in_deg=2, out_deg=8, in=565,300, out=2,530,090 KZT",2,8,565300.0,2530090.0,2,9,0.0007452506208527052,5.00481705961066e-06,-1.2999950049010253e-17,4.475658942154608,0.0,2,False,False,False,0
100000004400305100,distributor,0.7,47,0.0716,"out_deg=82 receivers, out=5,830,181 KZT over 101 transfers",7,82,222800.0,5830181.0,9,101,0.0003858174534932498,0.0003913619010810752,0.15592355463884788,26.167778276481148,-2.0,2,False,False,False,0
100000000297649100,peripheral,0.4,43,0.0094,"no rule threshold met: in_deg=1, out_deg=1, in=40,000, out=70,600 KZT",1,1,40000.0,70600.0,1,2,0.0008091385858414682,-1.5711443432498958e-18,5.414109682190925e-05,1.765,-21.0,2,False,False,False,0
100000003191430100,terminal,0.8,20,0.0081,"depth=2 < 4 and no outgoing: money arrives and stays; in=180,000 KZT over 1 transfers from 1 payer",1,0,180000.0,0.0,1,0,0.0005307375952815085,-5.515702773971273e-19,0.0,0.0,,2,False,False,True,0
100000003275398100,abstained_single_observation,0.0,41,0.0088,"abstained on a single observation: in_tx=1, out_tx=1, fewer than 3 transfers is not a stable ratio",1,1,300000.0,20000.0,1,1,0.0004342478092851559,-2.895105824974091e-18,-3.031139795783164e-18,0.06666666666666667,-1.0,2,False,False,False,2
100000005203590100,terminal,0.8,29,0.0038,"depth=2 < 4 and no outgoing: money arrives and stays; in=90,000 KZT over 1 transfers from 1 payer",1,0,90000.0,0.0,1,0,0.00030262706341471605,2.872141297084127e-05,0.0,0.0,,2,False,False,True,0
100000008672603100,terminal,0.8,24,0.0024,"depth=2 < 4 and no outgoing: money arrives and stays; in=21,200 KZT over 1 transfers from 1 payer",1,0,21200.0,0.0,1,0,0.00029721303813419714,-3.8178954906251595e-18,0.0,0.0,,2,False,False,True,0
100000000718427100,terminal,0.8,46,0.002,"depth=2 < 4 and no outgoing: money arrives and stays; in=6,000 KZT over 1 transfers from 1 payer",1,0,6000.0,0.0,1,0,0.00028760711808088936,-3.878785572730466e-18,0.0,0.0,,2,False,False,True,1
100000003104347100,abstained_single_observation,0.0,44,0.0107,"abstained on a single observation: in_tx=1, out_tx=1, fewer than 3 transfers is not a stable ratio",1,1,418000.0,32000.0,1,1,0.00036431706006781543,9.190763811915134e-05,-2.347623865126829e-19,0.07655502392344497,21.0,2,False,False,False,0
100000002974256100,terminal,0.8,43,0.0052,"depth=2 < 4 and no outgoing: money arrives and stays; in=7,200 KZT over 1 transfers from 1 payer",1,0,7200.0,0.0,1,0,0.0005319059485796723,-5.515702773971273e-19,0.0,0.0,,2,False,False,True,0
100000007173936100,terminal,0.8,62,0.0021,"depth=2 < 4 and no outgoing: money arrives and stays; in=10,000 KZT over 1 transfers from 1 payer",1,0,10000.0,0.0,1,0,0.00028681863055512584,3.8766879521675266e-07,0.0,0.0,,2,False,False,True,0
100000002744581100,terminal,0.8,29,0.0026,"depth=2 < 4 and no outgoing: money arrives and stays; in=12,000 KZT over 1 transfers from 1 payer",1,0,12000.0,0.0,1,0,0.000324957711378837,-1.0584136944965696e-18,0.0,0.0,,2,False,False,True,0
100000000596954100,peripheral,0.4,24,0.0069,"no rule threshold met: in_deg=1, out_deg=2, in=120,000, out=48,100 KZT",1,2,120000.0,48100.0,1,2,0.0005156144546495886,-1.0584136944965696e-18,-1.121123258010362e-18,0.4008333333333333,2.0,2,False,False,False,0
100000004950490100,terminal,0.8,29,0.0026,"depth=2 < 4 and no outgoing: money arrives and stays; in=10,000 KZT over 1 transfers from 1 payer",1,0,10000.0,0.0,1,0,0.00033064166313549905,-1.0480740739543257e-18,0.0,0.0,,2,False,False,True,0
100000008772058100,terminal,0.8,46,0.0029,"depth=2 < 4 and no outgoing: money arrives and stays; in=50,000 KZT over 1 transfers from 1 payer",1,0,50000.0,0.0,1,0,0.00030255115974728324,-3.878785572730466e-18,0.0,0.0,,2,False,False,True,1
100000000971908100,terminal,0.8,29,0.0038,"depth=2 < 4 and no outgoing: money arrives and stays; in=89,000 KZT over 1 transfers from 1 payer",1,0,89000.0,0.0,1,0,0.00030243753264585577,2.872141297084127e-05,0.0,0.0,,2,False,False,True,0
100000008687492100,terminal,0.8,46,0.0022,"depth=2 < 4 and no outgoing: money arrives and stays; in=15,000 KZT over 1 transfers from 1 payer",1,0,15000.0,0.0,1,0,0.0002906638538762881,-3.878785572730466e-18,0.0,0.0,,2,False,False,True,1
100000003159641100,peripheral,0.4,77,0.021,"no rule threshold met: in_deg=4, out_deg=1, in=64,000, out=197,800 KZT",4,1,64000.0,197800.0,7,1,0.0003052153968344306,0.001425434569182757,-2.347623865126829e-19,3.090625,10.0,2,False,False,False,0
100000005326681100,terminal,0.8,53,0.0028,"depth=2 < 4 and no outgoing: money arrives and stays; in=31,228 KZT over 1 transfers from 1 payer",1,0,31228.0,0.0,1,0,0.0002955041990377062,3.567634960949481e-05,0.0,0.0,,2,False,False,True,0
100000006888238100,abstained_single_observation,0.0,51,0.0064,"abstained on a single observation: in_tx=1, out_tx=1, fewer than 3 transfers is not a stable ratio",1,1,18000.0,30000.0,1,1,0.0006097535591566906,-1.0584136944965696e-18,-2.347623865126829e-19,1.6666666666666667,-5.0,2,False,False,False,10
100000001290243100,terminal,0.8,20,0.0026,"depth=2 < 4 and no outgoing: money arrives and stays; in=10,000 KZT over 1 transfers from 1 payer",1,0,10000.0,0.0,1,0,0.0003199489735535746,1.2596487311568913e-05,0.0,0.0,,2,False,False,True,0
100000008289539100,terminal,0.8,53,0.0025,"depth=2 < 4 and no outgoing: money arrives and stays; in=14,912 KZT over 1 transfers from 1 payer",1,0,14912.0,0.0,1,0,0.0002903134116978219,3.567634960949481e-05,0.0,0.0,,2,False,False,True,0
100000000821507100,terminal,0.8,62,0.0092,"depth=2 < 4 and no outgoing: money arrives and stays; in=400,000 KZT over 1 transfers from 1 payer",1,0,400000.0,0.0,1,0,0.0003355427477307156,3.8766879521675266e-07,0.0,0.0,,2,False,False,True,0
100000003086040100,terminal,0.8,47,0.0055,"depth=2 < 4 and no outgoing: money arrives and stays; in=10,500 KZT over 1 transfers from 1 payer",1,0,10500.0,0.0,1,0,0.0005480623170204768,5.1809594870201485e-06,0.0,0.0,,2,False,False,True,0
100000002969048100,terminal,0.8,29,0.0042,"depth=2 < 4 and no outgoing: money arrives and stays; in=108,470 KZT over 1 transfers from 1 payer",1,0,108470.0,0.0,1,0,0.00030612769671556556,2.872141297084127e-05,0.0,0.0,,2,False,False,True,0
100000002826669100,terminal,0.8,47,0.0073,"depth=2 < 4 and no outgoing: money arrives and stays; in=159,900 KZT over 4 transfers from 1 payer",1,0,159900.0,0.0,4,0,0.0004762394546257387,3.537647196486817e-05,0.0,0.0,,2,False,False,True,0
100000002293421100,transit,0.7,47,0.0455,"pass_through=1.15: in=41,000, out=47,000 KZT, dwell=-8d",2,2,41000.0,47000.0,6,5,0.0009748338691844273,1.762622037928393e-05,0.0009381347558585587,1.146341463414634,-8.0,2,False,False,False,0
100000004732589100,terminal,0.8,33,0.0073,"depth=2 < 4 and no outgoing: money arrives and stays; in=227,520 KZT over 1 transfers from 1 payer",1,0,227520.0,0.0,1,0,0.00039397292658312265,2.3228134124630864e-05,0.0,0.0,,2,False,False,True,0
100000003003821100,terminal,0.8,24,0.0045,"depth=2 < 4 and no outgoing: money arrives and stays; in=40,000 KZT over 1 transfers from 1 payer",1,0,40000.0,0.0,1,0,0.00043793729055400355,-1.5569893857636381e-18,0.0,0.0,,2,False,False,True,0
100000005237935150,terminal,0.8,54,0.0026,"depth=2 < 4 and no outgoing: money arrives and stays; in=34,508 KZT over 1 transfers from 1 payer",1,0,34508.0,0.0,1,0,0.0002979773495560404,4.0882453970007735e-08,0.0,0.0,,2,False,False,True,0
100000004463277100,terminal,0.8,25,0.0078,"depth=2 < 4 and no outgoing: money arrives and stays; in=35,000 KZT over 1 transfers from 1 payer",1,0,35000.0,0.0,1,0,0.0006919245189792441,-5.515702773971273e-19,0.0,0.0,,2,False,False,True,3
100000006523053100,terminal,0.8,24,0.0053,"depth=2 < 4 and no outgoing: money arrives and stays; in=5,000 KZT over 1 transfers from 1 payer",1,0,5000.0,0.0,1,0,0.0005386541417252811,-5.515702773971273e-19,0.0,0.0,,2,False,False,True,0
100000001954903100,terminal,0.8,33,0.0027,"depth=2 < 4 and no outgoing: money arrives and stays; in=27,118 KZT over 1 transfers from 1 payer",1,0,27118.0,0.0,1,0,0.00029848987132038724,2.3228134124630864e-05,0.0,0.0,,2,False,False,True,0
100000005328215100,terminal,0.8,33,0.0027,"depth=2 < 4 and no outgoing: money arrives and stays; in=27,000 KZT over 1 transfers from 1 payer",1,0,27000.0,0.0,1,0,0.000298433649323995,2.3228134124630864e-05,0.0,0.0,,2,False,False,True,0
100000004424023100,abstained_single_observation,0.0,29,0.0117,"abstained on a single observation: in_tx=1, out_tx=1, fewer than 3 transfers is not a stable ratio",1,1,50000.0,100000.0,1,1,0.0009717143911529583,-5.515702773971273e-19,-2.347623865126829e-19,2.0,-8.0,2,False,False,False,0
100000002299948100,terminal,0.8,81,0.0021,"depth=2 < 4 and no outgoing: money arrives and stays; in=6,750 KZT over 1 transfers from 1 payer",1,0,6750.0,0.0,1,0,0.0002930156229454497,-3.4421239331451193e-18,0.0,0.0,,2,False,False,True,0
100000005105153100,terminal,0.8,47,0.0039,"depth=2 < 4 and no outgoing: money arrives and stays; in=30,000 KZT over 1 transfers from 1 payer",1,0,30000.0,0.0,1,0,0.00040101696682756774,-1.0584136944965696e-18,0.0,0.0,,2,False,False,True,0
100000001985793100,terminal,0.8,31,0.01,"depth=2 < 4 and no outgoing: money arrives and stays; in=420,000 KZT over 1 transfers from 1 payer",1,0,420000.0,0.0,1,0,0.0003726610761384919,4.2828278418361176e-07,0.0,0.0,,2,False,False,True,0
100000003134934100,terminal,0.8,47,0.0326,"depth=2 < 4 and no outgoing: money arrives and stays; in=379,354 KZT over 4 transfers from 4 payers",4,0,379354.0,0.0,4,0,0.00042447911385230347,0.001992714088467805,0.0,0.0,,2,False,False,True,0
100000006240939100,peripheral,0.4,31,0.005,"no rule threshold met: in_deg=1, out_deg=5, in=160,000, out=778,015 KZT",1,5,160000.0,778015.0,1,5,0.00031874711590155753,4.2828278418361176e-07,2.5365357565775273e-05,4.86259375,-4.0,2,False,False,False,0
100000008656043100,terminal,0.8,46,0.0024,"depth=2 < 4 and no outgoing: money arrives and stays; in=26,200 KZT over 1 transfers from 1 payer",1,0,26200.0,0.0,1,0,0.0002944677917550065,-3.878785572730466e-18,0.0,0.0,,2,False,False,True,1
100000002605184100,terminal,0.8,53,0.0056,"depth=2 < 4 and no outgoing: money arrives and stays; in=140,000 KZT over 1 transfers from 1 payer",1,0,140000.0,0.0,1,0,0.00039107352079071413,-2.034076640383946e-18,0.0,0.0,,2,False,False,True,0
100000003157333100,terminal,0.8,29,0.0027,"depth=2 < 4 and no outgoing: money arrives and stays; in=30,000 KZT over 1 transfers from 1 payer",1,0,30000.0,0.0,1,0,0.0002912552172830988,2.872141297084127e-05,0.0,0.0,,2,False,False,True,0
100000007898453100,peripheral,0.4,24,0.0029,"no rule threshold met: in_deg=1, out_deg=2, in=24,750, out=320,000 KZT",1,2,24750.0,320000.0,1,2,0.0003330161085564517,-1.0584136944965696e-18,0.00019944888472299521,12.929292929292929,1.0,2,False,False,False,0
100000002710570100,terminal,0.8,60,0.009,"depth=2 < 4 and no outgoing: money arrives and stays; in=225,015 KZT over 1 transfers from 1 payer",1,0,225015.0,0.0,1,0,0.0005391306175502192,-1.0417559883914451e-18,0.0,0.0,,2,False,False,True,0
100000004979498100,peripheral,0.4,38,0.0271,"no rule threshold met: in_deg=1, out_deg=1, in=700,000, out=200,000 KZT",1,1,700000.0,200000.0,2,1,0.001318982766627467,-1.5291237482046708e-18,-8.777422187260618e-19,0.2857142857142857,0.0,2,False,False,False,9
100000001541418100,terminal,0.8,80,0.0058,"depth=2 < 4 and no outgoing: money arrives and stays; in=96,900 KZT over 2 transfers from 2 payers",2,0,96900.0,0.0,2,0,0.0003035306386081866,2.491507001976124e-05,0.0,0.0,,2,False,False,True,0
100000007797290100,abstained_single_observation,0.0,47,0.0042,"abstained on a single observation: in_tx=1, out_tx=1, fewer than 3 transfers is not a stable ratio",1,1,100000.0,20000.0,1,1,0.00030112537616284985,5.172134333213596e-05,-2.347623865126829e-19,0.2,9.0,2,False,False,False,0
100000008683818100,terminal,0.8,46,0.0022,"depth=2 < 4 and no outgoing: money arrives and stays; in=17,400 KZT over 1 transfers from 1 payer",1,0,17400.0,0.0,1,0,0.00029147898342172775,-3.878785572730466e-18,0.0,0.0,,2,False,False,True,1
100000006567935100,terminal,0.8,62,0.0055,"depth=2 < 4 and no outgoing: money arrives and stays; in=200,000 KZT over 1 transfers from 1 payer",1,0,200000.0,0.0,1,0,0.0003105560209740029,3.8766879521675266e-07,0.0,0.0,,2,False,False,True,0
100000002132479100,peripheral,0.4,45,0.0066,"no rule threshold met: in_deg=1, out_deg=1, in=30,000, out=20,000 KZT",1,1,30000.0,20000.0,2,1,0.0006060232510344723,-2.034076640383946e-18,2.2302336536723545e-05,0.6666666666666666,7.0,2,False,False,False,0
100000002170580100,terminal,0.8,33,0.0055,"depth=2 < 4 and no outgoing: money arrives and stays; in=150,000 KZT over 1 transfers from 1 payer",1,0,150000.0,0.0,1,0,0.0003570379336989835,2.3228134124630864e-05,0.0,0.0,,2,False,False,True,0
100000001232297100,peripheral,0.4,55,0.002,"no rule threshold met: in_deg=1, out_deg=2, in=5,000, out=45,000 KZT",1,2,5000.0,45000.0,1,2,0.000292151832806559,4.876477815229562e-08,0.0003141950330672121,9.0,-11.0,2,False,False,False,0
100000002028158100,terminal,0.8,53,0.0029,"depth=2 < 4 and no outgoing: money arrives and stays; in=34,800 KZT over 1 transfers from 1 payer",1,0,34800.0,0.0,1,0,0.00029664059842346663,3.567634960949481e-05,0.0,0.0,,2,False,False,True,0
100000005519998100,transit,0.7,87,0.0449,"pass_through=1.03: in=182,000, out=188,000 KZT, dwell=-3d",3,3,182000.0,188000.0,5,8,0.0006524582538824888,2.9376475526546727e-07,0.000945822906900265,1.032967032967033,-3.0,2,False,False,False,0
100000002335358100,terminal,0.8,20,0.0085,"depth=2 < 4 and no outgoing: money arrives and stays; in=140,000 KZT over 2 transfers from 1 payer",1,0,140000.0,0.0,2,0,0.0006124866171005871,-2.4880253431252885e-18,0.0,0.0,,2,False,False,True,0
100000007289427100,terminal,0.8,24,0.0032,"depth=2 < 4 and no outgoing: money arrives and stays; in=12,300 KZT over 1 transfers from 1 payer",1,0,12300.0,0.0,1,0,0.0003736269529532959,-1.0190470085561492e-18,0.0,0.0,,2,False,False,True,0
100000004592467100,terminal,0.8,24,0.0025,"depth=2 < 4 and no outgoing: money arrives and stays; in=7,000 KZT over 1 transfers from 1 payer",1,0,7000.0,0.0,1,0,0.0002866229494599155,6.211858333422742e-05,0.0,0.0,,2,False,False,True,0
100000004993576100,terminal,0.8,53,0.0057,"depth=2 < 4 and no outgoing: money arrives and stays; in=167,000 KZT over 1 transfers from 1 payer",1,0,167000.0,0.0,1,0,0.0003386988287699184,3.567634960949481e-05,0.0,0.0,,2,False,False,True,0
100000001648936100,terminal,0.8,29,0.0039,"depth=2 < 4 and no outgoing: money arrives and stays; in=92,740 KZT over 1 transfers from 1 payer",1,0,92740.0,0.0,1,0,0.00030314637772139324,2.872141297084127e-05,0.0,0.0,,2,False,False,True,0
100000008512552100,coordinator,0.5,36,0.0626,"both sides active: in_deg=4, out_deg=6, in=394,360, out=1,302,275 KZT",4,6,394360.0,1302275.0,9,11,0.0004258788196805501,0.00033800892520171455,0.0010030183788805242,3.3022492139162187,0.0,2,False,False,False,0
100000007629096100,peripheral,0.4,47,0.0566,"no rule threshold met: in_deg=4, out_deg=1, in=1,075,170, out=765,205 KZT",4,1,1075170.0,765205.0,5,5,0.0024724059471072403,0.00028463489458448025,0.0001019775982455819,0.7117060557865268,1.0,2,False,False,False,0
100000001601320100,transit,0.7,29,0.038,"pass_through=1.06: in=43,500, out=46,200 KZT, dwell=8d",2,1,43500.0,46200.0,2,1,0.0008117637398617537,-3.883680709613087e-18,-2.347623865126829e-19,1.0620689655172413,8.0,2,False,False,False,0
100000005782781100,coordinator,0.5,29,0.0664,"both sides active: in_deg=6, out_deg=10, in=171,888, out=1,263,597 KZT",6,10,171888.0,1263597.0,10,10,0.0004875096527600836,0.0003718042094336121,0.005811990850049189,7.351281066741134,1.0,2,False,False,False,0
100000002723538100,peripheral,0.4,82,0.0468,"no rule threshold met: in_deg=3, out_deg=12, in=105,647, out=560,499 KZT",3,12,105647.0,560499.0,3,14,0.00032031316061285913,0.004580931018943376,0.006524988787603222,5.305394379395534,-8.0,2,False,False,False,0
100000002340562100,terminal,0.8,29,0.0057,"depth=2 < 4 and no outgoing: money arrives and stays; in=36,650 KZT over 2 transfers from 1 payer",1,0,36650.0,0.0,2,0,0.0005308569205030113,-5.515702773971273e-19,0.0,0.0,,2,False,False,True,0
100000005939154100,terminal,0.8,20,0.0024,"depth=2 < 4 and no outgoing: money arrives and stays; in=22,000 KZT over 2 transfers from 1 payer",1,0,22000.0,0.0,2,0,0.00029369666480402615,2.6036449179581198e-06,0.0,0.0,,2,False,False,True,0
100000004386258100,peripheral,0.4,43,0.0099,"no rule threshold met: in_deg=3, out_deg=3, in=61,700, out=40,000 KZT",3,3,61700.0,40000.0,3,3,0.0005336690126056135,-3.081631802091882e-18,-1.98808325405983e-18,0.6482982171799028,20.0,2,False,False,False,0
100000008406609100,terminal,0.8,34,0.0043,"depth=2 < 4 and no outgoing: money arrives and stays; in=34,000 KZT over 1 transfers from 1 payer",1,0,34000.0,0.0,1,0,0.00043050382065094726,-1.0480740739543257e-18,0.0,0.0,,2,False,False,True,0
100000007242833100,peripheral,0.4,43,0.0067,"no rule threshold met: in_deg=1, out_deg=1, in=107,500, out=45,000 KZT",1,1,107500.0,45000.0,3,2,0.0005138001156911164,-1.0173088737423703e-18,-2.347623865126829e-19,0.4186046511627907,1.0,2,False,False,False,0
100000004698193100,peripheral,0.4,29,0.0148,"no rule threshold met: in_deg=2, out_deg=3, in=222,700, out=38,000 KZT",2,3,222700.0,38000.0,15,5,0.0008254145941905135,2.8951050698695965e-05,-1.98808325405983e-18,0.17063313875168387,9.0,2,False,False,False,0
100000002733905100,peripheral,0.4,46,0.0419,"no rule threshold met: in_deg=3, out_deg=2, in=100,000, out=717,839 KZT",3,2,100000.0,717839.0,5,3,0.0029169603294352192,-4.031591630280659e-18,-2.199100201130863e-18,7.17839,7.0,2,False,False,False,1
100000006912294100,peripheral,0.4,80,0.0048,"no rule threshold met: in_deg=1, out_deg=2, in=6,335, out=30,000 KZT",1,2,6335.09,30000.0,1,2,0.000498922067320617,-1.0584136944965696e-18,9.917415337626603e-06,4.7355286191672095,-23.0,2,False,False,False,0
100000003036198100,terminal,0.8,24,0.0034,"depth=2 < 4 and no outgoing: money arrives and stays; in=15,000 KZT over 1 transfers from 1 payer",1,0,15000.0,0.0,1,0,0.0002879340067316291,0.0001421681959280047,0.0,0.0,,2,False,False,True,0
100000004687099100,terminal,0.8,29,0.003,"depth=2 < 4 and no outgoing: money arrives and stays; in=30,000 KZT over 1 transfers from 1 payer",1,0,30000.0,0.0,1,0,0.00033422473963996775,-3.410842358276672e-18,0.0,0.0,,2,False,False,True,0
100000005242320100,distributor,0.7,54,0.0422,"out_deg=21 receivers, out=8,936,295 KZT over 29 transfers",2,21,365700.0,8936295.0,2,29,0.00050012413141856,4.5210119143454496e-07,2.0359245658011504e-05,24.43613617719442,-13.0,2,False,False,False,0
100000008762832100,peripheral,0.4,24,0.0052,"no rule threshold met: in_deg=1, out_deg=1, in=150,000, out=85,000 KZT",1,1,150000.0,85000.0,1,4,0.00030814762084497525,6.211858333422742e-05,-4.504878798224643e-19,0.5666666666666667,-2.0,2,False,False,False,0
100000002489253100,terminal,0.8,20,0.0029,"depth=2 < 4 and no outgoing: money arrives and stays; in=51,000 KZT over 1 transfers from 1 payer",1,0,51000.0,0.0,1,0,0.0003018444912491921,1.8799731546192255e-07,0.0,0.0,,2,False,False,True,0
100000004756901100,terminal,0.8,20,0.0048,"depth=2 < 4 and no outgoing: money arrives and stays; in=153,248 KZT over 1 transfers from 1 payer",1,0,153248.0,0.0,1,0,0.0003109522914570356,4.040756032113254e-06,0.0,0.0,,2,False,False,True,0
100000008749989100,terminal,0.8,46,0.0022,"depth=2 < 4 and no outgoing: money arrives and stays; in=16,000 KZT over 1 transfers from 1 payer",1,0,16000.0,0.0,1,0,0.000291003491186888,-3.878785572730466e-18,0.0,0.0,,2,False,False,True,1
100000001380986100,terminal,0.8,80,0.0031,"depth=2 < 4 and no outgoing: money arrives and stays; in=70,170 KZT over 1 transfers from 1 payer",1,0,70170.0,0.0,1,0,0.00029217226654781626,5.012796367314138e-07,0.0,0.0,,2,False,False,True,0
100000003089018100,terminal,0.8,80,0.006,"depth=2 < 4 and no outgoing: money arrives and stays; in=230,000 KZT over 1 transfers from 1 payer",1,0,230000.0,0.0,1,0,0.0003072122133568228,5.012796367314138e-07,0.0,0.0,,2,False,False,True,0
100000008742266100,terminal,0.8,46,0.0023,"depth=2 < 4 and no outgoing: money arrives and stays; in=21,000 KZT over 1 transfers from 1 payer",1,0,21000.0,0.0,1,0,0.0002927016777398873,-3.878785572730466e-18,0.0,0.0,,2,False,False,True,1
100000003044431100,terminal,0.8,24,0.0314,"depth=2 < 4 and no outgoing: money arrives and stays; in=60,000 KZT over 2 transfers from 2 payers",2,0,60000.0,0.0,2,0,0.0003024585785488682,0.003099654763779354,0.0,0.0,,2,False,False,True,0
100000003321423100,terminal,0.8,39,0.0086,"depth=2 < 4 and no outgoing: money arrives and stays; in=100,000 KZT over 2 transfers from 1 payer",1,0,100000.0,0.0,2,0,0.0006711029646605597,-2.049260727878211e-18,0.0,0.0,,2,False,False,True,0
100000002540623100,terminal,0.8,33,0.0044,"depth=2 < 4 and no outgoing: money arrives and stays; in=100,000 KZT over 1 transfers from 1 payer",1,0,100000.0,0.0,1,0,0.00033321505387175237,2.3228134124630864e-05,0.0,0.0,,2,False,False,True,0
100000004225615100,terminal,0.8,80,0.0035,"depth=2 < 4 and no outgoing: money arrives and stays; in=90,000 KZT over 2 transfers from 1 payer",1,0,90000.0,0.0,2,0,0.0002940382625762377,5.012796367314138e-07,0.0,0.0,,2,False,False,True,0
100000004820260100,transit,0.7,53,0.0682,"pass_through=0.92: in=234,200, out=215,350 KZT, dwell=0d",1,3,234200.0,215350.0,12,10,0.0014014565775826923,2.3977747062042252e-06,0.0001464889162961902,0.9195132365499573,0.0,2,False,False,False,0
100000000795129100,terminal,0.8,53,0.0091,"depth=2 < 4 and no outgoing: money arrives and stays; in=332,000 KZT over 1 transfers from 1 payer",1,0,332000.0,0.0,1,0,0.0003911920814716169,3.567634960949481e-05,0.0,0.0,,2,False,False,True,0
100000008213966100,peripheral,0.4,50,0.0304,"no rule threshold met: in_deg=3, out_deg=1, in=187,004, out=436,900 KZT",3,1,187004.0,436900.0,7,8,0.001933551952419576,-4.464365619099431e-18,-2.347623865126829e-19,2.336313661739856,0.0,2,False,False,False,0
100000008478414100,terminal,0.8,46,0.0021,"depth=2 < 4 and no outgoing: money arrives and stays; in=10,000 KZT over 1 transfers from 1 payer",1,0,10000.0,0.0,1,0,0.00028896566732328877,-3.878785572730466e-18,0.0,0.0,,2,False,False,True,1
100000001330595100,peripheral,0.4,41,0.0122,"no rule threshold met: in_deg=3, out_deg=1, in=87,000, out=154,000 KZT",3,1,87000.0,154000.0,6,1,0.0006755694259219595,-7.121611953366595e-18,-2.347623865126829e-19,1.7701149425287357,12.0,2,False,False,False,2
100000000076451100,peripheral,0.4,53,0.022,"no rule threshold met: in_deg=3, out_deg=4, in=87,707, out=58,000 KZT",3,4,87707.0,58000.0,4,4,0.0013962008641423907,3.625143738781726e-05,-3.463019716723573e-18,0.661292713238396,-11.0,2,False,False,False,0
100000005664632100,terminal,0.8,42,0.0062,"depth=2 < 4 and no outgoing: money arrives and stays; in=198,620 KZT over 18 transfers from 1 payer",1,0,198620.0,0.0,18,0,0.0003651420399228022,-1.0584136944965696e-18,0.0,0.0,,2,False,False,True,0
100000002457464100,terminal,0.8,24,0.0035,"depth=2 < 4 and no outgoing: money arrives and stays; in=66,647 KZT over 1 transfers from 1 payer",1,0,66647.0,0.0,1,0,0.0003221740395394645,-3.8178954906251595e-18,0.0,0.0,,2,False,False,True,0
100000002757240100,terminal,0.8,24,0.0044,"depth=2 < 4 and no outgoing: money arrives and stays; in=51,183 KZT over 1 transfers from 1 payer",1,0,51183.0,0.0,1,0,0.00031684650947480335,0.000142767296944784,0.0,0.0,,2,False,False,True,0
100000003718221100,peripheral,0.4,44,0.0196,"no rule threshold met: in_deg=2, out_deg=4, in=350,000, out=423,500 KZT",2,4,350000.0,423500.0,6,8,0.0010434682866013757,3.2238573094187792e-06,0.00017159714430188262,1.21,-1.0,2,False,False,False,0
100000008629581100,terminal,0.8,24,0.0032,"depth=2 < 4 and no outgoing: money arrives and stays; in=54,184 KZT over 1 transfers from 1 payer",1,0,54184.0,0.0,1,0,0.0003153289461226527,-3.8178954906251595e-18,0.0,0.0,,2,False,False,True,0
100000004806903100,terminal,0.8,24,0.0054,"depth=2 < 4 and no outgoing: money arrives and stays; in=18,000 KZT over 1 transfers from 1 payer",1,0,18000.0,0.0,1,0,0.000533538904999333,-5.515702773971273e-19,0.0,0.0,,2,False,False,True,0
100000000913911100,peripheral,0.4,24,0.0144,"no rule threshold met: in_deg=2, out_deg=1, in=467,000, out=600,000 KZT",2,1,467000.0,600000.0,2,1,0.00045944318623889006,6.262331410084986e-05,-2.347623865126829e-19,1.284796573875803,3.0,2,False,False,False,0
100000004905207100,terminal,0.8,45,0.0102,"depth=2 < 4 and no outgoing: money arrives and stays; in=380,000 KZT over 1 transfers from 1 payer",1,0,380000.0,0.0,1,0,0.0004347034731912381,4.34391155813172e-09,0.0,0.0,,2,False,False,True,0
100000003831201100,terminal,0.8,47,0.0058,"depth=2 < 4 and no outgoing: money arrives and stays; in=40,500 KZT over 3 transfers from 1 payer",1,0,40500.0,0.0,3,0,0.0005343335334517973,-5.515702773971273e-19,0.0,0.0,,2,False,False,True,0
100000003073398100,terminal,0.8,29,0.0039,"depth=2 < 4 and no outgoing: money arrives and stays; in=92,960 KZT over 1 transfers from 1 payer",1,0,92960.0,0.0,1,0,0.0003031880744905425,2.872141297084127e-05,0.0,0.0,,2,False,False,True,0
100000008418934100,terminal,0.8,80,0.0083,"depth=2 < 4 and no outgoing: money arrives and stays; in=360,000 KZT over 1 transfers from 1 payer",1,0,360000.0,0.0,1,0,0.00031944516765308024,5.012796367314138e-07,0.0,0.0,,2,False,False,True,0
100000002741024100,coordinator,0.5,47,0.196,"both sides active: in_deg=5, out_deg=6, in=817,981, out=434,989 KZT",5,6,817980.85,434989.0,9,7,0.002855186532890205,0.0002395946513755927,0.00012615097934311824,0.5317838431058625,-2.0,2,False,False,False,0
100000008106997100,peripheral,0.4,47,0.0064,"no rule threshold met: in_deg=2, out_deg=1, in=35,600, out=20,600 KZT",2,1,35600.0,20600.0,2,1,0.0003053704876347339,0.0002125825364088992,-2.347623865126829e-19,0.5786516853932584,0.0,2,False,False,False,0
100000007998965100,peripheral,0.4,33,0.0167,"no rule threshold met: in_deg=5, out_deg=1, in=278,000, out=26,000 KZT",5,1,278000.0,26000.0,7,3,0.0004719217907251249,3.0560805964137496e-05,-2.347623865126829e-19,0.09352517985611511,10.0,2,False,False,False,0
100000001822623100,terminal,0.8,44,0.0065,"depth=2 < 4 and no outgoing: money arrives and stays; in=201,300 KZT over 1 transfers from 1 payer",1,0,201300.0,0.0,1,0,0.00032349256040320104,9.190763811915134e-05,0.0,0.0,,2,False,False,True,0
100000006424479100,peripheral,0.4,55,0.0189,"no rule threshold met: in_deg=1, out_deg=2, in=500,000, out=220,000 KZT",1,2,500000.0,220000.0,2,3,0.0009438231531441708,4.876477815229562e-08,-9.009757596449287e-19,0.44,14.0,2,False,False,False,0
100000008696692100,terminal,0.8,46,0.0023,"depth=2 < 4 and no outgoing: money arrives and stays; in=19,000 KZT over 1 transfers from 1 payer",1,0,19000.0,0.0,1,0,0.0002920224031186876,-3.878785572730466e-18,0.0,0.0,,2,False,False,True,1
100000002748532100,peripheral,0.4,59,0.0125,"no rule threshold met: in_deg=3, out_deg=2, in=355,575, out=646,685 KZT",3,2,355575.0,646685.0,3,7,0.00033910551994433967,2.5270982728498672e-05,8.50361138457892e-07,1.8187021022287844,4.0,2,False,False,False,0
100000004456564100,terminal,0.8,45,0.0034,"depth=2 < 4 and no outgoing: money arrives and stays; in=10,000 KZT over 2 transfers from 1 payer",1,0,10000.0,0.0,2,0,0.0003923872798230175,-2.034076640383946e-18,0.0,0.0,,2,False,False,True,0
100000001530740100,terminal,0.8,20,0.0053,"depth=2 < 4 and no outgoing: money arrives and stays; in=15,000 KZT over 1 transfers from 1 payer",1,0,15000.0,0.0,1,0,0.000529819702440915,-5.515702773971273e-19,0.0,0.0,,2,False,False,True,0
100000001386612100,terminal,0.8,34,0.0049,"depth=2 < 4 and no outgoing: money arrives and stays; in=62,264 KZT over 1 transfers from 1 payer",1,0,62264.0,0.0,1,0,0.00043377009568121175,1.875120536892786e-06,0.0,0.0,,2,False,False,True,0
100000003360542100,peripheral,0.4,33,0.0244,"no rule threshold met: in_deg=2, out_deg=2, in=317,000, out=51,800 KZT",2,2,317000.0,51800.0,3,5,0.001456432548006546,3.254432116064145e-07,0.0021493825540055797,0.16340694006309148,1.0,2,False,False,False,0
100000008352542100,terminal,0.8,24,0.0033,"depth=2 < 4 and no outgoing: money arrives and stays; in=50,220 KZT over 1 transfers from 1 payer",1,0,50220.0,0.0,1,0,0.0003314754198712513,9.977809550658802e-07,0.0,0.0,,2,False,False,True,0
100000001138376100,terminal,0.8,53,0.0025,"depth=2 < 4 and no outgoing: money arrives and stays; in=15,300 KZT over 1 transfers from 1 payer",1,0,15300.0,0.0,1,0,0.00029043685037690223,3.567634960949481e-05,0.0,0.0,,2,False,False,True,0
100000003246024100,abstained_single_observation,0.0,47,0.0034,"abstained on a single observation: in_tx=1, out_tx=1, fewer than 3 transfers is not a stable ratio",1,1,25000.0,5000.0,1,1,0.00037134005643017944,-1.0584136944965696e-18,-2.347623865126829e-19,0.2,0.0,2,False,False,False,0
100000002680477100,terminal,0.8,54,0.0024,"depth=2 < 4 and no outgoing: money arrives and stays; in=25,000 KZT over 1 transfers from 1 payer",1,0,25000.0,0.0,1,0,0.00029455855419957707,4.0882453970007735e-08,0.0,0.0,,2,False,False,True,0
100000005882013100,peripheral,0.4,55,0.0092,"no rule threshold met: in_deg=2, out_deg=1, in=135,000, out=10,000 KZT",2,1,135000.0,10000.0,3,1,0.0005264244942722093,5.904083850126156e-06,0.00031168210430432183,0.07407407407407407,1.0,2,False,False,False,0
100000005665181100,coordinator,0.5,90,0.0362,"both sides active: in_deg=4, out_deg=11, in=45,498, out=181,915 KZT",4,11,45498.0,181915.0,5,11,0.0003985397345805526,0.0001321555424488723,0.005738503345797007,3.998307617917271,-3.0,2,False,False,False,0
100000008141170100,terminal,0.8,20,0.0065,"depth=2 < 4 and no outgoing: money arrives and stays; in=11,000 KZT over 1 transfers from 1 payer",1,0,11000.0,0.0,1,0,0.0006219001408928689,-5.515702773971273e-19,0.0,0.0,,2,False,False,True,0
100000001382002100,transit,0.7,47,0.0258,"pass_through=1.03: in=55,000, out=56,500 KZT, dwell=4d",1,1,55000.0,56500.0,2,3,0.0006633074267595711,-1.0584136944965696e-18,0.0009231328385008316,1.0272727272727273,4.0,2,False,False,False,0
100000002481735100,terminal,0.8,20,0.0034,"depth=2 < 4 and no outgoing: money arrives and stays; in=22,436 KZT over 2 transfers from 1 payer",1,0,22436.0,0.0,2,0,0.00036270354277617787,1.2596487311568913e-05,0.0,0.0,,2,False,False,True,0
100000000806727100,abstained_single_observation,0.0,24,0.0034,"abstained on a single observation: in_tx=1, out_tx=1, fewer than 3 transfers is not a stable ratio",1,1,45000.0,5000.0,1,1,0.0003458595620044746,-2.999147294007146e-18,-1.4661351867997428e-18,0.1111111111111111,21.0,2,False,False,False,0
100000003039473100,terminal,0.8,20,0.0026,"depth=2 < 4 and no outgoing: money arrives and stays; in=23,000 KZT over 1 transfers from 1 payer",1,0,23000.0,0.0,1,0,0.000312213895660518,-1.0584136944965696e-18,0.0,0.0,,2,False,False,True,0
100000005205745100,terminal,0.8,29,0.0023,"depth=2 < 4 and no outgoing: money arrives and stays; in=6,000 KZT over 1 transfers from 1 payer",1,0,6000.0,0.0,1,0,0.00031226140044596435,2.3525062200155936e-07,0.0,0.0,,2,False,False,True,0
100000004356593100,abstained_single_observation,0.0,24,0.004,"abstained on a single observation: in_tx=1, out_tx=1, fewer than 3 transfers is not a stable ratio",1,1,50000.0,10000.0,1,1,0.0002934516692650865,0.0001421681959280047,-2.347623865126829e-19,0.2,7.0,2,False,False,False,0
100000008688881100,terminal,0.8,46,0.0028,"depth=2 < 4 and no outgoing: money arrives and stays; in=44,211 KZT over 1 transfers from 1 payer",1,0,44211.0,0.0,1,0,0.00030058499935622067,-3.878785572730466e-18,0.0,0.0,,2,False,False,True,1
100000008111003100,peripheral,0.4,47,0.0201,"no rule threshold met: in_deg=6, out_deg=1, in=222,716, out=35,000 KZT",6,1,222716.0,35000.0,9,1,0.0004696217007352448,0.00031517921467785575,-2.347623865126829e-19,0.15715081089818422,8.0,2,False,False,False,0
100000003016773100,terminal,0.8,66,0.0031,"depth=2 < 4 and no outgoing: money arrives and stays; in=46,555 KZT over 1 transfers from 1 payer",1,0,46555.0,0.0,1,0,0.0003147956646990744,2.2952506535720576e-06,0.0,0.0,,2,False,False,True,0
100000004674799100,terminal,0.8,47,0.0116,"depth=2 < 4 and no outgoing: money arrives and stays; in=140,000 KZT over 5 transfers from 1 payer",1,0,140000.0,0.0,5,0,0.000790673193306168,8.651368695697e-05,0.0,0.0,,2,False,False,True,0
100000005834479100,peripheral,0.4,82,0.0032,"no rule threshold met: in_deg=1, out_deg=2, in=7,500, out=14,470 KZT",1,2,7500.0,14470.0,1,2,0.00028675165047445963,0.0001421681959280047,0.0027141375488980417,1.9293333333333333,-4.0,2,False,False,False,0
100000003278020100,terminal,0.8,47,0.0058,"depth=2 < 4 and no outgoing: money arrives and stays; in=190,000 KZT over 1 transfers from 1 payer",1,0,190000.0,0.0,1,0,0.00032455129303952463,3.129115642084517e-05,0.0,0.0,,2,False,False,True,0
100000000831684100,peripheral,0.4,43,0.0232,"no rule threshold met: in_deg=1, out_deg=1, in=15,000, out=50,000 KZT",1,1,15000.0,50000.0,2,3,0.0018906089223340327,-5.515702773971273e-19,4.3332027531499e-06,3.3333333333333335,-9.0,2,False,False,False,0
100000000307908100,terminal,0.8,21,0.0021,"depth=2 < 4 and no outgoing: money arrives and stays; in=5,000 KZT over 1 transfers from 1 payer",1,0,5000.0,0.0,1,0,0.0002964337747494588,-2.321586772968657e-18,0.0,0.0,,2,False,False,True,7
100000001782980100,peripheral,0.4,25,0.0038,"no rule threshold met: in_deg=1, out_deg=1, in=50,000, out=596,200 KZT",1,1,50000.0,596200.0,1,3,0.00037028315078489494,-1.5569893857636381e-18,-2.347623865126829e-19,11.924,10.0,2,False,False,False,3
100000002454724100,terminal,0.8,62,0.0042,"depth=2 < 4 and no outgoing: money arrives and stays; in=125,000 KZT over 3 transfers from 1 payer",1,0,125000.0,0.0,3,0,0.00030118599844023564,3.8766879521675266e-07,0.0,0.0,,2,False,False,True,0
100000005904580100,terminal,0.8,43,0.0081,"depth=2 < 4 and no outgoing: money arrives and stays; in=72,000 KZT over 2 transfers from 2 payers",2,0,72000.0,0.0,2,0,0.0005227099859368683,6.845419898230103e-06,0.0,0.0,,2,False,False,True,0
100000008474308100,peripheral,0.4,43,0.0042,"no rule threshold met: in_deg=1, out_deg=1, in=14,000, out=10,000 KZT",1,1,14000.0,10000.0,2,1,0.00044502203600991423,4.4756344502891925e-06,0.0009231328385008316,0.7142857142857143,-5.0,2,False,False,False,0
100000000795033100,terminal,0.8,47,0.0054,"depth=2 < 4 and no outgoing: money arrives and stays; in=18,200 KZT over 1 transfers from 1 payer",1,0,18200.0,0.0,1,0,0.0005330176535576364,-5.515702773971273e-19,0.0,0.0,,2,False,False,True,0
100000000861294100,terminal,0.8,29,0.005,"depth=2 < 4 and no outgoing: money arrives and stays; in=150,000 KZT over 1 transfers from 1 payer",1,0,150000.0,0.0,1,0,0.0003139989095463333,2.872141297084127e-05,0.0,0.0,,2,False,False,True,0
100000006557763100,terminal,0.8,24,0.0029,"depth=2 < 4 and no outgoing: money arrives and stays; in=10,000 KZT over 1 transfers from 1 payer",1,0,10000.0,0.0,1,0,0.00034717518817528457,-1.0584136944965696e-18,0.0,0.0,,2,False,False,True,0
100000005608515100,terminal,0.8,29,0.003,"depth=2 < 4 and no outgoing: money arrives and stays; in=64,000 KZT over 4 transfers from 1 payer",1,0,64000.0,0.0,4,0,0.0002931596353300159,-1.5569893857636381e-18,0.0,0.0,,2,False,False,True,0
100000003922499100,terminal,0.8,43,0.006,"depth=2 < 4 and no outgoing: money arrives and stays; in=50,000 KZT over 1 transfers from 1 payer",1,0,50000.0,0.0,1,0,0.0005352399237782638,-5.515702773971273e-19,0.0,0.0,,2,False,False,True,0
100000008603629100,distributor,0.7,82,0.3291,"out_deg=61 receivers, out=4,986,156 KZT over 74 transfers",19,61,1817300.0,4986156.0,45,74,0.0011918072731347809,0.0024573947082203724,0.08609235667130424,2.7437165025037142,1.0,2,False,False,False,0
100000004825069100,terminal,0.8,46,0.0025,"depth=2 < 4 and no outgoing: money arrives and stays; in=30,000 KZT over 4 transfers from 1 payer",1,0,30000.0,0.0,4,0,0.000295758413535286,-3.878785572730466e-18,0.0,0.0,,2,False,False,True,1
100000004331458100,terminal,0.8,56,0.0215,"depth=2 < 4 and no outgoing: money arrives and stays; in=250,000 KZT over 2 transfers from 2 payers",2,0,250000.0,0.0,2,0,0.0013234381164598658,-1.5311835079090476e-18,0.0,0.0,,2,False,False,True,6
100000002911170100,terminal,0.8,62,0.0074,"depth=2 < 4 and no outgoing: money arrives and stays; in=300,000 KZT over 2 transfers from 1 payer",1,0,300000.0,0.0,2,0,0.00032304938435235924,3.8766879521675266e-07,0.0,0.0,,2,False,False,True,0
100000008011159100,peripheral,0.4,68,0.0156,"no rule threshold met: in_deg=3, out_deg=5, in=363,000, out=153,037 KZT",3,5,363000.0,153037.0,6,5,0.0004861091667224914,0.0001497849956417853,0.0013030933547139153,0.4215895316804408,10.0,2,False,False,False,0
100000003854444100,peripheral,0.4,57,0.0078,"no rule threshold met: in_deg=1, out_deg=14, in=210,000, out=2,322,909 KZT",1,14,210000.0,2322909.0,4,14,0.0004667616271471915,-2.034076640383946e-18,0.004533216152141424,11.061471428571428,-2.0,2,False,False,False,0
100000008547948100,distributor,0.7,80,0.0557,"out_deg=26 receivers, out=5,185,600 KZT over 31 transfers",6,26,212665.0,5185600.0,7,31,0.00042770372491676006,5.649427405725677e-06,0.00010550661103747275,24.383890155878966,0.0,2,False,False,False,0
100000005175148100,peripheral,0.4,53,0.0108,"no rule threshold met: in_deg=2, out_deg=1, in=79,000, out=15,000 KZT",2,1,79000.0,15000.0,4,1,0.0007181459635567809,5.127733028741402e-06,0.00014314448232340368,0.189873417721519,1.0,2,False,False,False,0
100000002087788100,terminal,0.8,90,0.0084,"depth=2 < 4 and no outgoing: money arrives and stays; in=100,500 KZT over 1 transfers from 1 payer",1,0,100500.0,0.0,1,0,0.0006585724738436659,-5.515702773971273e-19,0.0,0.0,,2,False,False,True,0
100000004150593100,peripheral,0.4,20,0.0031,"no rule threshold met: in_deg=1, out_deg=11, in=57,000, out=871,165 KZT",1,11,57000.0,871165.0,2,16,0.0003066265725556516,2.6036449179581198e-06,0.002820884963480364,15.28359649122807,0.0,2,False,False,False,0
100000001597505100,abstained_single_observation,0.0,81,0.0027,"abstained on a single observation: in_tx=1, out_tx=1, fewer than 3 transfers is not a stable ratio",1,1,26460.0,12920.0,1,1,0.00031475890283167536,-3.4421239331451193e-18,2.1523423766216742e-05,0.48828420256991684,-24.0,2,False,False,False,0
100000007629121100,terminal,0.8,24,0.0038,"depth=2 < 4 and no outgoing: money arrives and stays; in=29,000 KZT over 1 transfers from 1 payer",1,0,29000.0,0.0,1,0,0.00039603609156140733,-1.5569893857636381e-18,0.0,0.0,,2,False,False,True,0
100000005614315100,terminal,0.8,20,0.0133,"depth=2 < 4 and no outgoing: money arrives and stays; in=455,000 KZT over 1 transfers from 1 payer",1,0,455000.0,0.0,1,0,0.0005750924282981921,-5.515702773971273e-19,0.0,0.0,,2,False,False,True,0
100000008324800100,transit,0.7,71,0.2047,"pass_through=0.97: in=526,500, out=511,000 KZT, dwell=0d",3,1,526500.0,511000.0,17,13,0.0018517826355651432,0.0031069866791250253,-2.347623865126829e-19,0.9705603038936372,0.0,2,False,False,False,0
100000005030592100,terminal,0.8,53,0.0024,"depth=2 < 4 and no outgoing: money arrives and stays; in=10,000 KZT over 1 transfers from 1 payer",1,0,10000.0,0.0,1,0,0.0002887507034719386,3.567634960949481e-05,0.0,0.0,,2,False,False,True,0
100000001633685100,terminal,0.8,47,0.0078,"depth=2 < 4 and no outgoing: money arrives and stays; in=45,000 KZT over 3 transfers from 3 payers",3,0,45000.0,0.0,3,0,0.0003061866332400327,0.00013688515143922209,0.0,0.0,,2,False,False,True,0
100000001848426100,terminal,0.8,29,0.0039,"depth=2 < 4 and no outgoing: money arrives and stays; in=95,530 KZT over 1 transfers from 1 payer",1,0,95530.0,0.0,1,0,0.00030367516856651344,2.872141297084127e-05,0.0,0.0,,2,False,False,True,0
100000004580202100,peripheral,0.4,44,0.0025,"no rule threshold met: in_deg=1, out_deg=3, in=9,000, out=45,000 KZT",1,3,9000.0,45000.0,1,4,0.00032162328322811484,5.1757803942053374e-08,-1.98808325405983e-18,5.0,-12.0,2,False,False,False,0
100000008717375100,terminal,0.8,24,0.0026,"depth=2 < 4 and no outgoing: money arrives and stays; in=29,506 KZT over 1 transfers from 1 payer",1,0,29506.0,0.0,1,0,0.00030177496912352865,-3.8178954906251595e-18,0.0,0.0,,2,False,False,True,0
100000007861311100,terminal,0.8,29,0.0036,"depth=2 < 4 and no outgoing: money arrives and stays; in=45,000 KZT over 1 transfers from 1 payer",1,0,45000.0,0.0,1,0,0.0003585524623513066,-3.410842358276672e-18,0.0,0.0,,2,False,False,True,0
100000005578559100,distributor,0.7,49,0.0245,"out_deg=21 receivers, out=893,164 KZT over 23 transfers",2,21,131000.0,893163.6699999999,2,23,0.00039101511323013396,2.141000929535548e-06,3.437993032278129e-05,6.818043282442748,-5.0,2,False,False,False,0
100000008764436100,terminal,0.8,46,0.0022,"depth=2 < 4 and no outgoing: money arrives and stays; in=13,100 KZT over 1 transfers from 1 payer",1,0,13100.0,0.0,1,0,0.00029001854298614835,-3.878785572730466e-18,0.0,0.0,,2,False,False,True,1
100000000190228100,abstained_single_observation,0.0,80,0.0059,"abstained on a single observation: in_tx=1, out_tx=1, fewer than 3 transfers is not a stable ratio",1,1,5000.0,28560.0,1,1,0.0005820068181865632,-5.515702773971273e-19,-2.347623865126829e-19,5.712,-7.0,2,False,False,False,0
100000003971049100,terminal,0.8,47,0.0034,"depth=2 < 4 and no outgoing: money arrives and stays; in=55,900 KZT over 7 transfers from 1 payer",1,0,55900.0,0.0,7,0,0.00029426514402485806,5.172134333213596e-05,0.0,0.0,,2,False,False,True,0
100000008743913100,peripheral,0.4,59,0.0087,"no rule threshold met: in_deg=3, out_deg=13, in=149,300, out=1,850,600 KZT",3,13,149300.0,1850600.0,3,13,0.00033210781237653675,2.284513845742002e-06,1.909819156171084e-05,12.395177494976558,4.0,2,False,False,False,0
100000004400361100,terminal,0.8,20,0.0021,"depth=2 < 4 and no outgoing: money arrives and stays; in=10,000 KZT over 1 transfers from 1 payer",1,0,10000.0,0.0,1,0,0.0002872256288669917,4.040756032113254e-06,0.0,0.0,,2,False,False,True,0
100000002175422100,peripheral,0.4,60,0.0141,"no rule threshold met: in_deg=3, out_deg=6, in=68,500, out=1,621,188 KZT",3,6,68500.0,1621188.0,5,14,0.0008458861317816005,-2.5998030829159294e-18,0.0025474199545485413,23.66697810218978,-15.0,2,False,False,False,0
100000004544958100,peripheral,0.4,33,0.0169,"no rule threshold met: in_deg=1, out_deg=2, in=168,000, out=23,200 KZT",1,2,168000.0,23200.0,3,2,0.001214607508891013,-5.515702773971273e-19,5.310916274984355e-05,0.1380952380952381,4.0,2,False,False,False,0
100000008466579100,peripheral,0.4,66,0.0053,"no rule threshold met: in_deg=2, out_deg=17, in=36,952, out=1,933,000 KZT",2,17,36952.0,1933000.0,2,20,0.0003534138885849347,5.411371744622767e-07,9.925306275525983e-05,52.31110630006495,-6.0,2,False,False,False,0
100000001184915100,terminal,0.8,53,0.0064,"depth=2 < 4 and no outgoing: money arrives and stays; in=201,000 KZT over 2 transfers from 1 payer",1,0,201000.0,0.0,2,0,0.0003495156202357229,3.567634960949481e-05,0.0,0.0,,2,False,False,True,0
100000004435304100,terminal,0.8,46,0.0024,"depth=2 < 4 and no outgoing: money arrives and stays; in=26,200 KZT over 1 transfers from 1 payer",1,0,26200.0,0.0,1,0,0.0002944677917550065,-3.878785572730466e-18,0.0,0.0,,2,False,False,True,1
100000008762728100,terminal,0.8,20,0.0026,"depth=2 < 4 and no outgoing: money arrives and stays; in=17,026 KZT over 1 transfers from 1 payer",1,0,17026.0,0.0,1,0,0.00031770106594377587,1.790784773457608e-06,0.0,0.0,,2,False,False,True,0
100000004285800100,abstained_single_observation,0.0,47,0.0027,"abstained on a single observation: in_tx=1, out_tx=1, fewer than 3 transfers is not a stable ratio",1,1,5000.0,15000.0,1,1,0.0003442181347832994,-1.0499656032901273e-18,-6.74231101406452e-19,3.0,-13.0,2,False,False,False,0
100000008557672100,terminal,0.8,46,0.0029,"depth=2 < 4 and no outgoing: money arrives and stays; in=49,125 KZT over 1 transfers from 1 payer",1,0,49125.0,0.0,1,0,0.0003022539771005084,-3.878785572730466e-18,0.0,0.0,,2,False,False,True,1
100000005142589100,terminal,0.8,47,0.0035,"depth=2 < 4 and no outgoing: money arrives and stays; in=50,000 KZT over 2 transfers from 1 payer",1,0,50000.0,0.0,2,0,0.0003103697710860747,5.346851838799619e-05,0.0,0.0,,2,False,False,True,0
100000003747133100,transit,0.7,86,0.0628,"pass_through=1.05: in=237,068, out=250,000 KZT, dwell=6d",5,2,237068.0,250000.0,8,2,0.00037807073413400786,0.0005056699278660141,-9.009757596449287e-19,1.0545497494389795,6.0,2,False,False,False,0
100000003289405100,terminal,0.8,24,0.009,"depth=2 < 4 and no outgoing: money arrives and stays; in=355,000 KZT over 1 transfers from 1 payer",1,0,355000.0,0.0,1,0,0.0003390046672361447,6.211858333422742e-05,0.0,0.0,,2,False,False,True,0
100000002691858100,terminal,0.8,81,0.0035,"depth=2 < 4 and no outgoing: money arrives and stays; in=51,500 KZT over 1 transfers from 1 payer",1,0,51500.0,0.0,1,0,0.00034238202451361815,-3.4421239331451193e-18,0.0,0.0,,2,False,False,True,0
100000007534354100,peripheral,0.4,33,0.0029,"no rule threshold met: in_deg=1, out_deg=3, in=50,000, out=147,810 KZT",1,3,50000.0,147810.0,1,3,0.00030354781418186395,4.0882453970007735e-08,1.3217133728699584e-05,2.9562,-8.0,2,False,False,False,0
100000000765628100,terminal,0.8,20,0.0024,"depth=2 < 4 and no outgoing: money arrives and stays; in=5,000 KZT over 1 transfers from 1 payer",1,0,5000.0,0.0,1,0,0.00031542416946217386,2.475049098033685e-06,0.0,0.0,,2,False,False,True,0
100000004962193100,terminal,0.8,47,0.0391,"depth=2 < 4 and no outgoing: money arrives and stays; in=900,468 KZT over 11 transfers from 8 payers",8,0,900468.0,0.0,11,0,0.00065731504427257,0.0004994172486565707,0.0,0.0,,2,False,False,True,0
100000005032294100,terminal,0.8,45,0.0034,"depth=2 < 4 and no outgoing: money arrives and stays; in=10,000 KZT over 1 transfers from 1 payer",1,0,10000.0,0.0,1,0,0.0003923872798230175,-2.034076640383946e-18,0.0,0.0,,2,False,False,True,0
100000001251686100,terminal,0.8,24,0.0035,"depth=2 < 4 and no outgoing: money arrives and stays; in=18,000 KZT over 1 transfers from 1 payer",1,0,18000.0,0.0,1,0,0.00029656884239999225,0.000142767296944784,0.0,0.0,,2,False,False,True,0
100000002398779100,consolidator,0.7,47,0.2165,"in_deg=13 payers, in=1,095,690 KZT, pass_through=0.06",13,1,1095690.0,66000.0,28,3,0.0016005031258790204,0.0005927895202450242,3.9346171938758525e-05,0.06023601566136407,2.0,2,False,False,False,0
100000008512827100,peripheral,0.4,54,0.0081,"no rule threshold met: in_deg=3, out_deg=10, in=107,949, out=1,944,500 KZT",3,10,107949.0,1944500.0,3,10,0.0003352561979240567,3.9118073198593755e-07,0.00014596924408968802,18.01313583266172,4.0,2,False,False,False,0
100000003943483100,terminal,0.8,43,0.0026,"depth=2 < 4 and no outgoing: money arrives and stays; in=10,000 KZT over 1 transfers from 1 payer",1,0,10000.0,0.0,1,0,0.00032896498623384866,-1.0584136944965696e-18,0.0,0.0,,2,False,False,True,0
100000005031696100,peripheral,0.4,63,0.0053,"no rule threshold met: in_deg=1, out_deg=2, in=5,000, out=115,000 KZT",1,2,5000.0,115000.0,1,3,0.0005397118809391441,-5.515702773971273e-19,-9.009757596449287e-19,23.0,2.0,2,False,False,False,0
100000002703376100,terminal,0.8,47,0.0032,"depth=2 < 4 and no outgoing: money arrives and stays; in=46,501 KZT over 1 transfers from 1 payer",1,0,46501.0,0.0,1,0,0.0002928030278827949,5.172134333213596e-05,0.0,0.0,,2,False,False,True,0
100000003617552100,terminal,0.8,25,0.0058,"depth=2 < 4 and no outgoing: money arrives and stays; in=25,000 KZT over 1 transfers from 1 payer",1,0,25000.0,0.0,1,0,0.0005510452542740746,-5.515702773971273e-19,0.0,0.0,,2,False,False,True,3
100000007617808100,terminal,0.8,20,0.0104,"depth=2 < 4 and no outgoing: money arrives and stays; in=450,000 KZT over 1 transfers from 1 payer",1,0,450000.0,0.0,1,0,0.0003601043534538573,4.040756032113254e-06,0.0,0.0,,2,False,False,True,0
100000002613776100,terminal,0.8,24,0.0039,"depth=2 < 4 and no outgoing: money arrives and stays; in=30,000 KZT over 2 transfers from 1 payer",1,0,30000.0,0.0,2,0,0.0003014863033266457,0.00015948068360919801,0.0,0.0,,2,False,False,True,0
100000002578405100,distributor,0.7,46,0.0916,"out_deg=116 receivers, out=3,108,352 KZT over 120 transfers",2,116,1200351.0,3108352.0,7,120,0.0005700071256448117,-3.987920111651583e-18,-1.6901994267983779e-15,2.589535894084314,-7.0,2,False,False,False,1
100000006161893100,terminal,0.8,20,0.0053,"depth=2 < 4 and no outgoing: money arrives and stays; in=14,000 KZT over 1 transfers from 1 payer",1,0,14000.0,0.0,1,0,0.0005318535188146666,-5.515702773971273e-19,0.0,0.0,,2,False,False,True,0
100000002633701100,terminal,0.8,80,0.0067,"depth=2 < 4 and no outgoing: money arrives and stays; in=266,850 KZT over 1 transfers from 1 payer",1,0,266850.0,0.0,1,0,0.0003106797854015696,5.012796367314138e-07,0.0,0.0,,2,False,False,True,0
100000002432143100,terminal,0.8,24,0.0051,"depth=2 < 4 and no outgoing: money arrives and stays; in=81,310 KZT over 1 transfers from 1 payer",1,0,81310.0,0.0,1,0,0.00033525669770259576,0.000142767296944784,0.0,0.0,,2,False,False,True,0
100000000490383100,peripheral,0.4,20,0.0101,"no rule threshold met: in_deg=3, out_deg=8, in=62,600, out=461,375 KZT",3,8,62600.0,461375.0,3,9,0.0005480373500605425,2.813962388076381e-06,0.0013133307536284567,7.37020766773163,-4.0,2,False,False,False,0
100000005809252100,terminal,0.8,90,0.006,"depth=2 < 4 and no outgoing: money arrives and stays; in=25,000 KZT over 1 transfers from 1 payer",1,0,25000.0,0.0,1,0,0.0005671286342298138,-5.515702773971273e-19,0.0,0.0,,2,False,False,True,0
100000006612238100,abstained_single_observation,0.0,46,0.0053,"abstained on a single observation: in_tx=1, out_tx=1, fewer than 3 transfers is not a stable ratio",1,1,160000.0,25000.0,1,1,0.00033991126391326795,-3.878785572730466e-18,-1.784925862759203e-17,0.15625,0.0,2,False,False,False,1
100000002593038100,terminal,0.8,43,0.0072,"depth=2 < 4 and no outgoing: money arrives and stays; in=28,500 KZT over 1 transfers from 1 payer",1,0,28500.0,0.0,1,0,0.000658612414499517,-1.5711443432498958e-18,0.0,0.0,,2,False,False,True,0
100000002947299100,terminal,0.8,24,0.0052,"depth=2 < 4 and no outgoing: money arrives and stays; in=85,000 KZT over 1 transfers from 1 payer",1,0,85000.0,0.0,1,0,0.0003375116050800497,0.000142767296944784,0.0,0.0,,2,False,False,True,0
100000004336312100,transit,0.7,87,0.0417,"pass_through=0.80: in=90,415, out=72,650 KZT, dwell=18d",3,2,90415.0,72650.0,7,3,0.0006960070275624496,1.5169080539323418e-07,7.688217941524823e-06,0.8035171155228668,18.0,2,False,False,False,0
100000001308856100,terminal,0.8,46,0.0024,"depth=2 < 4 and no outgoing: money arrives and stays; in=27,000 KZT over 1 transfers from 1 payer",1,0,27000.0,0.0,1,0,0.0002947395016034864,-3.878785572730466e-18,0.0,0.0,,2,False,False,True,1
100000008238989100,terminal,0.8,44,0.0065,"depth=2 < 4 and no outgoing: money arrives and stays; in=200,000 KZT over 2 transfers from 1 payer",1,0,200000.0,0.0,2,0,0.0003232476510835702,9.190763811915134e-05,0.0,0.0,,2,False,False,True,0
100000005561741100,terminal,0.8,49,0.0029,"depth=2 < 4 and no outgoing: money arrives and stays; in=25,000 KZT over 1 transfers from 1 payer",1,0,25000.0,0.0,1,0,0.0003298457193194186,-2.034076640383946e-18,0.0,0.0,,2,False,False,True,0
100000006248077100,terminal,0.8,20,0.0029,"depth=2 < 4 and no outgoing: money arrives and stays; in=50,000 KZT over 1 transfers from 1 payer",1,0,50000.0,0.0,1,0,0.00029385096746579765,4.040756032113254e-06,0.0,0.0,,2,False,False,True,0
100000000646541100,terminal,0.8,47,0.0093,"depth=2 < 4 and no outgoing: money arrives and stays; in=25,300 KZT over 4 transfers from 3 payers",3,0,25300.0,0.0,4,0,0.0005058630830440042,4.577580458139048e-05,0.0,0.0,,2,False,False,True,0
100000006595426100,terminal,0.8,47,0.0044,"depth=2 < 4 and no outgoing: money arrives and stays; in=84,800 KZT over 3 transfers from 1 payer",1,0,84800.0,0.0,3,0,0.000334319780409647,5.310185279970136e-05,0.0,0.0,,2,False,False,True,0
100000002956898100,terminal,0.8,53,0.0105,"depth=2 < 4 and no outgoing: money arrives and stays; in=290,240 KZT over 2 transfers from 2 payers",2,0,290240.0,0.0,2,0,0.0003768413148122,8.824618613831622e-05,0.0,0.0,,2,False,False,True,0
100000001262647100,terminal,0.8,53,0.0025,"depth=2 < 4 and no outgoing: money arrives and stays; in=23,650 KZT over 1 transfers from 1 payer",1,0,23650.0,0.0,1,0,0.000303391972492015,-2.034076640383946e-18,0.0,0.0,,2,False,False,True,0
100000005849100100,terminal,0.8,24,0.0051,"depth=2 < 4 and no outgoing: money arrives and stays; in=33,300 KZT over 1 transfers from 1 payer",1,0,33300.0,0.0,1,0,0.0004907169210974114,-1.0584136944965696e-18,0.0,0.0,,2,False,False,True,0
100000000533217100,terminal,0.8,47,0.0076,"depth=2 < 4 and no outgoing: money arrives and stays; in=53,587 KZT over 1 transfers from 1 payer",1,0,53587.0,0.0,1,0,0.0006536029907362576,-1.0584136944965696e-18,0.0,0.0,,2,False,False,True,0
100000002812641100,abstained_single_observation,0.0,80,0.0254,"abstained on a single observation: in_tx=1, out_tx=1, fewer than 3 transfers is not a stable ratio",1,1,10000.0,7023.95,1,1,0.002063853851346023,-5.515702773971273e-19,1.3080306673227765e-05,0.702395,1.0,2,False,False,False,0
100000008647905100,peripheral,0.4,57,0.0033,"no rule threshold met: in_deg=1, out_deg=2, in=50,000, out=344,222 KZT",1,2,50000.0,344222.0,1,2,0.00032871032586726667,-2.034076640383946e-18,-9.009757596449287e-19,6.88444,1.0,2,False,False,False,0
100000002842337100,terminal,0.8,29,0.0038,"depth=2 < 4 and no outgoing: money arrives and stays; in=50,000 KZT over 1 transfers from 1 payer",1,0,50000.0,0.0,1,0,0.0003666617032550862,-3.410842358276672e-18,0.0,0.0,,2,False,False,True,0
100000002445750100,abstained_single_observation,0.0,47,0.0063,"abstained on a single observation: in_tx=1, out_tx=1, fewer than 3 transfers is not a stable ratio",1,1,70000.0,10000.0,1,1,0.0005372906870343836,-5.515702773971273e-19,-2.347623865126829e-19,0.14285714285714285,-4.0,2,False,False,False,0
100000005619339100,transit,0.7,20,0.0081,"pass-through 1.09 from a single transfer each way, so the ratio is one observation rather than a rate: in=5,000, out=5,443 KZT, dwell=-18d",1,1,5000.0,5442.6,1,1,0.00032082585348585106,2.0522623255380442e-07,2.314455912990984e-06,1.0885200000000002,-18.0,2,False,False,False,0
100000006844768100,peripheral,0.4,47,0.0208,"no rule threshold met: in_deg=1, out_deg=2, in=282,000, out=188,000 KZT",1,2,282000.0,188000.0,5,5,0.0013707774167538995,-1.0584136944965696e-18,0.004440547123872044,0.6666666666666666,3.0,2,False,False,False,0
100000002488629100,terminal,0.8,29,0.0035,"depth=2 < 4 and no outgoing: money arrives and stays; in=73,050 KZT over 1 transfers from 1 payer",1,0,73050.0,0.0,1,0,0.0002994145168825342,2.872141297084127e-05,0.0,0.0,,2,False,False,True,0
100000002796853100,peripheral,0.4,26,0.0292,"no rule threshold met: in_deg=1, out_deg=1, in=199,000, out=46,168 KZT",1,1,199000.0,46167.62,8,5,0.0021135984327106993,4.949572591594116e-08,-4.504878798224643e-19,0.23199809045226133,0.0,2,False,False,False,0
100000006755850100,terminal,0.8,90,0.014,"depth=2 < 4 and no outgoing: money arrives and stays; in=443,476 KZT over 3 transfers from 1 payer",1,0,443475.8,0.0,3,0,0.0006492085817124307,-5.515702773971273e-19,0.0,0.0,,2,False,False,True,0
100000008733194100,coordinator,0.5,55,0.0618,"both sides active: in_deg=4, out_deg=8, in=251,424, out=159,695 KZT",4,8,251424.0,159695.0,4,8,0.0004707255944091275,0.0005194386137504572,2.285877000409077e-06,0.6351621165839378,0.0,2,False,False,False,0
100000001904863100,terminal,0.8,45,0.0128,"depth=2 < 4 and no outgoing: money arrives and stays; in=500,000 KZT over 1 transfers from 1 payer",1,0,500000.0,0.0,1,0,0.000481798477077748,4.34391155813172e-09,0.0,0.0,,2,False,False,True,0
100000001641951100,terminal,0.8,24,0.0027,"depth=2 < 4 and no outgoing: money arrives and stays; in=25,000 KZT over 4 transfers from 1 payer",1,0,25000.0,0.0,4,0,0.00031906388743239267,-2.999147294007146e-18,0.0,0.0,,2,False,False,True,0
100000004816564100,abstained_single_observation,0.0,53,0.0081,"abstained on a single observation: in_tx=1, out_tx=1, fewer than 3 transfers is not a stable ratio",1,1,285480.0,5000.0,1,1,0.00037639216561899256,3.567634960949481e-05,-2.347623865126829e-19,0.01751436177665686,1.0,2,False,False,False,0
100000002205022100,peripheral,0.4,35,0.0054,"no rule threshold met: in_deg=1, out_deg=3, in=7,100, out=518,000 KZT",1,3,7100.0,518000.0,1,3,0.0005456370301467006,-5.515702773971273e-19,1.7617716418570825e-06,72.95774647887323,-3.0,2,False,False,False,0
100000002267998100,peripheral,0.4,44,0.0278,"no rule threshold met: in_deg=2, out_deg=3, in=420,000, out=1,115,000 KZT",2,3,420000.0,1115000.0,4,12,0.0015848317238056743,3.2496315001558677e-06,0.00017021410733813452,2.6547619047619047,-7.0,2,False,False,False,0
100000002199091100,terminal,0.8,46,0.0032,"depth=2 < 4 and no outgoing: money arrives and stays; in=65,000 KZT over 1 transfers from 1 payer",1,0,65000.0,0.0,1,0,0.0003076457194062812,-3.878785572730466e-18,0.0,0.0,,2,False,False,True,1
100000008571443100,terminal,0.8,55,0.0079,"depth=2 < 4 and no outgoing: money arrives and stays; in=65,000 KZT over 2 transfers from 2 payers",2,0,65000.0,0.0,2,0,0.00031474857317144846,0.00031256194059277467,0.0,0.0,,2,False,False,True,0
100000002742067100,terminal,0.8,53,0.0024,"depth=2 < 4 and no outgoing: money arrives and stays; in=12,730 KZT over 1 transfers from 1 payer",1,0,12730.0,0.0,1,0,0.0002896192281984576,3.567634960949481e-05,0.0,0.0,,2,False,False,True,0
100000003292979100,terminal,0.8,24,0.0033,"depth=2 < 4 and no outgoing: money arrives and stays; in=48,950 KZT over 1 transfers from 1 payer",1,0,48950.0,0.0,1,0,0.0003303145122730726,9.977809550658802e-07,0.0,0.0,,2,False,False,True,0
100000002558173100,terminal,0.8,81,0.0022,"depth=2 < 4 and no outgoing: money arrives and stays; in=9,300 KZT over 1 transfers from 1 payer",1,0,9300.0,0.0,1,0,0.0002958286804649766,-3.4421239331451193e-18,0.0,0.0,,2,False,False,True,0
100000004687282100,terminal,0.8,20,0.0028,"depth=2 < 4 and no outgoing: money arrives and stays; in=20,000 KZT over 1 transfers from 1 payer",1,0,20000.0,0.0,1,0,0.000332271768914904,-2.4880253431252885e-18,0.0,0.0,,2,False,False,True,0
100000003034546100,terminal,0.8,80,0.0106,"depth=2 < 4 and no outgoing: money arrives and stays; in=486,715 KZT over 2 transfers from 1 payer",1,0,486715.0,0.0,2,0,0.0003313690046042362,5.012796367314138e-07,0.0,0.0,,2,False,False,True,0
100000003798151100,terminal,0.8,20,0.0115,"depth=2 < 4 and no outgoing: money arrives and stays; in=350,000 KZT over 3 transfers from 1 payer",1,0,350000.0,0.0,3,0,0.0005753929174195429,-5.515702773971273e-19,0.0,0.0,,2,False,False,True,0
100000008710791100,distributor,0.7,80,0.031,"out_deg=23 receivers, out=5,521,511 KZT over 25 transfers",3,23,181510.0,5521511.0,3,25,0.0003342621960762564,1.664150305997024e-06,0.00017282380772348148,30.41987218335078,5.0,2,False,False,False,0
100000008688476100,terminal,0.8,46,0.0024,"depth=2 < 4 and no outgoing: money arrives and stays; in=24,000 KZT over 1 transfers from 1 payer",1,0,24000.0,0.0,1,0,0.0002937205896716869,-3.878785572730466e-18,0.0,0.0,,2,False,False,True,1
100000003242289100,distributor,0.7,36,0.0615,"out_deg=23 receivers, out=2,377,741 KZT over 26 transfers",3,23,550791.0,2377741.0,8,26,0.0004397217042853956,0.00019201281613349247,0.012521217291712673,4.316956885642648,-1.0,2,False,False,False,0
100000006564102100,terminal,0.8,24,0.0088,"depth=2 < 4 and no outgoing: money arrives and stays; in=233,235 KZT over 1 transfers from 1 payer",1,0,233235.0,0.0,1,0,0.00042809593979465147,0.000142767296944784,0.0,0.0,,2,False,False,True,0
100000001526235100,peripheral,0.4,64,0.0148,"no rule threshold met: in_deg=3, out_deg=8, in=82,000, out=432,750 KZT",3,8,82000.0,432750.0,4,9,0.0008778562267377667,2.0990114374825157e-08,0.00013418598934805893,5.277439024390244,1.0,2,False,False,False,0
100000004398811100,peripheral,0.4,24,0.0103,"no rule threshold met: in_deg=1, out_deg=3, in=426,000, out=1,040,672 KZT",1,3,426000.0,1040672.0,1,4,0.0003496917418399157,6.211858333422742e-05,0.00020283123402591914,2.4428920187793426,-14.0,2,False,False,False,0
100000002957787100,distributor,0.7,47,0.0495,"out_deg=34 receivers, out=1,276,154 KZT over 41 transfers",4,34,84956.0,1276153.96,7,41,0.0006138323786231593,0.00019153825633921317,0.03449333722121696,15.02135175855737,0.0,2,False,False,False,0
100000002621915100,terminal,0.8,20,0.0052,"depth=2 < 4 and no outgoing: money arrives and stays; in=5,000 KZT over 1 transfers from 1 payer",1,0,5000.0,0.0,1,0,0.0005320392011730527,-5.515702773971273e-19,0.0,0.0,,2,False,False,True,0
100000008283183100,terminal,0.8,46,0.0025,"depth=2 < 4 and no outgoing: money arrives and stays; in=29,000 KZT over 1 transfers from 1 payer",1,0,29000.0,0.0,1,0,0.0002954187762246862,-3.878785572730466e-18,0.0,0.0,,2,False,False,True,1
100000003843844100,abstained_single_observation,0.0,55,0.0044,"abstained on a single observation: in_tx=1, out_tx=1, fewer than 3 transfers is not a stable ratio",1,1,16680.0,238000.0,1,1,0.0002917438481336822,0.00025946008779307336,-2.347623865126829e-19,14.268585131894485,9.0,3,False,False,False,0
100000000954884100,terminal,0.8,88,0.0028,"depth=3 < 4 and no outgoing: money arrives and stays; in=34,000 KZT over 1 transfers from 1 payer",1,0,34000.0,0.0,1,0,0.00031150191855239246,-3.3613942345134943e-18,0.0,0.0,,3,False,False,True,0
100000005893892100,terminal,0.8,90,0.0287,"depth=3 < 4 and no outgoing: money arrives and stays; in=102,780 KZT over 1 transfers from 1 payer",1,0,102780.0,0.0,1,0,0.0002889003091286244,0.0029401740801701572,0.0,0.0,,3,False,False,True,0
100000001819396100,terminal,0.8,76,0.0052,"depth=3 < 4 and no outgoing: money arrives and stays; in=166,080 KZT over 1 transfers from 1 payer",1,0,166080.0,0.0,1,0,0.0003272175623678329,-3.8178954906251595e-18,0.0,0.0,,3,False,False,True,0
100000008472324100,terminal,0.8,90,0.0304,"depth=3 < 4 and no outgoing: money arrives and stays; in=205,200 KZT over 1 transfers from 1 payer",1,0,205200.0,0.0,1,0,0.000292219656737292,0.0029401740801701572,0.0,0.0,,3,False,False,True,0
100000002646745100,terminal,0.8,46,0.0021,"depth=3 < 4 and no outgoing: money arrives and stays; in=12,300 KZT over 1 transfers from 1 payer",1,0,12300.0,0.0,1,0,0.0002874890509012393,-3.4166596382477484e-17,0.0,0.0,,3,False,False,True,1
100000008405209100,terminal,0.8,36,0.0049,"depth=3 < 4 and no outgoing: money arrives and stays; in=54,400 KZT over 1 transfers from 1 payer",1,0,54400.0,0.0,1,0,0.0002941318023751846,0.00023334462577838773,0.0,0.0,,3,False,False,True,0
100000004417753100,terminal,0.8,24,0.0095,"depth=3 < 4 and no outgoing: money arrives and stays; in=192,099 KZT over 2 transfers from 2 payers",2,0,192099.0,0.0,2,0,0.0003931467756499757,0.00013358664355892538,0.0,0.0,,3,False,False,True,0
100000003457710100,peripheral,0.4,90,0.0325,"no rule threshold met: in_deg=1, out_deg=1, in=326,555, out=1,306,000 KZT",1,1,326555.0,1306000.0,1,2,0.0002961526720570524,0.0029401740801701572,-2.347623865126829e-19,3.999326300316945,0.0,3,False,False,False,0
100000007333038100,peripheral,0.4,54,0.0024,"no rule threshold met: in_deg=1, out_deg=2, in=17,500, out=34,994 KZT",1,2,17500.0,34994.0,1,2,0.00029968918055683826,4.112187374644856e-07,-9.009757596449287e-19,1.9996571428571428,-24.0,3,False,False,False,0
100000006444163100,terminal,0.8,47,0.0024,"depth=3 < 4 and no outgoing: money arrives and stays; in=6,026 KZT over 1 transfers from 1 payer",1,0,6026.0,0.0,1,0,0.00031891138227468983,2.3509417958786865e-06,0.0,0.0,,3,False,False,True,0
100000008706947100,terminal,0.8,46,0.0022,"depth=3 < 4 and no outgoing: money arrives and stays; in=17,200 KZT over 1 transfers from 1 payer",1,0,17200.0,0.0,1,0,0.00028825383201923533,-3.4166596382477484e-17,0.0,0.0,,3,False,False,True,1
100000008761219100,peripheral,0.4,61,0.0047,"no rule threshold met: in_deg=2, out_deg=2, in=50,000, out=375,000 KZT",2,2,50000.0,375000.0,2,2,0.0002928408331364549,2.98153058228956e-06,-1.5613442323671722e-18,7.5,1.0,3,False,False,False,0
100000005022552100,peripheral,0.4,20,0.0073,"no rule threshold met: in_deg=1, out_deg=1, in=241,000, out=5,000 KZT",1,1,241000.0,5000.0,3,1,0.0003577563937236867,5.2569836528821505e-05,2.255396049670192e-05,0.02074688796680498,15.0,3,False,False,False,0
100000008735832100,terminal,0.8,46,0.0022,"depth=3 < 4 and no outgoing: money arrives and stays; in=17,600 KZT over 1 transfers from 1 payer",1,0,17600.0,0.0,1,0,0.00028831626313090844,-3.4166596382477484e-17,0.0,0.0,,3,False,False,True,1
100000005661528100,terminal,0.8,82,0.0035,"depth=3 < 4 and no outgoing: money arrives and stays; in=25,000 KZT over 1 transfers from 1 payer",1,0,25000.0,0.0,1,0,0.0002910914967995314,0.00013028037772058027,0.0,0.0,,3,False,False,True,0
100000002529880100,terminal,0.8,66,0.0065,"depth=3 < 4 and no outgoing: money arrives and stays; in=147,000 KZT over 2 transfers from 2 payers",2,0,147000.0,0.0,2,0,0.000306133548519856,3.815888530848163e-06,0.0,0.0,,3,False,False,True,0
100000001969496100,terminal,0.8,45,0.0025,"depth=3 < 4 and no outgoing: money arrives and stays; in=22,740 KZT over 1 transfers from 1 payer",1,0,22740.0,0.0,1,0,0.0002919967925367134,2.441379038302993e-05,0.0,0.0,,3,False,False,True,0
100000003215448100,peripheral,0.4,82,0.0173,"no rule threshold met: in_deg=1, out_deg=2, in=91,309, out=124,000 KZT",1,2,91309.0,124000.0,1,4,0.0003041469318708125,0.0016044117981357546,-9.009757596449287e-19,1.3580260434349298,-16.0,3,False,False,False,0
100000006894637100,terminal,0.8,47,0.0125,"depth=3 < 4 and no outgoing: money arrives and stays; in=52,831 KZT over 1 transfers from 1 payer",1,0,52831.0,0.0,1,0,0.0002902544663373186,0.0011319384436486095,0.0,0.0,,3,False,False,True,0
100000002936322100,terminal,0.8,82,0.0323,"depth=3 < 4 and no outgoing: money arrives and stays; in=787,133 KZT over 2 transfers from 2 payers",2,0,787133.0,0.0,2,0,0.00036638128696323056,0.0016837722416694974,0.0,0.0,,3,False,False,True,0
100000005061890100,terminal,0.8,24,0.0066,"depth=3 < 4 and no outgoing: money arrives and stays; in=90,000 KZT over 1 transfers from 1 payer",1,0,90000.0,0.0,1,0,0.0005346252088600015,-5.515702773971273e-19,0.0,0.0,,3,False,False,True,0
100000004017410100,peripheral,0.4,87,0.0182,"no rule threshold met: in_deg=2, out_deg=5, in=193,650, out=1,330,915 KZT",2,5,193650.0,1330915.0,6,11,0.0011315419625793047,1.7769573949409533e-05,7.879293026395176e-06,6.872785954040795,-18.0,3,False,False,False,0
100000002983426100,terminal,0.8,49,0.0038,"depth=3 < 4 and no outgoing: money arrives and stays; in=88,945 KZT over 1 transfers from 1 payer",1,0,88945.0,0.0,1,0,0.00031870862226784333,6.407022407262363e-07,0.0,0.0,,3,False,False,True,0
100000005530114100,peripheral,0.4,36,0.0108,"no rule threshold met: in_deg=2, out_deg=1, in=136,970, out=25,000 KZT",2,1,136970.0,25000.0,2,1,0.0004948738015345277,0.00023791279696767158,0.0012614186087725285,0.1825217200846901,2.0,3,False,False,False,0
100000001169666100,peripheral,0.4,49,0.006,"no rule threshold met: in_deg=1, out_deg=1, in=220,000, out=24,000 KZT",1,1,220000.0,24000.0,2,1,0.0003195447456388576,5.689711791595825e-08,-2.347623865126829e-19,0.10909090909090909,12.0,3,False,False,False,0
100000001784279100,terminal,0.8,47,0.0121,"depth=3 < 4 and no outgoing: money arrives and stays; in=35,674 KZT over 1 transfers from 1 payer",1,0,35674.0,0.0,1,0,0.0002887329449187703,0.0011319384436486095,0.0,0.0,,3,False,False,True,0
100000008744364100,terminal,0.8,46,0.0023,"depth=3 < 4 and no outgoing: money arrives and stays; in=23,700 KZT over 1 transfers from 1 payer",1,0,23700.0,0.0,1,0,0.00028926833758392384,-3.4166596382477484e-17,0.0,0.0,,3,False,False,True,1
100000008714412100,terminal,0.8,49,0.005,"depth=3 < 4 and no outgoing: money arrives and stays; in=169,000 KZT over 1 transfers from 1 payer",1,0,169000.0,0.0,1,0,0.0003116686182638579,5.689711791595825e-08,0.0,0.0,,3,False,False,True,0
100000007754369100,terminal,0.8,47,0.013,"depth=3 < 4 and no outgoing: money arrives and stays; in=82,424 KZT over 1 transfers from 1 payer",1,0,82424.0,0.0,1,0,0.0002928788402569491,0.0011319384436486095,0.0,0.0,,3,False,False,True,0
100000003122817100,terminal,0.8,76,0.0108,"depth=3 < 4 and no outgoing: money arrives and stays; in=444,680 KZT over 1 transfers from 1 payer",1,0,444680.0,0.0,1,0,0.00039708273280823027,-3.8178954906251595e-18,0.0,0.0,,3,False,False,True,0
100000003711830100,terminal,0.8,82,0.0165,"depth=3 < 4 and no outgoing: money arrives and stays; in=50,000 KZT over 1 transfers from 1 payer",1,0,50000.0,0.0,1,0,0.000295742244120105,0.0016044117981357546,0.0,0.0,,3,False,False,True,0
100000001110358100,terminal,0.8,47,0.0161,"depth=3 < 4 and no outgoing: money arrives and stays; in=32,000 KZT over 2 transfers from 2 payers",2,0,32000.0,0.0,2,0,0.00029298593062142774,0.0013712520588685328,0.0,0.0,,3,False,False,True,0
100000006530134100,terminal,0.8,90,0.0368,"depth=3 < 4 and no outgoing: money arrives and stays; in=144,663 KZT over 2 transfers from 2 payers",2,0,144663.0,0.0,2,0,0.00029908777889777345,0.0035829897647969146,0.0,0.0,,3,False,False,True,0
100000001639766100,terminal,0.8,29,0.007,"depth=3 < 4 and no outgoing: money arrives and stays; in=20,000 KZT over 1 transfers from 1 payer",1,0,20000.0,0.0,1,0,0.0006506628579150633,-1.5569893857636381e-18,0.0,0.0,,3,False,False,True,0
100000003242795100,terminal,0.8,90,0.0288,"depth=3 < 4 and no outgoing: money arrives and stays; in=111,000 KZT over 1 transfers from 1 payer",1,0,111000.0,0.0,1,0,0.00028916671253951344,0.0029401740801701572,0.0,0.0,,3,False,False,True,0
100000004970752100,terminal,0.8,47,0.008,"depth=3 < 4 and no outgoing: money arrives and stays; in=10,000 KZT over 1 transfers from 1 payer",1,0,10000.0,0.0,1,0,0.0007428614561261686,-5.515702773971273e-19,0.0,0.0,,3,False,False,True,0
100000004564736100,terminal,0.8,44,0.0033,"depth=3 < 4 and no outgoing: money arrives and stays; in=15,000 KZT over 2 transfers from 1 payer",1,0,15000.0,0.0,2,0,0.00037675536447064214,-1.5569893857636381e-18,0.0,0.0,,3,False,False,True,0
100000005873152100,transit,0.7,33,0.0148,"pass-through 1.00 from a single transfer each way, so the ratio is one observation rather than a rate: in=10,000, out=10,000 KZT, dwell=-2d",1,1,10000.0,10000.0,1,1,0.0004674555308962045,-1.0584136944965696e-18,1.3851693639406368e-07,1.0,-2.0,3,False,False,False,0
100000001637376100,peripheral,0.4,90,0.0289,"no rule threshold met: in_deg=1, out_deg=1, in=116,700, out=234,250 KZT",1,1,116700.0,234250.0,1,2,0.0002893514448317357,0.0029401740801701572,-2.347623865126829e-19,2.0072836332476434,-7.0,3,False,False,False,0
100000006710485100,terminal,0.8,46,0.0022,"depth=3 < 4 and no outgoing: money arrives and stays; in=20,000 KZT over 1 transfers from 1 payer",1,0,20000.0,0.0,1,0,0.0002886908498009473,-3.4166596382477484e-17,0.0,0.0,,3,False,False,True,1
100000003582677100,peripheral,0.4,24,0.0235,"no rule threshold met: in_deg=2, out_deg=4, in=29,757, out=56,000 KZT",2,4,29756.989999999998,56000.0,2,5,0.0002932927091390007,0.002247227482762512,0.001262543914807459,1.881910771217116,9.0,3,False,False,False,0
100000008713685100,terminal,0.8,46,0.0028,"depth=3 < 4 and no outgoing: money arrives and stays; in=49,700 KZT over 1 transfers from 1 payer",1,0,49700.0,0.0,1,0,0.00029332635984267806,-3.4166596382477484e-17,0.0,0.0,,3,False,False,True,1
100000008070101100,terminal,0.8,80,0.0037,"depth=3 < 4 and no outgoing: money arrives and stays; in=100,000 KZT over 1 transfers from 1 payer",1,0,100000.0,0.0,1,0,0.00029258785293762273,1.966214633619511e-06,0.0,0.0,,3,False,False,True,0
100000004475818100,peripheral,0.4,90,0.0033,"no rule threshold met: in_deg=1, out_deg=3, in=13,000, out=53,989 KZT",1,3,13000.0,53989.0,1,3,0.0003098079503095031,0.00010694239102769045,0.00025950234496354557,4.153,0.0,3,False,False,False,0
100000007197866100,abstained_single_observation,0.0,82,0.0159,"abstained on a single observation: in_tx=1, out_tx=1, fewer than 3 transfers is not a stable ratio",1,1,20000.0,15000.0,1,1,0.0002896384741784161,0.0016044117981357546,-2.347623865126829e-19,0.75,0.0,3,False,False,False,0
100000006965162100,terminal,0.8,50,0.0024,"depth=3 < 4 and no outgoing: money arrives and stays; in=10,000 KZT over 1 transfers from 1 payer",1,0,10000.0,0.0,1,0,0.0003092890887695534,-2.500714748775719e-18,0.0,0.0,,3,False,False,True,0
100000005995391100,terminal,0.8,46,0.0022,"depth=3 < 4 and no outgoing: money arrives and stays; in=17,200 KZT over 1 transfers from 1 payer",1,0,17200.0,0.0,1,0,0.00028825383201923533,-3.4166596382477484e-17,0.0,0.0,,3,False,False,True,1
100000003834495100,peripheral,0.4,47,0.0395,"no rule threshold met: in_deg=3, out_deg=1, in=602,441, out=20,000 KZT",3,1,602441.0,20000.0,5,1,0.0006208601664329524,0.002287994087282728,0.0004856339039356251,0.0331982716979754,24.0,3,False,False,False,0
100000001223977100,abstained_single_observation,0.0,63,0.0022,"abstained on a single observation: in_tx=1, out_tx=1, fewer than 3 transfers is not a stable ratio",1,1,5000.0,18000.0,1,1,0.0003055412798976374,-1.0584136944965696e-18,-2.347623865126829e-19,3.6,19.0,3,False,False,False,0
100000001046057100,terminal,0.8,66,0.0037,"depth=3 < 4 and no outgoing: money arrives and stays; in=83,420 KZT over 1 transfers from 1 payer",1,0,83420.0,0.0,1,0,0.00031851488108134053,4.8678295324276736e-08,0.0,0.0,,3,False,False,True,0
100000002989353100,peripheral,0.4,54,0.0105,"no rule threshold met: in_deg=1, out_deg=2, in=500,000, out=321,160 KZT",1,2,500000.0,321160.0,2,2,0.00030938521828855153,3.7941363435134803e-07,-9.009757596449287e-19,0.64232,5.0,3,False,False,False,0
100000006714366100,abstained_single_observation,0.0,55,0.0043,"abstained on a single observation: in_tx=1, out_tx=1, fewer than 3 transfers is not a stable ratio",1,1,10500.0,5000.0,1,1,0.0002894561536970334,0.00025946008779307336,-2.347623865126829e-19,0.47619047619047616,0.0,3,False,False,False,0
100000001063678100,peripheral,0.4,44,0.003,"no rule threshold met: in_deg=1, out_deg=2, in=35,000, out=90,000 KZT",1,2,35000.0,90000.0,1,2,0.0003277487283987024,3.1720995054767126e-06,-9.009757596449287e-19,2.5714285714285716,2.0,3,False,False,False,0
100000004889043100,terminal,0.8,47,0.0582,"depth=3 < 4 and no outgoing: money arrives and stays; in=272,000 KZT over 4 transfers from 2 payers",2,0,272000.0,0.0,4,0,0.00029849724595781856,0.005845955735386669,0.0,0.0,,3,False,False,True,0
100000002984403100,abstained_single_observation,0.0,64,0.0027,"abstained on a single observation: in_tx=1, out_tx=1, fewer than 3 transfers is not a stable ratio",1,1,20000.0,25000.0,1,1,0.00032010276016592777,2.5006817420069356e-06,-2.347623865126829e-19,1.25,-5.0,3,False,False,False,0
100000003951827100,peripheral,0.4,47,0.0268,"no rule threshold met: in_deg=1, out_deg=2, in=9,000, out=17,000 KZT",1,2,9000.0,17000.0,1,2,0.0002860761739207674,0.0029057816552165096,0.00016424358925400066,1.8888888888888888,5.0,3,False,False,False,0
100000000933075100,peripheral,0.4,43,0.0094,"no rule threshold met: in_deg=1, out_deg=2, in=40,000, out=55,000 KZT",1,2,40000.0,55000.0,1,2,0.0008086964755110812,1.0252342836999388e-06,-1.5613442323671722e-18,1.375,0.0,3,False,False,False,0
100000008502995100,terminal,0.8,47,0.0082,"depth=3 < 4 and no outgoing: money arrives and stays; in=25,000 KZT over 2 transfers from 1 payer",1,0,25000.0,0.0,2,0,0.0007270949451502066,1.7483020894493606e-05,0.0,0.0,,3,False,False,True,0
100000008086440100,transit,0.7,47,0.0519,"pass_through=0.81: in=199,733, out=161,300 KZT, dwell=-9d",1,5,199733.0,161300.0,1,6,0.00033767394570343703,0.0011379074330901454,0.0015615995220144914,0.8075781167859092,-9.0,3,False,False,False,0
100000008465789100,peripheral,0.4,66,0.0024,"no rule threshold met: in_deg=1, out_deg=16, in=30,099, out=1,858,100 KZT",1,16,30099.0,1858100.0,1,17,0.0002898880397943194,2.6125683863354694e-07,2.6381363557575125e-05,61.732947938469714,-2.0,3,False,False,False,0
100000002550141100,terminal,0.8,82,0.005,"depth=3 < 4 and no outgoing: money arrives and stays; in=100,586 KZT over 1 transfers from 1 payer",1,0,100586.0,0.0,1,0,0.0003077875449747828,0.00013028037772058027,0.0,0.0,,3,False,False,True,0
100000008739887100,peripheral,0.4,82,0.0313,"no rule threshold met: in_deg=2, out_deg=2, in=214,000, out=307,000 KZT",2,2,214000.0,307000.0,3,2,0.00033330063396974185,0.0027423192312259013,-9.009757596449287e-19,1.4345794392523366,5.0,3,False,False,False,0
100000008532050100,terminal,0.8,90,0.0347,"depth=3 < 4 and no outgoing: money arrives and stays; in=455,156 KZT over 1 transfers from 1 payer",1,0,455156.0,0.0,1,0,0.00030032052425215354,0.0029401740801701572,0.0,0.0,,3,False,False,True,0
100000008422226100,terminal,0.8,47,0.0281,"depth=3 < 4 and no outgoing: money arrives and stays; in=87,450 KZT over 1 transfers from 1 payer",1,0,87450.0,0.0,1,0,0.0002904944753360771,0.0029057816552165096,0.0,0.0,,3,False,False,True,0
100000002369874100,terminal,0.8,80,0.0183,"depth=3 < 4 and no outgoing: money arrives and stays; in=600,000 KZT over 4 transfers from 4 payers",4,0,600000.0,0.0,4,0,0.0003373478549116585,8.23818200288654e-06,0.0,0.0,,3,False,False,True,0
100000003321895100,peripheral,0.4,65,0.0027,"no rule threshold met: in_deg=1, out_deg=2, in=24,000, out=553,830 KZT",1,2,24000.0,553830.0,1,3,0.00031125966376989656,1.0123575772455793e-05,-9.009757596449287e-19,23.07625,-4.0,3,False,False,False,0
100000001875239100,terminal,0.8,80,0.0182,"depth=3 < 4 and no outgoing: money arrives and stays; in=712,000 KZT over 3 transfers from 3 payers",3,0,712000.0,0.0,3,0,0.000333978630576876,5.448205191611619e-06,0.0,0.0,,3,False,False,True,0
100000002216999100,terminal,0.8,46,0.0023,"depth=3 < 4 and no outgoing: money arrives and stays; in=23,677 KZT over 1 transfers from 1 payer",1,0,23677.0,0.0,1,0,0.0002892647477950027,-3.4166596382477484e-17,0.0,0.0,,3,False,False,True,1
100000002653948100,terminal,0.8,90,0.0284,"depth=3 < 4 and no outgoing: money arrives and stays; in=85,200 KZT over 1 transfers from 1 payer",1,0,85200.0,0.0,1,0,0.0002883305558484021,0.0029401740801701572,0.0,0.0,,3,False,False,True,0
100000008632060100,peripheral,0.4,47,0.0075,"no rule threshold met: in_deg=1, out_deg=9, in=6,000, out=339,200 KZT",1,9,6000.0,339200.0,1,12,0.0002880256481640284,0.0006428156846267581,0.003082077409564012,56.53333333333333,-5.0,3,False,False,False,0
100000008746449100,peripheral,0.4,80,0.0021,"no rule threshold met: in_deg=1, out_deg=10, in=10,000, out=1,009,000 KZT",1,10,10000.0,1009000.0,1,10,0.00028700414108164755,2.6125683863354694e-07,1.65846096432945e-06,100.9,3.0,3,False,False,False,0
100000003031761100,terminal,0.8,82,0.0107,"depth=3 < 4 and no outgoing: money arrives and stays; in=460,408 KZT over 1 transfers from 1 payer",1,0,460408.0,0.0,1,0,0.0003183607828225473,7.936044353374143e-05,0.0,0.0,,3,False,False,True,0
100000008388049100,terminal,0.8,54,0.0105,"depth=3 < 4 and no outgoing: money arrives and stays; in=496,400 KZT over 1 transfers from 1 payer",1,0,496400.0,0.0,1,0,0.0003092137436352385,3.7941363435134803e-07,0.0,0.0,,3,False,False,True,0
100000002677201100,abstained_single_observation,0.0,66,0.0047,"abstained on a single observation: in_tx=1, out_tx=1, fewer than 3 transfers is not a stable ratio",1,1,150000.0,87750.0,1,1,0.00030890584852738523,1.8496738972286903e-06,-2.347623865126829e-19,0.585,9.0,3,False,False,False,0
100000002901457100,peripheral,0.4,47,0.0184,"no rule threshold met: in_deg=1, out_deg=3, in=340,000, out=119,000 KZT",1,3,340000.0,119000.0,1,3,0.0003742656113270814,0.0011379074330901454,2.7083733262027203e-05,0.35,-6.0,3,False,False,False,0
100000001160401100,terminal,0.8,47,0.0084,"depth=3 < 4 and no outgoing: money arrives and stays; in=47,190 KZT over 2 transfers from 1 payer",1,0,47190.0,0.0,2,0,0.000304888518008386,0.0006428156846267581,0.0,0.0,,3,False,False,True,0
100000002842321100,terminal,0.8,90,0.0296,"depth=3 < 4 and no outgoing: money arrives and stays; in=160,000 KZT over 1 transfers from 1 payer",1,0,160000.0,0.0,1,0,0.00029075476206914347,0.0029401740801701572,0.0,0.0,,3,False,False,True,0
100000002547110100,terminal,0.8,66,0.0398,"depth=3 < 4 and no outgoing: money arrives and stays; in=1,500,000 KZT over 10 transfers from 6 payers",6,0,1500000.0,0.0,10,0,0.0005516278220472665,5.893613139608315e-06,0.0,0.0,,3,False,False,True,0
100000001600934100,peripheral,0.4,82,0.0325,"no rule threshold met: in_deg=1, out_deg=1, in=180,300, out=11,000 KZT",1,1,180300.0,11000.0,2,1,0.0023668517583921617,3.027332457798918e-05,0.0006938863234414882,0.06100942872989462,18.0,3,False,False,False,0
100000002818726100,terminal,0.8,55,0.0043,"depth=3 < 4 and no outgoing: money arrives and stays; in=10,879 KZT over 1 transfers from 1 payer",1,0,10879.0,0.0,1,0,0.0002895964508153975,0.00025946008779307336,0.0,0.0,,3,False,False,True,0
100000008712827100,terminal,0.8,46,0.0033,"depth=3 < 4 and no outgoing: money arrives and stays; in=76,000 KZT over 1 transfers from 1 payer",1,0,76000.0,0.0,1,0,0.0002974312054351872,-3.4166596382477484e-17,0.0,0.0,,3,False,False,True,1
100000008259451100,terminal,0.8,45,0.0032,"depth=3 < 4 and no outgoing: money arrives and stays; in=55,000 KZT over 1 transfers from 1 payer",1,0,55000.0,0.0,1,0,0.0003011151344797474,2.441379038302993e-05,0.0,0.0,,3,False,False,True,0
100000003060517100,terminal,0.8,36,0.0121,"depth=3 < 4 and no outgoing: money arrives and stays; in=315,955 KZT over 1 transfers from 1 payer",1,0,315955.0,0.0,1,0,0.00036188349261668954,0.00046590181504893824,0.0,0.0,,3,False,False,True,0
100000002621434100,terminal,0.8,80,0.0033,"depth=3 < 4 and no outgoing: money arrives and stays; in=81,000 KZT over 1 transfers from 1 payer",1,0,81000.0,0.0,1,0,0.0002897423900896502,3.2207337193586866e-06,0.0,0.0,,3,False,False,True,0
100000001860090100,terminal,0.8,29,0.0032,"depth=3 < 4 and no outgoing: money arrives and stays; in=5,000 KZT over 1 transfers from 1 payer",1,0,5000.0,0.0,1,0,0.0003780365817959719,-1.5569893857636381e-18,0.0,0.0,,3,False,False,True,0
100000004689658100,abstained_single_observation,0.0,82,0.0119,"abstained on a single observation: in_tx=1, out_tx=1, fewer than 3 transfers is not a stable ratio",1,1,456100.0,7092.0,1,1,0.000386316358127699,0.00013028037772058027,-2.347623865126829e-19,0.015549221661916246,-1.0,3,False,False,False,0
100000003486970100,terminal,0.8,90,0.0295,"depth=3 < 4 and no outgoing: money arrives and stays; in=150,000 KZT over 1 transfers from 1 payer",1,0,150000.0,0.0,1,0,0.00029043067032840264,0.0029401740801701572,0.0,0.0,,3,False,False,True,0
100000004659919100,peripheral,0.4,63,0.0095,"no rule threshold met: in_deg=1, out_deg=1, in=110,000, out=39,000 KZT",1,1,110000.0,39000.0,2,1,0.0007249529791849286,-1.0584136944965696e-18,-2.347623865126829e-19,0.35454545454545455,14.0,3,False,False,False,0
100000006111439100,transit,0.7,90,0.1267,"pass_through=1.17: in=20,570, out=24,000 KZT, dwell=9d",3,4,20570.0,24000.0,3,4,0.0003655017010699153,0.003641752570408473,0.0003937821331980186,1.166747690811862,9.0,3,False,False,False,0
100000002521039100,terminal,0.8,47,0.0327,"depth=3 < 4 and no outgoing: money arrives and stays; in=349,370 KZT over 1 transfers from 1 payer",1,0,349370.0,0.0,1,0,0.0003052458011066051,0.0029057816552165096,0.0,0.0,,3,False,False,True,0
100000008493007100,transit,0.7,46,0.0079,"pass-through 1.00 from a single transfer each way, so the ratio is one observation rather than a rate: in=26,150, out=26,150 KZT, dwell=1d",1,1,26150.0,26150.0,1,1,0.00028965072814292185,-3.4166596382477484e-17,-2.347623865126829e-19,1.0,1.0,3,False,False,False,1
100000007793871100,terminal,0.8,33,0.0076,"depth=3 < 4 and no outgoing: money arrives and stays; in=26,000 KZT over 3 transfers from 1 payer",1,0,26000.0,0.0,3,0,0.0006872267875117596,-5.515702773971273e-19,0.0,0.0,,3,False,False,True,0
100000001650895100,abstained_single_observation,0.0,49,0.0047,"abstained on a single observation: in_tx=1, out_tx=1, fewer than 3 transfers is not a stable ratio",1,1,153500.0,10000.0,1,1,0.00030927489327733844,5.689711791595825e-08,-2.347623865126829e-19,0.06514657980456026,-9.0,3,False,False,False,0
100000002567887100,terminal,0.8,90,0.0278,"depth=3 < 4 and no outgoing: money arrives and stays; in=50,915 KZT over 1 transfers from 1 payer",1,0,50915.0,0.0,1,0,0.00028721940731527213,0.0029401740801701572,0.0,0.0,,3,False,False,True,0
100000008055972100,terminal,0.8,46,0.0024,"depth=3 < 4 and no outgoing: money arrives and stays; in=28,300 KZT over 1 transfers from 1 payer",1,0,28300.0,0.0,1,0,0.000289986295368165,-3.4166596382477484e-17,0.0,0.0,,3,False,False,True,1
100000008684452100,terminal,0.8,46,0.0028,"depth=3 < 4 and no outgoing: money arrives and stays; in=51,800 KZT over 1 transfers from 1 payer",1,0,51800.0,0.0,1,0,0.0002936541231789621,-3.4166596382477484e-17,0.0,0.0,,3,False,False,True,1
100000000764836100,peripheral,0.4,82,0.0204,"no rule threshold met: in_deg=1, out_deg=2, in=251,716, out=50,000 KZT",1,2,251716.0,50000.0,1,2,0.00033678317937202863,0.0016044117981357546,-9.009757596449287e-19,0.1986365586613485,-9.0,3,False,False,False,0
100000003072676100,terminal,0.8,36,0.0065,"depth=3 < 4 and no outgoing: money arrives and stays; in=31,545 KZT over 1 transfers from 1 payer",1,0,31545.0,0.0,1,0,0.0002931885165385355,0.00046590181504893824,0.0,0.0,,3,False,False,True,0
100000008757369100,peripheral,0.4,47,0.012,"no rule threshold met: in_deg=1, out_deg=1, in=25,961, out=58,398 KZT",1,1,25961.0,58398.0,1,3,0.0002878715741932145,0.0011319384436486095,-2.347623865126829e-19,2.249451099726513,-1.0,3,False,False,False,0
100000007618425100,terminal,0.8,36,0.0066,"depth=3 < 4 and no outgoing: money arrives and stays; in=39,348 KZT over 1 transfers from 1 payer",1,0,39348.0,0.0,1,0,0.00029507321432812743,0.00046590181504893824,0.0,0.0,,3,False,False,True,0
100000004671609100,terminal,0.8,54,0.0038,"depth=3 < 4 and no outgoing: money arrives and stays; in=100,000 KZT over 1 transfers from 1 payer",1,0,100000.0,0.0,1,0,0.0003002421115187902,2.7202737436560484e-06,0.0,0.0,,3,False,False,True,0
100000004676985100,transit,0.7,47,0.0906,"pass-through 0.84 from a single transfer each way, so the ratio is one observation rather than a rate: in=32,260, out=27,102 KZT, dwell=3d",1,1,32260.0,27102.0,1,1,0.00028738617635442075,0.0029057816552165096,-2.347623865126829e-19,0.8401115933044018,3.0,3,False,False,False,0
100000002531406100,transit,0.7,82,0.039,"pass-through 0.96 from a single transfer each way, so the ratio is one observation rather than a rate: in=520,000, out=500,000 KZT, dwell=-1d",1,1,520000.0,500000.0,1,1,0.0003226050843745718,7.936044353374143e-05,-2.347623865126829e-19,0.9615384615384616,-1.0,3,False,False,False,0
100000002877262100,terminal,0.8,66,0.0037,"depth=3 < 4 and no outgoing: money arrives and stays; in=100,000 KZT over 1 transfers from 1 payer",1,0,100000.0,0.0,1,0,0.0002999177628608638,2.6125683863354694e-07,0.0,0.0,,3,False,False,True,0
100000007591246100,abstained_single_observation,0.0,55,0.0024,"abstained on a single observation: in_tx=1, out_tx=1, fewer than 3 transfers is not a stable ratio",1,1,12190.0,120000.0,1,1,0.0002978930938238482,2.4475150146264977e-05,7.311255131345314e-07,9.844134536505333,-6.0,3,False,False,False,0
100000008712184100,terminal,0.8,46,0.0022,"depth=3 < 4 and no outgoing: money arrives and stays; in=18,000 KZT over 1 transfers from 1 payer",1,0,18000.0,0.0,1,0,0.0002883786942425816,-3.4166596382477484e-17,0.0,0.0,,3,False,False,True,1
100000002975437100,peripheral,0.4,60,0.0142,"no rule threshold met: in_deg=1, out_deg=1, in=530,000, out=8,500 KZT",1,1,530000.0,8500.0,2,1,0.0005210057143091006,4.7473559650461097e-05,-1.1065425408500317e-18,0.016037735849056604,-4.0,3,False,False,False,0
100000005008589100,terminal,0.8,47,0.0083,"depth=3 < 4 and no outgoing: money arrives and stays; in=42,807 KZT over 1 transfers from 1 payer",1,0,42806.68,0.0,1,0,0.0003030940204447499,0.0006428156846267581,0.0,0.0,,3,False,False,True,0
100000000782285100,terminal,0.8,47,0.0024,"depth=3 < 4 and no outgoing: money arrives and stays; in=6,151 KZT over 1 transfers from 1 payer",1,0,6151.0,0.0,1,0,0.0003196030120468729,2.3509417958786865e-06,0.0,0.0,,3,False,False,True,0
100000005198498100,terminal,0.8,46,0.0024,"depth=3 < 4 and no outgoing: money arrives and stays; in=28,800 KZT over 1 transfers from 1 payer",1,0,28800.0,0.0,1,0,0.00029006433425775644,-3.4166596382477484e-17,0.0,0.0,,3,False,False,True,1
100000008517538100,peripheral,0.4,80,0.0085,"no rule threshold met: in_deg=3, out_deg=17, in=155,500, out=1,439,000 KZT",3,17,155500.0,1439000.0,6,18,0.0003070164607928234,4.4161037642610315e-06,1.775923009672363e-05,9.254019292604502,2.0,3,False,False,False,0
100000005756535100,terminal,0.8,46,0.0056,"depth=3 < 4 and no outgoing: money arrives and stays; in=20,000 KZT over 1 transfers from 1 payer",1,0,20000.0,0.0,1,0,0.0005415991635083541,-5.515702773971273e-19,0.0,0.0,,3,False,False,True,1
100000004917367100,terminal,0.8,90,0.0406,"depth=3 < 4 and no outgoing: money arrives and stays; in=120,000 KZT over 2 transfers from 2 payers",2,0,120000.0,0.0,2,0,0.0002940276420429215,0.004078081513260297,0.0,0.0,,3,False,False,True,0
100000001222263100,peripheral,0.4,90,0.0396,"no rule threshold met: in_deg=1, out_deg=1, in=745,570, out=420,000 KZT",1,1,745570.0,420000.0,1,5,0.00030973260213170437,0.0029401740801701572,-2.347623865126829e-19,0.5633273870998028,-12.0,3,False,False,False,0
100000001149815100,terminal,0.8,46,0.0021,"depth=3 < 4 and no outgoing: money arrives and stays; in=12,000 KZT over 1 transfers from 1 payer",1,0,12000.0,0.0,1,0,0.00028744222756748445,-3.4166596382477484e-17,0.0,0.0,,3,False,False,True,1
100000006020215100,transit,0.7,55,0.0158,"pass_through=1.13: in=30,000, out=33,800 KZT, dwell=-10d",1,2,30000.0,33800.0,1,2,0.00029667460701655646,0.00025946008779307336,-1.5613442323671722e-18,1.1266666666666667,-10.0,3,False,False,False,0
100000000673868100,peripheral,0.4,62,0.0474,"no rule threshold met: in_deg=1, out_deg=5, in=2,030,650, out=383,000 KZT",1,5,2030650.0,383000.0,5,19,0.0011728050936714342,3.627390971605554e-07,0.0024150125151640414,0.18860955851574618,-1.0,3,False,False,False,0
100000008749900100,terminal,0.8,46,0.0022,"depth=3 < 4 and no outgoing: money arrives and stays; in=17,150 KZT over 1 transfers from 1 payer",1,0,17150.0,0.0,1,0,0.0002882460281302762,-3.4166596382477484e-17,0.0,0.0,,3,False,False,True,1
100000002862113100,terminal,0.8,45,0.003,"depth=3 < 4 and no outgoing: money arrives and stays; in=47,405 KZT over 2 transfers from 1 payer",1,0,47405.0,0.0,2,0,0.0002989683952653226,2.441379038302993e-05,0.0,0.0,,3,False,False,True,0
100000001066017100,peripheral,0.4,47,0.0406,"no rule threshold met: in_deg=2, out_deg=4, in=136,123, out=82,500 KZT",2,4,136123.0,82500.0,3,4,0.0003012384075340405,0.004043689088306653,-3.463019716723573e-18,0.6060695106631503,13.0,3,False,False,False,0
100000008436257100,terminal,0.8,36,0.0066,"depth=3 < 4 and no outgoing: money arrives and stays; in=35,000 KZT over 2 transfers from 2 payers",2,0,35000.0,0.0,2,0,0.0002945798149854974,0.00025203681383134994,0.0,0.0,,3,False,False,True,0
100000003016438100,peripheral,0.4,66,0.0056,"no rule threshold met: in_deg=1, out_deg=1, in=200,000, out=300,000 KZT",1,1,200000.0,300000.0,1,3,0.0003166846999640835,1.8496738972286903e-06,-2.347623865126829e-19,1.5,-9.0,3,False,False,False,0
100000002534091100,terminal,0.8,82,0.0034,"depth=3 < 4 and no outgoing: money arrives and stays; in=22,200 KZT over 1 transfers from 1 payer",1,0,22200.0,0.0,1,0,0.00029636616273708943,0.0001215992847483939,0.0,0.0,,3,False,False,True,0
100000006882208100,terminal,0.8,20,0.0069,"depth=3 < 4 and no outgoing: money arrives and stays; in=18,000 KZT over 1 transfers from 1 payer",1,0,18000.0,0.0,1,0,0.0006403184460375327,2.667129319448518e-06,0.0,0.0,,3,False,False,True,0
100000005362848100,terminal,0.8,49,0.0025,"depth=3 < 4 and no outgoing: money arrives and stays; in=29,000 KZT over 1 transfers from 1 payer",1,0,29000.0,0.0,1,0,0.00029637417941000526,6.407022407262363e-07,0.0,0.0,,3,False,False,True,0
100000001073568100,peripheral,0.4,45,0.0165,"no rule threshold met: in_deg=1, out_deg=2, in=707,465, out=219,503 KZT",1,2,707465.0,219503.0,4,3,0.0004855354375132767,2.441379038302993e-05,1.0558632933162617e-05,0.31026693900051594,0.0,3,False,False,False,0
100000008687733100,terminal,0.8,46,0.0021,"depth=3 < 4 and no outgoing: money arrives and stays; in=14,650 KZT over 1 transfers from 1 payer",1,0,14650.0,0.0,1,0,0.00028785583368231904,-3.4166596382477484e-17,0.0,0.0,,3,False,False,True,1
100000007229557100,terminal,0.8,59,0.0217,"depth=3 < 4 and no outgoing: money arrives and stays; in=878,000 KZT over 3 transfers from 3 payers",3,0,878000.0,0.0,3,0,0.0003942093306983486,4.8669282688725324e-06,0.0,0.0,,3,False,False,True,0
100000001052789100,terminal,0.8,57,0.0039,"depth=3 < 4 and no outgoing: money arrives and stays; in=70,975 KZT over 1 transfers from 1 payer",1,0,70975.0,0.0,1,0,0.0002977071073491174,8.448073393743234e-05,0.0,0.0,,3,False,False,True,0
100000006967370100,abstained_single_observation,0.0,36,0.0065,"abstained on a single observation: in_tx=1, out_tx=1, fewer than 3 transfers is not a stable ratio",1,1,33225.0,13526.27,1,1,0.00029359429537827847,0.00046590181504893824,-2.347623865126829e-19,0.40711121143717083,0.0,3,False,False,False,0
100000001837130100,terminal,0.8,47,0.0146,"depth=3 < 4 and no outgoing: money arrives and stays; in=172,900 KZT over 1 transfers from 1 payer",1,0,172900.0,0.0,1,0,0.00030090245579956023,0.0011319384436486095,0.0,0.0,,3,False,False,True,0
100000005820746100,peripheral,0.4,67,0.0443,"no rule threshold met: in_deg=1, out_deg=1, in=1,989,000, out=60,000 KZT",1,1,1989000.0,60000.0,2,1,0.000989461905456682,-1.5569893857636381e-18,-6.370063527545533e-19,0.030165912518853696,4.0,3,False,False,False,0
100000002883402100,terminal,0.8,80,0.0109,"depth=3 < 4 and no outgoing: money arrives and stays; in=300,000 KZT over 3 transfers from 3 payers",3,0,300000.0,0.0,3,0,0.00030065707174589147,3.6593519844304244e-06,0.0,0.0,,3,False,False,True,0
100000008582730100,transit,0.7,57,0.0331,"pass-through 1.00 from a single transfer each way, so the ratio is one observation rather than a rate: in=5,000, out=5,000 KZT, dwell=0d",1,1,5000.0,5000.0,1,1,0.0008925911171850267,-1.0584136944965696e-18,8.816478810773324e-05,1.0,0.0,3,False,False,False,0
100000003116106100,terminal,0.8,90,0.0353,"depth=3 < 4 and no outgoing: money arrives and stays; in=494,050 KZT over 2 transfers from 1 payer",1,0,494050.0,0.0,2,0,0.00030158104666859096,0.0029401740801701572,0.0,0.0,,3,False,False,True,0
100000001818442100,terminal,0.8,49,0.0028,"depth=3 < 4 and no outgoing: money arrives and stays; in=42,215 KZT over 1 transfers from 1 payer",1,0,42215.0,0.0,1,0,0.0003012978538176511,6.407022407262363e-07,0.0,0.0,,3,False,False,True,0
100000008690762100,terminal,0.8,46,0.0024,"depth=3 < 4 and no outgoing: money arrives and stays; in=26,750 KZT over 1 transfers from 1 payer",1,0,26750.0,0.0,1,0,0.0002897443748104316,-3.4166596382477484e-17,0.0,0.0,,3,False,False,True,1
100000008712991100,terminal,0.8,46,0.0031,"depth=3 < 4 and no outgoing: money arrives and stays; in=66,100 KZT over 1 transfers from 1 payer",1,0,66100.0,0.0,1,0,0.0002958860354212769,-3.4166596382477484e-17,0.0,0.0,,3,False,False,True,1
100000003292191100,terminal,0.8,59,0.0039,"depth=3 < 4 and no outgoing: money arrives and stays; in=112,000 KZT over 1 transfers from 1 payer",1,0,112000.0,0.0,1,0,0.0002996284816997208,1.2902818407764393e-06,0.0,0.0,,3,False,False,True,0
100000005367284100,peripheral,0.4,47,0.0118,"no rule threshold met: in_deg=1, out_deg=2, in=13,700, out=48,300 KZT",1,2,13700.0,48300.0,1,5,0.00028914323405377295,0.0011379074330901454,-9.009757596449287e-19,3.5255474452554743,-5.0,3,False,False,False,0
100000003216073100,abstained_single_observation,0.0,82,0.0032,"abstained on a single observation: in_tx=1, out_tx=1, fewer than 3 transfers is not a stable ratio",1,1,37001.0,70000.0,1,1,0.0002882046043550009,7.936044353374143e-05,-2.347623865126829e-19,1.891840761060512,3.0,3,False,False,False,0
100000006169033100,peripheral,0.4,68,0.0046,"no rule threshold met: in_deg=1, out_deg=3, in=49,000, out=1,140,271 KZT",1,3,49000.0,1140271.0,1,10,0.00041804163396876585,2.4284366617553447e-05,6.477997734331154e-05,23.270836734693876,-10.0,3,False,False,False,0
100000004407753100,peripheral,0.4,50,0.0138,"no rule threshold met: in_deg=1, out_deg=1, in=250,000, out=100,000 KZT",1,1,250000.0,100000.0,4,1,0.0008785641580238702,-2.500714748775719e-18,1.5788151920514799e-09,0.4,2.0,3,False,False,False,0
100000004420041100,peripheral,0.4,43,0.0169,"no rule threshold met: in_deg=1, out_deg=7, in=69,638, out=651,830 KZT",1,7,69638.0,651830.0,1,11,0.0002997377719239345,0.0016044117981357546,0.0001271621252448122,9.360263074758034,-30.0,3,False,False,False,0
100000004715209100,peripheral,0.4,69,0.002,"no rule threshold met: in_deg=1, out_deg=5, in=5,000, out=350,450 KZT",1,5,5000.0,350450.0,1,17,0.00028754397576032846,4.8678295324276736e-08,7.552804366411532e-07,70.09,-12.0,3,False,False,False,0
100000004580254100,terminal,0.8,36,0.0075,"depth=3 < 4 and no outgoing: money arrives and stays; in=27,940 KZT over 2 transfers from 2 payers",2,0,27940.0,0.0,2,0,0.0003122789899791888,0.00034028701680607784,0.0,0.0,,3,False,False,True,0
100000001056414100,terminal,0.8,54,0.0062,"depth=3 < 4 and no outgoing: money arrives and stays; in=250,000 KZT over 1 transfers from 1 payer",1,0,250000.0,0.0,1,0,0.0002974772562529209,3.7941363435134803e-07,0.0,0.0,,3,False,False,True,0
100000008686494100,terminal,0.8,46,0.0022,"depth=3 < 4 and no outgoing: money arrives and stays; in=15,700 KZT over 1 transfers from 1 payer",1,0,15700.0,0.0,1,0,0.00028801971535046103,-3.4166596382477484e-17,0.0,0.0,,3,False,False,True,1
100000002822472100,terminal,0.8,54,0.0088,"depth=3 < 4 and no outgoing: money arrives and stays; in=266,722 KZT over 2 transfers from 2 payers",2,0,266722.0,0.0,2,0,0.00031223557685989894,2.4793204017381173e-05,0.0,0.0,,3,False,False,True,0
100000001831496100,abstained_single_observation,0.0,33,0.0026,"abstained on a single observation: in_tx=1, out_tx=1, fewer than 3 transfers is not a stable ratio",1,1,25000.0,373000.0,1,1,0.00029263558524567985,2.441379038302993e-05,5.268453644491489e-05,14.92,18.0,3,False,False,False,0
100000008732488100,abstained_single_observation,0.0,82,0.0182,"abstained on a single observation: in_tx=1, out_tx=1, fewer than 3 transfers is not a stable ratio",1,1,137000.0,10000.0,1,1,0.0003134431769510027,0.0016044117981357546,-2.347623865126829e-19,0.072992700729927,0.0,3,False,False,False,0
100000004007197100,terminal,0.8,41,0.0021,"depth=3 < 4 and no outgoing: money arrives and stays; in=10,048 KZT over 1 transfers from 1 payer",1,0,10048.0,0.0,1,0,0.00028768870831810125,-3.859139032054935e-18,0.0,0.0,,3,False,False,True,2
100000002815005100,terminal,0.8,80,0.0103,"depth=3 < 4 and no outgoing: money arrives and stays; in=476,500 KZT over 1 transfers from 1 payer",1,0,476500.0,0.0,1,0,0.00031901272651967474,1.966214633619511e-06,0.0,0.0,,3,False,False,True,0
100000005756189100,abstained_single_observation,0.0,90,0.028,"abstained on a single observation: in_tx=1, out_tx=1, fewer than 3 transfers is not a stable ratio",1,1,65000.0,49050.0,1,1,0.00028767589053210556,0.0029401740801701572,-2.347623865126829e-19,0.7546153846153846,0.0,3,False,False,False,0
100000004877085100,peripheral,0.4,55,0.0046,"no rule threshold met: in_deg=1, out_deg=3, in=25,000, out=95,600 KZT",1,3,25000.0,95600.0,1,9,0.00029482372155001206,0.00025946008779307336,-1.98808325405983e-18,3.824,-5.0,3,False,False,False,0
100000002713074100,peripheral,0.4,36,0.0233,"no rule threshold met: in_deg=2, out_deg=1, in=700,000, out=430,000 KZT",2,1,700000.0,430000.0,2,2,0.0004336098166177588,0.0006992464408273256,-2.347623865126829e-19,0.6142857142857143,12.0,3,False,False,False,0
100000002356167100,peripheral,0.4,90,0.032,"no rule threshold met: in_deg=1, out_deg=2, in=300,000, out=29,500 KZT",1,2,300000.0,29500.0,1,3,0.00029529204643951516,0.0029401740801701572,-9.009757596449287e-19,0.09833333333333333,0.0,3,False,False,False,0
100000004140487100,peripheral,0.4,24,0.0043,"no rule threshold met: in_deg=1, out_deg=10, in=24,510, out=262,600 KZT",1,10,24510.0,262600.0,1,19,0.0002894271448597533,0.00023334462577838773,0.0027251207623060604,10.713994288045695,0.0,3,False,False,False,0
100000003147719100,terminal,0.8,80,0.0036,"depth=3 < 4 and no outgoing: money arrives and stays; in=100,000 KZT over 1 transfers from 1 payer",1,0,100000.0,0.0,1,0,0.00029072126443008034,3.2207337193586866e-06,0.0,0.0,,3,False,False,True,0
100000008745884100,terminal,0.8,46,0.0022,"depth=3 < 4 and no outgoing: money arrives and stays; in=20,000 KZT over 1 transfers from 1 payer",1,0,20000.0,0.0,1,0,0.0002886908498009473,-3.4166596382477484e-17,0.0,0.0,,3,False,False,True,1
100000002559089100,terminal,0.8,54,0.0171,"depth=3 < 4 and no outgoing: money arrives and stays; in=715,000 KZT over 2 transfers from 2 payers",2,0,715000.0,0.0,2,0,0.00039242595373201167,2.8039191662656675e-06,0.0,0.0,,3,False,False,True,0
100000004984689100,terminal,0.8,82,0.0166,"depth=3 < 4 and no outgoing: money arrives and stays; in=53,030 KZT over 1 transfers from 1 payer",1,0,53030.0,0.0,1,0,0.0002963587248842155,0.0016044117981357546,0.0,0.0,,3,False,False,True,0
100000004340038100,abstained_single_observation,0.0,55,0.0043,"abstained on a single observation: in_tx=1, out_tx=1, fewer than 3 transfers is not a stable ratio",1,1,9978.0,49000.0,1,1,0.0002892629212543261,0.00025946008779307336,-2.347623865126829e-19,4.910803768290238,9.0,3,False,False,False,0
100000005052998100,abstained_single_observation,0.0,47,0.0268,"abstained on a single observation: in_tx=1, out_tx=1, fewer than 3 transfers is not a stable ratio",1,1,9500.0,28400.0,1,1,0.00028610433390429394,0.0029057816552165096,0.00023534295374818352,2.9894736842105263,-4.0,3,False,False,False,0
100000007597382100,terminal,0.8,90,0.0272,"depth=3 < 4 and no outgoing: money arrives and stays; in=15,700 KZT over 1 transfers from 1 payer",1,0,15700.0,0.0,1,0,0.0002860781182502533,0.0029401740801701572,0.0,0.0,,3,False,False,True,0
100000008697670100,terminal,0.8,46,0.0023,"depth=3 < 4 and no outgoing: money arrives and stays; in=25,350 KZT over 1 transfers from 1 payer",1,0,25350.0,0.0,1,0,0.0002895258659195756,-3.4166596382477484e-17,0.0,0.0,,3,False,False,True,1
100000008460102100,distributor,0.7,52,0.0079,"out_deg=31 receivers, out=476,570 KZT over 34 transfers",1,31,17500.0,476570.0,1,34,0.00029968918055683826,4.112187374644856e-07,0.00019786404094795167,27.23257142857143,-18.0,3,False,False,False,0
100000004399686100,terminal,0.8,67,0.0191,"depth=3 < 4 and no outgoing: money arrives and stays; in=806,000 KZT over 2 transfers from 1 payer",1,0,806000.0,0.0,2,0,0.0005708068229548216,-1.5569893857636381e-18,0.0,0.0,,3,False,False,True,0
100000008688155100,terminal,0.8,46,0.0023,"depth=3 < 4 and no outgoing: money arrives and stays; in=23,600 KZT over 1 transfers from 1 payer",1,0,23600.0,0.0,1,0,0.0002892527298060056,-3.4166596382477484e-17,0.0,0.0,,3,False,False,True,1
100000004386331100,transit,0.7,43,0.0173,"pass_through=0.88: in=20,000, out=17,500 KZT, dwell=-25d",1,2,20000.0,17500.0,1,2,0.0005126940455197109,-1.5569893857636381e-18,-1.7446137594175052e-18,0.875,-25.0,3,False,False,False,0
100000007999728100,terminal,0.8,45,0.0026,"depth=3 < 4 and no outgoing: money arrives and stays; in=23,250 KZT over 1 transfers from 1 payer",1,0,23250.0,0.0,1,0,0.00029214094487369256,2.441379038302993e-05,0.0,0.0,,3,False,False,True,0
100000001597424100,terminal,0.8,45,0.0031,"depth=3 < 4 and no outgoing: money arrives and stays; in=48,100 KZT over 1 transfers from 1 payer",1,0,48100.0,0.0,1,0,0.0002991648381559118,2.441379038302993e-05,0.0,0.0,,3,False,False,True,0
100000003677936100,peripheral,0.4,29,0.0043,"no rule threshold met: in_deg=1, out_deg=1, in=71,000, out=13,000 KZT",1,1,71000.0,13000.0,1,2,0.00030888363859944327,0.00010831189958102141,-2.347623865126829e-19,0.18309859154929578,0.0,3,False,False,False,0
100000002943472100,terminal,0.8,66,0.005,"depth=3 < 4 and no outgoing: money arrives and stays; in=170,000 KZT over 1 transfers from 1 payer",1,0,170000.0,0.0,1,0,0.0003099616909113654,2.6125683863354694e-07,0.0,0.0,,3,False,False,True,0
100000004892144100,peripheral,0.4,67,0.1116,"no rule threshold met: in_deg=2, out_deg=1, in=4,500,000, out=180,300 KZT",2,1,4500000.0,180300.0,7,1,0.002783203687212419,-2.9932189392592776e-18,-2.086174700483336e-18,0.04006666666666667,10.0,3,False,False,False,0
100000008077552100,terminal,0.8,82,0.0197,"depth=3 < 4 and no outgoing: money arrives and stays; in=214,000 KZT over 1 transfers from 1 payer",1,0,214000.0,0.0,1,0,0.00032910951980133745,0.0016044117981357546,0.0,0.0,,3,False,False,True,0
100000002914245100,terminal,0.8,82,0.005,"depth=3 < 4 and no outgoing: money arrives and stays; in=140,611 KZT over 1 transfers from 1 payer",1,0,140611.0,0.0,1,0,0.00029558398554383933,7.936044353374143e-05,0.0,0.0,,3,False,False,True,0
100000004906181100,peripheral,0.4,84,0.0286,"no rule threshold met: in_deg=1, out_deg=7, in=100,000, out=2,473,418 KZT",1,7,100000.0,2473417.91,1,33,0.0002888102116246985,0.0029401740801701572,-1.0014866199096059e-17,24.734179100000002,-4.0,3,False,False,False,0
100000008514970100,abstained_single_observation,0.0,82,0.0092,"abstained on a single observation: in_tx=1, out_tx=1, fewer than 3 transfers is not a stable ratio",1,1,379966.0,31000.0,1,1,0.00031263148853056264,7.936044353374143e-05,-2.347623865126829e-19,0.0815862471905381,0.0,3,False,False,False,0
100000008258458100,peripheral,0.4,58,0.0027,"no rule threshold met: in_deg=1, out_deg=2, in=19,000, out=1,557,988 KZT",1,2,19000.0,1557988.0,1,4,0.0002912603933484999,5.2569836528821505e-05,-9.009757596449287e-19,81.99936842105264,-15.0,3,False,False,False,0
100000003484058100,abstained_single_observation,0.0,45,0.0043,"abstained on a single observation: in_tx=1, out_tx=1, fewer than 3 transfers is not a stable ratio",1,1,110000.0,6000.0,1,1,0.0003166609747422045,2.441379038302993e-05,-2.347623865126829e-19,0.05454545454545454,13.0,3,False,False,False,0
100000003574895100,abstained_single_observation,0.0,47,0.0271,"abstained on a single observation: in_tx=1, out_tx=1, fewer than 3 transfers is not a stable ratio",1,1,27968.0,20000.0,1,1,0.00028714445105582916,0.0029057816552165096,-2.347623865126829e-19,0.7151029748283753,0.0,3,False,False,False,0
100000000896111100,terminal,0.8,67,0.008,"depth=3 < 4 and no outgoing: money arrives and stays; in=287,100 KZT over 1 transfers from 1 payer",1,0,287100.0,0.0,1,0,0.0003871718928532024,-1.5569893857636381e-18,0.0,0.0,,3,False,False,True,0
100000008715887100,terminal,0.8,46,0.0022,"depth=3 < 4 and no outgoing: money arrives and stays; in=18,000 KZT over 1 transfers from 1 payer",1,0,18000.0,0.0,1,0,0.0002883786942425816,-3.4166596382477484e-17,0.0,0.0,,3,False,False,True,1
100000000560751100,terminal,0.8,55,0.0058,"depth=3 < 4 and no outgoing: money arrives and stays; in=25,000 KZT over 1 transfers from 1 payer",1,0,25000.0,0.0,1,0,0.0005524500973404954,-5.515702773971273e-19,0.0,0.0,,3,False,False,True,0
100000008708207100,terminal,0.8,80,0.0125,"depth=3 < 4 and no outgoing: money arrives and stays; in=465,000 KZT over 2 transfers from 2 payers",2,0,465000.0,0.0,2,0,0.000359786904729812,1.3667134867903272e-06,0.0,0.0,,3,False,False,True,0
100000003152964100,abstained_single_observation,0.0,82,0.0183,"abstained on a single observation: in_tx=1, out_tx=1, fewer than 3 transfers is not a stable ratio",1,1,141847.0,5500.0,1,1,0.0003144293427145815,0.0016044117981357546,-2.347623865126829e-19,0.03877417217142414,3.0,3,False,False,False,0
100000004991812100,terminal,0.8,44,0.0028,"depth=3 < 4 and no outgoing: money arrives and stays; in=10,000 KZT over 1 transfers from 1 payer",1,0,10000.0,0.0,1,0,0.0003463600077195248,-1.5569893857636381e-18,0.0,0.0,,3,False,False,True,0
100000000291908100,peripheral,0.4,48,0.0123,"no rule threshold met: in_deg=1, out_deg=1, in=295,500, out=13,300 KZT",1,1,295500.0,13300.0,5,1,0.0007065527083396985,-1.0584136944965696e-18,-2.347623865126829e-19,0.045008460236886635,4.0,3,False,False,False,0
100000003132484100,terminal,0.8,80,0.0067,"depth=3 < 4 and no outgoing: money arrives and stays; in=90,000 KZT over 1 transfers from 1 payer",1,0,90000.0,0.0,1,0,0.0005388233251189463,-5.515702773971273e-19,0.0,0.0,,3,False,False,True,0
100000004077081100,peripheral,0.4,24,0.0293,"no rule threshold met: in_deg=1, out_deg=4, in=140,000, out=615,000 KZT",1,4,140000.0,615000.0,1,6,0.0002901065785876618,0.0029401740801701572,0.0012387799203847488,4.392857142857143,-14.0,3,False,False,False,0
100000004770073100,transit,0.7,47,0.0249,"pass-through 1.00 from a single transfer each way, so the ratio is one observation rather than a rate: in=5,462, out=5,467 KZT, dwell=0d",1,1,5462.4,5466.97,1,1,0.0002878055588504006,0.0006428156846267581,-2.347623865126829e-19,1.0008366285881665,0.0,3,False,False,False,0
100000003163886100,terminal,0.8,35,0.0161,"depth=3 < 4 and no outgoing: money arrives and stays; in=500,000 KZT over 1 transfers from 1 payer",1,0,500000.0,0.0,1,0,0.000733835068059369,3.283226661442996e-08,0.0,0.0,,3,False,False,True,0
100000000795374100,terminal,0.8,82,0.0165,"depth=3 < 4 and no outgoing: money arrives and stays; in=50,000 KZT over 1 transfers from 1 payer",1,0,50000.0,0.0,1,0,0.000295742244120105,0.0016044117981357546,0.0,0.0,,3,False,False,True,0
100000002391278100,peripheral,0.4,31,0.0038,"no rule threshold met: in_deg=1, out_deg=1, in=30,000, out=52,700 KZT",1,1,30000.0,52700.0,5,2,0.00039132234113293455,-1.5711443432498958e-18,1.2626060685758789e-05,1.7566666666666666,1.0,3,False,False,False,0
100000004635886100,terminal,0.8,20,0.0028,"depth=3 < 4 and no outgoing: money arrives and stays; in=23,000 KZT over 1 transfers from 1 payer",1,0,23000.0,0.0,1,0,0.00029245851948138613,5.2569836528821505e-05,0.0,0.0,,3,False,False,True,0
100000000413678100,peripheral,0.4,82,0.035,"no rule threshold met: in_deg=2, out_deg=3, in=306,500, out=528,198 KZT",2,3,306500.0,528198.0,2,18,0.0003006988541738493,0.003053831317065057,-1.98808325405983e-18,1.723321370309951,-13.0,3,False,False,False,0
100000008659950100,terminal,0.8,66,0.0064,"depth=3 < 4 and no outgoing: money arrives and stays; in=246,000 KZT over 1 transfers from 1 payer",1,0,246000.0,0.0,1,0,0.0003208665270804813,2.6125683863354694e-07,0.0,0.0,,3,False,False,True,0
100000003964910100,terminal,0.8,36,0.0255,"depth=3 < 4 and no outgoing: money arrives and stays; in=1,000,000 KZT over 2 transfers from 2 payers",2,0,1000000.0,0.0,2,0,0.0005093616966720346,0.00025203681383134994,0.0,0.0,,3,False,False,True,0
100000008764654100,terminal,0.8,46,0.0024,"depth=3 < 4 and no outgoing: money arrives and stays; in=26,150 KZT over 1 transfers from 1 payer",1,0,26150.0,0.0,1,0,0.00028965072814292185,-3.4166596382477484e-17,0.0,0.0,,3,False,False,True,1
100000005830339100,peripheral,0.4,24,0.08,"no rule threshold met: in_deg=5, out_deg=1, in=476,341, out=339,251 KZT",5,1,476341.0,339251.0,12,1,0.0003636000613544035,0.007245941145139961,0.0001978542212307263,0.7122019729563485,20.0,3,False,False,False,0
100000002032323100,peripheral,0.4,66,0.0084,"no rule threshold met: in_deg=1, out_deg=1, in=300,000, out=1,050,000 KZT",1,1,300000.0,1050000.0,1,2,0.0004040501867995857,4.8678295324276736e-08,-2.347623865126829e-19,3.5,-1.0,3,False,False,False,0
100000008668099100,terminal,0.8,46,0.0022,"depth=3 < 4 and no outgoing: money arrives and stays; in=15,700 KZT over 1 transfers from 1 payer",1,0,15700.0,0.0,1,0,0.00028801971535046103,-3.4166596382477484e-17,0.0,0.0,,3,False,False,True,1
100000008634520100,terminal,0.8,66,0.0035,"depth=3 < 4 and no outgoing: money arrives and stays; in=90,000 KZT over 1 transfers from 1 payer",1,0,90000.0,0.0,1,0,0.0002984829159965065,2.6125683863354694e-07,0.0,0.0,,3,False,False,True,0
100000002103448100,terminal,0.8,46,0.0024,"depth=3 < 4 and no outgoing: money arrives and stays; in=27,000 KZT over 1 transfers from 1 payer",1,0,27000.0,0.0,1,0,0.00028978339425522726,-3.4166596382477484e-17,0.0,0.0,,3,False,False,True,1
100000005996909100,terminal,0.8,53,0.0024,"depth=3 < 4 and no outgoing: money arrives and stays; in=5,500 KZT over 1 transfers from 1 payer",1,0,5500.0,0.0,1,0,0.0003159496060023001,2.7299583225372094e-06,0.0,0.0,,3,False,False,True,0
100000007392365100,peripheral,0.4,70,0.0268,"no rule threshold met: in_deg=1, out_deg=6, in=9,613, out=1,765,600 KZT",1,6,9613.0,1765600.0,1,9,0.00028611069806057095,0.0029057816552165096,-7.6299279722499e-18,183.66794965151357,-26.0,3,False,False,False,0
100000008279405100,terminal,0.8,82,0.0201,"depth=3 < 4 and no outgoing: money arrives and stays; in=234,738 KZT over 2 transfers from 1 payer",1,0,234738.0,0.0,2,0,0.00033332885250302887,0.0016044117981357546,0.0,0.0,,3,False,False,True,0
100000008343874100,peripheral,0.4,82,0.0191,"no rule threshold met: in_deg=2, out_deg=2, in=283,535, out=176,400 KZT",2,2,283535.0,176400.0,2,5,0.0003076522795593044,0.0012112988871823514,-9.009757596449287e-19,0.6221454141464017,2.0,3,False,False,False,0
100000002548759100,terminal,0.8,80,0.0103,"depth=3 < 4 and no outgoing: money arrives and stays; in=375,000 KZT over 2 transfers from 2 payers",2,0,375000.0,0.0,2,0,0.0003085290301049609,5.186948352978088e-06,0.0,0.0,,3,False,False,True,0
100000003069463100,abstained_single_observation,0.0,76,0.0021,"abstained on a single observation: in_tx=1, out_tx=1, fewer than 3 transfers is not a stable ratio",1,1,11500.0,17920.0,1,1,0.0002884531759834947,-3.8178954906251595e-18,-2.347623865126829e-19,1.5582608695652174,9.0,3,False,False,False,0
100000008474391100,terminal,0.8,44,0.0038,"depth=3 < 4 and no outgoing: money arrives and stays; in=20,000 KZT over 1 transfers from 1 payer",1,0,20000.0,0.0,1,0,0.00040715072122175946,-1.5569893857636381e-18,0.0,0.0,,3,False,False,True,0
100000003097324100,terminal,0.8,59,0.0092,"depth=3 < 4 and no outgoing: money arrives and stays; in=294,000 KZT over 2 transfers from 2 payers",2,0,294000.0,0.0,2,0,0.0003260131114572473,2.322127342356939e-06,0.0,0.0,,3,False,False,True,0
100000001852140100,terminal,0.8,51,0.0092,"depth=3 < 4 and no outgoing: money arrives and stays; in=30,000 KZT over 1 transfers from 1 payer",1,0,30000.0,0.0,1,0,0.0008047208113868999,-5.515702773971273e-19,0.0,0.0,,3,False,False,True,10
100000003293377100,terminal,0.8,90,0.0278,"depth=3 < 4 and no outgoing: money arrives and stays; in=50,000 KZT over 1 transfers from 1 payer",1,0,50000.0,0.0,1,0,0.00028718975292099435,0.0029401740801701572,0.0,0.0,,3,False,False,True,0
100000006048193100,terminal,0.8,47,0.0124,"depth=3 < 4 and no outgoing: money arrives and stays; in=41,559 KZT over 1 transfers from 1 payer",1,0,41559.0,0.0,1,0,0.00029641085375483673,0.0011379074330901454,0.0,0.0,,3,False,False,True,0
100000002435265100,terminal,0.8,47,0.0289,"depth=3 < 4 and no outgoing: money arrives and stays; in=132,628 KZT over 3 transfers from 1 payer",1,0,132628.0,0.0,3,0,0.00029303889880759863,0.0029057816552165096,0.0,0.0,,3,False,False,True,0
100000004587414100,terminal,0.8,90,0.0477,"depth=3 < 4 and no outgoing: money arrives and stays; in=533,603 KZT over 2 transfers from 2 payers",2,0,533603.0,0.0,2,0,0.00031487177064037594,0.004072112523818769,0.0,0.0,,3,False,False,True,0
100000001726614100,terminal,0.8,47,0.014,"depth=3 < 4 and no outgoing: money arrives and stays; in=138,717 KZT over 1 transfers from 1 payer",1,0,138717.0,0.0,1,0,0.0002978710303376358,0.0011319384436486095,0.0,0.0,,3,False,False,True,0
100000003934614100,peripheral,0.4,87,0.0046,"no rule threshold met: in_deg=2, out_deg=1, in=17,000, out=11,500 KZT",2,1,17000.0,11500.0,2,2,0.0003134906893691786,1.777313481279205e-05,6.456347802894152e-08,0.6764705882352942,7.0,3,False,False,False,0
100000008772246100,terminal,0.8,46,0.0027,"depth=3 < 4 and no outgoing: money arrives and stays; in=44,500 KZT over 1 transfers from 1 payer",1,0,44500.0,0.0,1,0,0.0002925147553909273,-3.4166596382477484e-17,0.0,0.0,,3,False,False,True,1
100000002603371100,terminal,0.8,47,0.0076,"depth=3 < 4 and no outgoing: money arrives and stays; in=9,300 KZT over 1 transfers from 1 payer",1,0,9300.0,0.0,1,0,0.0002893766428347344,0.0006428156846267581,0.0,0.0,,3,False,False,True,0
100000004445291100,terminal,0.8,64,0.0027,"depth=3 < 4 and no outgoing: money arrives and stays; in=19,500 KZT over 2 transfers from 1 payer",1,0,19500.0,0.0,2,0,0.00031923942351721183,2.5006817420069356e-06,0.0,0.0,,3,False,False,True,0
100000008571243100,terminal,0.8,49,0.0044,"depth=3 < 4 and no outgoing: money arrives and stays; in=134,000 KZT over 1 transfers from 1 payer",1,0,134000.0,0.0,1,0,0.00030626343281042674,5.689711791595825e-08,0.0,0.0,,3,False,False,True,0
100000001138283100,peripheral,0.4,82,0.0171,"no rule threshold met: in_deg=1, out_deg=2, in=81,805, out=50,000 KZT",1,2,81805.0,50000.0,1,2,0.0003022132575532854,0.0016044117981357546,0.0010542924770865676,0.6112095837662734,-13.0,3,False,False,False,0
100000002593344100,terminal,0.8,80,0.0119,"depth=3 < 4 and no outgoing: money arrives and stays; in=431,000 KZT over 2 transfers from 2 payers",2,0,431000.0,0.0,2,0,0.00035896158975109305,3.0248244130220813e-07,0.0,0.0,,3,False,False,True,0
100000007390016100,peripheral,0.4,71,0.0308,"no rule threshold met: in_deg=1, out_deg=1, in=511,000, out=346,500 KZT",1,1,511000.0,346500.0,13,14,0.0018430013608097028,-5.515702773971273e-19,0.0013224128230704864,0.678082191780822,0.0,3,False,False,False,0
100000001285440100,terminal,0.8,59,0.0083,"depth=3 < 4 and no outgoing: money arrives and stays; in=243,000 KZT over 2 transfers from 2 payers",2,0,243000.0,0.0,2,0,0.0003203647790984489,3.3043791419682795e-06,0.0,0.0,,3,False,False,True,0
100000006746688100,terminal,0.8,46,0.0026,"depth=3 < 4 and no outgoing: money arrives and stays; in=41,000 KZT over 1 transfers from 1 payer",1,0,41000.0,0.0,1,0,0.0002919684831637872,-3.4166596382477484e-17,0.0,0.0,,3,False,False,True,1
100000006471232100,terminal,0.8,46,0.0027,"depth=3 < 4 and no outgoing: money arrives and stays; in=41,800 KZT over 1 transfers from 1 payer",1,0,41800.0,0.0,1,0,0.00029209334538713355,-3.4166596382477484e-17,0.0,0.0,,3,False,False,True,1
100000008662805100,terminal,0.8,46,0.0022,"depth=3 < 4 and no outgoing: money arrives and stays; in=16,500 KZT over 1 transfers from 1 payer",1,0,16500.0,0.0,1,0,0.0002881445775738073,-3.4166596382477484e-17,0.0,0.0,,3,False,False,True,1
100000004292885100,terminal,0.8,46,0.004,"depth=3 < 4 and no outgoing: money arrives and stays; in=112,700 KZT over 1 transfers from 1 payer",1,0,112700.0,0.0,1,0,0.00030315925993119793,-3.4166596382477484e-17,0.0,0.0,,3,False,False,True,1
100000008190442100,terminal,0.8,46,0.0021,"depth=3 < 4 and no outgoing: money arrives and stays; in=13,000 KZT over 1 transfers from 1 payer",1,0,13000.0,0.0,1,0,0.00028759830534666735,-3.4166596382477484e-17,0.0,0.0,,3,False,False,True,1
100000007131370100,transit,0.7,53,0.0348,"pass-through 1.00 from a single transfer each way, so the ratio is one observation rather than a rate: in=30,000, out=30,000 KZT, dwell=-5d",1,1,30000.0,30000.0,1,1,0.0008999890359090004,-2.034076640383946e-18,1.5429536913845683e-05,1.0,-5.0,3,False,False,False,0
100000008717802100,terminal,0.8,46,0.0024,"depth=3 < 4 and no outgoing: money arrives and stays; in=26,150 KZT over 1 transfers from 1 payer",1,0,26150.0,0.0,1,0,0.00028965072814292185,-3.4166596382477484e-17,0.0,0.0,,3,False,False,True,1
100000005357034100,terminal,0.8,47,0.0268,"depth=3 < 4 and no outgoing: money arrives and stays; in=9,754 KZT over 1 transfers from 1 payer",1,0,9754.0,0.0,1,0,0.0002861186391759254,0.0029057816552165096,0.0,0.0,,3,False,False,True,0
100000005532138100,terminal,0.8,29,0.0033,"depth=3 < 4 and no outgoing: money arrives and stays; in=25,046 KZT over 1 transfers from 1 payer",1,0,25046.0,0.0,1,0,0.00029379367547638043,0.00010831189958102141,0.0,0.0,,3,False,False,True,0
100000005264874100,peripheral,0.4,83,0.0042,"no rule threshold met: in_deg=1, out_deg=2, in=30,000, out=78,000 KZT",1,2,30000.0,78000.0,1,3,0.00042829267239375183,-1.5569893857636381e-18,-1.9696606491428443e-18,2.6,-19.0,3,False,False,False,0
100000008193258100,peripheral,0.4,36,0.0053,"no rule threshold met: in_deg=1, out_deg=1, in=75,000, out=30,000 KZT",1,1,75000.0,30000.0,2,1,0.0002973742227437991,0.00023334462577838773,-2.347623865126829e-19,0.4,13.0,3,False,False,False,0
100000003190207100,peripheral,0.4,34,0.0021,"no rule threshold met: in_deg=1, out_deg=1, in=5,000, out=377,000 KZT",1,1,5000.0,377000.0,1,8,0.0002991258827616197,1.0303697761772069e-06,-2.347623865126829e-19,75.4,-5.0,3,False,False,False,0
100000004321983100,peripheral,0.4,31,0.0026,"no rule threshold met: in_deg=1, out_deg=2, in=10,840, out=36,200 KZT",1,2,10840.0,36200.0,1,3,0.00032378139516947633,-1.5711443432498958e-18,-1.5613442323671722e-18,3.339483394833948,-23.0,3,False,False,False,0
100000002633108100,terminal,0.8,45,0.0086,"depth=3 < 4 and no outgoing: money arrives and stays; in=320,000 KZT over 3 transfers from 1 payer",1,0,320000.0,0.0,3,0,0.00037601781938067727,2.441379038302993e-05,0.0,0.0,,3,False,False,True,0
100000005941908100,terminal,0.8,45,0.0074,"depth=3 < 4 and no outgoing: money arrives and stays; in=10,000 KZT over 1 transfers from 1 payer",1,0,10000.0,0.0,1,0,0.0006923487710335436,-5.515702773971273e-19,0.0,0.0,,3,False,False,True,0
100000001835625100,terminal,0.8,90,0.0282,"depth=3 < 4 and no outgoing: money arrives and stays; in=75,130 KZT over 1 transfers from 1 payer",1,0,75130.0,0.0,1,0,0.00028800419546547607,0.0029401740801701572,0.0,0.0,,3,False,False,True,0
100000008671081100,terminal,0.8,46,0.0026,"depth=3 < 4 and no outgoing: money arrives and stays; in=37,200 KZT over 1 transfers from 1 payer",1,0,37200.0,0.0,1,0,0.0002913753876028924,-3.4166596382477484e-17,0.0,0.0,,3,False,False,True,1
100000002908521100,terminal,0.8,46,0.0027,"depth=3 < 4 and no outgoing: money arrives and stays; in=44,500 KZT over 1 transfers from 1 payer",1,0,44500.0,0.0,1,0,0.0002925147553909273,-3.4166596382477484e-17,0.0,0.0,,3,False,False,True,1
100000000749118100,abstained_single_observation,0.0,47,0.0268,"abstained on a single observation: in_tx=1, out_tx=1, fewer than 3 transfers is not a stable ratio",1,1,10330.0,16500.0,1,1,0.0002861510794769479,0.0029057816552165096,-2.347623865126829e-19,1.5972894482090998,19.0,3,False,False,False,0
100000008652094100,terminal,0.8,47,0.0272,"depth=3 < 4 and no outgoing: money arrives and stays; in=35,000 KZT over 1 transfers from 1 payer",1,0,35000.0,0.0,1,0,0.000287540493064146,0.0029057816552165096,0.0,0.0,,3,False,False,True,0
100000007647294100,terminal,0.8,88,0.0121,"depth=3 < 4 and no outgoing: money arrives and stays; in=385,000 KZT over 1 transfers from 1 payer",1,0,385000.0,0.0,1,0,0.0005792181286000663,-3.3613942345134943e-18,0.0,0.0,,3,False,False,True,0
100000003270419100,terminal,0.8,55,0.0116,"depth=3 < 4 and no outgoing: money arrives and stays; in=150,000 KZT over 1 transfers from 1 payer",1,0,150000.0,0.0,1,0,0.0008334814098706011,-1.0584136944965696e-18,0.0,0.0,,3,False,False,True,0
100000003050771100,terminal,0.8,55,0.009,"depth=3 < 4 and no outgoing: money arrives and stays; in=229,000 KZT over 1 transfers from 1 payer",1,0,229000.0,0.0,1,0,0.0003703398485850226,0.00025946008779307336,0.0,0.0,,3,False,False,True,0
100000008427027100,terminal,0.8,24,0.0104,"depth=3 < 4 and no outgoing: money arrives and stays; in=300,000 KZT over 1 transfers from 1 payer",1,0,300000.0,0.0,1,0,0.0005512640793595224,3.716916996432978e-06,0.0,0.0,,3,False,False,True,0
100000004291560100,terminal,0.8,47,0.0274,"depth=3 < 4 and no outgoing: money arrives and stays; in=47,190 KZT over 1 transfers from 1 payer",1,0,47190.0,0.0,1,0,0.0002882270334625224,0.0029057816552165096,0.0,0.0,,3,False,False,True,0
100000003594472100,terminal,0.8,60,0.0027,"depth=3 < 4 and no outgoing: money arrives and stays; in=20,000 KZT over 1 transfers from 1 payer",1,0,20000.0,0.0,1,0,0.0002944536874283019,4.7473559650461097e-05,0.0,0.0,,3,False,False,True,0
100000002575080100,transit,0.7,53,0.0186,"pass-through 0.96 from a single transfer each way, so the ratio is one observation rather than a rate: in=13,000, out=12,500 KZT, dwell=0d",1,1,13000.0,12500.0,1,1,0.0005518178489503647,-2.034076640383946e-18,-2.347623865126829e-19,0.9615384615384616,0.0,3,False,False,False,0
100000008038077100,terminal,0.8,90,0.0354,"depth=3 < 4 and no outgoing: money arrives and stays; in=499,850 KZT over 2 transfers from 1 payer",1,0,499850.0,0.0,2,0,0.0003017690198782206,0.0029401740801701572,0.0,0.0,,3,False,False,True,0
100000003899325100,terminal,0.8,82,0.004,"depth=3 < 4 and no outgoing: money arrives and stays; in=50,120 KZT over 1 transfers from 1 payer",1,0,50120.0,0.0,1,0,0.0002966402059541674,0.00013028037772058027,0.0,0.0,,3,False,False,True,0
100000001155773100,terminal,0.8,46,0.0023,"depth=3 < 4 and no outgoing: money arrives and stays; in=21,500 KZT over 1 transfers from 1 payer",1,0,21500.0,0.0,1,0,0.00028892496646972155,-3.4166596382477484e-17,0.0,0.0,,3,False,False,True,1
100000000611474100,terminal,0.8,44,0.0065,"depth=3 < 4 and no outgoing: money arrives and stays; in=32,000 KZT over 1 transfers from 1 payer",1,0,32000.0,0.0,1,0,0.0005956216679555992,-5.515702773971273e-19,0.0,0.0,,3,False,False,True,0
100000006704530100,transit,0.7,76,0.0362,"pass_through=0.95: in=450,500, out=428,000 KZT, dwell=-11d",1,3,450500.0,428000.0,1,5,0.00039854222775425723,-3.8178954906251595e-18,-1.98808325405983e-18,0.9500554938956715,-11.0,3,False,False,False,0
100000003996562100,terminal,0.8,47,0.0026,"depth=3 < 4 and no outgoing: money arrives and stays; in=7,700 KZT over 1 transfers from 1 payer",1,0,7700.0,0.0,1,0,0.00032817368818376504,2.3509417958786865e-06,0.0,0.0,,3,False,False,True,0
100000002646887100,terminal,0.8,66,0.0024,"depth=3 < 4 and no outgoing: money arrives and stays; in=24,354 KZT over 1 transfers from 1 payer",1,0,24354.0,0.0,1,0,0.00029518757307712095,4.8678295324276736e-08,0.0,0.0,,3,False,False,True,0
100000002556775100,terminal,0.8,90,0.032,"depth=3 < 4 and no outgoing: money arrives and stays; in=300,000 KZT over 1 transfers from 1 payer",1,0,300000.0,0.0,1,0,0.00029529204643951516,0.0029401740801701572,0.0,0.0,,3,False,False,True,0
100000002722108100,terminal,0.8,54,0.0157,"depth=3 < 4 and no outgoing: money arrives and stays; in=800,000 KZT over 2 transfers from 1 payer",1,0,800000.0,0.0,2,0,0.0003236747727313084,3.7941363435134803e-07,0.0,0.0,,3,False,False,True,0
100000002737980100,terminal,0.8,20,0.003,"depth=3 < 4 and no outgoing: money arrives and stays; in=32,900 KZT over 1 transfers from 1 payer",1,0,32900.0,0.0,1,0,0.0002954238816602796,5.2569836528821505e-05,0.0,0.0,,3,False,False,True,0
100000002913340100,terminal,0.8,46,0.0023,"depth=3 < 4 and no outgoing: money arrives and stays; in=23,600 KZT over 1 transfers from 1 payer",1,0,23600.0,0.0,1,0,0.0002892527298060056,-3.4166596382477484e-17,0.0,0.0,,3,False,False,True,1
100000003610172100,terminal,0.8,90,0.0281,"depth=3 < 4 and no outgoing: money arrives and stays; in=70,000 KZT over 1 transfers from 1 payer",1,0,70000.0,0.0,1,0,0.000287837936402476,0.0029401740801701572,0.0,0.0,,3,False,False,True,0
100000001052945100,peripheral,0.4,72,0.0032,"no rule threshold met: in_deg=1, out_deg=3, in=56,520, out=1,595,700 KZT",1,3,56520.0,1595700.0,1,6,0.00030154476497427343,2.441379038302993e-05,-1.98808325405983e-18,28.23248407643312,17.0,3,False,False,False,0
100000002369510100,terminal,0.8,46,0.0026,"depth=3 < 4 and no outgoing: money arrives and stays; in=37,150 KZT over 1 transfers from 1 payer",1,0,37150.0,0.0,1,0,0.00029136758371393326,-3.4166596382477484e-17,0.0,0.0,,3,False,False,True,1
100000001954534100,abstained_single_observation,0.0,47,0.0039,"abstained on a single observation: in_tx=1, out_tx=1, fewer than 3 transfers is not a stable ratio",1,1,13000.0,40000.0,1,1,0.0003659515092221351,8.275375969691394e-05,-2.347623865126829e-19,3.076923076923077,21.0,3,False,False,False,0
100000008488166100,terminal,0.8,46,0.002,"depth=3 < 4 and no outgoing: money arrives and stays; in=5,600 KZT over 1 transfers from 1 payer",1,0,5600.0,0.0,1,0,0.0002864433297807142,-3.4166596382477484e-17,0.0,0.0,,3,False,False,True,1
100000005100475100,terminal,0.8,29,0.0032,"depth=3 < 4 and no outgoing: money arrives and stays; in=40,000 KZT over 1 transfers from 1 payer",1,0,40000.0,0.0,1,0,0.0003377497462501427,-1.5569893857636381e-18,0.0,0.0,,3,False,False,True,0
100000002708624100,terminal,0.8,64,0.0029,"depth=3 < 4 and no outgoing: money arrives and stays; in=25,000 KZT over 1 transfers from 1 payer",1,0,25000.0,0.0,1,0,0.0003287361266530872,2.5006817420069356e-06,0.0,0.0,,3,False,False,True,0
100000004591973100,abstained_single_observation,0.0,43,0.0035,"abstained on a single observation: in_tx=1, out_tx=1, fewer than 3 transfers is not a stable ratio",1,1,10000.0,100000.0,1,1,0.0003991316698685005,-1.5569893857636381e-18,-2.347623865126829e-19,10.0,-6.0,3,False,False,False,0
100000000802149100,terminal,0.8,47,0.0134,"depth=3 < 4 and no outgoing: money arrives and stays; in=104,128 KZT over 1 transfers from 1 payer",1,0,104128.0,0.0,1,0,0.00029480359988090277,0.0011319384436486095,0.0,0.0,,3,False,False,True,0
100000003095610100,terminal,0.8,49,0.0024,"depth=3 < 4 and no outgoing: money arrives and stays; in=23,665 KZT over 1 transfers from 1 payer",1,0,23665.0,0.0,1,0,0.0002943864531167937,6.407022407262363e-07,0.0,0.0,,3,False,False,True,0
100000004183610100,peripheral,0.4,55,0.003,"no rule threshold met: in_deg=1, out_deg=1, in=22,000, out=915,000 KZT",1,1,22000.0,915000.0,1,3,0.00034076272266534053,4.2599461439362225e-08,-2.347623865126829e-19,41.59090909090909,-10.0,3,False,False,False,0
100000005198906100,abstained_single_observation,0.0,90,0.0308,"abstained on a single observation: in_tx=1, out_tx=1, fewer than 3 transfers is not a stable ratio",1,1,227970.0,60000.0,1,1,0.0002929576136309589,0.0029401740801701572,-2.347623865126829e-19,0.26319252533228055,-14.0,3,False,False,False,0
100000008599354100,peripheral,0.4,47,0.0151,"no rule threshold met: in_deg=1, out_deg=1, in=177,000, out=38,200 KZT",1,1,177000.0,38200.0,1,2,0.00033174355341856386,0.0011379074330901454,0.000688338459940953,0.21581920903954802,10.0,3,False,False,False,0
100000001303311100,terminal,0.8,59,0.0343,"depth=3 < 4 and no outgoing: money arrives and stays; in=1,324,000 KZT over 5 transfers from 5 payers",5,0,1324000.0,0.0,5,0,0.0005016994290161631,3.913903256317109e-06,0.0,0.0,,3,False,False,True,0
100000008776420100,terminal,0.8,46,0.0032,"depth=3 < 4 and no outgoing: money arrives and stays; in=69,500 KZT over 1 transfers from 1 payer",1,0,69500.0,0.0,1,0,0.0002964166998704986,-3.4166596382477484e-17,0.0,0.0,,3,False,False,True,1
100000004737764100,terminal,0.8,24,0.017,"depth=3 < 4 and no outgoing: money arrives and stays; in=600,000 KZT over 1 transfers from 1 payer",1,0,600000.0,0.0,1,0,0.000676622422754616,-5.515702773971273e-19,0.0,0.0,,3,False,False,True,0
100000003154105100,peripheral,0.4,78,0.0064,"no rule threshold met: in_deg=1, out_deg=7, in=60,000, out=338,000 KZT",1,7,60000.0,338000.0,1,9,0.0005506807965745357,-1.0584136944965696e-18,-1.0014866199096059e-17,5.633333333333334,0.0,3,False,False,False,0
100000008708025100,terminal,0.8,50,0.0024,"depth=3 < 4 and no outgoing: money arrives and stays; in=10,000 KZT over 1 transfers from 1 payer",1,0,10000.0,0.0,1,0,0.0003092890887695534,-2.500714748775719e-18,0.0,0.0,,3,False,False,True,0
100000008740793100,terminal,0.8,46,0.0023,"depth=3 < 4 and no outgoing: money arrives and stays; in=21,000 KZT over 1 transfers from 1 payer",1,0,21000.0,0.0,1,0,0.00028884692758013016,-3.4166596382477484e-17,0.0,0.0,,3,False,False,True,1
100000008459449100,terminal,0.8,47,0.0126,"depth=3 < 4 and no outgoing: money arrives and stays; in=53,700 KZT over 1 transfers from 1 payer",1,0,53700.0,0.0,1,0,0.000299578094890219,0.0011379074330901454,0.0,0.0,,3,False,False,True,0
100000008677518100,terminal,0.8,46,0.0028,"depth=3 < 4 and no outgoing: money arrives and stays; in=48,700 KZT over 1 transfers from 1 payer",1,0,48700.0,0.0,1,0,0.00029317028206349527,-3.4166596382477484e-17,0.0,0.0,,3,False,False,True,1
100000002212494100,terminal,0.8,60,0.0059,"depth=3 < 4 and no outgoing: money arrives and stays; in=160,000 KZT over 1 transfers from 1 payer",1,0,160000.0,0.0,1,0,0.0003566444399053839,4.7473559650461097e-05,0.0,0.0,,3,False,False,True,0
100000001825934100,abstained_single_observation,0.0,83,0.005,"abstained on a single observation: in_tx=1, out_tx=1, fewer than 3 transfers is not a stable ratio",1,1,40000.0,97000.0,1,1,0.00047586713178590575,-1.5569893857636381e-18,-2.347623865126829e-19,2.425,-5.0,3,False,False,False,0
100000003736419100,abstained_single_observation,0.0,47,0.012,"abstained on a single observation: in_tx=1, out_tx=1, fewer than 3 transfers is not a stable ratio",1,1,23300.0,10000.0,1,1,0.00029164760065452,0.0011379074330901454,-2.347623865126829e-19,0.4291845493562232,0.0,3,False,False,False,0
100000008430691100,peripheral,0.4,73,0.0026,"no rule threshold met: in_deg=1, out_deg=2, in=20,000, out=604,900 KZT",1,2,20000.0,604900.0,1,2,0.0003069779355111288,1.0123575772455793e-05,1.1080982558808075e-06,30.245,0.0,3,False,False,False,0
100000003073635100,terminal,0.8,82,0.018,"depth=3 < 4 and no outgoing: money arrives and stays; in=129,231 KZT over 1 transfers from 1 payer",1,0,129231.0,0.0,1,0,0.00031186250399510335,0.0016044117981357546,0.0,0.0,,3,False,False,True,0
100000001686328100,terminal,0.8,80,0.0046,"depth=3 < 4 and no outgoing: money arrives and stays; in=140,000 KZT over 1 transfers from 1 payer",1,0,140000.0,0.0,1,0,0.0003150543933476945,9.056546053455498e-08,0.0,0.0,,3,False,False,True,0
100000008707810100,terminal,0.8,46,0.0024,"depth=3 < 4 and no outgoing: money arrives and stays; in=26,200 KZT over 1 transfers from 1 payer",1,0,26200.0,0.0,1,0,0.000289658532031881,-3.4166596382477484e-17,0.0,0.0,,3,False,False,True,1
100000001236706100,peripheral,0.4,55,0.0418,"no rule threshold met: in_deg=3, out_deg=2, in=142,700, out=36,000 KZT",3,2,142700.0,36000.0,3,2,0.0007662915221773773,0.0032252163606305674,-9.009757596449287e-19,0.25227750525578135,5.0,3,False,False,False,0
100000008536546100,terminal,0.8,59,0.0084,"depth=3 < 4 and no outgoing: money arrives and stays; in=250,000 KZT over 2 transfers from 2 payers",2,0,250000.0,0.0,2,0,0.00031725287200167396,2.566429867032242e-06,0.0,0.0,,3,False,False,True,0
100000007140834100,terminal,0.8,29,0.0076,"depth=3 < 4 and no outgoing: money arrives and stays; in=10,200 KZT over 2 transfers from 1 payer",1,0,10200.0,0.0,2,0,0.0007122600056993933,-5.515702773971273e-19,0.0,0.0,,3,False,False,True,0
100000007022818100,terminal,0.8,46,0.0022,"depth=3 < 4 and no outgoing: money arrives and stays; in=17,200 KZT over 1 transfers from 1 payer",1,0,17200.0,0.0,1,0,0.00028825383201923533,-3.4166596382477484e-17,0.0,0.0,,3,False,False,True,1
100000007484343100,terminal,0.8,47,0.0387,"depth=3 < 4 and no outgoing: money arrives and stays; in=26,757 KZT over 2 transfers from 2 payers",2,0,26757.0,0.0,2,0,0.00028913342255287915,0.004043689088306653,0.0,0.0,,3,False,False,True,0
100000001379511100,terminal,0.8,66,0.0031,"depth=3 < 4 and no outgoing: money arrives and stays; in=55,000 KZT over 1 transfers from 1 payer",1,0,55000.0,0.0,1,0,0.00030729079119071103,4.8678295324276736e-08,0.0,0.0,,3,False,False,True,0
100000004569484100,peripheral,0.4,49,0.0061,"no rule threshold met: in_deg=2, out_deg=4, in=98,312, out=156,000 KZT",2,4,98312.0,156000.0,3,4,0.0003193810040919852,2.717206435412198e-05,9.1904049582817e-05,1.586784929611848,3.0,3,False,False,False,0
100000002948492100,terminal,0.8,45,0.0026,"depth=3 < 4 and no outgoing: money arrives and stays; in=23,660 KZT over 1 transfers from 1 payer",1,0,23660.0,0.0,1,0,0.00029225683204655813,2.441379038302993e-05,0.0,0.0,,3,False,False,True,0
100000002116705100,terminal,0.8,46,0.0022,"depth=3 < 4 and no outgoing: money arrives and stays; in=17,600 KZT over 1 transfers from 1 payer",1,0,17600.0,0.0,1,0,0.00028831626313090844,-3.4166596382477484e-17,0.0,0.0,,3,False,False,True,1
100000002481974100,peripheral,0.4,82,0.0071,"no rule threshold met: in_deg=2, out_deg=2, in=89,447, out=318,000 KZT",2,2,89447.0,318000.0,2,4,0.0003316686610389907,0.00015098213758675243,-9.009757596449287e-19,3.5551779265934016,9.0,3,False,False,False,0
100000003920950100,terminal,0.8,29,0.0096,"depth=3 < 4 and no outgoing: money arrives and stays; in=323,290 KZT over 1 transfers from 1 payer",1,0,323290.0,0.0,1,0,0.00039172837020751925,0.00010831189958102141,0.0,0.0,,3,False,False,True,0
100000000733451100,peripheral,0.4,55,0.0064,"no rule threshold met: in_deg=1, out_deg=1, in=70,000, out=300,000 KZT",1,1,70000.0,300000.0,2,1,0.0005412616148555019,-1.0584136944965696e-18,-2.347623865126829e-19,4.285714285714286,-12.0,3,False,False,False,0
100000005182219100,terminal,0.8,90,0.0308,"depth=3 < 4 and no outgoing: money arrives and stays; in=55,000 KZT over 2 transfers from 2 payers",2,0,55000.0,0.0,2,0,0.0003541294978841431,0.0029644584467877107,0.0,0.0,,3,False,False,True,0
100000008633099100,abstained_single_observation,0.0,29,0.0032,"abstained on a single observation: in_tx=1, out_tx=1, fewer than 3 transfers is not a stable ratio",1,1,19468.0,13500.0,1,1,0.00029196202177266705,0.00010831189958102141,-2.347623865126829e-19,0.6934456544072324,8.0,3,False,False,False,0
100000001380107100,terminal,0.8,35,0.002,"depth=3 < 4 and no outgoing: money arrives and stays; in=6,000 KZT over 1 transfers from 1 payer",1,0,6000.0,0.0,1,0,0.00029094848350339516,3.283226661442996e-08,0.0,0.0,,3,False,False,True,0
100000008755168100,terminal,0.8,46,0.0022,"depth=3 < 4 and no outgoing: money arrives and stays; in=17,600 KZT over 1 transfers from 1 payer",1,0,17600.0,0.0,1,0,0.00028831626313090844,-3.4166596382477484e-17,0.0,0.0,,3,False,False,True,1
100000002628576100,peripheral,0.4,90,0.066,"no rule threshold met: in_deg=2, out_deg=2, in=727,882, out=539,000 KZT",2,2,727882.0,539000.0,3,2,0.0003113901539132382,0.005845955735386669,-9.009757596449287e-19,0.7405046422359668,6.0,3,False,False,False,0
100000001611488100,terminal,0.8,90,0.0497,"depth=3 < 4 and no outgoing: money arrives and stays; in=779,300 KZT over 3 transfers from 2 payers",2,0,779300.0,0.0,3,0,0.0008775368508533145,0.0029640653644055766,0.0,0.0,,3,False,False,True,0
100000005375968100,peripheral,0.4,47,0.0296,"no rule threshold met: in_deg=1, out_deg=2, in=170,082, out=86,000 KZT",1,2,170082.0,86000.0,1,4,0.00029514830685360255,0.0029057816552165096,-9.009757596449287e-19,0.5056384567443939,-22.0,3,False,False,False,0
100000003581109100,terminal,0.8,47,0.0273,"depth=3 < 4 and no outgoing: money arrives and stays; in=42,750 KZT over 1 transfers from 1 payer",1,0,42750.0,0.0,1,0,0.000287976972808807,0.0029057816552165096,0.0,0.0,,3,False,False,True,0
100000002933386100,abstained_single_observation,0.0,24,0.0069,"abstained on a single observation: in_tx=1, out_tx=1, fewer than 3 transfers is not a stable ratio",1,1,15000.0,58000.0,1,1,0.0006527823249129193,-5.515702773971273e-19,-2.347623865126829e-19,3.8666666666666667,-14.0,3,False,False,False,0
100000002284426100,terminal,0.8,90,0.0284,"depth=3 < 4 and no outgoing: money arrives and stays; in=90,000 KZT over 2 transfers from 1 payer",1,0,90000.0,0.0,2,0,0.00028848611988395765,0.0029401740801701572,0.0,0.0,,3,False,False,True,0
100000008579978100,peripheral,0.4,90,0.0275,"no rule threshold met: in_deg=1, out_deg=1, in=34,000, out=77,000 KZT",1,1,34000.0,77000.0,1,6,0.00028667120613580906,0.0029401740801701572,-2.347623865126829e-19,2.264705882352941,-1.0,3,False,False,False,0
100000001549194100,terminal,0.8,45,0.003,"depth=3 < 4 and no outgoing: money arrives and stays; in=46,500 KZT over 1 transfers from 1 payer",1,0,46500.0,0.0,1,0,0.0002987125955300949,2.441379038302993e-05,0.0,0.0,,3,False,False,True,0
100000001427082100,peripheral,0.4,78,0.004,"no rule threshold met: in_deg=1, out_deg=5, in=5,000, out=124,900 KZT",1,5,5000.0,124900.0,1,6,0.0004392450523980493,-9.833402203280586e-19,-6.560953922781712e-18,24.98,-8.0,3,False,False,False,0
100000004657034100,terminal,0.8,90,0.0293,"depth=3 < 4 and no outgoing: money arrives and stays; in=141,250 KZT over 1 transfers from 1 payer",1,0,141250.0,0.0,1,0,0.0002901470900552544,0.0029401740801701572,0.0,0.0,,3,False,False,True,0
100000003796063100,peripheral,0.4,90,0.0077,"no rule threshold met: in_deg=1, out_deg=15, in=35,000, out=959,150 KZT",1,15,35000.0,959150.0,1,23,0.0006852648705720556,-5.515702773971273e-19,0.0025957794878545123,27.404285714285713,-11.0,3,False,False,False,0
100000005268319100,peripheral,0.4,47,0.0078,"no rule threshold met: in_deg=1, out_deg=5, in=19,713, out=91,000 KZT",1,5,19712.8,91000.0,2,10,0.0002936395632308336,0.0006428156846267581,0.0002980233001288052,4.6162899232985675,0.0,3,False,False,False,0
100000008744799100,terminal,0.8,46,0.0021,"depth=3 < 4 and no outgoing: money arrives and stays; in=12,600 KZT over 1 transfers from 1 payer",1,0,12600.0,0.0,1,0,0.0002875358742349942,-3.4166596382477484e-17,0.0,0.0,,3,False,False,True,1
100000008677215100,terminal,0.8,44,0.0023,"depth=3 < 4 and no outgoing: money arrives and stays; in=9,000 KZT over 1 transfers from 1 payer",1,0,9000.0,0.0,1,0,0.00030437671563686035,3.197873696213818e-06,0.0,0.0,,3,False,False,True,0
100000007593823100,peripheral,0.4,47,0.0427,"no rule threshold met: in_deg=3, out_deg=13, in=25,000, out=162,900 KZT",3,13,25000.0,162900.0,3,21,0.00029059209456347635,0.0043031491760997295,0.0014877923405594486,6.516,-2.0,3,False,False,False,0
100000001282143100,terminal,0.8,54,0.0393,"depth=3 < 4 and no outgoing: money arrives and stays; in=1,700,000 KZT over 6 transfers from 5 payers",5,0,1700000.0,0.0,6,0,0.0004017630614327044,7.822619918910056e-06,0.0,0.0,,3,False,False,True,0
100000008029279100,terminal,0.8,82,0.0159,"depth=3 < 4 and no outgoing: money arrives and stays; in=17,000 KZT over 1 transfers from 1 payer",1,0,17000.0,0.0,1,0,0.00028902809718424723,0.0016044117981357546,0.0,0.0,,3,False,False,True,0
100000000594783100,peripheral,0.4,67,0.0602,"no rule threshold met: in_deg=1, out_deg=2, in=2,635,000, out=152,500 KZT",1,2,2635000.0,152500.0,10,2,0.0013815888060884824,-2.016172846655441e-18,-3.540106354681864e-18,0.05787476280834915,2.0,3,False,False,False,0
100000002705460100,terminal,0.8,20,0.0072,"depth=3 < 4 and no outgoing: money arrives and stays; in=95,000 KZT over 1 transfers from 1 payer",1,0,95000.0,0.0,1,0,0.0005577272422551425,1.6867790827473277e-05,0.0,0.0,,3,False,False,True,0
100000002952756100,terminal,0.8,33,0.0037,"depth=3 < 4 and no outgoing: money arrives and stays; in=47,000 KZT over 1 transfers from 1 payer",1,0,47000.0,0.0,1,0,0.0003677090010006233,2.463136811645008e-07,0.0,0.0,,3,False,False,True,0
100000004634420100,terminal,0.8,46,0.0024,"depth=3 < 4 and no outgoing: money arrives and stays; in=26,150 KZT over 1 transfers from 1 payer",1,0,26150.0,0.0,1,0,0.00028965072814292185,-3.4166596382477484e-17,0.0,0.0,,3,False,False,True,1
100000000583220100,peripheral,0.4,89,0.0021,"no rule threshold met: in_deg=1, out_deg=1, in=5,000, out=761,255 KZT",1,1,5000.0,761255.0,1,4,0.0002981132552282107,4.2599461439362225e-08,-2.347623865126829e-19,152.251,-21.0,3,False,False,False,0
100000003286537100,terminal,0.8,80,0.0065,"depth=3 < 4 and no outgoing: money arrives and stays; in=153,000 KZT over 2 transfers from 2 payers",2,0,153000.0,0.0,2,0,0.0003010947151858357,3.242362659875333e-06,0.0,0.0,,3,False,False,True,0
100000002958345100,terminal,0.8,54,0.0072,"depth=3 < 4 and no outgoing: money arrives and stays; in=307,000 KZT over 1 transfers from 1 payer",1,0,307000.0,0.0,1,0,0.0003001922715970447,3.7941363435134803e-07,0.0,0.0,,3,False,False,True,0
100000005055454100,terminal,0.8,25,0.0049,"depth=3 < 4 and no outgoing: money arrives and stays; in=6,500 KZT over 1 transfers from 1 payer",1,0,6500.0,0.0,1,0,0.0005059810158324249,-1.0250460588477176e-18,0.0,0.0,,3,False,False,True,3
100000008738526100,abstained_single_observation,0.0,59,0.0022,"abstained on a single observation: in_tx=1, out_tx=1, fewer than 3 transfers is not a stable ratio",1,1,15000.0,140000.0,1,1,0.0002874522211122586,1.2902818407764393e-06,-2.347623865126829e-19,9.333333333333334,5.0,3,False,False,False,0
100000001298099100,terminal,0.8,49,0.0023,"depth=3 < 4 and no outgoing: money arrives and stays; in=19,000 KZT over 1 transfers from 1 payer",1,0,19000.0,0.0,1,0,0.00029264835692975865,6.407022407262363e-07,0.0,0.0,,3,False,False,True,0
100000006491272100,terminal,0.8,46,0.0024,"depth=3 < 4 and no outgoing: money arrives and stays; in=26,200 KZT over 1 transfers from 1 payer",1,0,26200.0,0.0,1,0,0.000289658532031881,-3.4166596382477484e-17,0.0,0.0,,3,False,False,True,1
100000000552584100,peripheral,0.4,67,0.0572,"no rule threshold met: in_deg=1, out_deg=1, in=2,500,000, out=57,500 KZT",1,1,2500000.0,57500.0,3,1,0.0013254360037725011,-2.016172846655441e-18,-1.453931654198528e-18,0.023,4.0,3,False,False,False,0
100000005187208100,terminal,0.8,90,0.0034,"depth=3 < 4 and no outgoing: money arrives and stays; in=14,160 KZT over 1 transfers from 1 payer",1,0,14160.0,0.0,1,0,0.00031197078423773135,0.00010694239102769045,0.0,0.0,,3,False,False,True,0
100000003528285100,coordinator,0.5,24,0.1708,"both sides active: in_deg=4, out_deg=4, in=118,870, out=548,000 KZT",4,4,118870.0,548000.0,5,6,0.0004042756455484536,0.004721828211159706,0.0006432388314910019,4.6100782367292,-11.0,3,False,False,False,0
100000001484381100,terminal,0.8,49,0.0058,"depth=3 < 4 and no outgoing: money arrives and stays; in=95,585 KZT over 4 transfers from 2 payers",2,0,95585.0,0.0,4,0,0.0003213079861341866,3.3989762118184644e-06,0.0,0.0,,3,False,False,True,0
100000002508637100,abstained_single_observation,0.0,82,0.0079,"abstained on a single observation: in_tx=1, out_tx=1, fewer than 3 transfers is not a stable ratio",1,1,306410.0,8000.0,1,1,0.0003073926335674684,7.936044353374143e-05,-2.347623865126829e-19,0.02610880845925394,12.0,3,False,False,False,0
100000003149149100,terminal,0.8,90,0.0311,"depth=3 < 4 and no outgoing: money arrives and stays; in=245,000 KZT over 1 transfers from 1 payer",1,0,245000.0,0.0,1,0,0.00029350954186544055,0.0029401740801701572,0.0,0.0,,3,False,False,True,0
100000001538095100,terminal,0.8,54,0.009,"depth=3 < 4 and no outgoing: money arrives and stays; in=280,000 KZT over 2 transfers from 2 payers",2,0,280000.0,0.0,2,0,0.000330135226662397,3.0512336499083485e-06,0.0,0.0,,3,False,False,True,0
100000008695133100,terminal,0.8,46,0.0026,"depth=3 < 4 and no outgoing: money arrives and stays; in=36,610 KZT over 1 transfers from 1 payer",1,0,36610.0,0.0,1,0,0.0002912833017131745,-3.4166596382477484e-17,0.0,0.0,,3,False,False,True,1
100000008749405100,terminal,0.8,46,0.0026,"depth=3 < 4 and no outgoing: money arrives and stays; in=37,150 KZT over 1 transfers from 1 payer",1,0,37150.0,0.0,1,0,0.00029136758371393326,-3.4166596382477484e-17,0.0,0.0,,3,False,False,True,1
100000005815602100,abstained_single_observation,0.0,20,0.0057,"abstained on a single observation: in_tx=1, out_tx=1, fewer than 3 transfers is not a stable ratio",1,1,20000.0,165000.0,1,1,0.0005521710322392142,-5.515702773971273e-19,-2.347623865126829e-19,8.25,19.0,3,False,False,False,0
100000006641671100,transit,0.7,82,0.0674,"pass_through=1.14: in=22,000, out=25,000 KZT, dwell=-7d",2,1,22000.0,25000.0,2,3,0.00043999110799823783,0.0016549922964933595,1.0250042922726683e-05,1.1363636363636365,-7.0,3,False,False,False,0
100000002945031100,terminal,0.8,55,0.0044,"depth=3 < 4 and no outgoing: money arrives and stays; in=15,000 KZT over 1 transfers from 1 payer",1,0,15000.0,0.0,1,0,0.0002911219506169233,0.00025946008779307336,0.0,0.0,,3,False,False,True,0
100000003497735100,terminal,0.8,57,0.005,"depth=3 < 4 and no outgoing: money arrives and stays; in=125,000 KZT over 1 transfers from 1 payer",1,0,125000.0,0.0,1,0,0.0003069462106171267,8.448073393743234e-05,0.0,0.0,,3,False,False,True,0
100000004644615100,peripheral,0.4,33,0.0039,"no rule threshold met: in_deg=1, out_deg=2, in=50,810, out=379,665 KZT",1,2,50810.0,379665.0,1,14,0.00037436756021008076,2.463136811645008e-07,-9.009757596449287e-19,7.472249557173785,-1.0,3,False,False,False,0
100000002755292100,terminal,0.8,90,0.0304,"depth=3 < 4 and no outgoing: money arrives and stays; in=203,400 KZT over 1 transfers from 1 payer",1,0,203400.0,0.0,1,0,0.0002921613202239587,0.0029401740801701572,0.0,0.0,,3,False,False,True,0
100000005142492100,abstained_single_observation,0.0,29,0.0233,"abstained on a single observation: in_tx=1, out_tx=1, fewer than 3 transfers is not a stable ratio",1,1,10000.0,57000.0,1,1,0.0019077900971988563,-5.515702773971273e-19,1.3505684297642065e-05,5.7,0.0,3,False,False,False,0
100000002893020100,terminal,0.8,49,0.0023,"depth=3 < 4 and no outgoing: money arrives and stays; in=18,340 KZT over 1 transfers from 1 payer",1,0,18340.0,0.0,1,0,0.00029240245264606243,6.407022407262363e-07,0.0,0.0,,3,False,False,True,0
100000004500444100,peripheral,0.4,45,0.0093,"no rule threshold met: in_deg=2, out_deg=1, in=180,000, out=74,000 KZT",2,1,180000.0,74000.0,7,5,0.0004643947559108723,2.4610560408907644e-05,-2.347623865126829e-19,0.4111111111111111,12.0,3,False,False,False,0
100000008454065100,terminal,0.8,45,0.0026,"depth=3 < 4 and no outgoing: money arrives and stays; in=24,050 KZT over 1 transfers from 1 payer",1,0,24050.0,0.0,1,0,0.000292367066186601,2.441379038302993e-05,0.0,0.0,,3,False,False,True,0
100000008416433100,terminal,0.8,45,0.0025,"depth=3 < 4 and no outgoing: money arrives and stays; in=20,000 KZT over 1 transfers from 1 payer",1,0,20000.0,0.0,1,0,0.0002912223270400019,2.441379038302993e-05,0.0,0.0,,3,False,False,True,0
100000005265073100,abstained_single_observation,0.0,34,0.0021,"abstained on a single observation: in_tx=1, out_tx=1, fewer than 3 transfers is not a stable ratio",1,1,5000.0,9000.0,1,1,0.0002991258827616197,1.0303697761772069e-06,-2.347623865126829e-19,1.8,-14.0,3,False,False,False,0
100000006734214100,peripheral,0.4,90,0.0919,"no rule threshold met: in_deg=5, out_deg=3, in=610,000, out=36,000 KZT",5,3,610000.0,36000.0,10,4,0.0006063901366273065,0.008009424579136558,-1.98808325405983e-18,0.05901639344262295,8.0,3,False,False,False,0
100000002611334100,abstained_single_observation,0.0,47,0.0084,"abstained on a single observation: in_tx=1, out_tx=1, fewer than 3 transfers is not a stable ratio",1,1,48288.0,15500.0,1,1,0.00030533803078063905,0.0006428156846267581,-2.347623865126829e-19,0.3209907223326706,27.0,3,False,False,False,0
100000006225798100,peripheral,0.4,36,0.0704,"no rule threshold met: in_deg=3, out_deg=2, in=722,000, out=26,300 KZT",3,2,722000.0,26300.0,4,2,0.00035996892038230765,0.006079300361165054,-9.009757596449287e-19,0.03642659279778394,-3.0,3,False,False,False,0
100000002849158100,peripheral,0.4,80,0.0184,"no rule threshold met: in_deg=3, out_deg=1, in=723,000, out=1,313,000 KZT",3,1,723000.0,1313000.0,3,3,0.0003362455684917419,7.90722209663423e-06,-2.347623865126829e-19,1.8160442600276625,-6.0,3,False,False,False,0
100000008686214100,terminal,0.8,82,0.0035,"depth=3 < 4 and no outgoing: money arrives and stays; in=25,000 KZT over 1 transfers from 1 payer",1,0,25000.0,0.0,1,0,0.00029772792993778484,0.0001215992847483939,0.0,0.0,,3,False,False,True,0
100000004931931100,abstained_single_observation,0.0,47,0.012,"abstained on a single observation: in_tx=1, out_tx=1, fewer than 3 transfers is not a stable ratio",1,1,23938.0,45000.0,1,1,0.0002918140366848613,0.0011379074330901454,-2.347623865126829e-19,1.8798562954298605,3.0,3,False,False,False,0
100000007510875100,terminal,0.8,80,0.0029,"depth=3 < 4 and no outgoing: money arrives and stays; in=5,000 KZT over 1 transfers from 1 payer",1,0,5000.0,0.0,1,0,0.0003562462601707578,1.8482033469451292e-07,0.0,0.0,,3,False,False,True,0
100000005233755100,abstained_single_observation,0.0,36,0.0063,"abstained on a single observation: in_tx=1, out_tx=1, fewer than 3 transfers is not a stable ratio",1,1,25000.0,5000.0,1,1,0.0002916076698087035,0.00046590181504893824,-2.347623865126829e-19,0.2,0.0,3,False,False,False,0
100000008042075100,terminal,0.8,67,0.002,"depth=3 < 4 and no outgoing: money arrives and stays; in=5,000 KZT over 1 transfers from 1 payer",1,0,5000.0,0.0,1,0,0.0002919566745724343,-1.496635708606496e-18,0.0,0.0,,3,False,False,True,0
100000001680944100,terminal,0.8,59,0.0092,"depth=3 < 4 and no outgoing: money arrives and stays; in=393,000 KZT over 1 transfers from 1 payer",1,0,393000.0,0.0,1,0,0.0003455898843992659,3.559127087373899e-07,0.0,0.0,,3,False,False,True,0
100000008417029100,terminal,0.8,80,0.0038,"depth=3 < 4 and no outgoing: money arrives and stays; in=100,000 KZT over 1 transfers from 1 payer",1,0,100000.0,0.0,1,0,0.00030663007931043616,9.056546053455498e-08,0.0,0.0,,3,False,False,True,0
100000004975919100,peripheral,0.4,82,0.016,"no rule threshold met: in_deg=1, out_deg=2, in=22,351, out=15,000 KZT",1,2,22351.0,15000.0,1,2,0.00029011680628284646,0.0016044117981357546,-9.009757596449287e-19,0.6711109122634334,-19.0,3,False,False,False,0
100000003087877100,terminal,0.8,82,0.0042,"depth=3 < 4 and no outgoing: money arrives and stays; in=91,486 KZT over 1 transfers from 1 payer",1,0,91486.0,0.0,1,0,0.0002920851717140769,7.936044353374143e-05,0.0,0.0,,3,False,False,True,0
100000008295429100,terminal,0.8,90,0.0329,"depth=3 < 4 and no outgoing: money arrives and stays; in=352,000 KZT over 1 transfers from 1 payer",1,0,352000.0,0.0,1,0,0.00029697732349136745,0.0029401740801701572,0.0,0.0,,3,False,False,True,0
100000003254277100,transit,0.7,47,0.0915,"pass-through 0.91 from a single transfer each way, so the ratio is one observation rather than a rate: in=49,200, out=44,997 KZT, dwell=0d",1,1,49200.0,44997.0,1,1,0.00028834023659629897,0.0029057816552165096,-2.347623865126829e-19,0.9145731707317073,0.0,3,False,False,False,0
100000005314565100,terminal,0.8,47,0.0122,"depth=3 < 4 and no outgoing: money arrives and stays; in=218,500 KZT over 3 transfers from 1 payer",1,0,218500.0,0.0,3,0,0.00037502151711100556,0.0006428156846267581,0.0,0.0,,3,False,False,True,0
100000002951898100,terminal,0.8,45,0.0029,"depth=3 < 4 and no outgoing: money arrives and stays; in=39,990 KZT over 1 transfers from 1 payer",1,0,39990.0,0.0,1,0,0.00029687253334630224,2.441379038302993e-05,0.0,0.0,,3,False,False,True,0
100000001009583100,terminal,0.8,90,0.0336,"depth=3 < 4 and no outgoing: money arrives and stays; in=393,740 KZT over 1 transfers from 1 payer",1,0,393740.0,0.0,1,0,0.0002983300824172197,0.0029401740801701572,0.0,0.0,,3,False,False,True,0
100000004064431100,abstained_single_observation,0.0,41,0.0024,"abstained on a single observation: in_tx=1, out_tx=1, fewer than 3 transfers is not a stable ratio",1,1,26000.0,10000.0,1,1,0.00029105344694629973,-3.859139032054935e-18,-2.347623865126829e-19,0.38461538461538464,2.0,3,False,False,False,2
100000001927599100,terminal,0.8,49,0.0074,"depth=3 < 4 and no outgoing: money arrives and stays; in=188,000 KZT over 2 transfers from 2 payers",2,0,188000.0,0.0,2,0,0.0003272554677154647,6.975993586421004e-07,0.0,0.0,,3,False,False,True,0
100000007737775100,terminal,0.8,39,0.0022,"depth=3 < 4 and no outgoing: money arrives and stays; in=6,000 KZT over 1 transfers from 1 payer",1,0,6000.0,0.0,1,0,0.0003031296267653485,9.977809550664115e-07,0.0,0.0,,3,False,False,True,0
100000003157679100,terminal,0.8,80,0.0177,"depth=3 < 4 and no outgoing: money arrives and stays; in=541,000 KZT over 4 transfers from 4 payers",4,0,541000.0,0.0,4,0,0.0003728530959036685,1.958930231676307e-06,0.0,0.0,,3,False,False,True,0
100000001229743100,abstained_single_observation,0.0,47,0.0075,"abstained on a single observation: in_tx=1, out_tx=1, fewer than 3 transfers is not a stable ratio",1,1,7000.0,9000.0,1,1,0.0002884350404884847,0.0006428156846267581,-2.347623865126829e-19,1.2857142857142858,6.0,3,False,False,False,0
100000003795588100,terminal,0.8,47,0.0186,"depth=3 < 4 and no outgoing: money arrives and stays; in=400,000 KZT over 2 transfers from 1 payer",1,0,400000.0,0.0,2,0,0.00032104219550652103,0.0011319384436486095,0.0,0.0,,3,False,False,True,0
100000002301828100,terminal,0.8,36,0.0047,"depth=3 < 4 and no outgoing: money arrives and stays; in=46,977 KZT over 1 transfers from 1 payer",1,0,46977.0,0.0,1,0,0.0002929634292491543,0.00023334462577838773,0.0,0.0,,3,False,False,True,0
100000005409156100,terminal,0.8,90,0.0358,"depth=3 < 4 and no outgoing: money arrives and stays; in=260,080 KZT over 2 transfers from 2 payers",2,0,260080.0,0.0,2,0,0.00042393100512820077,0.0030471164711978476,0.0,0.0,,3,False,False,True,0
100000002513028100,peripheral,0.4,74,0.0025,"no rule threshold met: in_deg=1, out_deg=3, in=9,500, out=332,709 KZT",1,3,9500.0,332709.0,1,24,0.0003055978968624257,2.3891284235420504e-05,-1.98808325405983e-18,35.022,-28.0,3,False,False,False,0
100000003218308100,terminal,0.8,47,0.0268,"depth=3 < 4 and no outgoing: money arrives and stays; in=11,165 KZT over 1 transfers from 1 payer",1,0,11165.0,0.0,1,0,0.0002861981066494372,0.0029057816552165096,0.0,0.0,,3,False,False,True,0
100000008489604100,terminal,0.8,46,0.0021,"depth=3 < 4 and no outgoing: money arrives and stays; in=11,000 KZT over 1 transfers from 1 payer",1,0,11000.0,0.0,1,0,0.0002872861497883016,-3.4166596382477484e-17,0.0,0.0,,3,False,False,True,1
100000004450649100,peripheral,0.4,90,0.0329,"no rule threshold met: in_deg=2, out_deg=2, in=192,528, out=46,527 KZT",2,2,192528.0,46527.0,2,2,0.00029895522393245586,0.0030246548141075885,0.0005807834290096288,0.24166355023684866,-10.0,3,False,False,False,0
100000008767065100,terminal,0.8,59,0.0021,"depth=3 < 4 and no outgoing: money arrives and stays; in=10,000 KZT over 1 transfers from 1 payer",1,0,10000.0,0.0,1,0,0.0002870965356977476,3.559127087373899e-07,0.0,0.0,,3,False,False,True,0
100000003035737100,peripheral,0.4,90,0.0446,"no rule threshold met: in_deg=2, out_deg=1, in=809,170, out=6,545 KZT",2,1,809170.0,6544.53,3,1,0.00037881127846399476,0.0030704544578907377,-2.347623865126829e-19,0.008087954323566123,9.0,3,False,False,False,0
100000002748761100,terminal,0.8,54,0.0157,"depth=3 < 4 and no outgoing: money arrives and stays; in=796,800 KZT over 3 transfers from 1 payer",1,0,796800.0,0.0,3,0,0.00032352235081725233,3.7941363435134803e-07,0.0,0.0,,3,False,False,True,0
100000008432942100,terminal,0.8,47,0.0274,"depth=3 < 4 and no outgoing: money arrives and stays; in=44,542 KZT over 2 transfers from 1 payer",1,0,44542.0,0.0,2,0,0.00028807789818976597,0.0029057816552165096,0.0,0.0,,3,False,False,True,0
100000004278574100,abstained_single_observation,0.0,90,0.0273,"abstained on a single observation: in_tx=1, out_tx=1, fewer than 3 transfers is not a stable ratio",1,1,25000.0,12500.0,1,1,0.00028637952356914227,0.0029401740801701572,-2.347623865126829e-19,0.5,11.0,3,False,False,False,0
100000000926766100,abstained_single_observation,0.0,64,0.0026,"abstained on a single observation: in_tx=1, out_tx=1, fewer than 3 transfers is not a stable ratio",1,1,18750.0,6000.0,1,1,0.00031794441854413795,2.5006817420069356e-06,8.933928360066833e-09,0.32,0.0,3,False,False,False,0
100000008661550100,terminal,0.8,46,0.0023,"depth=3 < 4 and no outgoing: money arrives and stays; in=22,800 KZT over 1 transfers from 1 payer",1,0,22800.0,0.0,1,0,0.0002891278675826593,-3.4166596382477484e-17,0.0,0.0,,3,False,False,True,1
100000000783406100,terminal,0.8,88,0.002,"depth=3 < 4 and no outgoing: money arrives and stays; in=6,066 KZT over 1 transfers from 1 payer",1,0,6066.0,0.0,1,0,0.0002901959794883705,-3.3613942345134943e-18,0.0,0.0,,3,False,False,True,0
100000008730371100,terminal,0.8,47,0.0297,"depth=3 < 4 and no outgoing: money arrives and stays; in=520,000 KZT over 3 transfers from 2 payers",2,0,520000.0,0.0,3,0,0.0008583627263123951,0.0011409886868429476,0.0,0.0,,3,False,False,True,0
100000002878467100,terminal,0.8,66,0.0075,"depth=3 < 4 and no outgoing: money arrives and stays; in=200,000 KZT over 2 transfers from 2 payers",2,0,200000.0,0.0,2,0,0.0003144036421217601,2.341315345775224e-06,0.0,0.0,,3,False,False,True,0
100000003171587100,peripheral,0.4,90,0.0415,"no rule threshold met: in_deg=2, out_deg=2, in=700,000, out=431,300 KZT",2,2,700000.0,431300.0,2,7,0.0003160184159302093,0.0030195345237038996,-9.009757596449287e-19,0.6161428571428571,4.0,3,False,False,False,0
100000002696152100,peripheral,0.4,39,0.0143,"no rule threshold met: in_deg=1, out_deg=2, in=21,800, out=69,000 KZT",1,2,21800.0,69000.0,3,8,0.0012050605596790795,-5.515702773971273e-19,-1.7592774470363397e-18,3.165137614678899,1.0,3,False,False,False,0
100000002109656100,terminal,0.8,54,0.0105,"depth=3 < 4 and no outgoing: money arrives and stays; in=500,000 KZT over 1 transfers from 1 payer",1,0,500000.0,0.0,1,0,0.00030938521828855153,3.7941363435134803e-07,0.0,0.0,,3,False,False,True,0
100000001317336100,peripheral,0.4,60,0.0052,"no rule threshold met: in_deg=1, out_deg=2, in=131,196, out=1,752,000 KZT",1,2,131196.0,1752000.0,1,3,0.0003438491368028848,4.7473559650461097e-05,-9.009757596449287e-19,13.354065672733924,-4.0,3,False,False,False,0
100000005222360100,abstained_single_observation,0.0,45,0.0061,"abstained on a single observation: in_tx=1, out_tx=1, fewer than 3 transfers is not a stable ratio",1,1,5000.0,27000.0,1,1,0.0006008605701429409,-5.515702773971273e-19,1.4913309642744392e-06,5.4,4.0,3,False,False,False,0
100000001445848100,peripheral,0.4,88,0.0164,"no rule threshold met: in_deg=1, out_deg=1, in=546,000, out=351,850 KZT",1,1,546000.0,351850.0,13,14,0.0007020167320692274,-3.3613942345134943e-18,2.2189932694765114e-05,0.6444139194139195,-4.0,3,False,False,False,0
100000008720856100,peripheral,0.4,90,0.0035,"no rule threshold met: in_deg=1, out_deg=1, in=18,105, out=46,000 KZT",1,1,18105.0,46000.0,1,2,0.0003193262841057144,0.00010694239102769045,-2.347623865126829e-19,2.5407346037006353,-11.0,3,False,False,False,0
100000002448088100,peripheral,0.4,78,0.0089,"no rule threshold met: in_deg=3, out_deg=1, in=20,000, out=25,000 KZT",3,1,20000.0,25000.0,3,1,0.0005086560796474189,-5.4876689084096684e-18,-2.347623865126829e-19,1.25,5.0,3,False,False,False,0
100000003109805100,terminal,0.8,36,0.0046,"depth=3 < 4 and no outgoing: money arrives and stays; in=36,929 KZT over 1 transfers from 1 payer",1,0,36929.0,0.0,1,0,0.00029138188362469615,0.00023334462577838773,0.0,0.0,,3,False,False,True,0
100000008223661100,peripheral,0.4,66,0.0075,"no rule threshold met: in_deg=2, out_deg=5, in=202,000, out=262,580 KZT",2,5,202000.0,262580.0,2,5,0.0003146691750223816,2.341315345775224e-06,0.0013472917058290766,1.29990099009901,-6.0,3,False,False,False,0
100000004096559100,terminal,0.8,29,0.0117,"depth=3 < 4 and no outgoing: money arrives and stays; in=46,200 KZT over 1 transfers from 1 payer",1,0,46200.0,0.0,1,0,0.0009765877187482832,-5.515702773971273e-19,0.0,0.0,,3,False,False,True,0
100000002257794100,terminal,0.8,41,0.012,"depth=3 < 4 and no outgoing: money arrives and stays; in=154,000 KZT over 1 transfers from 1 payer",1,0,154000.0,0.0,1,0,0.0008606341011324336,-5.515702773971273e-19,0.0,0.0,,3,False,False,True,2
100000003112578100,terminal,0.8,54,0.0036,"depth=3 < 4 and no outgoing: money arrives and stays; in=101,080 KZT over 1 transfers from 1 payer",1,0,101080.0,0.0,1,0,0.0002903839214275364,3.7941363435134803e-07,0.0,0.0,,3,False,False,True,0
100000007020162100,terminal,0.8,45,0.0038,"depth=3 < 4 and no outgoing: money arrives and stays; in=86,395 KZT over 1 transfers from 1 payer",1,0,86395.0,0.0,1,0,0.00030998898275319905,2.441379038302993e-05,0.0,0.0,,3,False,False,True,0
100000001934935100,terminal,0.8,47,0.0287,"depth=3 < 4 and no outgoing: money arrives and stays; in=118,935 KZT over 1 transfers from 1 payer",1,0,118935.0,0.0,1,0,0.0002922677094987416,0.0029057816552165096,0.0,0.0,,3,False,False,True,0
100000002663511100,terminal,0.8,47,0.0163,"depth=3 < 4 and no outgoing: money arrives and stays; in=268,940 KZT over 1 transfers from 1 payer",1,0,268940.0,0.0,1,0,0.00030941949939910455,0.0011319384436486095,0.0,0.0,,3,False,False,True,0
100000003338583100,terminal,0.8,41,0.0023,"depth=3 < 4 and no outgoing: money arrives and stays; in=21,765 KZT over 1 transfers from 1 payer",1,0,21765.0,0.0,1,0,0.00029016016283832456,-3.859139032054935e-18,0.0,0.0,,3,False,False,True,2
100000002904919100,abstained_single_observation,0.0,47,0.0126,"abstained on a single observation: in_tx=1, out_tx=1, fewer than 3 transfers is not a stable ratio",1,1,60325.0,5500.0,1,1,0.00029091905114297234,0.0011319384436486095,-2.347623865126829e-19,0.09117281392457521,-1.0,3,False,False,False,0
100000005127767100,terminal,0.8,79,0.0038,"depth=3 < 4 and no outgoing: money arrives and stays; in=7,000 KZT over 1 transfers from 1 payer",1,0,7000.0,0.0,1,0,0.00042253166627963126,-1.5569893857636381e-18,0.0,0.0,,3,False,False,True,0
100000004066647100,terminal,0.8,57,0.0036,"depth=3 < 4 and no outgoing: money arrives and stays; in=51,000 KZT over 1 transfers from 1 payer",1,0,51000.0,0.0,1,0,0.0002942910761084235,8.448073393743234e-05,0.0,0.0,,3,False,False,True,0
100000002394199100,peripheral,0.4,29,0.0417,"no rule threshold met: in_deg=1, out_deg=1, in=277,398, out=76,777 KZT",1,1,277398.0,76777.0,3,1,0.0029678523915121755,-1.0584136944965696e-18,-8.78216372081626e-19,0.2767756076107254,11.0,3,False,False,False,0
100000003968044100,peripheral,0.4,82,0.0124,"no rule threshold met: in_deg=1, out_deg=3, in=40,000, out=311,000 KZT",1,3,40000.0,311000.0,1,4,0.00029600415505373623,0.0011379074330901454,0.0014579653428758385,7.775,4.0,3,False,False,False,0
100000001808684100,peripheral,0.4,29,0.0143,"no rule threshold met: in_deg=1, out_deg=1, in=48,400, out=37,700 KZT",1,1,48400.0,37700.0,3,2,0.001169095718365901,-1.5569893857636381e-18,1.2421621228127532e-05,0.7789256198347108,-22.0,3,False,False,False,0
100000008097580100,terminal,0.8,82,0.0096,"depth=3 < 4 and no outgoing: money arrives and stays; in=32,000 KZT over 4 transfers from 2 payers",2,0,32000.0,0.0,4,0,0.0006747919200885498,2.408230339707926e-05,0.0,0.0,,3,False,False,True,0
100000008687617100,terminal,0.8,46,0.0027,"depth=3 < 4 and no outgoing: money arrives and stays; in=43,350 KZT over 2 transfers from 1 payer",1,0,43350.0,0.0,2,0,0.00029233526594486694,-3.4166596382477484e-17,0.0,0.0,,3,False,False,True,1
100000005667841100,terminal,0.8,66,0.0072,"depth=3 < 4 and no outgoing: money arrives and stays; in=186,000 KZT over 2 transfers from 2 payers",2,0,186000.0,0.0,2,0,0.00031222556371948457,2.341315345775224e-06,0.0,0.0,,3,False,False,True,0
100000001329153100,terminal,0.8,47,0.0292,"depth=3 < 4 and no outgoing: money arrives and stays; in=150,687 KZT over 1 transfers from 1 payer",1,0,150687.0,0.0,1,0,0.0002940559810926092,0.0029057816552165096,0.0,0.0,,3,False,False,True,0
100000007689942100,peripheral,0.4,57,0.0099,"no rule threshold met: in_deg=1, out_deg=2, in=5,000, out=25,000 KZT",1,2,5000.0,25000.0,1,2,0.0008925911171850267,-1.0584136944965696e-18,8.886969638081916e-05,5.0,-22.0,3,False,False,False,0
100000006476758100,terminal,0.8,33,0.005,"depth=3 < 4 and no outgoing: money arrives and stays; in=5,200 KZT over 1 transfers from 1 payer",1,0,5200.0,0.0,1,0,0.0005168074362570555,9.89739050009065e-07,0.0,0.0,,3,False,False,True,0
100000002184107100,terminal,0.8,88,0.002,"depth=3 < 4 and no outgoing: money arrives and stays; in=6,066 KZT over 1 transfers from 1 payer",1,0,6066.0,0.0,1,0,0.0002901959794883705,-3.3613942345134943e-18,0.0,0.0,,3,False,False,True,0
100000008663723100,terminal,0.8,46,0.0022,"depth=3 < 4 and no outgoing: money arrives and stays; in=15,600 KZT over 1 transfers from 1 payer",1,0,15600.0,0.0,1,0,0.00028800410757254274,-3.4166596382477484e-17,0.0,0.0,,3,False,False,True,1
100000000254336100,peripheral,0.4,47,0.0398,"no rule threshold met: in_deg=2, out_deg=1, in=97,177, out=60,000 KZT",2,1,97177.0,60000.0,2,1,0.00029193514276874746,0.004037720098865118,-2.347623865126829e-19,0.6174300503205491,1.0,3,False,False,False,0
100000008750464100,terminal,0.8,46,0.002,"depth=3 < 4 and no outgoing: money arrives and stays; in=8,500 KZT over 1 transfers from 1 payer",1,0,8500.0,0.0,1,0,0.0002868959553403445,-3.4166596382477484e-17,0.0,0.0,,3,False,False,True,1
100000001530709100,terminal,0.8,47,0.0275,"depth=3 < 4 and no outgoing: money arrives and stays; in=53,961 KZT over 1 transfers from 1 payer",1,0,53961.0,0.0,1,0,0.00028860837595943837,0.0029057816552165096,0.0,0.0,,3,False,False,True,0
100000000656682100,transit,0.7,47,0.0928,"pass_through=1.13: in=71,000, out=80,000 KZT, dwell=-7d",1,2,71000.0,80000.0,1,3,0.0002895680118780549,0.0029057816552165096,-9.009757596449287e-19,1.1267605633802817,-7.0,3,False,False,False,0
100000008755754100,terminal,0.8,54,0.0021,"depth=3 < 4 and no outgoing: money arrives and stays; in=7,000 KZT over 1 transfers from 1 payer",1,0,7000.0,0.0,1,0,0.00029589900207032836,-1.0584136944965696e-18,0.0,0.0,,3,False,False,True,0
100000002691583100,terminal,0.8,76,0.0076,"depth=3 < 4 and no outgoing: money arrives and stays; in=285,200 KZT over 1 transfers from 1 payer",1,0,285200.0,0.0,1,0,0.00035708956201916146,-3.8178954906251595e-18,0.0,0.0,,3,False,False,True,0
100000005241556100,terminal,0.8,59,0.007,"depth=3 < 4 and no outgoing: money arrives and stays; in=100,000 KZT over 1 transfers from 1 payer",1,0,100000.0,0.0,1,0,0.0005490718879795881,-5.515702773971273e-19,0.0,0.0,,3,False,False,True,0
100000004713684100,terminal,0.8,47,0.0273,"depth=3 < 4 and no outgoing: money arrives and stays; in=37,500 KZT over 1 transfers from 1 payer",1,0,37500.0,0.0,1,0,0.00028768129298177857,0.0029057816552165096,0.0,0.0,,3,False,False,True,0
100000006919124100,terminal,0.8,47,0.027,"depth=3 < 4 and no outgoing: money arrives and stays; in=25,000 KZT over 1 transfers from 1 payer",1,0,25000.0,0.0,1,0,0.00028697729339361577,0.0029057816552165096,0.0,0.0,,3,False,False,True,0
100000003006633100,terminal,0.8,88,0.0021,"depth=3 < 4 and no outgoing: money arrives and stays; in=10,000 KZT over 1 transfers from 1 payer",1,0,10000.0,0.0,1,0,0.00029319653666879086,-3.3613942345134943e-18,0.0,0.0,,3,False,False,True,0
100000008306857100,terminal,0.8,54,0.004,"depth=3 < 4 and no outgoing: money arrives and stays; in=125,000 KZT over 1 transfers from 1 payer",1,0,125000.0,0.0,1,0,0.00029152327523510556,3.7941363435134803e-07,0.0,0.0,,3,False,False,True,0
100000003671721100,terminal,0.8,49,0.0055,"depth=3 < 4 and no outgoing: money arrives and stays; in=5,000 KZT over 1 transfers from 1 payer",1,0,5000.0,0.0,1,0,0.0005587421555235828,-5.515702773971273e-19,0.0,0.0,,3,False,False,True,0
100000002613929100,terminal,0.8,80,0.0089,"depth=3 < 4 and no outgoing: money arrives and stays; in=28,560 KZT over 1 transfers from 1 payer",1,0,28560.0,0.0,1,0,0.0007809340979896397,-5.515702773971273e-19,0.0,0.0,,3,False,False,True,0
100000008669310100,terminal,0.8,47,0.0276,"depth=3 < 4 and no outgoing: money arrives and stays; in=59,567 KZT over 2 transfers from 1 payer",1,0,59567.0,0.0,2,0,0.00028892410569473766,0.0029057816552165096,0.0,0.0,,3,False,False,True,0
100000006573438100,terminal,0.8,68,0.0023,"depth=3 < 4 and no outgoing: money arrives and stays; in=5,000 KZT over 1 transfers from 1 payer",1,0,5000.0,0.0,1,0,0.00029908687990621625,2.4284366617553447e-05,0.0,0.0,,3,False,False,True,0
100000006165886100,peripheral,0.4,47,0.0414,"no rule threshold met: in_deg=2, out_deg=1, in=184,481, out=75,000 KZT",2,1,184481.0,75000.0,2,1,0.00029856163893927776,0.004037720098865118,0.0009738286747287275,0.4065459315593476,11.0,3,False,False,False,0
100000008491390100,terminal,0.8,47,0.0272,"depth=3 < 4 and no outgoing: money arrives and stays; in=36,000 KZT over 1 transfers from 1 payer",1,0,36000.0,0.0,1,0,0.00028759681303119905,0.0029057816552165096,0.0,0.0,,3,False,False,True,0
100000005186131100,transit,0.7,47,0.0893,"pass-through 1.00 from a single transfer each way, so the ratio is one observation rather than a rate: in=10,000, out=10,000 KZT, dwell=0d",1,1,10000.0,10000.0,1,1,0.00028613249388782043,0.0029057816552165096,-2.347623865126829e-19,1.0,0.0,3,False,False,False,0
100000001550419100,terminal,0.8,45,0.0026,"depth=3 < 4 and no outgoing: money arrives and stays; in=23,000 KZT over 1 transfers from 1 payer",1,0,23000.0,0.0,1,0,0.00029207028196340864,2.441379038302993e-05,0.0,0.0,,3,False,False,True,0
100000004979283100,terminal,0.8,49,0.0027,"depth=3 < 4 and no outgoing: money arrives and stays; in=40,132 KZT over 1 transfers from 1 payer",1,0,40132.0,0.0,1,0,0.00030052176499501573,6.407022407262363e-07,0.0,0.0,,3,False,False,True,0
100000002537811100,abstained_single_observation,0.0,33,0.0152,"abstained on a single observation: in_tx=1, out_tx=1, fewer than 3 transfers is not a stable ratio",1,1,52000.0,15000.0,1,1,0.001231377724947645,-1.0584136944965696e-18,-2.347623865126829e-19,0.28846153846153844,-8.0,3,False,False,False,0
100000002990675100,terminal,0.8,90,0.0278,"depth=3 < 4 and no outgoing: money arrives and stays; in=51,143 KZT over 1 transfers from 1 payer",1,0,51143.0,0.0,1,0,0.000287226796606961,0.0029401740801701572,0.0,0.0,,3,False,False,True,0
100000008763688100,terminal,0.8,46,0.0023,"depth=3 < 4 and no outgoing: money arrives and stays; in=21,000 KZT over 1 transfers from 1 payer",1,0,21000.0,0.0,1,0,0.00028884692758013016,-3.4166596382477484e-17,0.0,0.0,,3,False,False,True,1
100000002809896100,terminal,0.8,49,0.0027,"depth=3 < 4 and no outgoing: money arrives and stays; in=38,000 KZT over 1 transfers from 1 payer",1,0,38000.0,0.0,1,0,0.0002997274196422272,6.407022407262363e-07,0.0,0.0,,3,False,False,True,0
100000008716072100,terminal,0.8,46,0.0021,"depth=3 < 4 and no outgoing: money arrives and stays; in=12,100 KZT over 1 transfers from 1 payer",1,0,12100.0,0.0,1,0,0.00028745783534540274,-3.4166596382477484e-17,0.0,0.0,,3,False,False,True,1
100000001279272100,peripheral,0.4,47,0.016,"no rule threshold met: in_deg=1, out_deg=2, in=250,000, out=136,758 KZT",1,2,250000.0,136758.0,1,2,0.00030773985752305947,0.0011319384436486095,9.775305814202235e-05,0.547032,2.0,3,False,False,False,0
100000001714173100,terminal,0.8,59,0.0163,"depth=3 < 4 and no outgoing: money arrives and stays; in=638,905 KZT over 6 transfers from 1 payer",1,0,638905.0,0.0,6,0,0.0005706777097822553,1.584727722532741e-08,0.0,0.0,,3,False,False,True,0
100000008729597100,terminal,0.8,82,0.0171,"depth=3 < 4 and no outgoing: money arrives and stays; in=83,090 KZT over 1 transfers from 1 payer",1,0,83090.0,0.0,1,0,0.0003024747023657878,0.0016044117981357546,0.0,0.0,,3,False,False,True,0
100000002255058100,terminal,0.8,24,0.0119,"depth=3 < 4 and no outgoing: money arrives and stays; in=491,500 KZT over 2 transfers from 1 payer",1,0,491500.0,0.0,2,0,0.00042612867221805017,3.7799502474301143e-06,0.0,0.0,,3,False,False,True,0
100000006111442100,terminal,0.8,66,0.0031,"depth=3 < 4 and no outgoing: money arrives and stays; in=64,000 KZT over 1 transfers from 1 payer",1,0,64000.0,0.0,1,0,0.00029552622405626405,1.8496738972286903e-06,0.0,0.0,,3,False,False,True,0
100000008686247100,peripheral,0.4,67,0.0026,"no rule threshold met: in_deg=1, out_deg=1, in=22,000, out=5,000 KZT",1,1,22000.0,5000.0,2,1,0.00031367376777992426,-1.496635708606496e-18,-4.504878798224643e-19,0.22727272727272727,12.0,3,False,False,False,0
100000001893287100,peripheral,0.4,29,0.0065,"no rule threshold met: in_deg=1, out_deg=1, in=18,000, out=152,700 KZT",1,1,18000.0,152700.0,3,14,0.0006184515295005443,-1.5569893857636381e-18,1.2322306028071228e-05,8.483333333333333,-9.0,3,False,False,False,0
100000005172860100,terminal,0.8,47,0.0077,"depth=3 < 4 and no outgoing: money arrives and stays; in=15,209 KZT over 1 transfers from 1 payer",1,0,15209.2,0.0,1,0,0.00029179582395841194,0.0006428156846267581,0.0,0.0,,3,False,False,True,0
100000001788284100,peripheral,0.4,64,0.0022,"no rule threshold met: in_deg=1, out_deg=5, in=8,000, out=296,700 KZT",1,5,8000.0,296700.0,1,8,0.00029938268059674525,2.5006817420069356e-06,1.108456703911244e-06,37.0875,-15.0,3,False,False,False,0
100000008755580100,terminal,0.8,46,0.0022,"depth=3 < 4 and no outgoing: money arrives and stays; in=16,000 KZT over 1 transfers from 1 payer",1,0,16000.0,0.0,1,0,0.00028806653868421585,-3.4166596382477484e-17,0.0,0.0,,3,False,False,True,1
100000003896956100,peripheral,0.4,20,0.0025,"no rule threshold met: in_deg=1, out_deg=1, in=10,000, out=27,000 KZT",1,1,10000.0,27000.0,1,2,0.0002885646095495058,5.2569836528821505e-05,-2.347623865126829e-19,2.7,1.0,3,False,False,False,0
100000002475601100,terminal,0.8,82,0.0066,"depth=3 < 4 and no outgoing: money arrives and stays; in=232,301 KZT over 1 transfers from 1 payer",1,0,232301.0,0.0,1,0,0.00030211439246599533,7.936044353374143e-05,0.0,0.0,,3,False,False,True,0
100000008619857100,peripheral,0.4,47,0.0271,"no rule threshold met: in_deg=1, out_deg=2, in=29,000, out=13,000 KZT",1,2,29000.0,13000.0,1,2,0.0002872025732618279,0.0029057816552165096,0.00040405428997191984,0.4482758620689655,-20.0,3,False,False,False,0
100000001373265100,abstained_single_observation,0.0,82,0.0183,"abstained on a single observation: in_tx=1, out_tx=1, fewer than 3 transfers is not a stable ratio",1,1,142482.0,5000.0,1,1,0.00031455853917834725,0.0016044117981357546,-2.347623865126829e-19,0.0350921519911287,-7.0,3,False,False,False,0
100000004185681100,terminal,0.8,24,0.0053,"depth=3 < 4 and no outgoing: money arrives and stays; in=10,000 KZT over 1 transfers from 1 payer",1,0,10000.0,0.0,1,0,0.000535296205282201,-5.515702773971273e-19,0.0,0.0,,3,False,False,True,0
100000003031633100,terminal,0.8,80,0.0092,"depth=3 < 4 and no outgoing: money arrives and stays; in=414,000 KZT over 2 transfers from 1 payer",1,0,414000.0,0.0,2,0,0.0003146261273194669,1.966214633619511e-06,0.0,0.0,,3,False,False,True,0
100000002632742100,terminal,0.8,66,0.0081,"depth=3 < 4 and no outgoing: money arrives and stays; in=235,500 KZT over 2 transfers from 2 payers",2,0,235500.0,0.0,2,0,0.0003175643151957884,1.5515386794099367e-06,0.0,0.0,,3,False,False,True,0
100000005847078100,terminal,0.8,46,0.0022,"depth=3 < 4 and no outgoing: money arrives and stays; in=16,300 KZT over 1 transfers from 1 payer",1,0,16300.0,0.0,1,0,0.0002881133620179708,-3.4166596382477484e-17,0.0,0.0,,3,False,False,True,1
100000002807334100,terminal,0.8,90,0.0278,"depth=3 < 4 and no outgoing: money arrives and stays; in=54,715 KZT over 1 transfers from 1 payer",1,0,54715.0,0.0,1,0,0.00028734256217675366,0.0029401740801701572,0.0,0.0,,3,False,False,True,0
100000008748795100,terminal,0.8,47,0.0274,"depth=3 < 4 and no outgoing: money arrives and stays; in=47,057 KZT over 1 transfers from 1 payer",1,0,47057.0,0.0,1,0,0.0002882195429069043,0.0029057816552165096,0.0,0.0,,3,False,False,True,0
100000003899899100,peripheral,0.4,20,0.0127,"no rule threshold met: in_deg=2, out_deg=1, in=218,500, out=10,000 KZT",2,1,218500.0,10000.0,5,1,0.0006539846029635851,5.299015073224969e-05,-2.347623865126829e-19,0.04576659038901602,3.0,3,False,False,False,0
100000002308091100,terminal,0.8,54,0.0086,"depth=3 < 4 and no outgoing: money arrives and stays; in=186,720 KZT over 1 transfers from 1 payer",1,0,186720.0,0.0,1,0,0.000561106872834332,-1.0584136944965696e-18,0.0,0.0,,3,False,False,True,0
100000008680912100,peripheral,0.4,47,0.0059,"no rule threshold met: in_deg=1, out_deg=1, in=45,112, out=5,991 KZT",1,1,45112.0,5990.85,2,1,0.000535175712479058,2.3509417958786865e-06,0.0001019775982455819,0.13279947685759888,5.0,3,False,False,False,0
100000008742053100,peripheral,0.4,54,0.0021,"no rule threshold met: in_deg=1, out_deg=12, in=10,000, out=2,789,000 KZT",1,12,10000.0,2789000.0,1,12,0.00028627115008932345,1.966214633619511e-06,1.1371414941138124e-05,278.9,3.0,3,False,False,False,0
100000008473765100,terminal,0.8,82,0.0161,"depth=3 < 4 and no outgoing: money arrives and stays; in=30,000 KZT over 1 transfers from 1 payer",1,0,30000.0,0.0,1,0,0.00029167306415897907,0.0016044117981357546,0.0,0.0,,3,False,False,True,0
100000007472293100,peripheral,0.4,61,0.002,"no rule threshold met: in_deg=1, out_deg=3, in=5,000, out=345,900 KZT",1,3,5000.0,345900.0,1,3,0.0002863329149575189,3.559127087373899e-07,-2.455632073526549e-18,69.18,4.0,3,False,False,False,0
100000008753061100,terminal,0.8,46,0.0024,"depth=3 < 4 and no outgoing: money arrives and stays; in=28,400 KZT over 2 transfers from 1 payer",1,0,28400.0,0.0,2,0,0.0002900019031460833,-3.4166596382477484e-17,0.0,0.0,,3,False,False,True,1
100000008501413100,transit,0.7,39,0.0101,"pass-through 1.02 from a single transfer each way, so the ratio is one observation rather than a rate: in=5,000, out=5,100 KZT, dwell=2d",1,1,5000.0,5100.0,1,1,0.00036664528360685694,9.977809550664115e-07,-2.347623865126829e-19,1.02,2.0,3,False,False,False,0
100000002748581100,terminal,0.8,45,0.0029,"depth=3 < 4 and no outgoing: money arrives and stays; in=41,180 KZT over 1 transfers from 1 payer",1,0,41180.0,0.0,1,0,0.0002972088887992536,2.441379038302993e-05,0.0,0.0,,3,False,False,True,0
100000001384826100,abstained_single_observation,0.0,90,0.0331,"abstained on a single observation: in_tx=1, out_tx=1, fewer than 3 transfers is not a stable ratio",1,1,364260.0,10000.0,1,1,0.0002973746599655157,0.0029401740801701572,-2.347623865126829e-19,0.027452918245209467,12.0,3,False,False,False,0
100000004099450100,terminal,0.8,47,0.0039,"depth=3 < 4 and no outgoing: money arrives and stays; in=31,000 KZT over 1 transfers from 1 payer",1,0,31000.0,0.0,1,0,0.0002961658639475312,0.00016105425944983243,0.0,0.0,,3,False,False,True,0
100000002926970100,terminal,0.8,49,0.0037,"depth=3 < 4 and no outgoing: money arrives and stays; in=85,000 KZT over 1 transfers from 1 payer",1,0,85000.0,0.0,1,0,0.0003172387852993861,6.407022407262363e-07,0.0,0.0,,3,False,False,True,0
100000002753146100,terminal,0.8,54,0.0158,"depth=3 < 4 and no outgoing: money arrives and stays; in=803,540 KZT over 3 transfers from 1 payer",1,0,803540.0,0.0,3,0,0.0003238433894737329,3.7941363435134803e-07,0.0,0.0,,3,False,False,True,0
100000003943247100,terminal,0.8,47,0.0273,"depth=3 < 4 and no outgoing: money arrives and stays; in=40,000 KZT over 1 transfers from 1 payer",1,0,40000.0,0.0,1,0,0.0002878220928994111,0.0029057816552165096,0.0,0.0,,3,False,False,True,0
100000002872399100,terminal,0.8,29,0.0256,"depth=3 < 4 and no outgoing: money arrives and stays; in=1,090,000 KZT over 9 transfers from 1 payer",1,0,1090000.0,0.0,9,0,0.0007057669186571349,3.499089368174954e-08,0.0,0.0,,3,False,False,True,0
100000008417359100,peripheral,0.4,36,0.0046,"no rule threshold met: in_deg=1, out_deg=2, in=40,810, out=110,760 KZT",1,2,40810.0,110760.0,2,3,0.0002919927493261812,0.00023334462577838773,0.00024512698287335884,2.714040676304827,-6.0,3,False,False,False,0
100000002614095100,terminal,0.8,46,0.002,"depth=3 < 4 and no outgoing: money arrives and stays; in=5,300 KZT over 1 transfers from 1 payer",1,0,5300.0,0.0,1,0,0.00028639650644695936,-3.4166596382477484e-17,0.0,0.0,,3,False,False,True,1
100000004717647100,peripheral,0.4,75,0.0166,"no rule threshold met: in_deg=1, out_deg=5, in=300,000, out=2,240,000 KZT",1,5,300000.0,2240000.0,2,10,0.0010233609552644468,-5.515702773971273e-19,4.110933163235803e-05,7.466666666666667,-25.0,3,False,False,False,0
100000008537380100,terminal,0.8,46,0.002,"depth=3 < 4 and no outgoing: money arrives and stays; in=8,000 KZT over 1 transfers from 1 payer",1,0,8000.0,0.0,1,0,0.00028681791645075304,-3.4166596382477484e-17,0.0,0.0,,3,False,False,True,1
100000001534244100,peripheral,0.4,80,0.0106,"no rule threshold met: in_deg=2, out_deg=1, in=366,000, out=45,000 KZT",2,1,366000.0,45000.0,2,1,0.00034150708804052356,1.9971216088781897e-06,-2.347623865126829e-19,0.12295081967213115,-26.0,3,False,False,False,0
100000008767950100,terminal,0.8,46,0.0022,"depth=3 < 4 and no outgoing: money arrives and stays; in=17,350 KZT over 1 transfers from 1 payer",1,0,17350.0,0.0,1,0,0.0002882772436861127,-3.4166596382477484e-17,0.0,0.0,,3,False,False,True,1
100000004613582100,abstained_single_observation,0.0,29,0.0055,"abstained on a single observation: in_tx=1, out_tx=1, fewer than 3 transfers is not a stable ratio",1,1,5000.0,9500.0,1,1,0.0005534434661680602,-5.515702773971273e-19,-1.6529936242115332e-18,1.9,15.0,3,False,False,False,0
100000008121806100,peripheral,0.4,82,0.0043,"no rule threshold met: in_deg=1, out_deg=4, in=67,000, out=248,509 KZT",1,4,67000.0,248509.0,1,6,0.00030036879713769664,0.00013028037772058027,9.235979932373604e-05,3.709089552238806,0.0,3,False,False,False,0
100000002369443100,terminal,0.8,46,0.0028,"depth=3 < 4 and no outgoing: money arrives and stays; in=50,000 KZT over 1 transfers from 1 payer",1,0,50000.0,0.0,1,0,0.000293373183176433,-3.4166596382477484e-17,0.0,0.0,,3,False,False,True,1
100000008655779100,peripheral,0.4,50,0.0041,"no rule threshold met: in_deg=1, out_deg=2, in=47,000, out=24,704 KZT",1,2,47000.0,24704.0,1,2,0.00039705232861292724,-2.500714748775719e-18,-2.3223830282247856e-18,0.5256170212765957,15.0,3,False,False,False,0
100000008561016100,transit,0.7,80,0.0167,"pass_through=1.03: in=180,000, out=185,000 KZT, dwell=0d",1,1,180000.0,185000.0,2,4,0.00029484284060031247,3.2207337193586866e-06,-2.347623865126829e-19,1.0277777777777777,0.0,3,False,False,False,0
100000002727288100,terminal,0.8,53,0.0032,"depth=3 < 4 and no outgoing: money arrives and stays; in=16,000 KZT over 1 transfers from 1 payer",1,0,16000.0,0.0,1,0,0.0003661692337362445,-1.5711443432498958e-18,0.0,0.0,,3,False,False,True,0
100000001270349100,terminal,0.8,31,0.0061,"depth=3 < 4 and no outgoing: money arrives and stays; in=200,000 KZT over 1 transfers from 1 payer",1,0,200000.0,0.0,1,0,0.0003553003383239642,4.7270722414757023e-07,0.0,0.0,,3,False,False,True,0
100000004722765100,peripheral,0.4,86,0.0096,"no rule threshold met: in_deg=1, out_deg=3, in=230,000, out=2,284,500 KZT",1,3,230000.0,2284500.0,1,9,0.0005815882668655397,-1.0584136944965696e-18,-1.98808325405983e-18,9.932608695652174,-6.0,3,False,False,False,0
100000001677389100,abstained_single_observation,0.0,36,0.0023,"abstained on a single observation: in_tx=1, out_tx=1, fewer than 3 transfers is not a stable ratio",1,1,11000.0,5400.0,1,1,0.000288630969544677,1.869218805296259e-05,-2.347623865126829e-19,0.4909090909090909,-16.0,3,False,False,False,0
100000005857058100,terminal,0.8,47,0.0236,"depth=3 < 4 and no outgoing: money arrives and stays; in=80,222 KZT over 3 transfers from 3 payers",3,0,80222.0,0.0,3,0,0.0003899337552291787,0.0017975909085443766,0.0,0.0,,3,False,False,True,0
100000008760098100,abstained_single_observation,0.0,59,0.002,"abstained on a single observation: in_tx=1, out_tx=1, fewer than 3 transfers is not a stable ratio",1,1,7000.0,390000.0,1,1,0.0002866383632536104,3.559127087373899e-07,5.714558397164608e-07,55.714285714285715,4.0,3,False,False,False,0
100000002838519100,terminal,0.8,45,0.003,"depth=3 < 4 and no outgoing: money arrives and stays; in=46,900 KZT over 1 transfers from 1 payer",1,0,46900.0,0.0,1,0,0.0002988256561865491,2.441379038302993e-05,0.0,0.0,,3,False,False,True,0
100000002597623100,terminal,0.8,47,0.0269,"depth=3 < 4 and no outgoing: money arrives and stays; in=16,418 KZT over 1 transfers from 1 payer",1,0,16418.0,0.0,1,0,0.0002864939554363667,0.0029057816552165096,0.0,0.0,,3,False,False,True,0
100000003635660100,terminal,0.8,47,0.0119,"depth=3 < 4 and no outgoing: money arrives and stays; in=18,985 KZT over 1 transfers from 1 payer",1,0,18985.0,0.0,1,0,0.00029052194004178835,0.0011379074330901454,0.0,0.0,,3,False,False,True,0
100000008676812100,terminal,0.8,57,0.0082,"depth=3 < 4 and no outgoing: money arrives and stays; in=230,800 KZT over 1 transfers from 1 payer",1,0,230800.0,0.0,1,0,0.00047313415798955915,-1.0584136944965696e-18,0.0,0.0,,3,False,False,True,0
100000003213473100,peripheral,0.4,47,0.0276,"no rule threshold met: in_deg=1, out_deg=11, in=57,500, out=240,000 KZT",1,11,57500.0,240000.0,2,12,0.00028880769232283906,0.0029057816552165096,0.0016894765792935524,4.173913043478261,-23.0,3,False,False,False,0
100000003071649100,terminal,0.8,80,0.0052,"depth=3 < 4 and no outgoing: money arrives and stays; in=189,500 KZT over 1 transfers from 1 payer",1,0,189500.0,0.0,1,0,0.0002953322777705275,3.2207337193586866e-06,0.0,0.0,,3,False,False,True,0
100000002433697100,transit,0.7,90,0.0971,"pass-through 0.85 from a single transfer each way, so the ratio is one observation rather than a rate: in=130,000, out=110,000 KZT, dwell=0d",1,1,130000.0,110000.0,1,1,0.000289782486846921,0.0029401740801701572,-2.347623865126829e-19,0.8461538461538461,0.0,3,False,False,False,0
100000008612257100,terminal,0.8,36,0.006,"depth=3 < 4 and no outgoing: money arrives and stays; in=9,500 KZT over 1 transfers from 1 payer",1,0,9500.0,0.0,1,0,0.00028786387694202726,0.00046590181504893824,0.0,0.0,,3,False,False,True,0
100000002736033100,abstained_single_observation,0.0,36,0.0027,"abstained on a single observation: in_tx=1, out_tx=1, fewer than 3 transfers is not a stable ratio",1,1,34530.0,11000.0,1,1,0.0002951801714040782,1.869218805296259e-05,-2.347623865126829e-19,0.3185635679119606,20.0,3,False,False,False,0
100000008687990100,terminal,0.8,46,0.0022,"depth=3 < 4 and no outgoing: money arrives and stays; in=17,600 KZT over 1 transfers from 1 payer",1,0,17600.0,0.0,1,0,0.00028831626313090844,-3.4166596382477484e-17,0.0,0.0,,3,False,False,True,1
100000008776310100,terminal,0.8,46,0.0022,"depth=3 < 4 and no outgoing: money arrives and stays; in=19,200 KZT over 1 transfers from 1 payer",1,0,19200.0,0.0,1,0,0.000288565987577601,-3.4166596382477484e-17,0.0,0.0,,3,False,False,True,1
100000007267915100,peripheral,0.4,36,0.0116,"no rule threshold met: in_deg=2, out_deg=1, in=21,000, out=10,000 KZT",2,1,21000.0,10000.0,3,1,0.0002913946069790751,0.0008761603104051458,0.0001284354307836856,0.47619047619047616,2.0,3,False,False,False,0
100000004217419100,peripheral,0.4,82,0.0234,"no rule threshold met: in_deg=2, out_deg=1, in=118,200, out=7,700 KZT",2,1,118200.0,7700.0,3,1,0.000584182953023545,0.0016172396308138208,-2.347623865126829e-19,0.06514382402707276,3.0,3,False,False,False,0
100000002773323100,peripheral,0.4,66,0.009,"no rule threshold met: in_deg=2, out_deg=1, in=285,000, out=1,171,644 KZT",2,1,285000.0,1171644.0,2,2,0.0003254977886002247,7.528982871798227e-07,-2.347623865126829e-19,4.111031578947369,15.0,3,False,False,False,0
100000002528544100,terminal,0.8,82,0.0059,"depth=3 < 4 and no outgoing: money arrives and stays; in=192,912 KZT over 1 transfers from 1 payer",1,0,192912.0,0.0,1,0,0.00029930900258425463,7.936044353374143e-05,0.0,0.0,,3,False,False,True,0
100000003760160100,terminal,0.8,90,0.0287,"depth=3 < 4 and no outgoing: money arrives and stays; in=104,470 KZT over 1 transfers from 1 payer",1,0,104470.0,0.0,1,0,0.00028895508063280965,0.0029401740801701572,0.0,0.0,,3,False,False,True,0
100000000640800100,peripheral,0.4,82,0.0045,"no rule threshold met: in_deg=1, out_deg=4, in=80,000, out=518,135 KZT",1,4,80000.0,518135.0,1,6,0.0003032403424804621,0.00013028037772058027,1.705549939091404e-07,6.4766875,-1.0,3,False,False,False,0
100000008238112100,terminal,0.8,90,0.0301,"depth=3 < 4 and no outgoing: money arrives and stays; in=190,000 KZT over 1 transfers from 1 payer",1,0,190000.0,0.0,1,0,0.000291727037291366,0.0029401740801701572,0.0,0.0,,3,False,False,True,0
100000008751349100,terminal,0.8,76,0.0021,"depth=3 < 4 and no outgoing: money arrives and stays; in=11,630 KZT over 1 transfers from 1 payer",1,0,11630.0,0.0,1,0,0.00028848577638606915,-3.8178954906251595e-18,0.0,0.0,,3,False,False,True,0
100000002963189100,peripheral,0.4,45,0.0121,"no rule threshold met: in_deg=1, out_deg=7, in=490,000, out=5,219,000 KZT",1,7,490000.0,5219000.0,3,15,0.0004240685983737267,2.441379038302993e-05,3.1769064467770806e-06,10.651020408163266,-10.0,3,False,False,False,0
100000008548853100,terminal,0.8,46,0.0021,"depth=3 < 4 and no outgoing: money arrives and stays; in=14,000 KZT over 1 transfers from 1 payer",1,0,14000.0,0.0,1,0,0.0002877543831258502,-3.4166596382477484e-17,0.0,0.0,,3,False,False,True,1
100000003164661100,terminal,0.8,25,0.016,"depth=3 < 4 and no outgoing: money arrives and stays; in=596,200 KZT over 3 transfers from 1 payer",1,0,596200.0,0.0,3,0,0.0006007384807220591,-5.515702773971273e-19,0.0,0.0,,3,False,False,True,3
100000000791285100,peripheral,0.4,76,0.0242,"no rule threshold met: in_deg=1, out_deg=3, in=1,120,000, out=650,000 KZT",1,3,1120000.0,650000.0,2,3,0.0005664343010128576,-3.8178954906251595e-18,2.164515439878685e-06,0.5803571428571429,-23.0,3,False,False,False,0
100000003192309100,abstained_single_observation,0.0,46,0.0022,"abstained on a single observation: in_tx=1, out_tx=1, fewer than 3 transfers is not a stable ratio",1,1,17200.0,213000.0,1,1,0.00028825383201923533,-3.4166596382477484e-17,-2.347623865126829e-19,12.383720930232558,16.0,3,False,False,False,1
100000002891765100,terminal,0.8,45,0.0032,"depth=3 < 4 and no outgoing: money arrives and stays; in=55,576 KZT over 1 transfers from 1 payer",1,0,55576.0,0.0,1,0,0.0003012779418250415,2.441379038302993e-05,0.0,0.0,,3,False,False,True,0
100000001740277100,abstained_single_observation,0.0,29,0.0031,"abstained on a single observation: in_tx=1, out_tx=1, fewer than 3 transfers is not a stable ratio",1,1,8700.0,5000.0,1,1,0.00036969341532294166,-1.0584136944965696e-18,-8.78216372081626e-19,0.5747126436781609,2.0,3,False,False,False,0
100000002232266100,terminal,0.8,82,0.0164,"depth=3 < 4 and no outgoing: money arrives and stays; in=45,000 KZT over 1 transfers from 1 payer",1,0,45000.0,0.0,1,0,0.00029472494912982346,0.0016044117981357546,0.0,0.0,,3,False,False,True,0
100000006701983100,terminal,0.8,46,0.0024,"depth=3 < 4 and no outgoing: money arrives and stays; in=27,000 KZT over 1 transfers from 1 payer",1,0,27000.0,0.0,1,0,0.00028978339425522726,-3.4166596382477484e-17,0.0,0.0,,3,False,False,True,1
100000002871199100,terminal,0.8,45,0.0026,"depth=3 < 4 and no outgoing: money arrives and stays; in=23,186 KZT over 1 transfers from 1 payer",1,0,23186.0,0.0,1,0,0.00029212285516865986,2.441379038302993e-05,0.0,0.0,,3,False,False,True,0
100000002757791100,terminal,0.8,31,0.0034,"depth=3 < 4 and no outgoing: money arrives and stays; in=73,050 KZT over 1 transfers from 1 payer",1,0,73050.0,0.0,1,0,0.00031103855807725284,4.7270722414757023e-07,0.0,0.0,,3,False,False,True,0
100000000572276100,abstained_single_observation,0.0,46,0.0021,"abstained on a single observation: in_tx=1, out_tx=1, fewer than 3 transfers is not a stable ratio",1,1,13075.0,34547.0,1,1,0.00028761001118010604,-3.4166596382477484e-17,-2.347623865126829e-19,2.6422179732313578,13.0,3,False,False,False,1
100000001853812100,terminal,0.8,82,0.0169,"depth=3 < 4 and no outgoing: money arrives and stays; in=70,000 KZT over 1 transfers from 1 payer",1,0,70000.0,0.0,1,0,0.0002998114240812309,0.0016044117981357546,0.0,0.0,,3,False,False,True,0
100000004726132100,peripheral,0.4,47,0.0177,"no rule threshold met: in_deg=1, out_deg=1, in=349,000, out=24,000 KZT",1,1,349000.0,24000.0,1,2,0.00031651940059214406,0.0011319384436486095,-2.347623865126829e-19,0.06876790830945559,4.0,3,False,False,False,0
100000001785161100,terminal,0.8,62,0.0052,"depth=3 < 4 and no outgoing: money arrives and stays; in=30,000 KZT over 2 transfers from 2 payers",2,0,30000.0,0.0,2,0,0.00033122087090430724,4.5368761951987057e-05,0.0,0.0,,3,False,False,True,0
100000002612809100,peripheral,0.4,83,0.0042,"no rule threshold met: in_deg=1, out_deg=3, in=30,000, out=114,000 KZT",1,3,30000.0,114000.0,2,4,0.00042829267239375183,-1.5569893857636381e-18,-2.8584066383007643e-18,3.8,-3.0,3,False,False,False,0
100000008769097100,terminal,0.8,46,0.0025,"depth=3 < 4 and no outgoing: money arrives and stays; in=31,100 KZT over 1 transfers from 1 payer",1,0,31100.0,0.0,1,0,0.000290423313149877,-3.4166596382477484e-17,0.0,0.0,,3,False,False,True,1
100000004488265100,terminal,0.8,82,0.0163,"depth=3 < 4 and no outgoing: money arrives and stays; in=38,740 KZT over 1 transfers from 1 payer",1,0,38740.0,0.0,1,0,0.0002934512958019911,0.0016044117981357546,0.0,0.0,,3,False,False,True,0
100000002509598100,terminal,0.8,54,0.0072,"depth=3 < 4 and no outgoing: money arrives and stays; in=305,550 KZT over 1 transfers from 1 payer",1,0,305550.0,0.0,1,0,0.00030012320541723803,3.7941363435134803e-07,0.0,0.0,,3,False,False,True,0
100000008706846100,terminal,0.8,46,0.0021,"depth=3 < 4 and no outgoing: money arrives and stays; in=14,200 KZT over 1 transfers from 1 payer",1,0,14200.0,0.0,1,0,0.00028778559868168673,-3.4166596382477484e-17,0.0,0.0,,3,False,False,True,1
100000001280798100,terminal,0.8,49,0.0024,"depth=3 < 4 and no outgoing: money arrives and stays; in=23,785 KZT over 1 transfers from 1 payer",1,0,23785.0,0.0,1,0,0.00029443116298655665,6.407022407262363e-07,0.0,0.0,,3,False,False,True,0
100000006664478100,transit,0.7,31,0.0238,"pass_through=1.09: in=55,000, out=60,000 KZT, dwell=3d",1,2,55000.0,60000.0,3,2,0.0006168426303113105,-5.515702773971273e-19,-9.009757596449287e-19,1.0909090909090908,3.0,3,False,False,False,0
100000003781406100,terminal,0.8,43,0.0084,"depth=3 < 4 and no outgoing: money arrives and stays; in=45,000 KZT over 2 transfers from 1 payer",1,0,45000.0,0.0,2,0,0.0007228806641155297,-5.515702773971273e-19,0.0,0.0,,3,False,False,True,0
100000008708595100,terminal,0.8,46,0.0022,"depth=3 < 4 and no outgoing: money arrives and stays; in=17,200 KZT over 1 transfers from 1 payer",1,0,17200.0,0.0,1,0,0.00028825383201923533,-3.4166596382477484e-17,0.0,0.0,,3,False,False,True,1
100000004611571100,terminal,0.8,47,0.027,"depth=3 < 4 and no outgoing: money arrives and stays; in=22,550 KZT over 1 transfers from 1 payer",1,0,22550.0,0.0,1,0,0.0002868393094743359,0.0029057816552165096,0.0,0.0,,3,False,False,True,0
100000008576243100,terminal,0.8,47,0.0239,"depth=3 < 4 and no outgoing: money arrives and stays; in=82,920 KZT over 4 transfers from 2 payers",2,0,82920.0,0.0,4,0,0.0016515737888683458,9.244316899804412e-05,0.0,0.0,,3,False,False,True,0
100000008662216100,terminal,0.8,46,0.0024,"depth=3 < 4 and no outgoing: money arrives and stays; in=26,200 KZT over 1 transfers from 1 payer",1,0,26200.0,0.0,1,0,0.000289658532031881,-3.4166596382477484e-17,0.0,0.0,,3,False,False,True,1
100000002681544100,terminal,0.8,29,0.0218,"depth=3 < 4 and no outgoing: money arrives and stays; in=166,072 KZT over 2 transfers from 2 payers",2,0,166072.0,0.0,2,0,0.00033571724351569586,0.0017127236977167765,0.0,0.0,,3,False,False,True,0
100000007864477100,peripheral,0.4,47,0.0169,"no rule threshold met: in_deg=2, out_deg=6, in=76,000, out=203,500 KZT",2,6,76000.0,203500.0,2,10,0.00030477469496319144,0.0013712520588685328,0.0011108515258944672,2.6776315789473686,-2.0,3,False,False,False,0
100000004746397100,abstained_single_observation,0.0,90,0.0306,"abstained on a single observation: in_tx=1, out_tx=1, fewer than 3 transfers is not a stable ratio",1,1,219520.0,7500.0,1,1,0.00029268375611003295,0.0029401740801701572,8.152357008587769e-05,0.03416545189504373,-27.0,3,False,False,False,0
100000003814002100,terminal,0.8,90,0.0274,"depth=3 < 4 and no outgoing: money arrives and stays; in=30,000 KZT over 1 transfers from 1 payer",1,0,30000.0,0.0,1,0,0.00028654156943951265,0.0029401740801701572,0.0,0.0,,3,False,False,True,0
100000003962994100,terminal,0.8,79,0.0046,"depth=3 < 4 and no outgoing: money arrives and stays; in=10,000 KZT over 1 transfers from 1 payer",1,0,10000.0,0.0,1,0,0.00048122982573492034,-1.5569893857636381e-18,0.0,0.0,,3,False,False,True,0
100000003366471100,peripheral,0.4,82,0.0336,"no rule threshold met: in_deg=2, out_deg=1, in=329,789, out=20,000 KZT",2,1,329789.0,20000.0,5,1,0.00036049115115409467,0.0027423192312259013,-2.347623865126829e-19,0.0606448365470043,25.0,3,False,False,False,0
100000003561031100,abstained_single_observation,0.0,82,0.0158,"abstained on a single observation: in_tx=1, out_tx=1, fewer than 3 transfers is not a stable ratio",1,1,13300.0,5000.0,1,1,0.00028827529889143894,0.0016044117981357546,-2.347623865126829e-19,0.37593984962406013,-22.0,3,False,False,False,0
100000001690439100,terminal,0.8,90,0.0054,"depth=3 < 4 and no outgoing: money arrives and stays; in=14,200 KZT over 1 transfers from 1 payer",1,0,14200.0,0.0,1,0,0.00047706727238734246,9.315523056520308e-05,0.0,0.0,,3,False,False,True,0
100000002954780100,terminal,0.8,80,0.0042,"depth=3 < 4 and no outgoing: money arrives and stays; in=133,400 KZT over 1 transfers from 1 payer",1,0,133400.0,0.0,1,0,0.0002924420224811522,3.2207337193586866e-06,0.0,0.0,,3,False,False,True,0
100000008720668100,terminal,0.8,46,0.0022,"depth=3 < 4 and no outgoing: money arrives and stays; in=16,000 KZT over 1 transfers from 1 payer",1,0,16000.0,0.0,1,0,0.00028806653868421585,-3.4166596382477484e-17,0.0,0.0,,3,False,False,True,1
100000002459164100,terminal,0.8,47,0.0056,"depth=3 < 4 and no outgoing: money arrives and stays; in=20,000 KZT over 1 transfers from 1 payer",1,0,20000.0,0.0,1,0,0.0005418286835835163,-5.515702773971273e-19,0.0,0.0,,3,False,False,True,0
100000005082652100,terminal,0.8,29,0.004,"depth=3 < 4 and no outgoing: money arrives and stays; in=30,000 KZT over 1 transfers from 1 payer",1,0,30000.0,0.0,1,0,0.00040800365167801807,3.499089368174954e-08,0.0,0.0,,3,False,False,True,0
100000005041905100,peripheral,0.4,46,0.002,"no rule threshold met: in_deg=1, out_deg=1, in=5,000, out=1,080,351 KZT",1,1,5000.0,1080351.0,1,5,0.00028634968311320444,-3.4166596382477484e-17,-1.6973605739802806e-18,216.0702,-23.0,3,False,False,False,1
100000008653041100,terminal,0.8,46,0.0024,"depth=3 < 4 and no outgoing: money arrives and stays; in=28,000 KZT over 1 transfers from 1 payer",1,0,28000.0,0.0,1,0,0.00028993947203441017,-3.4166596382477484e-17,0.0,0.0,,3,False,False,True,1
100000008722417100,peripheral,0.4,90,0.0326,"no rule threshold met: in_deg=1, out_deg=3, in=331,900, out=720,000 KZT",1,3,331900.0,720000.0,1,6,0.0002963258990924784,0.0029401740801701572,-1.98808325405983e-18,2.16932811087677,0.0,3,False,False,False,0
100000008625905100,peripheral,0.4,77,0.0086,"no rule threshold met: in_deg=1, out_deg=2, in=197,800, out=635,000 KZT",1,2,197800.0,635000.0,1,2,0.0005453128171044582,-5.515702773971273e-19,-9.009757596449287e-19,3.210313447927199,-26.0,3,False,False,False,0
100000007487729100,terminal,0.8,47,0.0038,"depth=3 < 4 and no outgoing: money arrives and stays; in=25,000 KZT over 1 transfers from 1 payer",1,0,25000.0,0.0,1,0,0.0002941149149674846,0.00016105425944983243,0.0,0.0,,3,False,False,True,0
100000000838385100,peripheral,0.4,50,0.0306,"no rule threshold met: in_deg=1, out_deg=2, in=436,900, out=177,500 KZT",1,2,436900.0,177500.0,8,6,0.0019211545642599033,-5.515702773971273e-19,-2.3223830282247856e-18,0.40627145799954223,1.0,3,False,False,False,0
100000004750321100,terminal,0.8,49,0.0059,"depth=3 < 4 and no outgoing: money arrives and stays; in=50,185 KZT over 2 transfers from 2 payers",2,0,50185.0,0.0,2,0,0.0003125361003811254,0.00010970066499878241,0.0,0.0,,3,False,False,True,0
100000008664774100,terminal,0.8,46,0.0022,"depth=3 < 4 and no outgoing: money arrives and stays; in=16,300 KZT over 1 transfers from 1 payer",1,0,16300.0,0.0,1,0,0.0002881133620179708,-3.4166596382477484e-17,0.0,0.0,,3,False,False,True,1
100000006274203100,peripheral,0.4,57,0.0905,"no rule threshold met: in_deg=2, out_deg=3, in=3,417,512, out=72,000 KZT",2,3,3417512.0,72000.0,41,3,0.0006321051467844558,0.002963681798817349,0.0019068781625776973,0.02106795821053445,-3.0,3,False,False,False,0
100000002185328100,peripheral,0.4,78,0.003,"no rule threshold met: in_deg=1, out_deg=4, in=15,000, out=55,000 KZT",1,4,15000.0,55000.0,1,4,0.0003518471698066015,-1.0584136944965696e-18,-4.9250809304180656e-18,3.6666666666666665,-4.0,3,False,False,False,0
100000008254576100,abstained_single_observation,0.0,88,0.0021,"abstained on a single observation: in_tx=1, out_tx=1, fewer than 3 transfers is not a stable ratio",1,1,8000.0,60000.0,1,1,0.00029167108817849073,-3.3613942345134943e-18,-2.347623865126829e-19,7.5,-28.0,3,False,False,False,0
100000001689968100,terminal,0.8,90,0.0465,"depth=3 < 4 and no outgoing: money arrives and stays; in=344,334 KZT over 3 transfers from 3 payers",3,0,344333.75,0.0,3,0,0.0003391431091830108,0.004048891579845853,0.0,0.0,,3,False,False,True,0
100000002236528100,terminal,0.8,29,0.0042,"depth=3 < 4 and no outgoing: money arrives and stays; in=66,000 KZT over 1 transfers from 1 payer",1,0,66000.0,0.0,1,0,0.0003072417833612635,0.00010831189958102141,0.0,0.0,,3,False,False,True,0
100000002670960100,terminal,0.8,54,0.0102,"depth=3 < 4 and no outgoing: money arrives and stays; in=480,310 KZT over 1 transfers from 1 payer",1,0,480310.0,0.0,1,0,0.0003084473471986253,3.7941363435134803e-07,0.0,0.0,,3,False,False,True,0
100000003557488100,peripheral,0.4,60,0.0172,"no rule threshold met: in_deg=1, out_deg=2, in=664,992, out=138,000 KZT",1,2,664992.0,138000.0,3,4,0.0005809718147261454,4.7473559650461097e-05,-1.5499404758380496e-18,0.20752129348924497,0.0,3,False,False,False,0
100000003888197100,terminal,0.8,90,0.0283,"depth=3 < 4 and no outgoing: money arrives and stays; in=83,167 KZT over 1 transfers from 1 payer",1,0,83167.0,0.0,1,0,0.0002882646679975095,0.0029401740801701572,0.0,0.0,,3,False,False,True,0
100000002799941100,terminal,0.8,57,0.0139,"depth=3 < 4 and no outgoing: money arrives and stays; in=600,000 KZT over 1 transfers from 1 payer",1,0,600000.0,0.0,1,0,0.0003881784929365055,8.448073393743234e-05,0.0,0.0,,3,False,False,True,0
100000001632325100,terminal,0.8,46,0.0035,"depth=3 < 4 and no outgoing: money arrives and stays; in=85,600 KZT over 3 transfers from 1 payer",1,0,85600.0,0.0,3,0,0.0002989295521153426,-3.4166596382477484e-17,0.0,0.0,,3,False,False,True,1
100000008620570100,peripheral,0.4,82,0.0102,"no rule threshold met: in_deg=2, out_deg=2, in=145,000, out=31,800 KZT",2,2,145000.0,31800.0,2,2,0.00034853843958794993,0.00038105937254146724,3.4031759088847773e-06,0.2193103448275862,-7.0,3,False,False,False,0
100000005308954100,abstained_single_observation,0.0,20,0.0041,"abstained on a single observation: in_tx=1, out_tx=1, fewer than 3 transfers is not a stable ratio",1,1,69020.0,30000.0,1,1,0.0003594505153223273,1.0123575772455793e-05,-2.347623865126829e-19,0.43465662126919735,5.0,3,False,False,False,0
100000008468762100,terminal,0.8,59,0.0069,"depth=3 < 4 and no outgoing: money arrives and stays; in=170,000 KZT over 2 transfers from 2 payers",2,0,170000.0,0.0,2,0,0.00031040507384099927,1.3211888160352688e-06,0.0,0.0,,3,False,False,True,0
100000002305007100,terminal,0.8,46,0.0029,"depth=3 < 4 and no outgoing: money arrives and stays; in=56,000 KZT over 1 transfers from 1 payer",1,0,56000.0,0.0,1,0,0.0002943096498515301,-3.4166596382477484e-17,0.0,0.0,,3,False,False,True,1
100000008314863100,terminal,0.8,24,0.0051,"depth=3 < 4 and no outgoing: money arrives and stays; in=12,000 KZT over 1 transfers from 1 payer",1,0,12000.0,0.0,1,0,0.0005170968391841071,-1.0584136944965696e-18,0.0,0.0,,3,False,False,True,0
100000005709551100,terminal,0.8,55,0.0046,"depth=3 < 4 and no outgoing: money arrives and stays; in=24,560 KZT over 1 transfers from 1 payer",1,0,24560.0,0.0,1,0,0.00029466084362895616,0.00025946008779307336,0.0,0.0,,3,False,False,True,0
100000008297199100,terminal,0.8,47,0.0124,"depth=3 < 4 and no outgoing: money arrives and stays; in=42,268 KZT over 1 transfers from 1 payer",1,0,42268.0,0.0,1,0,0.0002965958116631627,0.0011379074330901454,0.0,0.0,,3,False,False,True,0
100000003271151100,terminal,0.8,82,0.018,"depth=3 < 4 and no outgoing: money arrives and stays; in=127,294 KZT over 1 transfers from 1 payer",1,0,127294.0,0.0,1,0,0.0003114684039158683,0.0016044117981357546,0.0,0.0,,3,False,False,True,0
100000007005380100,terminal,0.8,90,0.0032,"depth=3 < 4 and no outgoing: money arrives and stays; in=9,400 KZT over 1 transfers from 1 payer",1,0,9400.0,0.0,1,0,0.00030309570708396725,0.00010694239102769045,0.0,0.0,,3,False,False,True,0
100000004451012100,peripheral,0.4,57,0.0043,"no rule threshold met: in_deg=1, out_deg=3, in=91,245, out=65,740 KZT",1,3,91245.0,65740.0,1,3,0.00030117358811251486,8.448073393743234e-05,-1.98808325405983e-18,0.7204778344018851,-20.0,3,False,False,False,0
100000004779204100,peripheral,0.4,47,0.0271,"no rule threshold met: in_deg=1, out_deg=1, in=30,450, out=20,000 KZT",1,1,30450.0,20000.0,1,2,0.0002872842372140548,0.0029057816552165096,-2.347623865126829e-19,0.6568144499178982,-2.0,3,False,False,False,0
100000002793881100,terminal,0.8,80,0.0199,"depth=3 < 4 and no outgoing: money arrives and stays; in=785,600 KZT over 3 transfers from 3 payers",3,0,785600.0,0.0,3,0,0.0003750831470797373,5.27751381351261e-06,0.0,0.0,,3,False,False,True,0
100000008671129100,terminal,0.8,46,0.0024,"depth=3 < 4 and no outgoing: money arrives and stays; in=26,200 KZT over 1 transfers from 1 payer",1,0,26200.0,0.0,1,0,0.000289658532031881,-3.4166596382477484e-17,0.0,0.0,,3,False,False,True,1
100000002095257100,terminal,0.8,43,0.0035,"depth=3 < 4 and no outgoing: money arrives and stays; in=8,500 KZT over 1 transfers from 1 payer",1,0,8500.0,0.0,1,0,0.00039673382024222074,1.0252342836999388e-06,0.0,0.0,,3,False,False,True,0
100000002194329100,terminal,0.8,47,0.027,"depth=3 < 4 and no outgoing: money arrives and stays; in=25,170 KZT over 1 transfers from 1 payer",1,0,25170.0,0.0,1,0,0.00028698686778801477,0.0029057816552165096,0.0,0.0,,3,False,False,True,0
100000001884825100,terminal,0.8,80,0.0146,"depth=3 < 4 and no outgoing: money arrives and stays; in=495,000 KZT over 3 transfers from 3 payers",3,0,495000.0,0.0,3,0,0.0003400964668098235,3.573322566127777e-06,0.0,0.0,,3,False,False,True,0
100000008692291100,transit,0.7,66,0.0288,"pass_through=0.97: in=160,000, out=156,000 KZT, dwell=-4d",3,3,160000.0,156000.0,3,3,0.0003078529865771743,7.503270477372062e-06,-1.98808325405983e-18,0.975,-4.0,3,False,False,False,0
100000002697752100,terminal,0.8,82,0.0308,"depth=3 < 4 and no outgoing: money arrives and stays; in=190,785 KZT over 2 transfers from 2 payers",2,0,190785.0,0.0,2,0,0.000329580043041525,0.0027423192312259013,0.0,0.0,,3,False,False,True,0
100000007170072100,transit,0.7,82,0.0165,"pass_through=0.99: in=100,000, out=99,500 KZT, dwell=2d",1,2,100000.0,99500.0,1,9,0.0003076581045462551,0.00013028037772058027,-9.009757596449287e-19,0.995,2.0,3,False,False,False,0
100000002373144100,abstained_single_observation,0.0,47,0.0123,"abstained on a single observation: in_tx=1, out_tx=1, fewer than 3 transfers is not a stable ratio",1,1,46468.0,10764.0,1,1,0.00028969018116006015,0.0011319384436486095,-2.347623865126829e-19,0.2316432813979513,5.0,3,False,False,False,0
100000000287768100,terminal,0.8,47,0.0121,"depth=3 < 4 and no outgoing: money arrives and stays; in=35,168 KZT over 1 transfers from 1 payer",1,0,35168.0,0.0,1,0,0.0002886880716986394,0.0011319384436486095,0.0,0.0,,3,False,False,True,0
100000004508696100,peripheral,0.4,79,0.0038,"no rule threshold met: in_deg=1, out_deg=3, in=7,000, out=111,000 KZT",1,3,7000.0,111000.0,1,4,0.00042253166627963126,-1.5569893857636381e-18,-2.1794104017753214e-18,15.857142857142858,-15.0,3,False,False,False,0
100000008688109100,terminal,0.8,46,0.0021,"depth=3 < 4 and no outgoing: money arrives and stays; in=12,800 KZT over 1 transfers from 1 payer",1,0,12800.0,0.0,1,0,0.0002875670897908307,-3.4166596382477484e-17,0.0,0.0,,3,False,False,True,1
100000008724461100,abstained_single_observation,0.0,80,0.0036,"abstained on a single observation: in_tx=1, out_tx=1, fewer than 3 transfers is not a stable ratio",1,1,100111.0,130000.0,1,1,0.00029072698311701655,3.2207337193586866e-06,-2.347623865126829e-19,1.298558599954051,0.0,3,False,False,False,0
100000001714413100,terminal,0.8,90,0.0312,"depth=3 < 4 and no outgoing: money arrives and stays; in=250,172 KZT over 1 transfers from 1 payer",1,0,250172.0,0.0,1,0,0.00029367716211375173,0.0029401740801701572,0.0,0.0,,3,False,False,True,0
100000008672493100,terminal,0.8,46,0.0021,"depth=3 < 4 and no outgoing: money arrives and stays; in=14,000 KZT over 1 transfers from 1 payer",1,0,14000.0,0.0,1,0,0.0002877543831258502,-3.4166596382477484e-17,0.0,0.0,,3,False,False,True,1
100000003241965100,terminal,0.8,49,0.0022,"depth=3 < 4 and no outgoing: money arrives and stays; in=15,000 KZT over 1 transfers from 1 payer",1,0,15000.0,0.0,1,0,0.00029115802793766007,6.407022407262363e-07,0.0,0.0,,3,False,False,True,0
100000002241986100,peripheral,0.4,85,0.0317,"no rule threshold met: in_deg=1, out_deg=6, in=280,000, out=3,077,000 KZT",1,6,280000.0,3077000.0,1,12,0.00029464386295803346,0.0029401740801701572,-7.6299279722499e-18,10.989285714285714,-29.0,3,False,False,False,0
100000004140994100,terminal,0.8,46,0.0022,"depth=3 < 4 and no outgoing: money arrives and stays; in=18,650 KZT over 1 transfers from 1 payer",1,0,18650.0,0.0,1,0,0.00028848014479905044,-3.4166596382477484e-17,0.0,0.0,,3,False,False,True,1
100000008489922100,distributor,0.7,80,0.0466,"out_deg=36 receivers, out=3,789,900 KZT over 41 transfers",3,36,262010.0,3789900.0,5,41,0.0005858952858663079,3.846397892377942e-06,6.847780050563551e-05,14.464715087210411,-3.0,3,False,False,False,0
100000001252290100,abstained_single_observation,0.0,90,0.0293,"abstained on a single observation: in_tx=1, out_tx=1, fewer than 3 transfers is not a stable ratio",1,1,141005.0,5000.0,1,1,0.0002901391498076063,0.0029401740801701572,-2.347623865126829e-19,0.03545973547037339,-18.0,3,False,False,False,0
100000008667799100,terminal,0.8,46,0.0025,"depth=3 < 4 and no outgoing: money arrives and stays; in=34,000 KZT over 1 transfers from 1 payer",1,0,34000.0,0.0,1,0,0.00029087593870950727,-3.4166596382477484e-17,0.0,0.0,,3,False,False,True,1
100000008684951100,terminal,0.8,46,0.0022,"depth=3 < 4 and no outgoing: money arrives and stays; in=17,200 KZT over 1 transfers from 1 payer",1,0,17200.0,0.0,1,0,0.00028825383201923533,-3.4166596382477484e-17,0.0,0.0,,3,False,False,True,1
100000006126743100,terminal,0.8,90,0.0278,"depth=3 < 4 and no outgoing: money arrives and stays; in=55,000 KZT over 1 transfers from 1 payer",1,0,55000.0,0.0,1,0,0.0002873517987913648,0.0029401740801701572,0.0,0.0,,3,False,False,True,0
100000003009900100,terminal,0.8,49,0.0022,"depth=3 < 4 and no outgoing: money arrives and stays; in=15,998 KZT over 1 transfers from 1 payer",1,0,15998.0,0.0,1,0,0.0002915298650211887,6.407022407262363e-07,0.0,0.0,,3,False,False,True,0
100000001745217100,terminal,0.8,47,0.0124,"depth=3 < 4 and no outgoing: money arrives and stays; in=50,000 KZT over 1 transfers from 1 payer",1,0,50000.0,0.0,1,0,0.000290003406878444,0.0011319384436486095,0.0,0.0,,3,False,False,True,0
100000002886166100,terminal,0.8,41,0.0055,"depth=3 < 4 and no outgoing: money arrives and stays; in=185,000 KZT over 3 transfers from 1 payer",1,0,185000.0,0.0,3,0,0.00032459115017370436,-3.859139032054935e-18,0.0,0.0,,3,False,False,True,2
100000002956779100,terminal,0.8,24,0.0103,"depth=3 < 4 and no outgoing: money arrives and stays; in=411,000 KZT over 1 transfers from 1 payer",1,0,411000.0,0.0,1,0,0.00040310724815078425,3.7799502474301143e-06,0.0,0.0,,3,False,False,True,0
100000008568512100,terminal,0.8,90,0.0303,"depth=3 < 4 and no outgoing: money arrives and stays; in=199,640 KZT over 1 transfers from 1 payer",1,0,199640.0,0.0,1,0,0.0002920394617294402,0.0029401740801701572,0.0,0.0,,3,False,False,True,0
100000008583360100,abstained_single_observation,0.0,49,0.0043,"abstained on a single observation: in_tx=1, out_tx=1, fewer than 3 transfers is not a stable ratio",1,1,112843.0,170000.0,1,1,0.0003276125928311366,6.407022407262363e-07,-2.347623865126829e-19,1.5065179054083992,5.0,3,False,False,False,0
100000001130176100,terminal,0.8,47,0.0059,"depth=3 < 4 and no outgoing: money arrives and stays; in=25,000 KZT over 2 transfers from 1 payer",1,0,25000.0,0.0,2,0,0.0005580456003895453,-5.515702773971273e-19,0.0,0.0,,3,False,False,True,0
100000001145749100,terminal,0.8,24,0.0046,"depth=3 < 4 and no outgoing: money arrives and stays; in=10,000 KZT over 1 transfers from 1 payer",1,0,10000.0,0.0,1,0,0.0004785089150229709,-1.0584136944965696e-18,0.0,0.0,,3,False,False,True,0
100000005367445100,transit,0.7,66,0.0747,"pass-through 1.00 from a single transfer each way, so the ratio is one observation rather than a rate: in=5,000, out=5,000 KZT, dwell=1d",1,1,5000.0,5000.0,1,1,0.0018429964605732548,-5.515702773971273e-19,9.847280491789595e-07,1.0,1.0,3,False,False,False,0
100000003917461100,peripheral,0.4,43,0.0035,"no rule threshold met: in_deg=1, out_deg=2, in=10,000, out=140,000 KZT",1,2,10000.0,140000.0,1,5,0.0003991316698685005,-1.5569893857636381e-18,-1.7446137594175052e-18,14.0,-27.0,3,False,False,False,0
100000008200810100,terminal,0.8,54,0.0101,"depth=3 < 4 and no outgoing: money arrives and stays; in=475,000 KZT over 1 transfers from 1 payer",1,0,475000.0,0.0,1,0,0.0003081944220849885,3.7941363435134803e-07,0.0,0.0,,3,False,False,True,0
100000002554175100,terminal,0.8,49,0.0024,"depth=3 < 4 and no outgoing: money arrives and stays; in=24,621 KZT over 1 transfers from 1 payer",1,0,24621.0,0.0,1,0,0.0002947426417459053,6.407022407262363e-07,0.0,0.0,,3,False,False,True,0
100000008751380100,terminal,0.8,80,0.0099,"depth=3 < 4 and no outgoing: money arrives and stays; in=345,780 KZT over 2 transfers from 2 payers",2,0,345780.0,0.0,2,0,0.00031276381188304476,1.982061910844786e-06,0.0,0.0,,3,False,False,True,0
100000004071444100,abstained_single_observation,0.0,47,0.0159,"abstained on a single observation: in_tx=1, out_tx=1, fewer than 3 transfers is not a stable ratio",1,1,247350.0,100000.0,1,1,0.0003075048495520183,0.0011319384436486095,-2.347623865126829e-19,0.40428542551041036,-1.0,3,False,False,False,0
100000001141268100,peripheral,0.4,59,0.0128,"no rule threshold met: in_deg=2, out_deg=1, in=480,000, out=10,000 KZT",2,1,480000.0,10000.0,2,1,0.0003648625677100086,4.3955813134710303e-07,-2.347623865126829e-19,0.020833333333333332,1.0,3,False,False,False,0
100000002645993100,peripheral,0.4,47,0.0349,"no rule threshold met: in_deg=2, out_deg=5, in=49,650, out=86,980 KZT",2,5,49650.0,86980.0,4,9,0.0002933085935851196,0.0035485973398432687,0.000562911367202083,1.7518630412890233,0.0,3,False,False,False,0
100000002546921100,terminal,0.8,45,0.0025,"depth=3 < 4 and no outgoing: money arrives and stays; in=20,000 KZT over 1 transfers from 1 payer",1,0,20000.0,0.0,1,0,0.0002912223270400019,2.441379038302993e-05,0.0,0.0,,3,False,False,True,0
100000008753897100,terminal,0.8,46,0.0023,"depth=3 < 4 and no outgoing: money arrives and stays; in=24,050 KZT over 1 transfers from 1 payer",1,0,24050.0,0.0,1,0,0.0002893229648066379,-3.4166596382477484e-17,0.0,0.0,,3,False,False,True,1
100000000870121100,terminal,0.8,55,0.0025,"depth=3 < 4 and no outgoing: money arrives and stays; in=12,000 KZT over 1 transfers from 1 payer",1,0,12000.0,0.0,1,0,0.00031567480064349947,4.2599461439362225e-08,0.0,0.0,,3,False,False,True,0
100000003171006100,terminal,0.8,80,0.0125,"depth=3 < 4 and no outgoing: money arrives and stays; in=485,000 KZT over 2 transfers from 2 payers",2,0,485000.0,0.0,2,0,0.00033496794429429064,4.496881745614612e-06,0.0,0.0,,3,False,False,True,0
100000001690558100,terminal,0.8,57,0.0166,"depth=3 < 4 and no outgoing: money arrives and stays; in=740,000 KZT over 1 transfers from 1 payer",1,0,740000.0,0.0,1,0,0.0004121206393043224,8.448073393743234e-05,0.0,0.0,,3,False,False,True,0
100000008667795100,terminal,0.8,46,0.0025,"depth=3 < 4 and no outgoing: money arrives and stays; in=34,000 KZT over 1 transfers from 1 payer",1,0,34000.0,0.0,1,0,0.00029087593870950727,-3.4166596382477484e-17,0.0,0.0,,3,False,False,True,1
100000005674387100,terminal,0.8,46,0.0024,"depth=3 < 4 and no outgoing: money arrives and stays; in=26,200 KZT over 1 transfers from 1 payer",1,0,26200.0,0.0,1,0,0.000289658532031881,-3.4166596382477484e-17,0.0,0.0,,3,False,False,True,1
100000003636627100,peripheral,0.4,29,0.0254,"no rule threshold met: in_deg=1, out_deg=1, in=77,000, out=10,000 KZT",1,1,77000.0,10000.0,8,1,0.001976312410294793,-5.515702773971273e-19,1.24232352602278e-05,0.12987012987012986,14.0,3,False,False,False,0
100000001275752100,terminal,0.8,80,0.0045,"depth=3 < 4 and no outgoing: money arrives and stays; in=151,500 KZT over 1 transfers from 1 payer",1,0,151500.0,0.0,1,0,0.00029337452908966726,3.2207337193586866e-06,0.0,0.0,,3,False,False,True,0
100000002459240100,terminal,0.8,90,0.0295,"depth=3 < 4 and no outgoing: money arrives and stays; in=150,000 KZT over 1 transfers from 1 payer",1,0,150000.0,0.0,1,0,0.00029043067032840264,0.0029401740801701572,0.0,0.0,,3,False,False,True,0
100000002644285100,terminal,0.8,54,0.0105,"depth=3 < 4 and no outgoing: money arrives and stays; in=500,000 KZT over 1 transfers from 1 payer",1,0,500000.0,0.0,1,0,0.00030938521828855153,3.7941363435134803e-07,0.0,0.0,,3,False,False,True,0
100000005186109100,terminal,0.8,53,0.0062,"depth=3 < 4 and no outgoing: money arrives and stays; in=5,000 KZT over 1 transfers from 1 payer",1,0,5000.0,0.0,1,0,0.0006059178330672794,-5.515702773971273e-19,0.0,0.0,,3,False,False,True,0
100000005317181100,abstained_single_observation,0.0,47,0.0144,"abstained on a single observation: in_tx=1, out_tx=1, fewer than 3 transfers is not a stable ratio",1,1,141250.0,14500.0,1,1,0.00032241739654599024,0.0011379074330901454,-2.347623865126829e-19,0.10265486725663717,-11.0,3,False,False,False,0
100000003001661100,peripheral,0.4,50,0.0071,"no rule threshold met: in_deg=1, out_deg=5, in=110,000, out=439,500 KZT",1,5,110000.0,439500.0,1,8,0.0005464870342921854,-2.500714748775719e-18,1.630548788068729e-09,3.9954545454545456,3.0,3,False,False,False,0
100000000288317100,peripheral,0.4,82,0.0208,"no rule threshold met: in_deg=2, out_deg=3, in=100,000, out=53,500 KZT",2,3,100000.0,53500.0,2,3,0.0003128334856204937,0.0017654660575855885,-1.98808325405983e-18,0.535,-5.0,3,False,False,False,0
100000004368189100,peripheral,0.4,54,0.0085,"no rule threshold met: in_deg=1, out_deg=2, in=384,600, out=28,200 KZT",1,2,384600.0,28200.0,1,2,0.0003038885030129045,3.7941363435134803e-07,-9.009757596449287e-19,0.07332293291731669,-3.0,3,False,False,False,0
100000004493586100,terminal,0.8,47,0.0075,"depth=3 < 4 and no outgoing: money arrives and stays; in=7,500 KZT over 1 transfers from 1 payer",1,0,7500.0,0.0,1,0,0.0002886397366507129,0.0006428156846267581,0.0,0.0,,3,False,False,True,0
100000004114962100,terminal,0.8,90,0.0373,"depth=3 < 4 and no outgoing: money arrives and stays; in=165,000 KZT over 2 transfers from 2 payers",2,0,165000.0,0.0,2,0,0.0007112908662345276,0.002963681798817349,0.0,0.0,,3,False,False,True,0
100000008088082100,abstained_single_observation,0.0,55,0.0049,"abstained on a single observation: in_tx=1, out_tx=1, fewer than 3 transfers is not a stable ratio",1,1,39138.0,50000.0,1,1,0.0003000572852952129,0.00025946008779307336,-2.347623865126829e-19,1.2775307884920026,20.0,3,False,False,False,0
100000008595687100,abstained_single_observation,0.0,20,0.0036,"abstained on a single observation: in_tx=1, out_tx=1, fewer than 3 transfers is not a stable ratio",1,1,64395.0,10400.0,1,1,0.00030485762729909273,5.2569836528821505e-05,5.316399444905161e-06,0.161503222299868,1.0,3,False,False,False,0
100000001248999100,terminal,0.8,36,0.0043,"depth=3 < 4 and no outgoing: money arrives and stays; in=23,425 KZT over 1 transfers from 1 payer",1,0,23425.0,0.0,1,0,0.00028925636689373647,0.00023334462577838773,0.0,0.0,,3,False,False,True,0
100000002736316100,terminal,0.8,47,0.0327,"depth=3 < 4 and no outgoing: money arrives and stays; in=266,921 KZT over 3 transfers from 3 payers",3,0,266921.0,0.0,3,0,0.0003838232724141563,0.002506687570555587,0.0,0.0,,3,False,False,True,0
100000008596924100,terminal,0.8,29,0.0053,"depth=3 < 4 and no outgoing: money arrives and stays; in=100,000 KZT over 1 transfers from 1 payer",1,0,100000.0,0.0,1,0,0.0004160204242994214,-1.5569893857636381e-18,0.0,0.0,,3,False,False,True,0
100000008598972100,terminal,0.8,82,0.0047,"depth=3 < 4 and no outgoing: money arrives and stays; in=120,000 KZT over 1 transfers from 1 payer",1,0,120000.0,0.0,1,0,0.0002941160150228167,7.936044353374143e-05,0.0,0.0,,3,False,False,True,0
100000002769809100,terminal,0.8,57,0.005,"depth=3 < 4 and no outgoing: money arrives and stays; in=113,422 KZT over 1 transfers from 1 payer",1,0,113422.0,0.0,1,0,0.0003777442594632966,-1.0584136944965696e-18,0.0,0.0,,3,False,False,True,0
100000003089553100,terminal,0.8,66,0.0047,"depth=3 < 4 and no outgoing: money arrives and stays; in=150,000 KZT over 1 transfers from 1 payer",1,0,150000.0,0.0,1,0,0.00030709199718265064,2.6125683863354694e-07,0.0,0.0,,3,False,False,True,0
100000002343825100,peripheral,0.4,66,0.0121,"no rule threshold met: in_deg=3, out_deg=2, in=350,000, out=89,800 KZT",3,2,350000.0,89800.0,4,2,0.00033359725354762716,3.6174633720312384e-06,-9.009757596449287e-19,0.25657142857142856,0.0,3,False,False,False,0
100000002015633100,terminal,0.8,90,0.0285,"depth=3 < 4 and no outgoing: money arrives and stays; in=94,970 KZT over 1 transfers from 1 payer",1,0,94970.0,0.0,1,0,0.00028864719347910584,0.0029401740801701572,0.0,0.0,,3,False,False,True,0
100000002906470100,terminal,0.8,57,0.0051,"depth=3 < 4 and no outgoing: money arrives and stays; in=130,000 KZT over 1 transfers from 1 payer",1,0,130000.0,0.0,1,0,0.0003078012872731202,8.448073393743234e-05,0.0,0.0,,3,False,False,True,0
100000005628518100,terminal,0.8,57,0.0064,"depth=3 < 4 and no outgoing: money arrives and stays; in=77,000 KZT over 3 transfers from 1 payer",1,0,77000.0,0.0,3,0,0.0005329929869212501,-5.515702773971273e-19,0.0,0.0,,3,False,False,True,0
100000002958139100,terminal,0.8,80,0.0056,"depth=3 < 4 and no outgoing: money arrives and stays; in=209,500 KZT over 2 transfers from 1 payer",1,0,209500.0,0.0,2,0,0.0003002731747363869,1.966214633619511e-06,0.0,0.0,,3,False,False,True,0
100000008754747100,terminal,0.8,46,0.0027,"depth=3 < 4 and no outgoing: money arrives and stays; in=45,500 KZT over 1 transfers from 1 payer",1,0,45500.0,0.0,1,0,0.00029267083317011014,-3.4166596382477484e-17,0.0,0.0,,3,False,False,True,1
100000008776720100,terminal,0.8,46,0.0024,"depth=3 < 4 and no outgoing: money arrives and stays; in=26,150 KZT over 1 transfers from 1 payer",1,0,26150.0,0.0,1,0,0.00028965072814292185,-3.4166596382477484e-17,0.0,0.0,,3,False,False,True,1
100000008576528100,terminal,0.8,90,0.0274,"depth=3 < 4 and no outgoing: money arrives and stays; in=28,000 KZT over 1 transfers from 1 payer",1,0,28000.0,0.0,1,0,0.00028647675109136453,0.0029401740801701572,0.0,0.0,,3,False,False,True,0
100000004603109100,peripheral,0.4,67,0.0891,"no rule threshold met: in_deg=3, out_deg=2, in=2,730,000, out=400,000 KZT",3,2,2730000.0,400000.0,8,2,0.00317836527963168,-3.415987960147191e-18,-3.3601650700360682e-18,0.14652014652014653,6.0,3,False,False,False,0
100000008721637100,peripheral,0.4,29,0.016,"no rule threshold met: in_deg=1, out_deg=2, in=24,041, out=127,000 KZT",1,2,24041.0,127000.0,1,2,0.0002904606519895616,0.0016044117981357546,2.172555338966966e-05,5.282642152988644,-4.0,3,False,False,False,0
100000004491749100,terminal,0.8,29,0.0036,"depth=3 < 4 and no outgoing: money arrives and stays; in=50,000 KZT over 1 transfers from 1 payer",1,0,50000.0,0.0,1,0,0.0003507948592583558,-1.5569893857636381e-18,0.0,0.0,,3,False,False,True,0
100000005171642100,transit,0.7,31,0.1599,"pass_through=0.98: in=696,800, out=683,600 KZT, dwell=0d",2,1,696800.0,683600.0,5,4,0.002767182224758268,-2.6271775559433857e-18,1.2626060685758789e-05,0.9810562571756601,0.0,3,False,False,False,0
100000008682426100,terminal,0.8,45,0.0025,"depth=3 < 4 and no outgoing: money arrives and stays; in=20,000 KZT over 1 transfers from 1 payer",1,0,20000.0,0.0,1,0,0.0002912223270400019,2.441379038302993e-05,0.0,0.0,,3,False,False,True,0
100000006209210100,terminal,0.8,29,0.0076,"depth=3 < 4 and no outgoing: money arrives and stays; in=229,111 KZT over 1 transfers from 1 payer",1,0,229111.0,0.0,1,0,0.00036080271331221227,0.00010831189958102141,0.0,0.0,,3,False,False,True,0
100000003888527100,terminal,0.8,68,0.0036,"depth=3 < 4 and no outgoing: money arrives and stays; in=30,000 KZT over 1 transfers from 1 payer",1,0,30000.0,0.0,1,0,0.0003666748083508467,2.4284366617553447e-05,0.0,0.0,,3,False,False,True,0
100000008490127100,peripheral,0.4,90,0.0343,"no rule threshold met: in_deg=1, out_deg=6, in=431,755, out=923,000 KZT",1,6,431755.0,923000.0,2,9,0.00029956211716964596,0.0029401740801701572,-7.6299279722499e-18,2.137786476126507,-19.0,3,False,False,False,0
100000004336228100,terminal,0.8,82,0.0165,"depth=3 < 4 and no outgoing: money arrives and stays; in=51,407 KZT over 2 transfers from 1 payer",1,0,51407.0,0.0,2,0,0.00029602851093037016,0.0016044117981357546,0.0,0.0,,3,False,False,True,0
100000006844004100,terminal,0.8,47,0.0056,"depth=3 < 4 and no outgoing: money arrives and stays; in=20,600 KZT over 1 transfers from 1 payer",1,0,20600.0,0.0,1,0,0.000545441716485238,-5.515702773971273e-19,0.0,0.0,,3,False,False,True,0
100000001688676100,terminal,0.8,57,0.0051,"depth=3 < 4 and no outgoing: money arrives and stays; in=133,700 KZT over 1 transfers from 1 payer",1,0,133700.0,0.0,1,0,0.00030843404399855535,8.448073393743234e-05,0.0,0.0,,3,False,False,True,0
100000008712036100,terminal,0.8,46,0.0023,"depth=3 < 4 and no outgoing: money arrives and stays; in=21,000 KZT over 1 transfers from 1 payer",1,0,21000.0,0.0,1,0,0.00028884692758013016,-3.4166596382477484e-17,0.0,0.0,,3,False,False,True,1
100000004697956100,transit,0.7,29,0.0148,"pass-through 1.00 from a single transfer each way, so the ratio is one observation rather than a rate: in=10,000, out=10,000 KZT, dwell=3d",1,1,10000.0,10000.0,1,1,0.0004681160760661767,-1.5569893857636381e-18,1.2421621228127532e-05,1.0,3.0,3,False,False,False,0
100000004921657100,abstained_single_observation,0.0,24,0.003,"abstained on a single observation: in_tx=1, out_tx=1, fewer than 3 transfers is not a stable ratio",1,1,8300.0,22190.0,1,1,0.00036129622421142584,-1.0499656032901273e-18,-6.74231101406452e-19,2.6734939759036145,0.0,3,False,False,False,0
100000000408846100,terminal,0.8,76,0.0027,"depth=3 < 4 and no outgoing: money arrives and stays; in=40,500 KZT over 1 transfers from 1 payer",1,0,40500.0,0.0,1,0,0.0002957255734808799,-3.8178954906251595e-18,0.0,0.0,,3,False,False,True,0
100000003406094100,peripheral,0.4,20,0.0095,"no rule threshold met: in_deg=1, out_deg=3, in=70,000, out=47,000 KZT",1,3,70000.0,47000.0,4,3,0.0007781507813786732,-5.515702773971273e-19,1.1351904805601886e-06,0.6714285714285714,8.0,3,False,False,False,0
100000008695566100,terminal,0.8,46,0.0025,"depth=3 < 4 and no outgoing: money arrives and stays; in=33,700 KZT over 1 transfers from 1 payer",1,0,33700.0,0.0,1,0,0.0002908291153757524,-3.4166596382477484e-17,0.0,0.0,,3,False,False,True,1
100000005974542100,terminal,0.8,44,0.0061,"depth=3 < 4 and no outgoing: money arrives and stays; in=94,500 KZT over 3 transfers from 1 payer",1,0,94500.0,0.0,3,0,0.0004830472191227769,3.197873696213818e-06,0.0,0.0,,3,False,False,True,0
100000001887715100,peripheral,0.4,59,0.0337,"no rule threshold met: in_deg=3, out_deg=1, in=1,331,500, out=750,000 KZT",3,1,1331500.0,750000.0,4,1,0.0007309294553868668,1.3426258810654412e-06,-2.347623865126829e-19,0.5632745024408562,0.0,3,False,False,False,0
100000002472632100,peripheral,0.4,64,0.0213,"no rule threshold met: in_deg=2, out_deg=1, in=502,400, out=20,000 KZT",2,1,502400.0,20000.0,3,1,0.000985619333290865,2.5213388721174774e-06,-2.347623865126829e-19,0.03980891719745223,-8.0,3,False,False,False,0
100000004629688100,peripheral,0.4,53,0.0033,"no rule threshold met: in_deg=1, out_deg=1, in=5,000, out=15,000 KZT",1,1,5000.0,15000.0,1,2,0.00038797258449924186,-2.034076640383946e-18,1.5429536913845683e-05,3.0,-2.0,3,False,False,False,0
100000002459832100,terminal,0.8,82,0.0216,"depth=3 < 4 and no outgoing: money arrives and stays; in=880,606 KZT over 2 transfers from 2 payers",2,0,880606.0,0.0,2,0,0.00039318803670429763,0.00020964082125432185,0.0,0.0,,3,False,False,True,0
100000006100920100,terminal,0.8,47,0.0096,"depth=3 < 4 and no outgoing: money arrives and stays; in=100,000 KZT over 1 transfers from 1 payer",1,0,100000.0,0.0,1,0,0.0003265085266629265,0.0006428156846267581,0.0,0.0,,3,False,False,True,0
100000001439416100,peripheral,0.4,47,0.0028,"no rule threshold met: in_deg=1, out_deg=2, in=10,000, out=165,000 KZT",1,2,10000.0,165000.0,1,3,0.0003408996759919328,2.3509417958786865e-06,0.00010279294475993992,16.5,-8.0,3,False,False,False,0
100000002121357100,peripheral,0.4,66,0.0085,"no rule threshold met: in_deg=2, out_deg=1, in=255,300, out=113,000 KZT",2,1,255300.0,113000.0,2,1,0.0003262737748092851,5.922167448859251e-07,-2.347623865126829e-19,0.4426165295730513,-2.0,3,False,False,False,0
100000002970466100,peripheral,0.4,47,0.027,"no rule threshold met: in_deg=1, out_deg=2, in=23,317, out=93,000 KZT",1,2,23317.0,93000.0,1,3,0.0002868825068890655,0.0029057816552165096,-9.009757596449287e-19,3.9885062400823434,2.0,3,False,False,False,0
100000002581346100,terminal,0.8,90,0.0297,"depth=3 < 4 and no outgoing: money arrives and stays; in=166,400 KZT over 1 transfers from 1 payer",1,0,166400.0,0.0,1,0,0.00029096218078321763,0.0029401740801701572,0.0,0.0,,3,False,False,True,0
100000008738658100,terminal,0.8,46,0.0024,"depth=3 < 4 and no outgoing: money arrives and stays; in=29,920 KZT over 1 transfers from 1 payer",1,0,29920.0,0.0,1,0,0.00029023914137044126,-3.4166596382477484e-17,0.0,0.0,,3,False,False,True,1
100000005910114100,peripheral,0.4,47,0.0487,"no rule threshold met: in_deg=3, out_deg=19, in=326,144, out=1,469,993 KZT",3,19,326144.0,1469993.0,3,56,0.0003616504127742248,0.0043031491760997295,0.004921132357608818,4.507190075549451,-6.0,3,False,False,False,0
100000001046626100,terminal,0.8,90,0.0295,"depth=3 < 4 and no outgoing: money arrives and stays; in=150,000 KZT over 1 transfers from 1 payer",1,0,150000.0,0.0,1,0,0.00029043067032840264,0.0029401740801701572,0.0,0.0,,3,False,False,True,0
100000006492770100,abstained_single_observation,0.0,47,0.0313,"abstained on a single observation: in_tx=1, out_tx=1, fewer than 3 transfers is not a stable ratio",1,1,269000.0,20000.0,1,1,0.0003007193653545536,0.0029057816552165096,-2.347623865126829e-19,0.07434944237918216,1.0,3,False,False,False,0
100000001674850100,terminal,0.8,66,0.0081,"depth=3 < 4 and no outgoing: money arrives and stays; in=237,000 KZT over 2 transfers from 2 payers",2,0,237000.0,0.0,2,0,0.00031409364237488564,2.4578560821658414e-06,0.0,0.0,,3,False,False,True,0
100000000860514100,abstained_single_observation,0.0,64,0.0024,"abstained on a single observation: in_tx=1, out_tx=1, fewer than 3 transfers is not a stable ratio",1,1,12000.0,50000.0,1,1,0.0003062893737864728,2.5006817420069356e-06,-2.347623865126829e-19,4.166666666666667,11.0,3,False,False,False,0
100000003650146100,terminal,0.8,20,0.0025,"depth=3 < 4 and no outgoing: money arrives and stays; in=14,400 KZT over 1 transfers from 1 payer",1,0,14400.0,0.0,1,0,0.0003001273511766368,2.4475150146264977e-05,0.0,0.0,,3,False,False,True,0
100000001227106100,terminal,0.8,90,0.0297,"depth=3 < 4 and no outgoing: money arrives and stays; in=164,765 KZT over 1 transfers from 1 payer",1,0,164765.0,0.0,1,0,0.0002909091917836065,0.0029401740801701572,0.0,0.0,,3,False,False,True,0
100000003647799100,terminal,0.8,90,0.0286,"depth=3 < 4 and no outgoing: money arrives and stays; in=100,000 KZT over 1 transfers from 1 payer",1,0,100000.0,0.0,1,0,0.0002888102116246985,0.0029401740801701572,0.0,0.0,,3,False,False,True,0
100000008293431100,peripheral,0.4,47,0.0118,"no rule threshold met: in_deg=1, out_deg=5, in=15,000, out=297,000 KZT",1,5,15000.0,297000.0,1,7,0.0002868995280156364,0.0011319384436486095,0.00036692219497958624,19.8,-14.0,3,False,False,False,0
100000002975287100,terminal,0.8,36,0.0061,"depth=3 < 4 and no outgoing: money arrives and stays; in=15,000 KZT over 1 transfers from 1 payer",1,0,15000.0,0.0,1,0,0.0002891923195721382,0.00046590181504893824,0.0,0.0,,3,False,False,True,0
100000008507703100,terminal,0.8,46,0.0024,"depth=3 < 4 and no outgoing: money arrives and stays; in=28,500 KZT over 1 transfers from 1 payer",1,0,28500.0,0.0,1,0,0.00029001751092400156,-3.4166596382477484e-17,0.0,0.0,,3,False,False,True,1
100000001733687100,terminal,0.8,80,0.0072,"depth=3 < 4 and no outgoing: money arrives and stays; in=300,000 KZT over 1 transfers from 1 payer",1,0,300000.0,0.0,1,0,0.00030662497037828784,1.966214633619511e-06,0.0,0.0,,3,False,False,True,0
100000004552204100,peripheral,0.4,81,0.0099,"no rule threshold met: in_deg=1, out_deg=2, in=22,500, out=10,000 KZT",1,2,22500.0,10000.0,2,2,0.0008646978335399377,-5.515702773971273e-19,-2.2739770083239752e-18,0.4444444444444444,-17.0,3,False,False,False,0
100000008223756100,terminal,0.8,82,0.036,"depth=3 < 4 and no outgoing: money arrives and stays; in=331,682 KZT over 2 transfers from 2 payers",2,0,331682.0,0.0,2,0,0.000356281121163305,0.00303606203293709,0.0,0.0,,3,False,False,True,0
100000002956769100,terminal,0.8,54,0.021,"depth=3 < 4 and no outgoing: money arrives and stays; in=840,000 KZT over 3 transfers from 3 payers",3,0,840000.0,0.0,3,0,0.00038478275617857913,3.2631506306759766e-06,0.0,0.0,,3,False,False,True,0
100000008555233100,terminal,0.8,59,0.0102,"depth=3 < 4 and no outgoing: money arrives and stays; in=440,600 KZT over 1 transfers from 1 payer",1,0,440600.0,0.0,1,0,0.00036340872056222037,8.364542260969313e-08,0.0,0.0,,3,False,False,True,0
100000002346166100,terminal,0.8,46,0.002,"depth=3 < 4 and no outgoing: money arrives and stays; in=6,000 KZT over 1 transfers from 1 payer",1,0,6000.0,0.0,1,0,0.00028650576089238734,-3.4166596382477484e-17,0.0,0.0,,3,False,False,True,1
100000000878006100,terminal,0.8,90,0.0277,"depth=3 < 4 and no outgoing: money arrives and stays; in=47,003 KZT over 1 transfers from 1 payer",1,0,47003.0,0.0,1,0,0.0002870926226262943,0.0029401740801701572,0.0,0.0,,3,False,False,True,0
100000004997515100,coordinator,0.5,80,0.0501,"both sides active: in_deg=4, out_deg=4, in=395,000, out=54,500 KZT",4,4,395000.0,54500.0,4,4,0.00035661588331946755,2.3310621594843945e-06,-3.463019716723573e-18,0.1379746835443038,-5.0,3,False,False,False,0
100000007653003100,terminal,0.8,36,0.0057,"depth=3 < 4 and no outgoing: money arrives and stays; in=100,000 KZT over 1 transfers from 1 payer",1,0,100000.0,0.0,1,0,0.000301309198919302,0.00023334462577838773,0.0,0.0,,3,False,False,True,0
100000000661131100,terminal,0.8,46,0.0022,"depth=3 < 4 and no outgoing: money arrives and stays; in=15,600 KZT over 1 transfers from 1 payer",1,0,15600.0,0.0,1,0,0.00028800410757254274,-3.4166596382477484e-17,0.0,0.0,,3,False,False,True,1
100000003880331100,peripheral,0.4,82,0.0049,"no rule threshold met: in_deg=1, out_deg=16, in=100,000, out=3,904,908 KZT",1,16,100000.0,3904908.0,1,31,0.0003076581045462551,0.00013028037772058027,0.006098820382896912,39.04908,-12.0,3,False,False,False,0
100000003204491100,peripheral,0.4,47,0.014,"no rule threshold met: in_deg=1, out_deg=1, in=140,000, out=100,000 KZT",1,1,140000.0,100000.0,1,2,0.000297984809668521,0.0011319384436486095,-2.347623865126829e-19,0.7142857142857143,0.0,3,False,False,False,0
100000008463968100,terminal,0.8,46,0.0021,"depth=3 < 4 and no outgoing: money arrives and stays; in=10,000 KZT over 1 transfers from 1 payer",1,0,10000.0,0.0,1,0,0.00028713007200911874,-3.4166596382477484e-17,0.0,0.0,,3,False,False,True,1
100000002712416100,terminal,0.8,54,0.0059,"depth=3 < 4 and no outgoing: money arrives and stays; in=116,800 KZT over 2 transfers from 2 payers",2,0,116800.0,0.0,2,0,0.0003026575194807794,2.98153058228956e-06,0.0,0.0,,3,False,False,True,0
100000008754997100,terminal,0.8,46,0.0022,"depth=3 < 4 and no outgoing: money arrives and stays; in=18,000 KZT over 1 transfers from 1 payer",1,0,18000.0,0.0,1,0,0.0002883786942425816,-3.4166596382477484e-17,0.0,0.0,,3,False,False,True,1
100000008011573100,terminal,0.8,36,0.0061,"depth=3 < 4 and no outgoing: money arrives and stays; in=15,000 KZT over 1 transfers from 1 payer",1,0,15000.0,0.0,1,0,0.0002891923195721382,0.00046590181504893824,0.0,0.0,,3,False,False,True,0
100000003178549100,peripheral,0.4,36,0.0226,"no rule threshold met: in_deg=2, out_deg=4, in=250,000, out=89,080 KZT",2,4,250000.0,89080.0,2,4,0.0003521578194805638,0.0016231039861887185,0.0015225878541949873,0.35632,-13.0,3,False,False,False,0
100000000534581100,peripheral,0.4,82,0.0207,"no rule threshold met: in_deg=2, out_deg=1, in=55,960, out=40,000 KZT",2,1,55960.0,40000.0,2,1,0.00029845332198865065,0.0018638718859288286,-2.347623865126829e-19,0.7147962830593281,5.0,3,False,False,False,0
100000007138613100,peripheral,0.4,47,0.0743,"no rule threshold met: in_deg=3, out_deg=2, in=1,002,000, out=179,000 KZT",3,2,1002000.0,179000.0,3,2,0.0003541752272666075,0.006007009994836502,-9.009757596449287e-19,0.17864271457085829,-26.0,3,False,False,False,0
100000002380341100,terminal,0.8,47,0.0086,"depth=3 < 4 and no outgoing: money arrives and stays; in=57,566 KZT over 1 transfers from 1 payer",1,0,57566.4,0.0,1,0,0.00030913653652387497,0.0006428156846267581,0.0,0.0,,3,False,False,True,0
100000008309514100,terminal,0.8,46,0.0022,"depth=3 < 4 and no outgoing: money arrives and stays; in=17,200 KZT over 1 transfers from 1 payer",1,0,17200.0,0.0,1,0,0.00028825383201923533,-3.4166596382477484e-17,0.0,0.0,,3,False,False,True,1
100000003134474100,terminal,0.8,90,0.0289,"depth=3 < 4 and no outgoing: money arrives and stays; in=116,000 KZT over 1 transfers from 1 payer",1,0,116000.0,0.0,1,0,0.0002893287584098838,0.0029401740801701572,0.0,0.0,,3,False,False,True,0
100000002373386100,terminal,0.8,46,0.0023,"depth=3 < 4 and no outgoing: money arrives and stays; in=24,000 KZT over 1 transfers from 1 payer",1,0,24000.0,0.0,1,0,0.00028931516091767876,-3.4166596382477484e-17,0.0,0.0,,3,False,False,True,1
100000008684767100,terminal,0.8,46,0.0025,"depth=3 < 4 and no outgoing: money arrives and stays; in=31,100 KZT over 1 transfers from 1 payer",1,0,31100.0,0.0,1,0,0.000290423313149877,-3.4166596382477484e-17,0.0,0.0,,3,False,False,True,1
100000008332511100,terminal,0.8,29,0.0144,"depth=3 < 4 and no outgoing: money arrives and stays; in=100,000 KZT over 1 transfers from 1 payer",1,0,100000.0,0.0,1,0,0.0011127776746800695,-5.515702773971273e-19,0.0,0.0,,3,False,False,True,0
100000005754335100,terminal,0.8,68,0.0044,"depth=3 < 4 and no outgoing: money arrives and stays; in=44,037 KZT over 1 transfers from 1 payer",1,0,44037.0,0.0,1,0,0.00040462407841393785,2.4284366617553447e-05,0.0,0.0,,3,False,False,True,0
100000008547295100,terminal,0.8,29,0.0058,"depth=3 < 4 and no outgoing: money arrives and stays; in=15,000 KZT over 1 transfers from 1 payer",1,0,15000.0,0.0,1,0,0.0005629711569533353,-1.5569893857636381e-18,0.0,0.0,,3,False,False,True,0
100000001875167100,terminal,0.8,90,0.044,"depth=3 < 4 and no outgoing: money arrives and stays; in=1,000,000 KZT over 2 transfers from 1 payer",1,0,1000000.0,0.0,2,0,0.0003179784682913733,0.0029401740801701572,0.0,0.0,,3,False,False,True,0
100000004670388100,peripheral,0.4,48,0.0075,"no rule threshold met: in_deg=1, out_deg=2, in=160,354, out=720,000 KZT",1,2,160354.0,720000.0,1,4,0.0005140172616899964,-1.0584136944965696e-18,-1.121123258010362e-18,4.490065729573319,0.0,3,False,False,False,0
100000004097972100,peripheral,0.4,47,0.0139,"no rule threshold met: in_deg=1, out_deg=2, in=118,878, out=10,000 KZT",1,2,118878.0,10000.0,1,2,0.0003165811788801659,0.0011379074330901454,-9.009757596449287e-19,0.0841198539679335,0.0,3,False,False,False,0
100000000481716100,terminal,0.8,49,0.0032,"depth=3 < 4 and no outgoing: money arrives and stays; in=8,000 KZT over 1 transfers from 1 payer",1,0,8000.0,0.0,1,0,0.0003771539261882786,2.2795669834217734e-08,0.0,0.0,,3,False,False,True,0
100000005089460100,terminal,0.8,46,0.0021,"depth=3 < 4 and no outgoing: money arrives and stays; in=12,300 KZT over 1 transfers from 1 payer",1,0,12300.0,0.0,1,0,0.0002874890509012393,-3.4166596382477484e-17,0.0,0.0,,3,False,False,True,1
100000003105929100,peripheral,0.4,90,0.0342,"no rule threshold met: in_deg=1, out_deg=1, in=429,567, out=156,354 KZT",1,1,429567.0,156354.0,2,1,0.0002994912058967719,0.0029401740801701572,-2.347623865126829e-19,0.3639804733603838,-4.0,3,False,False,False,0
100000008379273100,transit,0.7,49,0.0152,"pass_through=1.06: in=36,000, out=38,000 KZT, dwell=-1d",2,4,36000.0,38000.0,2,4,0.00029901719044964846,3.3989762118184644e-06,0.00011632381844201185,1.0555555555555556,-1.0,3,False,False,False,0
100000005357705100,peripheral,0.4,82,0.0165,"no rule threshold met: in_deg=1, out_deg=4, in=52,595, out=387,080 KZT",1,4,52595.0,387080.0,1,5,0.00029627022022006105,0.0016044117981357546,-3.463019716723573e-18,7.35963494628767,-4.0,3,False,False,False,0
100000003111305100,terminal,0.8,31,0.0178,"depth=3 < 4 and no outgoing: money arrives and stays; in=509,338 KZT over 4 transfers from 4 payers",4,0,509338.0,0.0,4,0,0.0004036018095361793,2.6654287081979763e-05,0.0,0.0,,3,False,False,True,0
100000008503177100,terminal,0.8,82,0.0162,"depth=3 < 4 and no outgoing: money arrives and stays; in=33,951 KZT over 1 transfers from 1 payer",1,0,33951.0,0.0,1,0,0.0002924769306602995,0.0016044117981357546,0.0,0.0,,3,False,False,True,0
100000000955529100,abstained_single_observation,0.0,24,0.0025,"abstained on a single observation: in_tx=1, out_tx=1, fewer than 3 transfers is not a stable ratio",1,1,27000.0,63500.0,1,1,0.0002956290149139559,6.407022407262363e-07,0.0001978542212307263,2.3518518518518516,7.0,3,False,False,False,0
100000008695689100,terminal,0.8,46,0.0024,"depth=3 < 4 and no outgoing: money arrives and stays; in=26,200 KZT over 1 transfers from 1 payer",1,0,26200.0,0.0,1,0,0.000289658532031881,-3.4166596382477484e-17,0.0,0.0,,3,False,False,True,1
100000004184158100,terminal,0.8,47,0.0151,"depth=3 < 4 and no outgoing: money arrives and stays; in=203,805 KZT over 1 transfers from 1 payer",1,0,203805.0,0.0,1,0,0.0003036431808354194,0.0011319384436486095,0.0,0.0,,3,False,False,True,0
100000005475379100,peripheral,0.4,33,0.0058,"no rule threshold met: in_deg=1, out_deg=3, in=108,370, out=81,000 KZT",1,3,108370.0,81000.0,1,3,0.0004216387717503724,4.0375998253533274e-05,-1.98808325405983e-18,0.7474393282273692,-6.0,3,False,False,False,0
100000003093299100,terminal,0.8,47,0.0269,"depth=3 < 4 and no outgoing: money arrives and stays; in=15,000 KZT over 1 transfers from 1 payer",1,0,15000.0,0.0,1,0,0.0002864140937230855,0.0029057816552165096,0.0,0.0,,3,False,False,True,0
100000008767027100,terminal,0.8,59,0.002,"depth=3 < 4 and no outgoing: money arrives and stays; in=5,000 KZT over 1 transfers from 1 payer",1,0,5000.0,0.0,1,0,0.0002863329149575189,3.559127087373899e-07,0.0,0.0,,3,False,False,True,0
100000004539443100,terminal,0.8,24,0.0136,"depth=3 < 4 and no outgoing: money arrives and stays; in=61,990 KZT over 2 transfers from 2 payers",2,0,61990.0,0.0,2,0,0.0009561831780302773,-1.584094629283539e-18,0.0,0.0,,3,False,False,True,0
100000007863304100,terminal,0.8,90,0.0273,"depth=3 < 4 and no outgoing: money arrives and stays; in=25,000 KZT over 1 transfers from 1 payer",1,0,25000.0,0.0,1,0,0.00028637952356914227,0.0029401740801701572,0.0,0.0,,3,False,False,True,0
100000004959752100,terminal,0.8,24,0.0088,"depth=3 < 4 and no outgoing: money arrives and stays; in=22,200 KZT over 1 transfers from 1 payer",1,0,22200.0,0.0,1,0,0.0007848703238285015,-5.515702773971273e-19,0.0,0.0,,3,False,False,True,0
100000002214664100,peripheral,0.4,46,0.002,"no rule threshold met: in_deg=1, out_deg=1, in=7,950, out=76,950 KZT",1,1,7950.0,76950.0,1,2,0.0002868101125617939,-3.4166596382477484e-17,-2.347623865126829e-19,9.679245283018869,0.0,3,False,False,False,1
100000008192264100,transit,0.7,90,0.0989,"pass_through=1.15: in=162,810, out=187,910 KZT, dwell=-18d",1,1,162810.0,187910.0,1,2,0.00029084583184829166,0.0029401740801701572,-2.347623865126829e-19,1.1541674344327744,-18.0,3,False,False,False,0
100000000942301100,terminal,0.8,47,0.0127,"depth=3 < 4 and no outgoing: money arrives and stays; in=57,580 KZT over 2 transfers from 1 payer",1,0,57580.0,0.0,2,0,0.00030059027639135424,0.0011379074330901454,0.0,0.0,,3,False,False,True,0
100000002578653100,terminal,0.8,86,0.0025,"depth=3 < 4 and no outgoing: money arrives and stays; in=20,000 KZT over 1 transfers from 1 payer",1,0,20000.0,0.0,1,0,0.00031131007444757275,-1.0584136944965696e-18,0.0,0.0,,3,False,False,True,0
100000002511581100,terminal,0.8,46,0.0022,"depth=3 < 4 and no outgoing: money arrives and stays; in=17,600 KZT over 1 transfers from 1 payer",1,0,17600.0,0.0,1,0,0.00028831626313090844,-3.4166596382477484e-17,0.0,0.0,,3,False,False,True,1
100000005610717100,peripheral,0.4,47,0.0854,"no rule threshold met: in_deg=4, out_deg=1, in=484,500, out=265,200 KZT",4,1,484500.0,265200.0,6,7,0.00034454483671221336,0.00811580161212542,-2.347623865126829e-19,0.5473684210526316,-6.0,3,False,False,False,0
100000005704413100,distributor,0.7,49,0.038,"out_deg=32 receivers, out=1,363,593 KZT over 35 transfers",3,32,97834.67,1363593.0,4,35,0.0005996888032985903,2.3762160559123342e-06,0.00014800832728382348,13.9377278014021,0.0,3,False,False,False,0
100000000976943100,transit,0.7,33,0.0151,"pass_through=1.20: in=70,000, out=84,000 KZT, dwell=0d",1,1,70000.0,84000.0,1,3,0.00037346136238482506,4.0375998253533274e-05,-2.347623865126829e-19,1.2,0.0,3,False,False,False,0
100000008708061100,terminal,0.8,46,0.002,"depth=3 < 4 and no outgoing: money arrives and stays; in=8,650 KZT over 1 transfers from 1 payer",1,0,8650.0,0.0,1,0,0.0002869193670072219,-3.4166596382477484e-17,0.0,0.0,,3,False,False,True,1
100000003986141100,terminal,0.8,36,0.0059,"depth=3 < 4 and no outgoing: money arrives and stays; in=5,286 KZT over 1 transfers from 1 payer",1,0,5286.32,0.0,1,0,0.0002868461256435462,0.00046590181504893824,0.0,0.0,,3,False,False,True,0
100000005037490100,peripheral,0.4,55,0.0026,"no rule threshold met: in_deg=1, out_deg=2, in=15,000, out=30,000 KZT",1,2,15000.0,30000.0,1,3,0.0003232011772500518,4.2599461439362225e-08,0.00022285399287035125,2.0,-8.0,3,False,False,False,0
100000004257714100,terminal,0.8,46,0.0029,"depth=3 < 4 and no outgoing: money arrives and stays; in=52,220 KZT over 1 transfers from 1 payer",1,0,52220.0,0.0,1,0,0.0002937196758462189,-3.4166596382477484e-17,0.0,0.0,,3,False,False,True,1
100000000569479100,terminal,0.8,47,0.01,"depth=3 < 4 and no outgoing: money arrives and stays; in=320,000 KZT over 1 transfers from 1 payer",1,0,320000.0,0.0,1,0,0.0003949532398197781,0.00016105425944983243,0.0,0.0,,3,False,False,True,0
100000007303047100,terminal,0.8,46,0.0029,"depth=3 < 4 and no outgoing: money arrives and stays; in=52,250 KZT over 1 transfers from 1 payer",1,0,52250.0,0.0,1,0,0.0002937243581795944,-3.4166596382477484e-17,0.0,0.0,,3,False,False,True,1
100000008708743100,terminal,0.8,46,0.0022,"depth=3 < 4 and no outgoing: money arrives and stays; in=15,550 KZT over 1 transfers from 1 payer",1,0,15550.0,0.0,1,0,0.0002879963036835836,-3.4166596382477484e-17,0.0,0.0,,3,False,False,True,1
100000008745863100,terminal,0.8,46,0.0023,"depth=3 < 4 and no outgoing: money arrives and stays; in=22,900 KZT over 1 transfers from 1 payer",1,0,22900.0,0.0,1,0,0.00028914347536057757,-3.4166596382477484e-17,0.0,0.0,,3,False,False,True,1
100000005048668100,peripheral,0.4,82,0.031,"no rule threshold met: in_deg=2, out_deg=8, in=16,668, out=159,400 KZT",2,8,16668.0,159400.0,2,11,0.00028854810674879304,0.0031652417430095823,0.0016072690502328363,9.563234941204703,-11.0,3,False,False,False,0
100000006522972100,terminal,0.8,90,0.0032,"depth=3 < 4 and no outgoing: money arrives and stays; in=9,515 KZT over 1 transfers from 1 payer",1,0,9515.0,0.0,1,0,0.000303310125964783,0.00010694239102769045,0.0,0.0,,3,False,False,True,0
100000008759857100,peripheral,0.4,59,0.002,"no rule threshold met: in_deg=1, out_deg=2, in=5,000, out=994,000 KZT",1,2,5000.0,994000.0,1,3,0.0002863329149575189,3.559127087373899e-07,2.237312951105384e-06,198.8,3.0,3,False,False,False,0
100000005342513100,peripheral,0.4,46,0.0162,"no rule threshold met: in_deg=1, out_deg=1, in=235,000, out=30,000 KZT",1,1,235000.0,30000.0,2,1,0.001081651299671485,-6.201740217825412e-19,-1.7159482868359776e-18,0.1276595744680851,0.0,3,False,False,False,1
100000004750897100,terminal,0.8,53,0.0047,"depth=3 < 4 and no outgoing: money arrives and stays; in=10,000 KZT over 1 transfers from 1 payer",1,0,10000.0,0.0,1,0,0.0004903758747811936,-2.034076640383946e-18,0.0,0.0,,3,False,False,True,0
100000001140785100,terminal,0.8,66,0.0077,"depth=3 < 4 and no outgoing: money arrives and stays; in=215,000 KZT over 2 transfers from 2 payers",2,0,215000.0,0.0,2,0,0.0003153466781884731,7.528982871798227e-07,0.0,0.0,,3,False,False,True,0
100000002821425100,terminal,0.8,54,0.0066,"depth=3 < 4 and no outgoing: money arrives and stays; in=275,000 KZT over 1 transfers from 1 payer",1,0,275000.0,0.0,1,0,0.00029866805245648396,3.7941363435134803e-07,0.0,0.0,,3,False,False,True,0
100000003221510100,peripheral,0.4,47,0.027,"no rule threshold met: in_deg=1, out_deg=2, in=24,000, out=120,000 KZT",1,2,24000.0,120000.0,1,3,0.0002869209734265628,0.0029057816552165096,-9.009757596449287e-19,5.0,-15.0,3,False,False,False,0
100000003031003100,terminal,0.8,54,0.0107,"depth=3 < 4 and no outgoing: money arrives and stays; in=280,090 KZT over 3 transfers from 3 payers",3,0,280090.0,0.0,3,0,0.00031149881059583704,6.190924671218501e-06,0.0,0.0,,3,False,False,True,0
100000003060187100,terminal,0.8,57,0.0044,"depth=3 < 4 and no outgoing: money arrives and stays; in=93,046 KZT over 1 transfers from 1 payer",1,0,93046.0,0.0,1,0,0.0003014815867240037,8.448073393743234e-05,0.0,0.0,,3,False,False,True,0
100000008718811100,terminal,0.8,46,0.0032,"depth=3 < 4 and no outgoing: money arrives and stays; in=73,300 KZT over 1 transfers from 1 payer",1,0,73300.0,0.0,1,0,0.0002970097954313935,-3.4166596382477484e-17,0.0,0.0,,3,False,False,True,1
100000008043184100,terminal,0.8,36,0.0048,"depth=3 < 4 and no outgoing: money arrives and stays; in=50,564 KZT over 1 transfers from 1 payer",1,0,50564.0,0.0,1,0,0.00029352801963081546,0.00023334462577838773,0.0,0.0,,3,False,False,True,0
100000002530224100,terminal,0.8,80,0.0039,"depth=3 < 4 and no outgoing: money arrives and stays; in=113,000 KZT over 1 transfers from 1 payer",1,0,113000.0,0.0,1,0,0.00029139102055774306,3.2207337193586866e-06,0.0,0.0,,3,False,False,True,0
100000008754608100,terminal,0.8,46,0.0021,"depth=3 < 4 and no outgoing: money arrives and stays; in=12,300 KZT over 1 transfers from 1 payer",1,0,12300.0,0.0,1,0,0.0002874890509012393,-3.4166596382477484e-17,0.0,0.0,,3,False,False,True,1
100000006989232100,terminal,0.8,47,0.0119,"depth=3 < 4 and no outgoing: money arrives and stays; in=22,194 KZT over 1 transfers from 1 payer",1,0,22194.0,0.0,1,0,0.0002875375081453232,0.0011319384436486095,0.0,0.0,,3,False,False,True,0
100000006532229100,terminal,0.8,66,0.0038,"depth=3 < 4 and no outgoing: money arrives and stays; in=105,000 KZT over 1 transfers from 1 payer",1,0,105000.0,0.0,1,0,0.00030063518629304246,2.6125683863354694e-07,0.0,0.0,,3,False,False,True,0
100000005661829100,transit,0.7,57,0.011,"pass_through=1.07: in=37,790, out=40,362 KZT, dwell=-1d",1,2,37790.0,40362.0,1,4,0.0002920319635832888,8.448073393743234e-05,0.00011522832910020437,1.0680603334215402,-1.0,3,False,False,False,0
100000004553349100,terminal,0.8,90,0.0031,"depth=3 < 4 and no outgoing: money arrives and stays; in=7,755 KZT over 1 transfers from 1 payer",1,0,7755.0,0.0,1,0,0.0003000285848322988,0.00010694239102769045,0.0,0.0,,3,False,False,True,0
100000002945626100,terminal,0.8,80,0.0161,"depth=3 < 4 and no outgoing: money arrives and stays; in=584,000 KZT over 3 transfers from 3 payers",3,0,584000.0,0.0,3,0,0.00033776443625034406,4.852794454351862e-06,0.0,0.0,,3,False,False,True,0
100000008775471100,terminal,0.8,59,0.0125,"depth=3 < 4 and no outgoing: money arrives and stays; in=580,000 KZT over 2 transfers from 1 payer",1,0,580000.0,0.0,2,0,0.0003583758008227347,1.2902818407764393e-06,0.0,0.0,,3,False,False,True,0
100000000404740100,abstained_boundary,0.0,64,0.0059,"abstained at the crawl boundary: hop 4 with no outgoing edge, so nothing downstream was collected; in=25,000 KZT from 1 payer",1,0,25000.0,0.0,1,0,0.0005579900727464822,-5.515702773971273e-19,0.0,0.0,,4,False,True,False,0
100000004268036100,abstained_boundary,0.0,52,0.002,"abstained at the crawl boundary: hop 4 with no outgoing edge, so nothing downstream was collected; in=5,500 KZT from 1 payer",1,0,5500.0,0.0,1,0,0.00028851261710781314,3.687381946523853e-06,0.0,0.0,,4,False,True,False,0
100000001256409100,abstained_boundary,0.0,82,0.0054,"abstained at the crawl boundary: hop 4 with no outgoing edge, so nothing downstream was collected; in=8,000 KZT from 1 payer",1,0,8000.0,0.0,1,0,0.0005471647850140182,-5.515702773971273e-19,0.0,0.0,,4,False,True,False,0
100000005360814100,abstained_boundary,0.0,82,0.0062,"abstained at the crawl boundary: hop 4 with no outgoing edge, so nothing downstream was collected; in=144,000 KZT from 1 payer",1,0,144000.0,0.0,3,0,0.0004336887325641262,1.7212114691455418e-06,0.0,0.0,,4,False,True,False,0
100000002369454100,abstained_boundary,0.0,82,0.0042,"abstained at the crawl boundary: hop 4 with no outgoing edge, so nothing downstream was collected; in=25,000 KZT from 1 payer",1,0,25000.0,0.0,1,0,0.0004288818435522467,-1.0584136944965696e-18,0.0,0.0,,4,False,True,False,0
100000004272302100,abstained_boundary,0.0,86,0.0021,"abstained at the crawl boundary: hop 4 with no outgoing edge, so nothing downstream was collected; in=10,000 KZT from 1 payer",1,0,10000.0,0.0,1,0,0.0002877361499743463,-1.5569893857636381e-18,0.0,0.0,,4,False,True,False,0
100000008727982100,abstained_boundary,0.0,31,0.0054,"abstained at the crawl boundary: hop 4 with no outgoing edge, so nothing downstream was collected; in=30,000 KZT from 1 payer",1,0,30000.0,0.0,2,0,0.0005138489258762199,-1.0411744494688634e-18,0.0,0.0,,4,False,True,False,0
100000000600707100,abstained_boundary,0.0,83,0.0071,"abstained at the crawl boundary: hop 4 with no outgoing edge, so nothing downstream was collected; in=89,000 KZT from 1 payer",1,0,89000.0,0.0,2,0,0.0005701602511841799,-1.5535703787737366e-18,0.0,0.0,,4,False,True,False,0
100000004500781100,abstained_boundary,0.0,45,0.0083,"abstained at the crawl boundary: hop 4 with no outgoing edge, so nothing downstream was collected; in=74,000 KZT from 1 payer",1,0,74000.0,0.0,5,0,0.000680750362585005,-5.515702773971273e-19,0.0,0.0,,4,False,True,False,0
100000008703533100,abstained_boundary,0.0,66,0.0033,"abstained at the crawl boundary: hop 4 with no outgoing edge, so nothing downstream was collected; in=75,000 KZT from 1 payer",1,0,75000.0,0.0,1,0,0.0002955267779905951,4.916414485463266e-07,0.0,0.0,,4,False,True,False,0
100000004549591100,abstained_boundary,0.0,79,0.0048,"abstained at the crawl boundary: hop 4 with no outgoing edge, so nothing downstream was collected; in=49,000 KZT from 1 payer",1,0,49000.0,0.0,1,0,0.0004443211683334039,-1.5291237482046708e-18,0.0,0.0,,4,False,True,False,0
100000002700161100,abstained_boundary,0.0,63,0.0106,"abstained at the crawl boundary: hop 4 with no outgoing edge, so nothing downstream was collected; in=39,000 KZT from 1 payer",1,0,39000.0,0.0,1,0,0.000902664307815214,-5.515702773971273e-19,0.0,0.0,,4,False,True,False,0
100000003134550100,abstained_boundary,0.0,66,0.0037,"abstained at the crawl boundary: hop 4 with no outgoing edge, so nothing downstream was collected; in=100,000 KZT from 1 payer",1,0,100000.0,0.0,1,0,0.00029884593924836344,4.916414485463266e-07,0.0,0.0,,4,False,True,False,0
100000001957974100,abstained_boundary,0.0,45,0.0107,"abstained at the crawl boundary: hop 4 with no outgoing edge, so nothing downstream was collected; in=500,000 KZT from 1 payer",1,0,500000.0,0.0,1,0,0.00032013746769043446,5.9204630720340874e-08,0.0,0.0,,4,False,True,False,0
100000001246806100,abstained_boundary,0.0,80,0.0073,"abstained at the crawl boundary: hop 4 with no outgoing edge, so nothing downstream was collected; in=130,000 KZT from 1 payer",1,0,130000.0,0.0,1,0,0.0005329767614424794,-5.515702773971273e-19,0.0,0.0,,4,False,True,False,0
100000003622955100,abstained_boundary,0.0,33,0.0159,"abstained at the crawl boundary: hop 4 with no outgoing edge, so nothing downstream was collected; in=15,000 KZT from 1 payer",1,0,15000.0,0.0,1,0,0.0013342637758280147,-5.515702773971273e-19,0.0,0.0,,4,False,True,False,0
100000003692843100,abstained_boundary,0.0,65,0.0136,"abstained at the crawl boundary: hop 4 with no outgoing edge, so nothing downstream was collected; in=510,000 KZT from 1 payer",1,0,510000.0,0.0,2,0,0.0005294957412060594,-1.0584136944965696e-18,0.0,0.0,,4,False,True,False,0
100000008629504100,abstained_boundary,0.0,47,0.0025,"abstained at the crawl boundary: hop 4 with no outgoing edge, so nothing downstream was collected; in=20,000 KZT from 1 payer",1,0,20000.0,0.0,1,0,0.00030201034173378425,6.837939178161887e-06,0.0,0.0,,4,False,True,False,0
100000005621418100,abstained_boundary,0.0,76,0.0027,"abstained at the crawl boundary: hop 4 with no outgoing edge, so nothing downstream was collected; in=30,000 KZT from 1 payer",1,0,30000.0,0.0,1,0,0.00030782638639647263,4.03377749562133e-08,0.0,0.0,,4,False,True,False,0
100000004167082100,abstained_boundary,0.0,55,0.0034,"abstained at the crawl boundary: hop 4 with no outgoing edge, so nothing downstream was collected; in=13,300 KZT from 1 payer",1,0,13300.0,0.0,1,0,0.0003849148092594282,-1.0411744494688634e-18,0.0,0.0,,4,False,True,False,0
100000004379306100,abstained_boundary,0.0,82,0.0054,"abstained at the crawl boundary: hop 4 with no outgoing edge, so nothing downstream was collected; in=15,000 KZT from 1 payer",1,0,15000.0,0.0,1,0,0.0005320511103436054,-5.515702773971273e-19,0.0,0.0,,4,False,True,False,0
100000004856746100,abstained_boundary,0.0,87,0.0024,"abstained at the crawl boundary: hop 4 with no outgoing edge, so nothing downstream was collected; in=20,000 KZT from 1 payer",1,0,20000.0,0.0,1,0,0.0003000473060624511,1.4683801421064283e-07,0.0,0.0,,4,False,True,False,0
100000004891562100,abstained_boundary,0.0,52,0.0044,"abstained at the crawl boundary: hop 4 with no outgoing edge, so nothing downstream was collected; in=103,400 KZT from 1 payer",1,0,103400.0,0.0,1,0,0.0003409037645591215,3.687381946523853e-06,0.0,0.0,,4,False,True,False,0
100000007042175100,abstained_boundary,0.0,47,0.0061,"abstained at the crawl boundary: hop 4 with no outgoing edge, so nothing downstream was collected; in=60,000 KZT from 1 payer",1,0,60000.0,0.0,1,0,0.0005340058628254442,-5.515702773971273e-19,0.0,0.0,,4,False,True,False,0
100000002670463100,abstained_boundary,0.0,52,0.0027,"abstained at the crawl boundary: hop 4 with no outgoing edge, so nothing downstream was collected; in=31,500 KZT from 1 payer",1,0,31500.0,0.0,1,0,0.00030242650713573977,3.687381946523853e-06,0.0,0.0,,4,False,True,False,0
100000005567828100,abstained_boundary,0.0,49,0.0039,"abstained at the crawl boundary: hop 4 with no outgoing edge, so nothing downstream was collected; in=94,000 KZT from 1 payer",1,0,94000.0,0.0,1,0,0.00032075622145791993,2.758273971092111e-06,0.0,0.0,,4,False,True,False,0
100000004200745100,abstained_boundary,0.0,43,0.0082,"abstained at the crawl boundary: hop 4 with no outgoing edge, so nothing downstream was collected; in=130,000 KZT from 1 payer",1,0,130000.0,0.0,4,0,0.0006010148962169071,-1.0173088737423703e-18,0.0,0.0,,4,False,True,False,0
100000003989033100,abstained_boundary,0.0,33,0.0122,"abstained at the crawl boundary: hop 4 with no outgoing edge, so nothing downstream was collected; in=373,400 KZT from 1 payer",1,0,373400.0,0.0,13,0,0.0005989171063455096,-1.0584136944965696e-18,0.0,0.0,,4,False,True,False,0
100000005146665100,abstained_boundary,0.0,72,0.002,"abstained at the crawl boundary: hop 4 with no outgoing edge, so nothing downstream was collected; in=5,500 KZT from 1 payer",1,0,5500.0,0.0,1,0,0.0002864537524941113,-1.5569893857636381e-18,0.0,0.0,,4,False,True,False,0
100000003096787100,abstained_boundary,0.0,49,0.0023,"abstained at the crawl boundary: hop 4 with no outgoing edge, so nothing downstream was collected; in=16,400 KZT from 1 payer",1,0,16400.0,0.0,1,0,0.00029170829003374047,2.758273971092111e-06,0.0,0.0,,4,False,True,False,0
100000003074515100,abstained_boundary,0.0,80,0.0038,"abstained at the crawl boundary: hop 4 with no outgoing edge, so nothing downstream was collected; in=105,000 KZT from 1 payer",1,0,105000.0,0.0,1,0,0.00029938285450538106,1.276148026255862e-06,0.0,0.0,,4,False,True,False,0
100000004377043100,abstained_boundary,0.0,50,0.003,"abstained at the crawl boundary: hop 4 with no outgoing edge, so nothing downstream was collected; in=5,700 KZT from 1 payer",1,0,5700.0,0.0,1,0,0.0003635495256865634,-9.920342332300748e-19,0.0,0.0,,4,False,True,False,0
100000008680061100,abstained_boundary,0.0,90,0.0033,"abstained at the crawl boundary: hop 4 with no outgoing edge, so nothing downstream was collected; in=41,300 KZT from 1 payer",1,0,41300.0,0.0,2,0,0.00031068559080704136,4.8374784901907115e-05,0.0,0.0,,4,False,True,False,0
100000008471634100,abstained_boundary,0.0,64,0.0132,"abstained at the crawl boundary: hop 4 with no outgoing edge, so nothing downstream was collected; in=20,000 KZT from 1 payer",1,0,20000.0,0.0,1,0,0.0011246149928916304,-5.515702773971273e-19,0.0,0.0,,4,False,True,False,0
100000002119762100,abstained_boundary,0.0,90,0.0064,"abstained at the crawl boundary: hop 4 with no outgoing edge, so nothing downstream was collected; in=77,000 KZT from 1 payer",1,0,77000.0,0.0,6,0,0.0005295245957280105,-5.515702773971273e-19,0.0,0.0,,4,False,True,False,0
100000008628818100,abstained_boundary,0.0,49,0.0029,"abstained at the crawl boundary: hop 4 with no outgoing edge, so nothing downstream was collected; in=46,310 KZT from 1 payer",1,0,46310.0,0.0,1,0,0.0003029044708184983,2.758273971092111e-06,0.0,0.0,,4,False,True,False,0
100000007510567100,abstained_boundary,0.0,49,0.003,"abstained at the crawl boundary: hop 4 with no outgoing edge, so nothing downstream was collected; in=52,000 KZT from 1 payer",1,0,52000.0,0.0,1,0,0.000305034402903596,2.758273971092111e-06,0.0,0.0,,4,False,True,False,0
100000004780327100,abstained_boundary,0.0,52,0.0022,"abstained at the crawl boundary: hop 4 with no outgoing edge, so nothing downstream was collected; in=12,000 KZT from 1 payer",1,0,12000.0,0.0,1,0,0.00029199108961479477,3.687381946523853e-06,0.0,0.0,,4,False,True,False,0
100000008376785100,abstained_boundary,0.0,90,0.009,"abstained at the crawl boundary: hop 4 with no outgoing edge, so nothing downstream was collected; in=234,250 KZT from 1 payer",1,0,234250.0,0.0,2,0,0.0005318070054641091,-5.515702773971273e-19,0.0,0.0,,4,False,True,False,0
100000005745873100,abstained_boundary,0.0,70,0.006,"abstained at the crawl boundary: hop 4 with no outgoing edge, so nothing downstream was collected; in=223,000 KZT from 1 payer",1,0,223000.0,0.0,1,0,0.0003163211975392898,-2.987731233758649e-18,0.0,0.0,,4,False,True,False,0
100000002594214100,abstained_boundary,0.0,85,0.0196,"abstained at the crawl boundary: hop 4 with no outgoing edge, so nothing downstream was collected; in=1,000,000 KZT from 1 payer",1,0,1000000.0,0.0,1,0,0.000367059243362219,-2.987731233758649e-18,0.0,0.0,,4,False,True,False,0
100000001299323100,abstained_boundary,0.0,80,0.0039,"abstained at the crawl boundary: hop 4 with no outgoing edge, so nothing downstream was collected; in=109,000 KZT from 1 payer",1,0,109000.0,0.0,1,0,0.0002999090853734988,1.276148026255862e-06,0.0,0.0,,4,False,True,False,0
100000003838587100,abstained_boundary,0.0,45,0.0055,"abstained at the crawl boundary: hop 4 with no outgoing edge, so nothing downstream was collected; in=6,000 KZT from 1 payer",1,0,6000.0,0.0,1,0,0.0005550324069085211,-5.515702773971273e-19,0.0,0.0,,4,False,True,False,0
100000000673915100,abstained_boundary,0.0,84,0.0022,"abstained at the crawl boundary: hop 4 with no outgoing edge, so nothing downstream was collected; in=20,200 KZT from 1 payer",1,0,20200.0,0.0,1,0,0.00028757651330181647,-3.3613942345134943e-18,0.0,0.0,,4,False,True,False,0
100000003061115100,abstained_boundary,0.0,47,0.0059,"abstained at the crawl boundary: hop 4 with no outgoing edge, so nothing downstream was collected; in=45,000 KZT from 1 payer",1,0,45000.0,0.0,1,0,0.0005339039923107192,-5.515702773971273e-19,0.0,0.0,,4,False,True,False,0
100000004326224100,abstained_boundary,0.0,90,0.0061,"abstained at the crawl boundary: hop 4 with no outgoing edge, so nothing downstream was collected; in=60,000 KZT from 1 payer",1,0,60000.0,0.0,1,0,0.0005348779091078297,-5.515702773971273e-19,0.0,0.0,,4,False,True,False,0
100000004988240100,abstained_boundary,0.0,47,0.0054,"abstained at the crawl boundary: hop 4 with no outgoing edge, so nothing downstream was collected; in=20,000 KZT from 1 payer",1,0,20000.0,0.0,1,0,0.0005299271891403055,-5.515702773971273e-19,0.0,0.0,,4,False,True,False,0
100000008525136100,abstained_boundary,0.0,47,0.0029,"abstained at the crawl boundary: hop 4 with no outgoing edge, so nothing downstream was collected; in=14,100 KZT from 1 payer",1,0,14100.0,0.0,1,0,0.00028852165504843517,9.17099161877977e-05,0.0,0.0,,4,False,True,False,0
100000001991973100,abstained_boundary,0.0,52,0.0024,"abstained at the crawl boundary: hop 4 with no outgoing edge, so nothing downstream was collected; in=20,800 KZT from 1 payer",1,0,20800.0,0.0,1,0,0.0002967004062396315,3.687381946523853e-06,0.0,0.0,,4,False,True,False,0
100000004569637100,abstained_boundary,0.0,82,0.0055,"abstained at the crawl boundary: hop 4 with no outgoing edge, so nothing downstream was collected; in=5,500 KZT from 1 payer",1,0,5500.0,0.0,1,0,0.0005531603067223179,-5.515702773971273e-19,0.0,0.0,,4,False,True,False,0
100000008675322100,abstained_boundary,0.0,84,0.008,"abstained at the crawl boundary: hop 4 with no outgoing edge, so nothing downstream was collected; in=340,000 KZT from 1 payer",1,0,340000.0,0.0,4,0,0.00031935416989743563,-3.3613942345134943e-18,0.0,0.0,,4,False,True,False,0
100000004235471100,abstained_boundary,0.0,90,0.0057,"abstained at the crawl boundary: hop 4 with no outgoing edge, so nothing downstream was collected; in=180,000 KZT from 1 payer",1,0,180000.0,0.0,1,0,0.0003486135302974605,-1.5569893857636381e-18,0.0,0.0,,4,False,True,False,0
100000003194831100,abstained_boundary,0.0,33,0.002,"abstained at the crawl boundary: hop 4 with no outgoing edge, so nothing downstream was collected; in=6,265 KZT from 1 payer",1,0,6265.0,0.0,1,0,0.00029082672336293373,-1.0584136944965696e-18,0.0,0.0,,4,False,True,False,0
100000008588665100,abstained_boundary,0.0,47,0.0032,"abstained at the crawl boundary: hop 4 with no outgoing edge, so nothing downstream was collected; in=25,000 KZT from 1 payer",1,0,25000.0,0.0,1,0,0.00035249090665568923,5.047307666223669e-07,0.0,0.0,,4,False,True,False,0
100000003230329100,abstained_boundary,0.0,80,0.0039,"abstained at the crawl boundary: hop 4 with no outgoing edge, so nothing downstream was collected; in=110,000 KZT from 1 payer",1,0,110000.0,0.0,1,0,0.00030004064309052827,1.276148026255862e-06,0.0,0.0,,4,False,True,False,0
100000002217806100,abstained_boundary,0.0,79,0.0051,"abstained at the crawl boundary: hop 4 with no outgoing edge, so nothing downstream was collected; in=55,000 KZT from 1 payer",1,0,55000.0,0.0,2,0,0.00046376017332721377,-1.5291237482046708e-18,0.0,0.0,,4,False,True,False,0
100000004041294100,abstained_boundary,0.0,64,0.0024,"abstained at the crawl boundary: hop 4 with no outgoing edge, so nothing downstream was collected; in=17,800 KZT from 1 payer",1,0,17800.0,0.0,2,0,0.00030085428557357664,2.065713011049246e-08,0.0,0.0,,4,False,True,False,0
100000008583971100,abstained_boundary,0.0,47,0.0055,"abstained at the crawl boundary: hop 4 with no outgoing edge, so nothing downstream was collected; in=51,000 KZT from 2 payers",2,0,51000.0,0.0,2,0,0.00032971602313587844,3.832291950970887e-05,0.0,0.0,,4,False,True,False,0
100000008251939100,abstained_boundary,0.0,49,0.0029,"abstained at the crawl boundary: hop 4 with no outgoing edge, so nothing downstream was collected; in=44,360 KZT from 1 payer",1,0,44360.0,0.0,1,0,0.00030217452924276186,2.758273971092111e-06,0.0,0.0,,4,False,True,False,0
100000004049912100,abstained_boundary,0.0,57,0.0026,"abstained at the crawl boundary: hop 4 with no outgoing edge, so nothing downstream was collected; in=10,000 KZT from 1 payer",1,0,10000.0,0.0,1,0,0.0003245564257590681,-1.5569893857636381e-18,0.0,0.0,,4,False,True,False,0
100000002227960100,abstained_boundary,0.0,78,0.0022,"abstained at the crawl boundary: hop 4 with no outgoing edge, so nothing downstream was collected; in=10,000 KZT from 1 payer",1,0,10000.0,0.0,1,0,0.0002994376832159761,-3.3613942345134943e-18,0.0,0.0,,4,False,True,False,0
100000008677368100,abstained_boundary,0.0,29,0.0054,"abstained at the crawl boundary: hop 4 with no outgoing edge, so nothing downstream was collected; in=13,500 KZT from 1 payer",1,0,13500.0,0.0,1,0,0.0005340288694748723,-5.515702773971273e-19,0.0,0.0,,4,False,True,False,0
100000008631800100,abstained_boundary,0.0,52,0.0022,"abstained at the crawl boundary: hop 4 with no outgoing edge, so nothing downstream was collected; in=12,850 KZT from 1 payer",1,0,12850.0,0.0,1,0,0.00029244596678878467,3.687381946523853e-06,0.0,0.0,,4,False,True,False,0
100000003220685100,abstained_boundary,0.0,90,0.027,"abstained at the crawl boundary: hop 4 with no outgoing edge, so nothing downstream was collected; in=1,306,000 KZT from 1 payer",1,0,1306000.0,0.0,2,0,0.0005375987236644594,-5.515702773971273e-19,0.0,0.0,,4,False,True,False,0
100000003072205100,abstained_boundary,0.0,80,0.0069,"abstained at the crawl boundary: hop 4 with no outgoing edge, so nothing downstream was collected; in=163,000 KZT from 2 payers",2,0,163000.0,0.0,2,0,0.00031897392558810547,3.6186688151107396e-07,0.0,0.0,,4,False,True,False,0
100000001202637100,abstained_boundary,0.0,49,0.0055,"abstained at the crawl boundary: hop 4 with no outgoing edge, so nothing downstream was collected; in=10,000 KZT from 1 payer",1,0,10000.0,0.0,1,0,0.0005487659443752234,-5.515702773971273e-19,0.0,0.0,,4,False,True,False,0
100000002835874100,abstained_boundary,0.0,80,0.003,"abstained at the crawl boundary: hop 4 with no outgoing edge, so nothing downstream was collected; in=58,700 KZT from 1 payer",1,0,58700.0,0.0,1,0,0.00029329173220691814,1.276148026255862e-06,0.0,0.0,,4,False,True,False,0
100000002707106100,abstained_boundary,0.0,45,0.0021,"abstained at the crawl boundary: hop 4 with no outgoing edge, so nothing downstream was collected; in=15,000 KZT from 1 payer",1,0,15000.0,0.0,2,0,0.00028660633942148453,5.9204630720340874e-08,0.0,0.0,,4,False,True,False,0
100000008343415100,abstained_boundary,0.0,82,0.0055,"abstained at the crawl boundary: hop 4 with no outgoing edge, so nothing downstream was collected; in=100,000 KZT from 1 payer",1,0,100000.0,0.0,3,0,0.00043399201964799375,-1.0584136944965696e-18,0.0,0.0,,4,False,True,False,0
100000004981068100,abstained_boundary,0.0,82,0.0033,"abstained at the crawl boundary: hop 4 with no outgoing edge, so nothing downstream was collected; in=10,000 KZT from 1 payer",1,0,10000.0,0.0,1,0,0.0003788472368268373,6.34213743293618e-08,0.0,0.0,,4,False,True,False,0
100000004241142100,abstained_boundary,0.0,47,0.0055,"abstained at the crawl boundary: hop 4 with no outgoing edge, so nothing downstream was collected; in=27,102 KZT from 1 payer",1,0,27102.0,0.0,1,0,0.0005301329725055725,-5.515702773971273e-19,0.0,0.0,,4,False,True,False,0
100000008190411100,abstained_boundary,0.0,69,0.007,"abstained at the crawl boundary: hop 4 with no outgoing edge, so nothing downstream was collected; in=198,450 KZT from 1 payer",1,0,198450.0,0.0,12,0,0.0004241348636842555,1.4075359185118062e-08,0.0,0.0,,4,False,True,False,0
100000008699083100,abstained_boundary,0.0,54,0.0061,"abstained at the crawl boundary: hop 4 with no outgoing edge, so nothing downstream was collected; in=238,500 KZT from 1 payer",1,0,238500.0,0.0,1,0,0.00030640170893457807,2.1191698076764898e-07,0.0,0.0,,4,False,True,False,0
100000008136608100,abstained_boundary,0.0,49,0.0084,"abstained at the crawl boundary: hop 4 with no outgoing edge, so nothing downstream was collected; in=170,000 KZT from 1 payer",1,0,170000.0,0.0,1,0,0.0005643778935793348,-5.515702773971273e-19,0.0,0.0,,4,False,True,False,0
100000008695157100,abstained_boundary,0.0,82,0.0118,"abstained at the crawl boundary: hop 4 with no outgoing edge, so nothing downstream was collected; in=425,546 KZT from 1 payer",1,0,425546.0,0.0,3,0,0.0004975174254247265,3.1784522446800237e-09,0.0,0.0,,4,False,True,False,0
100000000369781100,abstained_boundary,0.0,90,0.0052,"abstained at the crawl boundary: hop 4 with no outgoing edge, so nothing downstream was collected; in=5,000 KZT from 1 payer",1,0,5000.0,0.0,1,0,0.0005324777910582551,-5.515702773971273e-19,0.0,0.0,,4,False,True,False,0
100000003133045100,abstained_boundary,0.0,69,0.0036,"abstained at the crawl boundary: hop 4 with no outgoing edge, so nothing downstream was collected; in=68,000 KZT from 1 payer",1,0,68000.0,0.0,1,0,0.0003330495598950611,1.4075359185118062e-08,0.0,0.0,,4,False,True,False,0
100000002474570100,abstained_boundary,0.0,52,0.0021,"abstained at the crawl boundary: hop 4 with no outgoing edge, so nothing downstream was collected; in=6,750 KZT from 1 payer",1,0,6750.0,0.0,1,0,0.0002891815541283865,3.687381946523853e-06,0.0,0.0,,4,False,True,False,0
100000002514975100,abstained_boundary,0.0,76,0.0054,"abstained at the crawl boundary: hop 4 with no outgoing edge, so nothing downstream was collected; in=17,920 KZT from 1 payer",1,0,17920.0,0.0,1,0,0.0005310425183631411,-5.515702773971273e-19,0.0,0.0,,4,False,True,False,0
100000001089055100,abstained_boundary,0.0,36,0.0029,"abstained at the crawl boundary: hop 4 with no outgoing edge, so nothing downstream was collected; in=13,000 KZT from 1 payer",1,0,13000.0,0.0,1,0,0.00032930768290613944,2.8374852442422595e-05,0.0,0.0,,4,False,True,False,0
100000000608031100,abstained_boundary,0.0,36,0.0057,"abstained at the crawl boundary: hop 4 with no outgoing edge, so nothing downstream was collected; in=30,000 KZT from 1 payer",1,0,30000.0,0.0,1,0,0.0005386366709608561,-5.515702773971273e-19,0.0,0.0,,4,False,True,False,0
100000002659103100,abstained_boundary,0.0,75,0.0055,"abstained at the crawl boundary: hop 4 with no outgoing edge, so nothing downstream was collected; in=165,000 KZT from 1 payer",1,0,165000.0,0.0,1,0,0.000349710524256835,7.661109445063666e-07,0.0,0.0,,4,False,True,False,0
100000000733940100,abstained_boundary,0.0,60,0.0161,"abstained at the crawl boundary: hop 4 with no outgoing edge, so nothing downstream was collected; in=752,000 KZT from 1 payer",1,0,752000.0,0.0,2,0,0.00041118521018324706,-1.0584136944965696e-18,0.0,0.0,,4,False,True,False,0
100000001537524100,abstained_boundary,0.0,54,0.0045,"abstained at the crawl boundary: hop 4 with no outgoing edge, so nothing downstream was collected; in=150,000 KZT from 1 payer",1,0,150000.0,0.0,1,0,0.0002986714418382259,2.1191698076764898e-07,0.0,0.0,,4,False,True,False,0
100000002971593100,abstained_boundary,0.0,90,0.0059,"abstained at the crawl boundary: hop 4 with no outgoing edge, so nothing downstream was collected; in=49,050 KZT from 1 payer",1,0,49050.0,0.0,1,0,0.0005303801543957137,-5.515702773971273e-19,0.0,0.0,,4,False,True,False,0
100000006918814100,abstained_boundary,0.0,24,0.0029,"abstained at the crawl boundary: hop 4 with no outgoing edge, so nothing downstream was collected; in=20,000 KZT from 1 payer",1,0,20000.0,0.0,2,0,0.0003043279710896778,5.0785180838776424e-05,0.0,0.0,,4,False,True,False,0
100000007381662100,abstained_boundary,0.0,47,0.0025,"abstained at the crawl boundary: hop 4 with no outgoing edge, so nothing downstream was collected; in=11,000 KZT from 1 payer",1,0,11000.0,0.0,1,0,0.00029683392810289037,3.148498033154706e-05,0.0,0.0,,4,False,True,False,0
100000003199390100,abstained_boundary,0.0,90,0.0074,"abstained at the crawl boundary: hop 4 with no outgoing edge, so nothing downstream was collected; in=260,000 KZT from 1 payer",1,0,260000.0,0.0,1,0,0.00037663319077753615,-1.5569893857636381e-18,0.0,0.0,,4,False,True,False,0
100000007749747100,abstained_boundary,0.0,66,0.0048,"abstained at the crawl boundary: hop 4 with no outgoing edge, so nothing downstream was collected; in=50,000 KZT from 1 payer",1,0,50000.0,0.0,1,0,0.0004436219671018509,-1.0584136944965696e-18,0.0,0.0,,4,False,True,False,0
100000003447411100,abstained_boundary,0.0,82,0.0081,"abstained at the crawl boundary: hop 4 with no outgoing edge, so nothing downstream was collected; in=302,000 KZT from 1 payer",1,0,302000.0,0.0,3,0,0.00030581844296807327,0.00011365723689489911,0.0,0.0,,4,False,True,False,0
100000000500040100,abstained_boundary,0.0,47,0.0027,"abstained at the crawl boundary: hop 4 with no outgoing edge, so nothing downstream was collected; in=20,000 KZT from 1 payer",1,0,20000.0,0.0,1,0,0.0003060504467365633,3.148498033154706e-05,0.0,0.0,,4,False,True,False,0
100000008551752100,abstained_boundary,0.0,70,0.0094,"abstained at the crawl boundary: hop 4 with no outgoing edge, so nothing downstream was collected; in=406,000 KZT from 1 payer",1,0,406000.0,0.0,2,0,0.0003415570643909756,-2.987731233758649e-18,0.0,0.0,,4,False,True,False,0
100000002876914100,abstained_boundary,0.0,52,0.0022,"abstained at the crawl boundary: hop 4 with no outgoing edge, so nothing downstream was collected; in=12,000 KZT from 1 payer",1,0,12000.0,0.0,1,0,0.00029199108961479477,3.687381946523853e-06,0.0,0.0,,4,False,True,False,0
100000004571634100,abstained_boundary,0.0,33,0.0034,"abstained at the crawl boundary: hop 4 with no outgoing edge, so nothing downstream was collected; in=20,000 KZT from 1 payer",1,0,20000.0,0.0,1,0,0.00037417734894680267,-1.5569893857636381e-18,0.0,0.0,,4,False,True,False,0
100000004610802100,abstained_boundary,0.0,74,0.0084,"abstained at the crawl boundary: hop 4 with no outgoing edge, so nothing downstream was collected; in=241,000 KZT from 1 payer",1,0,241000.0,0.0,18,0,0.0004739522248641112,-1.5569893857636381e-18,0.0,0.0,,4,False,True,False,0
100000001311175100,abstained_boundary,0.0,54,0.0101,"abstained at the crawl boundary: hop 4 with no outgoing edge, so nothing downstream was collected; in=300,000 KZT from 1 payer",1,0,300000.0,0.0,1,0,0.0005315144876960884,-1.0584136944965696e-18,0.0,0.0,,4,False,True,False,0
100000008740295100,abstained_boundary,0.0,80,0.0074,"abstained at the crawl boundary: hop 4 with no outgoing edge, so nothing downstream was collected; in=300,000 KZT from 1 payer",1,0,300000.0,0.0,1,0,0.00032503660932612125,1.276148026255862e-06,0.0,0.0,,4,False,True,False,0
100000002596039100,abstained_boundary,0.0,82,0.0078,"abstained at the crawl boundary: hop 4 with no outgoing edge, so nothing downstream was collected; in=280,000 KZT from 1 payer",1,0,280000.0,0.0,1,0,0.00030434333941669174,0.00011365723689489911,0.0,0.0,,4,False,True,False,0
100000002126791100,abstained_boundary,0.0,80,0.0275,"abstained at the crawl boundary: hop 4 with no outgoing edge, so nothing downstream was collected; in=1,313,000 KZT from 1 payer",1,0,1313000.0,0.0,3,0,0.0005716806006060716,-5.515702773971273e-19,0.0,0.0,,4,False,True,False,0
100000005783452100,abstained_boundary,0.0,54,0.0089,"abstained at the crawl boundary: hop 4 with no outgoing edge, so nothing downstream was collected; in=286,500 KZT from 2 payers",2,0,286500.0,0.0,2,0,0.00031441856690158417,1.4880650070233866e-06,0.0,0.0,,4,False,True,False,0
100000006693788100,abstained_boundary,0.0,47,0.0053,"abstained at the crawl boundary: hop 4 with no outgoing edge, so nothing downstream was collected; in=10,764 KZT from 1 payer",1,0,10764.0,0.0,1,0,0.0005320949120369095,-5.515702773971273e-19,0.0,0.0,,4,False,True,False,0
100000002832753100,abstained_boundary,0.0,53,0.0083,"abstained at the crawl boundary: hop 4 with no outgoing edge, so nothing downstream was collected; in=12,500 KZT from 1 payer",1,0,12500.0,0.0,1,0,0.0007555331214190848,-5.515702773971273e-19,0.0,0.0,,4,False,True,False,0
100000002981489100,abstained_boundary,0.0,90,0.0021,"abstained at the crawl boundary: hop 4 with no outgoing edge, so nothing downstream was collected; in=10,000 KZT from 1 payer",1,0,10000.0,0.0,1,0,0.0002883312964836393,-2.987731233758649e-18,0.0,0.0,,4,False,True,False,0
100000003084870100,abstained_boundary,0.0,54,0.0028,"abstained at the crawl boundary: hop 4 with no outgoing edge, so nothing downstream was collected; in=6,500 KZT from 1 payer",1,0,6500.0,0.0,1,0,0.0003451786560651282,-1.0584136944965696e-18,0.0,0.0,,4,False,True,False,0
100000002791494100,abstained_boundary,0.0,49,0.0038,"abstained at the crawl boundary: hop 4 with no outgoing edge, so nothing downstream was collected; in=85,860 KZT from 1 payer",1,0,85860.0,0.0,1,0,0.00031770918329048663,2.758273971092111e-06,0.0,0.0,,4,False,True,False,0
100000003345947100,abstained_boundary,0.0,82,0.0059,"abstained at the crawl boundary: hop 4 with no outgoing edge, so nothing downstream was collected; in=79,500 KZT from 1 payer",1,0,79500.0,0.0,6,0,0.0004947659232077648,-1.0584136944965696e-18,0.0,0.0,,4,False,True,False,0
100000002733083100,abstained_boundary,0.0,49,0.0022,"abstained at the crawl boundary: hop 4 with no outgoing edge, so nothing downstream was collected; in=15,200 KZT from 1 payer",1,0,15200.0,0.0,1,0,0.00029125909521790267,2.758273971092111e-06,0.0,0.0,,4,False,True,False,0
100000003247600100,abstained_boundary,0.0,24,0.0101,"abstained at the crawl boundary: hop 4 with no outgoing edge, so nothing downstream was collected; in=58,000 KZT from 1 payer",1,0,58000.0,0.0,1,0,0.000841209095166374,-5.515702773971273e-19,0.0,0.0,,4,False,True,False,0
100000001378288100,abstained_boundary,0.0,82,0.0095,"abstained at the crawl boundary: hop 4 with no outgoing edge, so nothing downstream was collected; in=268,000 KZT from 1 payer",1,0,268000.0,0.0,3,0,0.0005234508868762789,-1.0584136944965696e-18,0.0,0.0,,4,False,True,False,0
100000002305477100,abstained_boundary,0.0,78,0.0026,"abstained at the crawl boundary: hop 4 with no outgoing edge, so nothing downstream was collected; in=20,000 KZT from 1 payer",1,0,20000.0,0.0,1,0,0.00031330607221466205,-3.3613942345134943e-18,0.0,0.0,,4,False,True,False,0
100000006638021100,abstained_boundary,0.0,61,0.0136,"abstained at the crawl boundary: hop 4 with no outgoing edge, so nothing downstream was collected; in=388,500 KZT from 2 payers",2,0,388500.0,0.0,2,0,0.0005444856962899737,-2.6271775559433857e-18,0.0,0.0,,4,False,True,False,0
100000008517061100,abstained_boundary,0.0,45,0.0343,"abstained at the crawl boundary: hop 4 with no outgoing edge, so nothing downstream was collected; in=1,844,000 KZT from 1 payer",1,0,1844000.0,0.0,4,0,0.0004130567179862461,5.9204630720340874e-08,0.0,0.0,,4,False,True,False,0
100000005910895100,abstained_boundary,0.0,39,0.0061,"abstained at the crawl boundary: hop 4 with no outgoing edge, so nothing downstream was collected; in=5,100 KZT from 1 payer",1,0,5100.0,0.0,1,0,0.0005976000607837513,-5.515702773971273e-19,0.0,0.0,,4,False,True,False,0
100000002723439100,abstained_boundary,0.0,39,0.0057,"abstained at the crawl boundary: hop 4 with no outgoing edge, so nothing downstream was collected; in=18,000 KZT from 1 payer",1,0,18000.0,0.0,2,0,0.0005526233540248626,-1.0270224515078036e-18,0.0,0.0,,4,False,True,False,0
100000002320495100,abstained_boundary,0.0,36,0.0054,"abstained at the crawl boundary: hop 4 with no outgoing edge, so nothing downstream was collected; in=13,526 KZT from 1 payer",1,0,13526.27,0.0,1,0,0.0005354179344206204,-5.515702773971273e-19,0.0,0.0,,4,False,True,False,0
100000002229615100,abstained_boundary,0.0,78,0.008,"abstained at the crawl boundary: hop 4 with no outgoing edge, so nothing downstream was collected; in=25,000 KZT from 1 payer",1,0,25000.0,0.0,1,0,0.0007184983881728341,-5.515702773971273e-19,0.0,0.0,,4,False,True,False,0
100000008327791100,abstained_boundary,0.0,36,0.0054,"abstained at the crawl boundary: hop 4 with no outgoing edge, so nothing downstream was collected; in=11,000 KZT from 1 payer",1,0,11000.0,0.0,1,0,0.0005367685704661624,-5.515702773971273e-19,0.0,0.0,,4,False,True,False,0
100000002208836100,abstained_boundary,0.0,90,0.004,"abstained at the crawl boundary: hop 4 with no outgoing edge, so nothing downstream was collected; in=90,000 KZT from 1 payer",1,0,90000.0,0.0,1,0,0.000329818544919523,-1.0584136944965696e-18,0.0,0.0,,4,False,True,False,0
100000001724740100,abstained_boundary,0.0,80,0.0083,"abstained at the crawl boundary: hop 4 with no outgoing edge, so nothing downstream was collected; in=185,000 KZT from 1 payer",1,0,185000.0,0.0,4,0,0.0005364804152149856,-5.515702773971273e-19,0.0,0.0,,4,False,True,False,0
100000004386286100,abstained_boundary,0.0,43,0.0062,"abstained at the crawl boundary: hop 4 with no outgoing edge, so nothing downstream was collected; in=12,500 KZT from 1 payer",1,0,12500.0,0.0,1,0,0.0005972866869113208,-1.0173088737423703e-18,0.0,0.0,,4,False,True,False,0
100000001714883100,abstained_boundary,0.0,52,0.0021,"abstained at the crawl boundary: hop 4 with no outgoing edge, so nothing downstream was collected; in=6,900 KZT from 1 payer",1,0,6900.0,0.0,1,0,0.00028926182657085535,3.687381946523853e-06,0.0,0.0,,4,False,True,False,0
100000008337304100,abstained_boundary,0.0,82,0.0045,"abstained at the crawl boundary: hop 4 with no outgoing edge, so nothing downstream was collected; in=105,465 KZT from 1 payer",1,0,105465.0,0.0,2,0,0.0003542650469239118,-2.034076640383946e-18,0.0,0.0,,4,False,True,False,0
100000000655469100,abstained_boundary,0.0,78,0.003,"abstained at the crawl boundary: hop 4 with no outgoing edge, so nothing downstream was collected; in=20,000 KZT from 1 payer",1,0,20000.0,0.0,2,0,0.00034543115072670764,-2.4817954874160277e-18,0.0,0.0,,4,False,True,False,0
100000008722541100,abstained_boundary,0.0,90,0.0078,"abstained at the crawl boundary: hop 4 with no outgoing edge, so nothing downstream was collected; in=280,000 KZT from 1 payer",1,0,280000.0,0.0,4,0,0.0003836381058975551,-1.5569893857636381e-18,0.0,0.0,,4,False,True,False,0
100000004222274100,abstained_boundary,0.0,47,0.0055,"abstained at the crawl boundary: hop 4 with no outgoing edge, so nothing downstream was collected; in=15,500 KZT from 1 payer",1,0,15500.0,0.0,1,0,0.0005454170226679202,-5.515702773971273e-19,0.0,0.0,,4,False,True,False,0
100000006232642100,abstained_boundary,0.0,68,0.0114,"abstained at the crawl boundary: hop 4 with no outgoing edge, so nothing downstream was collected; in=456,000 KZT from 1 payer",1,0,456000.0,0.0,4,0,0.0004278560911161392,1.2072356240551561e-06,0.0,0.0,,4,False,True,False,0
100000004066370100,abstained_boundary,0.0,83,0.0069,"abstained at the crawl boundary: hop 4 with no outgoing edge, so nothing downstream was collected; in=65,000 KZT from 1 payer",1,0,65000.0,0.0,2,0,0.0005893461583954309,-1.0190470085561492e-18,0.0,0.0,,4,False,True,False,0
100000005685783100,abstained_boundary,0.0,46,0.0055,"abstained at the crawl boundary: hop 4 with no outgoing edge, so nothing downstream was collected; in=26,150 KZT from 1 payer",1,0,26150.0,0.0,1,0,0.0005320610913052164,-5.515702773971273e-19,0.0,0.0,,4,False,True,False,1
100000006171671100,abstained_boundary,0.0,47,0.0052,"abstained at the crawl boundary: hop 4 with no outgoing edge, so nothing downstream was collected; in=10,000 KZT from 1 payer",1,0,10000.0,0.0,1,0,0.0005290656990407915,-5.515702773971273e-19,0.0,0.0,,4,False,True,False,0
100000003481025100,abstained_boundary,0.0,47,0.0052,"abstained at the crawl boundary: hop 4 with no outgoing edge, so nothing downstream was collected; in=9,000 KZT from 1 payer",1,0,9000.0,0.0,1,0,0.0005310260909453542,-5.515702773971273e-19,0.0,0.0,,4,False,True,False,0
100000003646145100,abstained_boundary,0.0,81,0.0068,"abstained at the crawl boundary: hop 4 with no outgoing edge, so nothing downstream was collected; in=5,000 KZT from 1 payer",1,0,5000.0,0.0,1,0,0.0006536813277109168,-9.898888621510294e-19,0.0,0.0,,4,False,True,False,0
100000002659265100,abstained_boundary,0.0,80,0.0047,"abstained at the crawl boundary: hop 4 with no outgoing edge, so nothing downstream was collected; in=141,000 KZT from 1 payer",1,0,141000.0,0.0,1,0,0.00031969973198944253,3.090697525877055e-08,0.0,0.0,,4,False,True,False,0
100000003289281100,abstained_boundary,0.0,47,0.0066,"abstained at the crawl boundary: hop 4 with no outgoing edge, so nothing downstream was collected; in=40,000 KZT from 1 payer",1,0,40000.0,0.0,1,0,0.0005967179150727075,-5.515702773971273e-19,0.0,0.0,,4,False,True,False,0
100000004840086100,abstained_boundary,0.0,47,0.0069,"abstained at the crawl boundary: hop 4 with no outgoing edge, so nothing downstream was collected; in=100,000 KZT from 1 payer",1,0,100000.0,0.0,2,0,0.0005391572563123882,-5.515702773971273e-19,0.0,0.0,,4,False,True,False,0
100000008554390100,abstained_boundary,0.0,52,0.0022,"abstained at the crawl boundary: hop 4 with no outgoing edge, so nothing downstream was collected; in=14,000 KZT from 1 payer",1,0,14000.0,0.0,1,0,0.0002930613888477122,3.687381946523853e-06,0.0,0.0,,4,False,True,False,0
100000004691350100,abstained_boundary,0.0,48,0.01,"abstained at the crawl boundary: hop 4 with no outgoing edge, so nothing downstream was collected; in=13,300 KZT from 1 payer",1,0,13300.0,0.0,1,0,0.0008870591048616315,-5.515702773971273e-19,0.0,0.0,,4,False,True,False,0
100000004652395100,abstained_boundary,0.0,47,0.0094,"abstained at the crawl boundary: hop 4 with no outgoing edge, so nothing downstream was collected; in=101,528 KZT from 3 payers",3,0,101528.0,0.0,5,0,0.0003357067098927743,0.00017022150244352675,0.0,0.0,,4,False,True,False,0
100000004979264100,abstained_boundary,0.0,66,0.0042,"abstained at the crawl boundary: hop 4 with no outgoing edge, so nothing downstream was collected; in=39,800 KZT from 1 payer",1,0,39800.0,0.0,1,0,0.0004113792218334005,-1.0584136944965696e-18,0.0,0.0,,4,False,True,False,0
100000008074304100,abstained_boundary,0.0,90,0.0026,"abstained at the crawl boundary: hop 4 with no outgoing edge, so nothing downstream was collected; in=5,500 KZT from 1 payer",1,0,5500.0,0.0,1,0,0.000332421192783094,-1.0584136944965696e-18,0.0,0.0,,4,False,True,False,0
100000002227989100,abstained_boundary,0.0,78,0.0036,"abstained at the crawl boundary: hop 4 with no outgoing edge, so nothing downstream was collected; in=20,000 KZT from 1 payer",1,0,20000.0,0.0,1,0,0.0003944604204613206,-2.027908625511624e-18,0.0,0.0,,4,False,True,False,0
100000003207060100,abstained_boundary,0.0,47,0.0046,"abstained at the crawl boundary: hop 4 with no outgoing edge, so nothing downstream was collected; in=53,000 KZT from 1 payer",1,0,53000.0,0.0,1,0,0.0004274431125866961,5.047307666223669e-07,0.0,0.0,,4,False,True,False,0
100000004601193100,abstained_boundary,0.0,33,0.0074,"abstained at the crawl boundary: hop 4 with no outgoing edge, so nothing downstream was collected; in=84,000 KZT from 1 payer",1,0,84000.0,0.0,3,0,0.0006034150427286818,-5.515702773971273e-19,0.0,0.0,,4,False,True,False,0
100000004991593100,abstained_boundary,0.0,82,0.0038,"abstained at the crawl boundary: hop 4 with no outgoing edge, so nothing downstream was collected; in=45,000 KZT from 1 payer",1,0,45000.0,0.0,2,0,0.00035489105110696575,2.9952965938862415e-05,0.0,0.0,,4,False,True,False,0
100000003128638100,abstained_boundary,0.0,80,0.0078,"abstained at the crawl boundary: hop 4 with no outgoing edge, so nothing downstream was collected; in=300,000 KZT from 1 payer",1,0,300000.0,0.0,1,0,0.00035818724692399735,3.090697525877055e-08,0.0,0.0,,4,False,True,False,0
100000005878334100,abstained_boundary,0.0,82,0.0046,"abstained at the crawl boundary: hop 4 with no outgoing edge, so nothing downstream was collected; in=76,400 KZT from 1 payer",1,0,76400.0,0.0,2,0,0.0003989642564463477,-1.0584136944965696e-18,0.0,0.0,,4,False,True,False,0
100000002878483100,abstained_boundary,0.0,52,0.002,"abstained at the crawl boundary: hop 4 with no outgoing edge, so nothing downstream was collected; in=6,000 KZT from 1 payer",1,0,6000.0,0.0,1,0,0.0002887801919160425,3.687381946523853e-06,0.0,0.0,,4,False,True,False,0
100000000981693100,abstained_boundary,0.0,47,0.0053,"abstained at the crawl boundary: hop 4 with no outgoing edge, so nothing downstream was collected; in=16,500 KZT from 1 payer",1,0,16500.0,0.0,1,0,0.0005290815211541508,-5.515702773971273e-19,0.0,0.0,,4,False,True,False,0
100000006416061100,abstained_boundary,0.0,82,0.0043,"abstained at the crawl boundary: hop 4 with no outgoing edge, so nothing downstream was collected; in=30,000 KZT from 1 payer",1,0,30000.0,0.0,1,0,0.0004348563786213122,-1.5569893857636381e-18,0.0,0.0,,4,False,True,False,0
100000008168850100,abstained_boundary,0.0,90,0.0083,"abstained at the crawl boundary: hop 4 with no outgoing edge, so nothing downstream was collected; in=187,910 KZT from 1 payer",1,0,187910.0,0.0,2,0,0.000533079579985651,-5.515702773971273e-19,0.0,0.0,,4,False,True,False,0
100000004747154100,abstained_boundary,0.0,69,0.0036,"abstained at the crawl boundary: hop 4 with no outgoing edge, so nothing downstream was collected; in=67,000 KZT from 1 payer",1,0,67000.0,0.0,1,0,0.00033235132069391743,1.4075359185118062e-08,0.0,0.0,,4,False,True,False,0
100000008524903100,abstained_boundary,0.0,47,0.0027,"abstained at the crawl boundary: hop 4 with no outgoing edge, so nothing downstream was collected; in=15,000 KZT from 1 payer",1,0,15000.0,0.0,1,0,0.00033177325018699015,-1.0584136944965696e-18,0.0,0.0,,4,False,True,False,0
100000005049404100,abstained_boundary,0.0,90,0.0039,"abstained at the crawl boundary: hop 4 with no outgoing edge, so nothing downstream was collected; in=98,000 KZT from 1 payer",1,0,98000.0,0.0,2,0,0.00031263691642751117,-2.987731233758649e-18,0.0,0.0,,4,False,True,False,0
100000002258492100,abstained_boundary,0.0,34,0.0054,"abstained at the crawl boundary: hop 4 with no outgoing edge, so nothing downstream was collected; in=9,000 KZT from 1 payer",1,0,9000.0,0.0,1,0,0.0005401265380892341,-5.515702773971273e-19,0.0,0.0,,4,False,True,False,0
100000005497148100,abstained_boundary,0.0,90,0.005,"abstained at the crawl boundary: hop 4 with no outgoing edge, so nothing downstream was collected; in=24,000 KZT from 1 payer",1,0,24000.0,0.0,2,0,0.0004900139425044343,-1.0584136944965696e-18,0.0,0.0,,4,False,True,False,0
100000004596284100,abstained_boundary,0.0,20,0.0064,"abstained at the crawl boundary: hop 4 with no outgoing edge, so nothing downstream was collected; in=30,000 KZT from 1 payer",1,0,30000.0,0.0,1,0,0.0005914888430857128,-5.515702773971273e-19,0.0,0.0,,4,False,True,False,0
100000007960337100,abstained_boundary,0.0,82,0.0027,"abstained at the crawl boundary: hop 4 with no outgoing edge, so nothing downstream was collected; in=35,500 KZT from 1 payer",1,0,35500.0,0.0,1,0,0.00030276808937766117,-1.5569893857636381e-18,0.0,0.0,,4,False,True,False,0
100000003180305100,abstained_boundary,0.0,47,0.0075,"abstained at the crawl boundary: hop 4 with no outgoing edge, so nothing downstream was collected; in=144,000 KZT from 1 payer",1,0,144000.0,0.0,1,0,0.0005280565512084151,-1.0584136944965696e-18,0.0,0.0,,4,False,True,False,0
100000007653094100,abstained_boundary,0.0,55,0.0059,"abstained at the crawl boundary: hop 4 with no outgoing edge, so nothing downstream was collected; in=16,000 KZT from 1 payer",1,0,16000.0,0.0,1,0,0.0005754742432917488,-1.0584136944965696e-18,0.0,0.0,,4,False,True,False,0
100000008175078100,abstained_boundary,0.0,84,0.0351,"abstained at the crawl boundary: hop 4 with no outgoing edge, so nothing downstream was collected; in=1,846,711 KZT from 1 payer",1,0,1846711.0,0.0,15,0,0.00046907194584128176,-3.3613942345134943e-18,0.0,0.0,,4,False,True,False,0
100000004263867100,abstained_boundary,0.0,52,0.0021,"abstained at the crawl boundary: hop 4 with no outgoing edge, so nothing downstream was collected; in=9,000 KZT from 1 payer",1,0,9000.0,0.0,1,0,0.00029038564076541864,3.687381946523853e-06,0.0,0.0,,4,False,True,False,0
100000002194320100,abstained_boundary,0.0,77,0.0091,"abstained at the crawl boundary: hop 4 with no outgoing edge, so nothing downstream was collected; in=275,000 KZT from 1 payer",1,0,275000.0,0.0,1,0,0.0004865679346318247,-1.0584136944965696e-18,0.0,0.0,,4,False,True,False,0
100000001222245100,abstained_boundary,0.0,90,0.0123,"abstained at the crawl boundary: hop 4 with no outgoing edge, so nothing downstream was collected; in=420,000 KZT from 1 payer",1,0,420000.0,0.0,5,0,0.0005491629789918033,-5.515702773971273e-19,0.0,0.0,,4,False,True,False,0
100000008151098100,abstained_boundary,0.0,76,0.0027,"abstained at the crawl boundary: hop 4 with no outgoing edge, so nothing downstream was collected; in=30,000 KZT from 1 payer",1,0,30000.0,0.0,1,0,0.0003093477246134623,-1.5569893857636381e-18,0.0,0.0,,4,False,True,False,0
100000008735802100,abstained_boundary,0.0,47,0.0062,"abstained at the crawl boundary: hop 4 with no outgoing edge, so nothing downstream was collected; in=85,000 KZT from 1 payer",1,0,85000.0,0.0,2,0,0.0005087033417052566,-1.0584136944965696e-18,0.0,0.0,,4,False,True,False,0
100000004047887100,abstained_boundary,0.0,85,0.0024,"abstained at the crawl boundary: hop 4 with no outgoing edge, so nothing downstream was collected; in=30,000 KZT from 1 payer",1,0,30000.0,0.0,1,0,0.00028801399269163803,-2.987731233758649e-18,0.0,0.0,,4,False,True,False,0
100000003146511100,abstained_boundary,0.0,55,0.0024,"abstained at the crawl boundary: hop 4 with no outgoing edge, so nothing downstream was collected; in=10,000 KZT from 1 payer",1,0,10000.0,0.0,1,0,0.0003118136674871963,-1.5569893857636381e-18,0.0,0.0,,4,False,True,False,0
100000007511780100,abstained_boundary,0.0,47,0.008,"abstained at the crawl boundary: hop 4 with no outgoing edge, so nothing downstream was collected; in=155,000 KZT from 1 payer",1,0,155000.0,0.0,2,0,0.0005577703986813184,1.9156429178441997e-06,0.0,0.0,,4,False,True,False,0
100000007867364100,abstained_boundary,0.0,57,0.0047,"abstained at the crawl boundary: hop 4 with no outgoing edge, so nothing downstream was collected; in=41,852 KZT from 1 payer",1,0,41852.0,0.0,1,0,0.0004487382371459393,-1.5569893857636381e-18,0.0,0.0,,4,False,True,False,0
100000006288612100,abstained_boundary,0.0,43,0.0026,"abstained at the crawl boundary: hop 4 with no outgoing edge, so nothing downstream was collected; in=30,805 KZT from 1 payer",1,0,30805.0,0.0,3,0,0.0002976242451746872,2.369785447940902e-06,0.0,0.0,,4,False,True,False,0
100000006735545100,abstained_boundary,0.0,82,0.0023,"abstained at the crawl boundary: hop 4 with no outgoing edge, so nothing downstream was collected; in=5,000 KZT from 1 payer",1,0,5000.0,0.0,1,0,0.0002932717116494764,2.9952965938862415e-05,0.0,0.0,,4,False,True,False,0
100000004403641100,abstained_boundary,0.0,54,0.0049,"abstained at the crawl boundary: hop 4 with no outgoing edge, so nothing downstream was collected; in=171,500 KZT from 1 payer",1,0,171500.0,0.0,1,0,0.0003005494163305601,2.1191698076764898e-07,0.0,0.0,,4,False,True,False,0
100000003370425100,abstained_boundary,0.0,55,0.007,"abstained at the crawl boundary: hop 4 with no outgoing edge, so nothing downstream was collected; in=20,000 KZT from 1 payer",1,0,20000.0,0.0,1,0,0.0006479504805603634,-1.0584136944965696e-18,0.0,0.0,,4,False,True,False,0
100000004350094100,abstained_boundary,0.0,57,0.0102,"abstained at the crawl boundary: hop 4 with no outgoing edge, so nothing downstream was collected; in=20,000 KZT from 1 payer",1,0,20000.0,0.0,1,0,0.0008939457051040829,1.6561701280223066e-06,0.0,0.0,,4,False,True,False,0
100000004911971100,abstained_boundary,0.0,84,0.0025,"abstained at the crawl boundary: hop 4 with no outgoing edge, so nothing downstream was collected; in=35,000 KZT from 1 payer",1,0,35000.0,0.0,3,0,0.00028904714906671694,-3.3613942345134943e-18,0.0,0.0,,4,False,True,False,0
100000001202787100,abstained_boundary,0.0,47,0.005,"abstained at the crawl boundary: hop 4 with no outgoing edge, so nothing downstream was collected; in=14,850 KZT from 2 payers",2,0,14850.0,0.0,2,0,0.00035114494940795466,1.265818462511028e-05,0.0,0.0,,4,False,True,False,0
100000008469048100,abstained_boundary,0.0,47,0.0101,"abstained at the crawl boundary: hop 4 with no outgoing edge, so nothing downstream was collected; in=265,200 KZT from 1 payer",1,0,265200.0,0.0,7,0,0.0005788057669614698,-5.515702773971273e-19,0.0,0.0,,4,False,True,False,0
100000002635746100,abstained_boundary,0.0,52,0.002,"abstained at the crawl boundary: hop 4 with no outgoing edge, so nothing downstream was collected; in=5,300 KZT from 1 payer",1,0,5300.0,0.0,1,0,0.0002884055871845214,3.687381946523853e-06,0.0,0.0,,4,False,True,False,0
100000008321975100,abstained_boundary,0.0,78,0.0022,"abstained at the crawl boundary: hop 4 with no outgoing edge, so nothing downstream was collected; in=5,900 KZT from 1 payer",1,0,5900.0,0.0,1,0,0.00030322854188756835,-2.4817954874160277e-18,0.0,0.0,,4,False,True,False,0
100000003078839100,abstained_boundary,0.0,82,0.0025,"abstained at the crawl boundary: hop 4 with no outgoing edge, so nothing downstream was collected; in=14,000 KZT from 1 payer",1,0,14000.0,0.0,2,0,0.0003147926722848653,-1.0584136944965696e-18,0.0,0.0,,4,False,True,False,0
100000004006327100,abstained_boundary,0.0,66,0.0104,"abstained at the crawl boundary: hop 4 with no outgoing edge, so nothing downstream was collected; in=300,000 KZT from 1 payer",1,0,300000.0,0.0,3,0,0.0005549673062458651,-5.515702773971273e-19,0.0,0.0,,4,False,True,False,0
100000007865484100,abstained_boundary,0.0,70,0.0127,"abstained at the crawl boundary: hop 4 with no outgoing edge, so nothing downstream was collected; in=584,600 KZT from 1 payer",1,0,584600.0,0.0,2,0,0.00036618616723092687,-2.987731233758649e-18,0.0,0.0,,4,False,True,False,0
100000005367180100,abstained_boundary,0.0,82,0.0085,"abstained at the crawl boundary: hop 4 with no outgoing edge, so nothing downstream was collected; in=7,700 KZT from 1 payer",1,0,7700.0,0.0,1,0,0.0007828047220453414,-5.515702773971273e-19,0.0,0.0,,4,False,True,False,0
100000001669260100,abstained_boundary,0.0,82,0.0138,"abstained at the crawl boundary: hop 4 with no outgoing edge, so nothing downstream was collected; in=500,000 KZT from 1 payer",1,0,500000.0,0.0,1,0,0.0005601153780204297,-5.515702773971273e-19,0.0,0.0,,4,False,True,False,0
100000001297206100,abstained_boundary,0.0,47,0.0022,"abstained at the crawl boundary: hop 4 with no outgoing edge, so nothing downstream was collected; in=6,758 KZT from 1 payer",1,0,6758.0,0.0,1,0,0.0002985109724275793,1.821719904655948e-06,0.0,0.0,,4,False,True,False,0
100000002645046100,abstained_boundary,0.0,52,0.0022,"abstained at the crawl boundary: hop 4 with no outgoing edge, so nothing downstream was collected; in=12,000 KZT from 1 payer",1,0,12000.0,0.0,1,0,0.00029199108961479477,3.687381946523853e-06,0.0,0.0,,4,False,True,False,0
100000006308406100,abstained_boundary,0.0,78,0.0083,"abstained at the crawl boundary: hop 4 with no outgoing edge, so nothing downstream was collected; in=183,000 KZT from 1 payer",1,0,183000.0,0.0,2,0,0.0005393608128932426,-3.3613942345134943e-18,0.0,0.0,,4,False,True,False,0
100000002728246100,abstained_boundary,0.0,90,0.0054,"abstained at the crawl boundary: hop 4 with no outgoing edge, so nothing downstream was collected; in=10,000 KZT from 1 payer",1,0,10000.0,0.0,1,0,0.0005386393313923868,-5.515702773971273e-19,0.0,0.0,,4,False,True,False,0
100000001590795100,abstained_boundary,0.0,52,0.002,"abstained at the crawl boundary: hop 4 with no outgoing edge, so nothing downstream was collected; in=5,060 KZT from 1 payer",1,0,5060.0,0.0,1,0,0.00028827715127657127,3.687381946523853e-06,0.0,0.0,,4,False,True,False,0
100000006257675100,abstained_boundary,0.0,78,0.0043,"abstained at the crawl boundary: hop 4 with no outgoing edge, so nothing downstream was collected; in=70,000 KZT from 1 payer",1,0,70000.0,0.0,2,0,0.00038264801720809164,-3.3613942345134943e-18,0.0,0.0,,4,False,True,False,0
100000002130400100,abstained_boundary,0.0,83,0.0025,"abstained at the crawl boundary: hop 4 with no outgoing edge, so nothing downstream was collected; in=10,000 KZT from 1 payer",1,0,10000.0,0.0,1,0,0.0003175458062360418,-1.5535703787737366e-18,0.0,0.0,,4,False,True,False,0
100000000557536100,abstained_boundary,0.0,84,0.0046,"abstained at the crawl boundary: hop 4 with no outgoing edge, so nothing downstream was collected; in=153,000 KZT from 1 payer",1,0,153000.0,0.0,7,0,0.00030077248827335565,-3.3613942345134943e-18,0.0,0.0,,4,False,True,False,0
100000002689717100,abstained_boundary,0.0,49,0.0029,"abstained at the crawl boundary: hop 4 with no outgoing edge, so nothing downstream was collected; in=47,500 KZT from 1 payer",1,0,47500.0,0.0,1,0,0.00030334992234420417,2.758273971092111e-06,0.0,0.0,,4,False,True,False,0
100000005189258100,abstained_boundary,0.0,90,0.0035,"abstained at the crawl boundary: hop 4 with no outgoing edge, so nothing downstream was collected; in=50,000 KZT from 1 payer",1,0,50000.0,0.0,1,0,0.0003159764329458025,4.8374784901907115e-05,0.0,0.0,,4,False,True,False,0
100000002748511100,abstained_boundary,0.0,20,0.0059,"abstained at the crawl boundary: hop 4 with no outgoing edge, so nothing downstream was collected; in=20,000 KZT from 1 payer",1,0,20000.0,0.0,1,0,0.0005674892808776459,2.11553391083785e-08,0.0,0.0,,4,False,True,False,0
100000002371892100,abstained_boundary,0.0,65,0.0029,"abstained at the crawl boundary: hop 4 with no outgoing edge, so nothing downstream was collected; in=43,830 KZT from 1 payer",1,0,43830.0,0.0,1,0,0.0003065326200437956,-1.0584136944965696e-18,0.0,0.0,,4,False,True,False,0
100000008130868100,abstained_boundary,0.0,54,0.0044,"abstained at the crawl boundary: hop 4 with no outgoing edge, so nothing downstream was collected; in=22,782 KZT from 1 payer",1,0,22782.0,0.0,1,0,0.0004516044976627316,-1.0584136944965696e-18,0.0,0.0,,4,False,True,False,0
100000007153161100,abstained_boundary,0.0,47,0.0058,"abstained at the crawl boundary: hop 4 with no outgoing edge, so nothing downstream was collected; in=44,997 KZT from 1 payer",1,0,44997.0,0.0,1,0,0.0005309451743246825,-5.515702773971273e-19,0.0,0.0,,4,False,True,False,0
100000002994441100,abstained_boundary,0.0,82,0.0055,"abstained at the crawl boundary: hop 4 with no outgoing edge, so nothing downstream was collected; in=5,000 KZT from 1 payer",1,0,5000.0,0.0,1,0,0.0005532703163220659,-5.515702773971273e-19,0.0,0.0,,4,False,True,False,0
100000001065481100,abstained_boundary,0.0,55,0.0041,"abstained at the crawl boundary: hop 4 with no outgoing edge, so nothing downstream was collected; in=16,000 KZT from 1 payer",1,0,16000.0,0.0,2,0,0.0004322656924987207,4.153093134480134e-06,0.0,0.0,,4,False,True,False,0
100000007731977100,abstained_boundary,0.0,47,0.0036,"abstained at the crawl boundary: hop 4 with no outgoing edge, so nothing downstream was collected; in=50,000 KZT from 1 payer",1,0,50000.0,0.0,1,0,0.00033677217551547297,3.148498033154706e-05,0.0,0.0,,4,False,True,False,0
100000003252446100,abstained_boundary,0.0,66,0.0039,"abstained at the crawl boundary: hop 4 with no outgoing edge, so nothing downstream was collected; in=108,600 KZT from 1 payer",1,0,108600.0,0.0,1,0,0.00029998773072103575,4.916414485463266e-07,0.0,0.0,,4,False,True,False,0
100000002671326100,abstained_boundary,0.0,66,0.0239,"abstained at the crawl boundary: hop 4 with no outgoing edge, so nothing downstream was collected; in=1,050,000 KZT from 1 payer",1,0,1050000.0,0.0,2,0,0.0006294451129335758,-5.515702773971273e-19,0.0,0.0,,4,False,True,False,0
100000005087923100,abstained_boundary,0.0,31,0.0045,"abstained at the crawl boundary: hop 4 with no outgoing edge, so nothing downstream was collected; in=20,000 KZT from 1 payer",1,0,20000.0,0.0,1,0,0.0004605791647030624,-1.0584136944965696e-18,0.0,0.0,,4,False,True,False,0
100000008770483100,abstained_boundary,0.0,61,0.002,"abstained at the crawl boundary: hop 4 with no outgoing edge, so nothing downstream was collected; in=5,000 KZT from 1 payer",1,0,5000.0,0.0,1,0,0.00028889205365380943,-1.0411744494688634e-18,0.0,0.0,,4,False,True,False,0
100000002748040100,abstained_boundary,0.0,49,0.0023,"abstained at the crawl boundary: hop 4 with no outgoing edge, so nothing downstream was collected; in=18,000 KZT from 1 payer",1,0,18000.0,0.0,1,0,0.0002923072164548576,2.758273971092111e-06,0.0,0.0,,4,False,True,False,0
100000004800648100,abstained_boundary,0.0,43,0.0048,"abstained at the crawl boundary: hop 4 with no outgoing edge, so nothing downstream was collected; in=131,000 KZT from 1 payer",1,0,131000.0,0.0,1,0,0.0003368336531012053,2.369785447940902e-06,0.0,0.0,,4,False,True,False,0
100000005025629100,abstained_boundary,0.0,90,0.0024,"abstained at the crawl boundary: hop 4 with no outgoing edge, so nothing downstream was collected; in=5,227 KZT from 1 payer",1,0,5227.0,0.0,1,0,0.00031415101088485,1.0823443818856615e-05,0.0,0.0,,4,False,True,False,0
100000000581682100,abstained_boundary,0.0,50,0.002,"abstained at the crawl boundary: hop 4 with no outgoing edge, so nothing downstream was collected; in=5,000 KZT from 1 payer",1,0,5000.0,0.0,1,0,0.000290862187223339,3.038680336515827e-11,0.0,0.0,,4,False,True,False,0
100000004976946100,abstained_boundary,0.0,70,0.0064,"abstained at the crawl boundary: hop 4 with no outgoing edge, so nothing downstream was collected; in=246,000 KZT from 1 payer",1,0,246000.0,0.0,1,0,0.00031949291850972026,-2.987731233758649e-18,0.0,0.0,,4,False,True,False,0
100000000957746100,abstained_boundary,0.0,36,0.0028,"abstained at the crawl boundary: hop 4 with no outgoing edge, so nothing downstream was collected; in=5,300 KZT from 1 payer",1,0,5300.0,0.0,1,0,0.0003473073598506199,-1.0584136944965696e-18,0.0,0.0,,4,False,True,False,0
100000003001138100,abstained_boundary,0.0,50,0.0028,"abstained at the crawl boundary: hop 4 with no outgoing edge, so nothing downstream was collected; in=30,000 KZT from 1 payer",1,0,30000.0,0.0,1,0,0.00031732665225358317,3.038680336515827e-11,0.0,0.0,,4,False,True,False,0
100000001325618100,abstained_boundary,0.0,52,0.0021,"abstained at the crawl boundary: hop 4 with no outgoing edge, so nothing downstream was collected; in=9,300 KZT from 1 payer",1,0,9300.0,0.0,1,0,0.0002905461856503563,3.687381946523853e-06,0.0,0.0,,4,False,True,False,0
100000003792647100,abstained_boundary,0.0,90,0.0035,"abstained at the crawl boundary: hop 4 with no outgoing edge, so nothing downstream was collected; in=8,000 KZT from 1 payer",1,0,8000.0,0.0,1,0,0.0004002731421119258,-1.5569893857636381e-18,0.0,0.0,,4,False,True,False,0
100000004107228100,abstained_boundary,0.0,24,0.0021,"abstained at the crawl boundary: hop 4 with no outgoing edge, so nothing downstream was collected; in=5,000 KZT from 1 payer",1,0,5000.0,0.0,1,0,0.0002887085719064808,1.1987358810531504e-05,0.0,0.0,,4,False,True,False,0
100000003500764100,abstained_boundary,0.0,36,0.0054,"abstained at the crawl boundary: hop 4 with no outgoing edge, so nothing downstream was collected; in=21,000 KZT from 1 payer",1,0,21000.0,0.0,1,0,0.0005301918184248231,-1.0584136944965696e-18,0.0,0.0,,4,False,True,False,0
100000004261340100,abstained_boundary,0.0,47,0.0037,"abstained at the crawl boundary: hop 4 with no outgoing edge, so nothing downstream was collected; in=48,500 KZT from 1 payer",1,0,48500.0,0.0,4,0,0.0003473850492015357,2.0701759866172195e-05,0.0,0.0,,4,False,True,False,0
100000008172721100,abstained_boundary,0.0,82,0.0061,"abstained at the crawl boundary: hop 4 with no outgoing edge, so nothing downstream was collected; in=168,335 KZT from 1 payer",1,0,168335.0,0.0,1,0,0.00039521609203523115,-2.034076640383946e-18,0.0,0.0,,4,False,True,False,0
100000005079473100,abstained_boundary,0.0,82,0.0031,"abstained at the crawl boundary: hop 4 with no outgoing edge, so nothing downstream was collected; in=39,312 KZT from 1 payer",1,0,39312.0,0.0,1,0,0.0003260059008859764,1.7212114691455418e-06,0.0,0.0,,4,False,True,False,0
100000004850609100,abstained_boundary,0.0,47,0.0024,"abstained at the crawl boundary: hop 4 with no outgoing edge, so nothing downstream was collected; in=10,000 KZT from 1 payer",1,0,10000.0,0.0,1,0,0.0003130294967403098,5.553943663912604e-06,0.0,0.0,,4,False,True,False,0
100000005042822100,abstained_boundary,0.0,60,0.0207,"abstained at the crawl boundary: hop 4 with no outgoing edge, so nothing downstream was collected; in=1,000,000 KZT from 1 payer",1,0,1000000.0,0.0,1,0,0.00045261173566138175,-1.0584136944965696e-18,0.0,0.0,,4,False,True,False,0
100000002794374100,abstained_boundary,0.0,61,0.0048,"abstained at the crawl boundary: hop 4 with no outgoing edge, so nothing downstream was collected; in=111,000 KZT from 1 payer",1,0,111000.0,0.0,1,0,0.0003637625168388316,-1.5711443432498958e-18,0.0,0.0,,4,False,True,False,0
100000002860934100,abstained_boundary,0.0,50,0.0104,"abstained at the crawl boundary: hop 4 with no outgoing edge, so nothing downstream was collected; in=279,500 KZT from 1 payer",1,0,279500.0,0.0,4,0,0.0005814420132554198,3.038680336515827e-11,0.0,0.0,,4,False,True,False,0
100000003097947100,abstained_boundary,0.0,82,0.0032,"abstained at the crawl boundary: hop 4 with no outgoing edge, so nothing downstream was collected; in=52,980 KZT from 1 payer",1,0,52980.0,0.0,1,0,0.00032007838233559304,-2.034076640383946e-18,0.0,0.0,,4,False,True,False,0
100000004260869100,abstained_boundary,0.0,20,0.0094,"abstained at the crawl boundary: hop 4 with no outgoing edge, so nothing downstream was collected; in=10,000 KZT from 1 payer",1,0,10000.0,0.0,1,0,0.0008422084803364126,-5.515702773971273e-19,0.0,0.0,,4,False,True,False,0
100000008762885100,abstained_boundary,0.0,80,0.002,"abstained at the crawl boundary: hop 4 with no outgoing edge, so nothing downstream was collected; in=7,000 KZT from 1 payer",1,0,7000.0,0.0,1,0,0.00028726371311378,3.090697525877055e-08,0.0,0.0,,4,False,True,False,0
100000002986245100,abstained_boundary,0.0,52,0.002,"abstained at the crawl boundary: hop 4 with no outgoing edge, so nothing downstream was collected; in=5,750 KZT from 1 payer",1,0,5750.0,0.0,1,0,0.0002886464045119278,3.687381946523853e-06,0.0,0.0,,4,False,True,False,0
100000001471706100,abstained_boundary,0.0,34,0.0115,"abstained at the crawl boundary: hop 4 with no outgoing edge, so nothing downstream was collected; in=377,000 KZT from 1 payer",1,0,377000.0,0.0,8,0,0.0005401265380892341,-5.515702773971273e-19,0.0,0.0,,4,False,True,False,0
100000002304943100,abstained_boundary,0.0,78,0.0024,"abstained at the crawl boundary: hop 4 with no outgoing edge, so nothing downstream was collected; in=15,000 KZT from 1 payer",1,0,15000.0,0.0,1,0,0.00030637187771531904,-3.3613942345134943e-18,0.0,0.0,,4,False,True,False,0
100000002695812100,abstained_boundary,0.0,49,0.0039,"abstained at the crawl boundary: hop 4 with no outgoing edge, so nothing downstream was collected; in=95,000 KZT from 1 payer",1,0,95000.0,0.0,1,0,0.0003211305504711181,2.758273971092111e-06,0.0,0.0,,4,False,True,False,0
100000008761220100,abstained_boundary,0.0,80,0.0021,"abstained at the crawl boundary: hop 4 with no outgoing edge, so nothing downstream was collected; in=10,000 KZT from 1 payer",1,0,10000.0,0.0,1,0,0.0002868848713875846,1.276148026255862e-06,0.0,0.0,,4,False,True,False,0
100000004890713100,abstained_boundary,0.0,49,0.0028,"abstained at the crawl boundary: hop 4 with no outgoing edge, so nothing downstream was collected; in=40,485 KZT from 1 payer",1,0,40485.0,0.0,1,0,0.00030072400431661883,2.758273971092111e-06,0.0,0.0,,4,False,True,False,0
100000003083865100,abstained_boundary,0.0,49,0.0022,"abstained at the crawl boundary: hop 4 with no outgoing edge, so nothing downstream was collected; in=15,000 KZT from 1 payer",1,0,15000.0,0.0,1,0,0.000291184229415263,2.758273971092111e-06,0.0,0.0,,4,False,True,False,0
100000004030553100,abstained_boundary,0.0,82,0.0063,"abstained at the crawl boundary: hop 4 with no outgoing edge, so nothing downstream was collected; in=70,000 KZT from 1 payer",1,0,70000.0,0.0,1,0,0.000530829721053794,-5.515702773971273e-19,0.0,0.0,,4,False,True,False,0
100000002653187100,abstained_boundary,0.0,43,0.0046,"abstained at the crawl boundary: hop 4 with no outgoing edge, so nothing downstream was collected; in=15,000 KZT from 1 payer",1,0,15000.0,0.0,1,0,0.00047327891401503287,-1.0411744494688634e-18,0.0,0.0,,4,False,True,False,0
100000006412162100,abstained_boundary,0.0,52,0.0023,"abstained at the crawl boundary: hop 4 with no outgoing edge, so nothing downstream was collected; in=15,000 KZT from 1 payer",1,0,15000.0,0.0,2,0,0.00029359653846417096,3.687381946523853e-06,0.0,0.0,,4,False,True,False,0
100000004674178100,abstained_boundary,0.0,64,0.0024,"abstained at the crawl boundary: hop 4 with no outgoing edge, so nothing downstream was collected; in=20,000 KZT from 1 payer",1,0,20000.0,0.0,1,0,0.00030274344180862333,2.065713011049246e-08,0.0,0.0,,4,False,True,False,0
100000004070530100,abstained_boundary,0.0,85,0.0022,"abstained at the crawl boundary: hop 4 with no outgoing edge, so nothing downstream was collected; in=20,000 KZT from 1 payer",1,0,20000.0,0.0,1,0,0.00028719909320018875,-2.987731233758649e-18,0.0,0.0,,4,False,True,False,0
100000006706519100,abstained_boundary,0.0,47,0.0039,"abstained at the crawl boundary: hop 4 with no outgoing edge, so nothing downstream was collected; in=36,000 KZT from 1 payer",1,0,36000.0,0.0,3,0,0.0003907109210365758,-1.0584136944965696e-18,0.0,0.0,,4,False,True,False,0
100000005636951100,abstained_boundary,0.0,31,0.0071,"abstained at the crawl boundary: hop 4 with no outgoing edge, so nothing downstream was collected; in=40,000 KZT from 1 payer",1,0,40000.0,0.0,1,0,0.0006355890351888347,-1.0584136944965696e-18,0.0,0.0,,4,False,True,False,0
100000003040087100,abstained_boundary,0.0,49,0.0025,"abstained at the crawl boundary: hop 4 with no outgoing edge, so nothing downstream was collected; in=29,000 KZT from 1 payer",1,0,29000.0,0.0,1,0,0.00029642483560003767,2.758273971092111e-06,0.0,0.0,,4,False,True,False,0
100000008766764100,abstained_boundary,0.0,80,0.002,"abstained at the crawl boundary: hop 4 with no outgoing edge, so nothing downstream was collected; in=5,000 KZT from 1 payer",1,0,5000.0,0.0,1,0,0.0002862270828024374,1.276148026255862e-06,0.0,0.0,,4,False,True,False,0
100000000299820100,abstained_boundary,0.0,82,0.0042,"abstained at the crawl boundary: hop 4 with no outgoing edge, so nothing downstream was collected; in=10,000 KZT from 1 payer",1,0,10000.0,0.0,1,0,0.0004501620352243427,-1.0584136944965696e-18,0.0,0.0,,4,False,True,False,0
100000008349740100,abstained_boundary,0.0,84,0.0031,"abstained at the crawl boundary: hop 4 with no outgoing edge, so nothing downstream was collected; in=70,000 KZT from 1 payer",1,0,70000.0,0.0,2,0,0.0002925250039161437,-3.3613942345134943e-18,0.0,0.0,,4,False,True,False,0
100000008761132100,abstained_boundary,0.0,80,0.0021,"abstained at the crawl boundary: hop 4 with no outgoing edge, so nothing downstream was collected; in=10,000 KZT from 1 payer",1,0,10000.0,0.0,1,0,0.0002868848713875846,1.276148026255862e-06,0.0,0.0,,4,False,True,False,0
100000002540033100,abstained_boundary,0.0,59,0.0061,"abstained at the crawl boundary: hop 4 with no outgoing edge, so nothing downstream was collected; in=10,000 KZT from 1 payer",1,0,10000.0,0.0,1,0,0.0005960851621180794,-5.515702773971273e-19,0.0,0.0,,4,False,True,False,0
100000001845505100,abstained_boundary,0.0,82,0.0062,"abstained at the crawl boundary: hop 4 with no outgoing edge, so nothing downstream was collected; in=20,000 KZT from 1 payer",1,0,20000.0,0.0,1,0,0.0005923838494805264,-5.515702773971273e-19,0.0,0.0,,4,False,True,False,0
100000003782913100,abstained_boundary,0.0,45,0.0054,"abstained at the crawl boundary: hop 4 with no outgoing edge, so nothing downstream was collected; in=200,000 KZT from 1 payer",1,0,200000.0,0.0,1,0,0.00029939656360654794,5.9204630720340874e-08,0.0,0.0,,4,False,True,False,0
100000008778753100,abstained_boundary,0.0,64,0.0022,"abstained at the crawl boundary: hop 4 with no outgoing edge, so nothing downstream was collected; in=10,000 KZT from 1 payer",1,0,10000.0,0.0,1,0,0.00029415636801295676,2.065713011049246e-08,0.0,0.0,,4,False,True,False,0
100000008710913100,abstained_boundary,0.0,80,0.0021,"abstained at the crawl boundary: hop 4 with no outgoing edge, so nothing downstream was collected; in=14,000 KZT from 1 payer",1,0,14000.0,0.0,1,0,0.00028811097479962714,3.309599062523609e-07,0.0,0.0,,4,False,True,False,0
100000005495211100,abstained_boundary,0.0,47,0.0057,"abstained at the crawl boundary: hop 4 with no outgoing edge, so nothing downstream was collected; in=14,500 KZT from 1 payer",1,0,14500.0,0.0,1,0,0.0005599644833584294,-5.515702773971273e-19,0.0,0.0,,4,False,True,False,0
100000004013952100,abstained_boundary,0.0,47,0.0052,"abstained at the crawl boundary: hop 4 with no outgoing edge, so nothing downstream was collected; in=5,500 KZT from 1 payer",1,0,5500.0,0.0,1,0,0.0005331412160251201,-5.515702773971273e-19,0.0,0.0,,4,False,True,False,0
100000007330432100,abstained_boundary,0.0,73,0.0149,"abstained at the crawl boundary: hop 4 with no outgoing edge, so nothing downstream was collected; in=584,900 KZT from 1 payer",1,0,584900.0,0.0,1,0,0.0005381759930674287,2.065045009671208e-08,0.0,0.0,,4,False,True,False,0
100000000737152100,abstained_boundary,0.0,47,0.0032,"abstained at the crawl boundary: hop 4 with no outgoing edge, so nothing downstream was collected; in=35,000 KZT from 1 payer",1,0,35000.0,0.0,1,0,0.0003445071691804108,-1.0584136944965696e-18,0.0,0.0,,4,False,True,False,0
100000004674389100,abstained_boundary,0.0,33,0.003,"abstained at the crawl boundary: hop 4 with no outgoing edge, so nothing downstream was collected; in=15,000 KZT from 1 payer",1,0,15000.0,0.0,1,0,0.0003520253352644245,-1.5569893857636381e-18,0.0,0.0,,4,False,True,False,0
100000002529877100,abstained_boundary,0.0,54,0.006,"abstained at the crawl boundary: hop 4 with no outgoing edge, so nothing downstream was collected; in=232,000 KZT from 1 payer",1,0,232000.0,0.0,1,0,0.0003058339492043375,2.1191698076764898e-07,0.0,0.0,,4,False,True,False,0
100000004035925100,abstained_boundary,0.0,58,0.0227,"abstained at the crawl boundary: hop 4 with no outgoing edge, so nothing downstream was collected; in=1,111,588 KZT from 1 payer",1,0,1111588.0,0.0,2,0,0.0004624126239356524,-1.0584136944965696e-18,0.0,0.0,,4,False,True,False,0
100000002188586100,abstained_boundary,0.0,49,0.0027,"abstained at the crawl boundary: hop 4 with no outgoing edge, so nothing downstream was collected; in=38,310 KZT from 1 payer",1,0,38310.0,0.0,1,0,0.00029990983871291276,2.758273971092111e-06,0.0,0.0,,4,False,True,False,0
100000008050986100,abstained_boundary,0.0,90,0.0038,"abstained at the crawl boundary: hop 4 with no outgoing edge, so nothing downstream was collected; in=95,000 KZT from 1 payer",1,0,95000.0,0.0,2,0,0.00031180831574760645,-2.987731233758649e-18,0.0,0.0,,4,False,True,False,0
100000004777215100,abstained_boundary,0.0,78,0.0052,"abstained at the crawl boundary: hop 4 with no outgoing edge, so nothing downstream was collected; in=60,000 KZT from 1 payer",1,0,60000.0,0.0,1,0,0.0004651548637455426,-2.4817954874160277e-18,0.0,0.0,,4,False,True,False,0
100000000926078100,abstained_boundary,0.0,82,0.0091,"abstained at the crawl boundary: hop 4 with no outgoing edge, so nothing downstream was collected; in=250,000 KZT from 1 payer",1,0,250000.0,0.0,1,0,0.0005165635899862588,-1.0584136944965696e-18,0.0,0.0,,4,False,True,False,0
100000003486846100,abstained_boundary,0.0,20,0.0056,"abstained at the crawl boundary: hop 4 with no outgoing edge, so nothing downstream was collected; in=27,000 KZT from 1 payer",1,0,27000.0,0.0,2,0,0.0005311359663531769,-5.515702773971273e-19,0.0,0.0,,4,False,True,False,0
100000002516862100,abstained_boundary,0.0,74,0.0041,"abstained at the crawl boundary: hop 4 with no outgoing edge, so nothing downstream was collected; in=81,710 KZT from 1 payer",1,0,81710.0,0.0,5,0,0.0003494397060975879,-1.5569893857636381e-18,0.0,0.0,,4,False,True,False,0
100000008730238100,abstained_boundary,0.0,66,0.0074,"abstained at the crawl boundary: hop 4 with no outgoing edge, so nothing downstream was collected; in=113,000 KZT from 1 payer",1,0,113000.0,0.0,1,0,0.0005632359245676673,-5.515702773971273e-19,0.0,0.0,,4,False,True,False,0
100000000803368100,abstained_boundary,0.0,45,0.0077,"abstained at the crawl boundary: hop 4 with no outgoing edge, so nothing downstream was collected; in=139,503 KZT from 1 payer",1,0,139503.0,0.0,1,0,0.0005481144591336156,1.9677002587782465e-07,0.0,0.0,,4,False,True,False,0
100000002528978100,abstained_boundary,0.0,49,0.0022,"abstained at the crawl boundary: hop 4 with no outgoing edge, so nothing downstream was collected; in=15,900 KZT from 1 payer",1,0,15900.0,0.0,1,0,0.0002915211255271414,2.758273971092111e-06,0.0,0.0,,4,False,True,False,0
100000002597074100,abstained_boundary,0.0,47,0.0023,"abstained at the crawl boundary: hop 4 with no outgoing edge, so nothing downstream was collected; in=8,000 KZT from 1 payer",1,0,8000.0,0.0,1,0,0.0003104283235888235,-2.034076640383946e-18,0.0,0.0,,4,False,True,False,0
100000003631015100,abstained_boundary,0.0,70,0.0068,"abstained at the crawl boundary: hop 4 with no outgoing edge, so nothing downstream was collected; in=266,000 KZT from 1 payer",1,0,266000.0,0.0,1,0,0.0003222509367448772,-2.987731233758649e-18,0.0,0.0,,4,False,True,False,0
100000008255655100,abstained_boundary,0.0,36,0.0052,"abstained at the crawl boundary: hop 4 with no outgoing edge, so nothing downstream was collected; in=5,400 KZT from 1 payer",1,0,5400.0,0.0,1,0,0.0005311928331095991,-5.515702773971273e-19,0.0,0.0,,4,False,True,False,0
100000004265639100,abstained_boundary,0.0,82,0.0055,"abstained at the crawl boundary: hop 4 with no outgoing edge, so nothing downstream was collected; in=10,000 KZT from 1 payer",1,0,10000.0,0.0,1,0,0.0005523205956514864,-5.515702773971273e-19,0.0,0.0,,4,False,True,False,0
100000002726055100,abstained_boundary,0.0,78,0.0028,"abstained at the crawl boundary: hop 4 with no outgoing edge, so nothing downstream was collected; in=10,000 KZT from 1 payer",1,0,10000.0,0.0,1,0,0.00034001485733930537,-2.027908625511624e-18,0.0,0.0,,4,False,True,False,0
100000003696422100,abstained_boundary,0.0,60,0.0094,"abstained at the crawl boundary: hop 4 with no outgoing edge, so nothing downstream was collected; in=118,000 KZT from 1 payer",1,0,118000.0,0.0,2,0,0.0007085171420194962,-1.0417559883914451e-18,0.0,0.0,,4,False,True,False,0
100000007745062100,abstained_boundary,0.0,43,0.008,"abstained at the crawl boundary: hop 4 with no outgoing edge, so nothing downstream was collected; in=100,000 KZT from 1 payer",1,0,100000.0,0.0,1,0,0.00062527994252457,-5.515702773971273e-19,0.0,0.0,,4,False,True,False,0
100000005041147100,abstained_boundary,0.0,47,0.0053,"abstained at the crawl boundary: hop 4 with no outgoing edge, so nothing downstream was collected; in=10,000 KZT from 1 payer",1,0,10000.0,0.0,1,0,0.0005337622626216128,-5.515702773971273e-19,0.0,0.0,,4,False,True,False,0
100000003819173100,abstained_boundary,0.0,82,0.0054,"abstained at the crawl boundary: hop 4 with no outgoing edge, so nothing downstream was collected; in=143,777 KZT from 1 payer",1,0,143777.0,0.0,1,0,0.0002952095652766986,0.00011365723689489911,0.0,0.0,,4,False,True,False,0
100000001275557100,abstained_boundary,0.0,44,0.003,"abstained at the crawl boundary: hop 4 with no outgoing edge, so nothing downstream was collected; in=20,000 KZT from 1 payer",1,0,20000.0,0.0,1,0,0.0003475117995580216,-1.0584136944965696e-18,0.0,0.0,,4,False,True,False,0
100000002706810100,abstained_boundary,0.0,52,0.003,"abstained at the crawl boundary: hop 4 with no outgoing edge, so nothing downstream was collected; in=45,000 KZT from 1 payer",1,0,45000.0,0.0,1,0,0.00030965102695793245,3.687381946523853e-06,0.0,0.0,,4,False,True,False,0
100000002896506100,abstained_boundary,0.0,90,0.003,"abstained at the crawl boundary: hop 4 with no outgoing edge, so nothing downstream was collected; in=45,000 KZT from 1 payer",1,0,45000.0,0.0,1,0,0.00031362964480833634,-1.0584136944965696e-18,0.0,0.0,,4,False,True,False,0
100000008766031100,abstained_boundary,0.0,80,0.002,"abstained at the crawl boundary: hop 4 with no outgoing edge, so nothing downstream was collected; in=5,000 KZT from 1 payer",1,0,5000.0,0.0,1,0,0.00028647703728241055,3.309599062523609e-07,0.0,0.0,,4,False,True,False,0
100000008758607100,abstained_boundary,0.0,80,0.002,"abstained at the crawl boundary: hop 4 with no outgoing edge, so nothing downstream was collected; in=5,000 KZT from 1 payer",1,0,5000.0,0.0,1,0,0.0002862270828024374,1.276148026255862e-06,0.0,0.0,,4,False,True,False,0
100000008648783100,abstained_boundary,0.0,52,0.002,"abstained at the crawl boundary: hop 4 with no outgoing edge, so nothing downstream was collected; in=5,200 KZT from 1 payer",1,0,5200.0,0.0,1,0,0.0002883520722228755,3.687381946523853e-06,0.0,0.0,,4,False,True,False,0
100000004291663100,abstained_boundary,0.0,47,0.0029,"abstained at the crawl boundary: hop 4 with no outgoing edge, so nothing downstream was collected; in=25,000 KZT from 1 payer",1,0,25000.0,0.0,1,0,0.0003111707348663816,3.148498033154706e-05,0.0,0.0,,4,False,True,False,0
100000003037476100,abstained_boundary,0.0,80,0.0159,"abstained at the crawl boundary: hop 4 with no outgoing edge, so nothing downstream was collected; in=555,000 KZT from 3 payers",3,0,555000.0,0.0,3,0,0.0003593540563280297,1.819024913275766e-06,0.0,0.0,,4,False,True,False,0
100000008715513100,abstained_boundary,0.0,52,0.0027,"abstained at the crawl boundary: hop 4 with no outgoing edge, so nothing downstream was collected; in=32,500 KZT from 1 payer",1,0,32500.0,0.0,1,0,0.0003029616567521985,3.687381946523853e-06,0.0,0.0,,4,False,True,False,0
100000001276409100,abstained_boundary,0.0,49,0.0039,"abstained at the crawl boundary: hop 4 with no outgoing edge, so nothing downstream was collected; in=94,760 KZT from 1 payer",1,0,94760.0,0.0,1,0,0.0003210407115079505,2.758273971092111e-06,0.0,0.0,,4,False,True,False,0
100000003232675100,abstained_boundary,0.0,55,0.0041,"abstained at the crawl boundary: hop 4 with no outgoing edge, so nothing downstream was collected; in=44,000 KZT from 1 payer",1,0,44000.0,0.0,2,0,0.000401044536604877,-1.5569893857636381e-18,0.0,0.0,,4,False,True,False,0
100000007988344100,abstained_boundary,0.0,47,0.0035,"abstained at the crawl boundary: hop 4 with no outgoing edge, so nothing downstream was collected; in=20,000 KZT from 1 payer",1,0,20000.0,0.0,3,0,0.00038745764148945754,-1.0584136944965696e-18,0.0,0.0,,4,False,True,False,0
100000003047800100,abstained_boundary,0.0,54,0.0032,"abstained at the crawl boundary: hop 4 with no outgoing edge, so nothing downstream was collected; in=12,212 KZT from 1 payer",1,0,12212.0,0.0,1,0,0.00037457034348757943,-1.0584136944965696e-18,0.0,0.0,,4,False,True,False,0
100000003230328100,abstained_boundary,0.0,47,0.0075,"abstained at the crawl boundary: hop 4 with no outgoing edge, so nothing downstream was collected; in=26,572 KZT from 3 payers",3,0,26572.0,0.0,3,0,0.0003516801374186606,6.358533423649353e-05,0.0,0.0,,4,False,True,False,0
100000002702968100,abstained_boundary,0.0,49,0.0026,"abstained at the crawl boundary: hop 4 with no outgoing edge, so nothing downstream was collected; in=31,600 KZT from 1 payer",1,0,31600.0,0.0,1,0,0.00029739809103435295,2.758273971092111e-06,0.0,0.0,,4,False,True,False,0
100000004788983100,abstained_boundary,0.0,47,0.0034,"abstained at the crawl boundary: hop 4 with no outgoing edge, so nothing downstream was collected; in=27,000 KZT from 1 payer",1,0,27000.0,0.0,1,0,0.00036946851834621515,-2.034076640383946e-18,0.0,0.0,,4,False,True,False,0
100000006490615100,abstained_boundary,0.0,55,0.004,"abstained at the crawl boundary: hop 4 with no outgoing edge, so nothing downstream was collected; in=41,600 KZT from 1 payer",1,0,41600.0,0.0,6,0,0.0003947458870200995,-1.5569893857636381e-18,0.0,0.0,,4,False,True,False,0
100000008745676100,abstained_boundary,0.0,46,0.0057,"abstained at the crawl boundary: hop 4 with no outgoing edge, so nothing downstream was collected; in=34,547 KZT from 1 payer",1,0,34547.0,0.0,1,0,0.0005303236661827117,-5.515702773971273e-19,0.0,0.0,,4,False,True,False,1
100000001598625100,abstained_boundary,0.0,82,0.0042,"abstained at the crawl boundary: hop 4 with no outgoing edge, so nothing downstream was collected; in=25,000 KZT from 1 payer",1,0,25000.0,0.0,1,0,0.0004288818435522467,-1.0584136944965696e-18,0.0,0.0,,4,False,True,False,0
100000008461217100,abstained_boundary,0.0,63,0.0056,"abstained at the crawl boundary: hop 4 with no outgoing edge, so nothing downstream was collected; in=18,000 KZT from 1 payer",1,0,18000.0,0.0,1,0,0.000545589789549071,-5.515702773971273e-19,0.0,0.0,,4,False,True,False,0
100000005711521100,abstained_boundary,0.0,55,0.0091,"abstained at the crawl boundary: hop 4 with no outgoing edge, so nothing downstream was collected; in=238,000 KZT from 1 payer",1,0,238000.0,0.0,1,0,0.0005338432844113265,-5.515702773971273e-19,0.0,0.0,,4,False,True,False,0
100000002713974100,abstained_boundary,0.0,82,0.0033,"abstained at the crawl boundary: hop 4 with no outgoing edge, so nothing downstream was collected; in=50,000 KZT from 1 payer",1,0,50000.0,0.0,1,0,0.0003299501883700866,-1.0584136944965696e-18,0.0,0.0,,4,False,True,False,0
100000005272139100,abstained_boundary,0.0,20,0.0108,"abstained at the crawl boundary: hop 4 with no outgoing edge, so nothing downstream was collected; in=165,000 KZT from 1 payer",1,0,165000.0,0.0,1,0,0.0007555290963517862,-5.515702773971273e-19,0.0,0.0,,4,False,True,False,0
100000002968096100,abstained_boundary,0.0,82,0.0035,"abstained at the crawl boundary: hop 4 with no outgoing edge, so nothing downstream was collected; in=70,000 KZT from 1 payer",1,0,70000.0,0.0,1,0,0.00031948241143492313,-1.5569893857636381e-18,0.0,0.0,,4,False,True,False,0
100000004449824100,abstained_boundary,0.0,52,0.0021,"abstained at the crawl boundary: hop 4 with no outgoing edge, so nothing downstream was collected; in=9,000 KZT from 1 payer",1,0,9000.0,0.0,1,0,0.00029038564076541864,3.687381946523853e-06,0.0,0.0,,4,False,True,False,0
100000004502048100,abstained_boundary,0.0,57,0.0028,"abstained at the crawl boundary: hop 4 with no outgoing edge, so nothing downstream was collected; in=13,888 KZT from 1 payer",1,0,13888.0,0.0,1,0,0.00033971462250251136,-1.5569893857636381e-18,0.0,0.0,,4,False,True,False,0
100000002660298100,abstained_boundary,0.0,49,0.0026,"abstained at the crawl boundary: hop 4 with no outgoing edge, so nothing downstream was collected; in=30,900 KZT from 1 payer",1,0,30900.0,0.0,1,0,0.0002971360607251142,2.758273971092111e-06,0.0,0.0,,4,False,True,False,0
100000001299828100,abstained_boundary,0.0,47,0.007,"abstained at the crawl boundary: hop 4 with no outgoing edge, so nothing downstream was collected; in=100,000 KZT from 1 payer",1,0,100000.0,0.0,1,0,0.0005472629597932571,-5.515702773971273e-19,0.0,0.0,,4,False,True,False,0
100000000581662100,abstained_boundary,0.0,54,0.0025,"abstained at the crawl boundary: hop 4 with no outgoing edge, so nothing downstream was collected; in=21,160 KZT from 1 payer",1,0,21160.0,0.0,1,0,0.0003029166285306614,-1.0584136944965696e-18,0.0,0.0,,4,False,True,False,0
100000001249054100,abstained_boundary,0.0,49,0.0023,"abstained at the crawl boundary: hop 4 with no outgoing edge, so nothing downstream was collected; in=17,375 KZT from 1 payer",1,0,17375.0,0.0,1,0,0.00029207326082160873,2.758273971092111e-06,0.0,0.0,,4,False,True,False,0
100000008759795100,abstained_boundary,0.0,52,0.0023,"abstained at the crawl boundary: hop 4 with no outgoing edge, so nothing downstream was collected; in=17,000 KZT from 1 payer",1,0,17000.0,0.0,1,0,0.00029466683769708836,3.687381946523853e-06,0.0,0.0,,4,False,True,False,0
100000001299443100,abstained_boundary,0.0,52,0.0021,"abstained at the crawl boundary: hop 4 with no outgoing edge, so nothing downstream was collected; in=8,000 KZT from 1 payer",1,0,8000.0,0.0,1,0,0.00028985049114895996,3.687381946523853e-06,0.0,0.0,,4,False,True,False,0
100000007997939100,abstained_boundary,0.0,80,0.003,"abstained at the crawl boundary: hop 4 with no outgoing edge, so nothing downstream was collected; in=13,000 KZT from 1 payer",1,0,13000.0,0.0,1,0,0.0003579630834798816,-2.034076640383946e-18,0.0,0.0,,4,False,True,False,0
100000003470579100,abstained_boundary,0.0,76,0.0115,"abstained at the crawl boundary: hop 4 with no outgoing edge, so nothing downstream was collected; in=357,000 KZT from 1 payer",1,0,357000.0,0.0,2,0,0.0005685326159317385,-1.5569893857636381e-18,0.0,0.0,,4,False,True,False,0
100000008649416100,abstained_boundary,0.0,36,0.0052,"abstained at the crawl boundary: hop 4 with no outgoing edge, so nothing downstream was collected; in=5,000 KZT from 1 payer",1,0,5000.0,0.0,1,0,0.0005337267176293667,-5.515702773971273e-19,0.0,0.0,,4,False,True,False,0
100000008183752100,abstained_boundary,0.0,59,0.0074,"abstained at the crawl boundary: hop 4 with no outgoing edge, so nothing downstream was collected; in=140,000 KZT from 1 payer",1,0,140000.0,0.0,1,0,0.0005301890395310123,-5.515702773971273e-19,0.0,0.0,,4,False,True,False,0
100000003950749100,abstained_boundary,0.0,20,0.0033,"abstained at the crawl boundary: hop 4 with no outgoing edge, so nothing downstream was collected; in=7,000 KZT from 1 payer",1,0,7000.0,0.0,1,0,0.00038424128954841466,2.11553391083785e-08,0.0,0.0,,4,False,True,False,0
100000005979037100,abstained_boundary,0.0,82,0.0034,"abstained at the crawl boundary: hop 4 with no outgoing edge, so nothing downstream was collected; in=60,300 KZT from 1 payer",1,0,60300.0,0.0,1,0,0.0003248463424153586,-2.034076640383946e-18,0.0,0.0,,4,False,True,False,0
100000008734279100,abstained_boundary,0.0,82,0.0026,"abstained at the crawl boundary: hop 4 with no outgoing edge, so nothing downstream was collected; in=31,650 KZT from 1 payer",1,0,31650.0,0.0,1,0,0.00030133294456934464,3.1784522446800237e-09,0.0,0.0,,4,False,True,False,0
100000005589319100,abstained_boundary,0.0,24,0.0031,"abstained at the crawl boundary: hop 4 with no outgoing edge, so nothing downstream was collected; in=26,000 KZT from 1 payer",1,0,26000.0,0.0,1,0,0.00030995557415139407,5.0785180838776424e-05,0.0,0.0,,4,False,True,False,0
100000003626268100,abstained_boundary,0.0,82,0.0052,"abstained at the crawl boundary: hop 4 with no outgoing edge, so nothing downstream was collected; in=5,000 KZT from 1 payer",1,0,5000.0,0.0,1,0,0.000530890379133667,-5.515702773971273e-19,0.0,0.0,,4,False,True,False,0
100000001220124100,abstained_boundary,0.0,82,0.0059,"abstained at the crawl boundary: hop 4 with no outgoing edge, so nothing downstream was collected; in=40,000 KZT from 1 payer",1,0,40000.0,0.0,1,0,0.000539556585195879,-5.515702773971273e-19,0.0,0.0,,4,False,True,False,0
100000003904497100,abstained_boundary,0.0,80,0.0028,"abstained at the crawl boundary: hop 4 with no outgoing edge, so nothing downstream was collected; in=10,000 KZT from 1 payer",1,0,10000.0,0.0,1,0,0.00034125682441928356,-2.034076640383946e-18,0.0,0.0,,4,False,True,False,0
100000001270470100,abstained_boundary,0.0,47,0.0042,"abstained at the crawl boundary: hop 4 with no outgoing edge, so nothing downstream was collected; in=28,300 KZT from 1 payer",1,0,28300.0,0.0,2,0,0.00042974130560740703,-1.0584136944965696e-18,0.0,0.0,,4,False,True,False,0
100000003091142100,abstained_boundary,0.0,47,0.0042,"abstained at the crawl boundary: hop 4 with no outgoing edge, so nothing downstream was collected; in=40,000 KZT from 1 payer",1,0,40000.0,0.0,1,0,0.00040986444107495674,-2.034076640383946e-18,0.0,0.0,,4,False,True,False,0
100000001053894100,abstained_boundary,0.0,85,0.0373,"abstained at the crawl boundary: hop 4 with no outgoing edge, so nothing downstream was collected; in=2,000,000 KZT from 1 payer",1,0,2000000.0,0.0,7,0,0.0004485491925071477,-2.987731233758649e-18,0.0,0.0,,4,False,True,False,0
100000004722630100,abstained_boundary,0.0,48,0.0103,"abstained at the crawl boundary: hop 4 with no outgoing edge, so nothing downstream was collected; in=340,000 KZT from 1 payer",1,0,340000.0,0.0,2,0,0.0004921869960127052,-1.0499656032901273e-18,0.0,0.0,,4,False,True,False,0
100000004655046100,abstained_boundary,0.0,49,0.0058,"abstained at the crawl boundary: hop 4 with no outgoing edge, so nothing downstream was collected; in=24,000 KZT from 1 payer",1,0,24000.0,0.0,1,0,0.0005575082914139765,-5.515702773971273e-19,0.0,0.0,,4,False,True,False,0
100000004019056100,abstained_boundary,0.0,55,0.0061,"abstained at the crawl boundary: hop 4 with no outgoing edge, so nothing downstream was collected; in=50,000 KZT from 1 payer",1,0,50000.0,0.0,1,0,0.0005409213827074562,-5.515702773971273e-19,0.0,0.0,,4,False,True,False,0
100000008071749100,abstained_boundary,0.0,49,0.0024,"abstained at the crawl boundary: hop 4 with no outgoing edge, so nothing downstream was collected; in=24,943 KZT from 1 payer",1,0,24943.0,0.0,1,0,0.00029490618279349263,2.758273971092111e-06,0.0,0.0,,4,False,True,False,0
100000008221765100,abstained_boundary,0.0,90,0.0078,"abstained at the crawl boundary: hop 4 with no outgoing edge, so nothing downstream was collected; in=156,354 KZT from 1 payer",1,0,156354.0,0.0,1,0,0.0005404417175185705,-5.515702773971273e-19,0.0,0.0,,4,False,True,False,0
100000008778010100,abstained_boundary,0.0,46,0.0064,"abstained at the crawl boundary: hop 4 with no outgoing edge, so nothing downstream was collected; in=76,950 KZT from 1 payer",1,0,76950.0,0.0,2,0,0.0005296426486872749,-5.515702773971273e-19,0.0,0.0,,4,False,True,False,1
100000004584730100,abstained_boundary,0.0,75,0.0029,"abstained at the crawl boundary: hop 4 with no outgoing edge, so nothing downstream was collected; in=47,000 KZT from 1 payer",1,0,47000.0,0.0,1,0,0.00030383982641037267,7.661109445063666e-07,0.0,0.0,,4,False,True,False,0
100000004797167100,abstained_boundary,0.0,82,0.0059,"abstained at the crawl boundary: hop 4 with no outgoing edge, so nothing downstream was collected; in=31,000 KZT from 1 payer",1,0,31000.0,0.0,1,0,0.000551624702702953,-5.515702773971273e-19,0.0,0.0,,4,False,True,False,0
100000005010159100,abstained_boundary,0.0,82,0.0063,"abstained at the crawl boundary: hop 4 with no outgoing edge, so nothing downstream was collected; in=7,092 KZT from 1 payer",1,0,7092.0,0.0,1,0,0.0006143684568259235,-5.515702773971273e-19,0.0,0.0,,4,False,True,False,0
100000003025903100,abstained_boundary,0.0,90,0.0115,"abstained at the crawl boundary: hop 4 with no outgoing edge, so nothing downstream was collected; in=386,300 KZT from 1 payer",1,0,386300.0,0.0,6,0,0.0005264518149577599,-1.0584136944965696e-18,0.0,0.0,,4,False,True,False,0
100000003005167100,abstained_boundary,0.0,52,0.0021,"abstained at the crawl boundary: hop 4 with no outgoing edge, so nothing downstream was collected; in=7,000 KZT from 1 payer",1,0,7000.0,0.0,1,0,0.0002893153415325012,3.687381946523853e-06,0.0,0.0,,4,False,True,False,0
100000002214383100,abstained_boundary,0.0,46,0.0086,"abstained at the crawl boundary: hop 4 with no outgoing edge, so nothing downstream was collected; in=213,000 KZT from 1 payer",1,0,213000.0,0.0,1,0,0.0005308718022156244,-5.515702773971273e-19,0.0,0.0,,4,False,True,False,1
100000004800452100,abstained_boundary,0.0,90,0.0062,"abstained at the crawl boundary: hop 4 with no outgoing edge, so nothing downstream was collected; in=6,545 KZT from 1 payer",1,0,6544.53,0.0,1,0,0.0006079797659745975,-5.515702773971273e-19,0.0,0.0,,4,False,True,False,0
100000006903193100,abstained_boundary,0.0,47,0.0025,"abstained at the crawl boundary: hop 4 with no outgoing edge, so nothing downstream was collected; in=9,000 KZT from 1 payer",1,0,9000.0,0.0,1,0,0.00030160452688525306,2.9101871454732085e-05,0.0,0.0,,4,False,True,False,0
100000007811950100,abstained_boundary,0.0,64,0.0061,"abstained at the crawl boundary: hop 4 with no outgoing edge, so nothing downstream was collected; in=50,000 KZT from 1 payer",1,0,50000.0,0.0,1,0,0.000546228540071972,-5.515702773971273e-19,0.0,0.0,,4,False,True,False,0
100000000375150100,abstained_boundary,0.0,55,0.0129,"abstained at the crawl boundary: hop 4 with no outgoing edge, so nothing downstream was collected; in=300,000 KZT from 1 payer",1,0,300000.0,0.0,1,0,0.0007463802351751558,-5.515702773971273e-19,0.0,0.0,,4,False,True,False,0
100000008775747100,abstained_boundary,0.0,80,0.002,"abstained at the crawl boundary: hop 4 with no outgoing edge, so nothing downstream was collected; in=5,000 KZT from 1 payer",1,0,5000.0,0.0,1,0,0.0002862270828024374,1.276148026255862e-06,0.0,0.0,,4,False,True,False,0
100000006689603100,abstained_boundary,0.0,82,0.0099,"abstained at the crawl boundary: hop 4 with no outgoing edge, so nothing downstream was collected; in=400,000 KZT from 1 payer",1,0,400000.0,0.0,2,0,0.00031238935878786383,0.00011365723689489911,0.0,0.0,,4,False,True,False,0
100000005075949100,abstained_boundary,0.0,86,0.0453,"abstained at the crawl boundary: hop 4 with no outgoing edge, so nothing downstream was collected; in=2,226,000 KZT from 1 payer",1,0,2226000.0,0.0,7,0,0.0007679113857379692,-1.5569893857636381e-18,0.0,0.0,,4,False,True,False,0
100000003985389100,abstained_boundary,0.0,82,0.0116,"abstained at the crawl boundary: hop 4 with no outgoing edge, so nothing downstream was collected; in=422,698 KZT from 1 payer",1,0,422698.0,0.0,16,0,0.0004903551059552761,-1.5569893857636381e-18,0.0,0.0,,4,False,True,False,0
100000002478829100,abstained_boundary,0.0,78,0.0038,"abstained at the crawl boundary: hop 4 with no outgoing edge, so nothing downstream was collected; in=34,000 KZT from 1 payer",1,0,34000.0,0.0,1,0,0.0003873344502832999,-2.4817954874160277e-18,0.0,0.0,,4,False,True,False,0
100000003125997100,abstained_boundary,0.0,66,0.0068,"abstained at the crawl boundary: hop 4 with no outgoing edge, so nothing downstream was collected; in=87,750 KZT from 1 payer",1,0,87750.0,0.0,1,0,0.0005483720399494504,-5.515702773971273e-19,0.0,0.0,,4,False,True,False,0
100000003214786100,abstained_boundary,0.0,47,0.0037,"abstained at the crawl boundary: hop 4 with no outgoing edge, so nothing downstream was collected; in=5,000 KZT from 1 payer",1,0,5000.0,0.0,1,0,0.00042028195414468866,-1.0584136944965696e-18,0.0,0.0,,4,False,True,False,0
100000008308418100,abstained_boundary,0.0,47,0.0046,"abstained at the crawl boundary: hop 4 with no outgoing edge, so nothing downstream was collected; in=50,000 KZT from 1 payer",1,0,50000.0,0.0,1,0,0.000431599331466298,-1.0584136944965696e-18,0.0,0.0,,4,False,True,False,0
100000008619159100,abstained_boundary,0.0,58,0.0102,"abstained at the crawl boundary: hop 4 with no outgoing edge, so nothing downstream was collected; in=446,400 KZT from 1 payer",1,0,446400.0,0.0,2,0,0.00035658738939848764,-1.0584136944965696e-18,0.0,0.0,,4,False,True,False,0
100000004418967100,abstained_boundary,0.0,66,0.0057,"abstained at the crawl boundary: hop 4 with no outgoing edge, so nothing downstream was collected; in=100,000 KZT from 1 payer",1,0,100000.0,0.0,1,0,0.0004534748089525561,-1.5569893857636381e-18,0.0,0.0,,4,False,True,False,0
100000003173783100,abstained_boundary,0.0,62,0.0035,"abstained at the crawl boundary: hop 4 with no outgoing edge, so nothing downstream was collected; in=23,500 KZT from 1 payer",1,0,23500.0,0.0,2,0,0.0003468224290716622,4.5006022854826575e-05,0.0,0.0,,4,False,True,False,0
100000002242455100,abstained_boundary,0.0,90,0.0069,"abstained at the crawl boundary: hop 4 with no outgoing edge, so nothing downstream was collected; in=110,000 KZT from 1 payer",1,0,110000.0,0.0,1,0,0.0005321740677312205,-5.515702773971273e-19,0.0,0.0,,4,False,True,False,0
100000004848236100,abstained_boundary,0.0,47,0.0023,"abstained at the crawl boundary: hop 4 with no outgoing edge, so nothing downstream was collected; in=7,500 KZT from 1 payer",1,0,7500.0,0.0,1,0,0.00030887463425310267,-2.034076640383946e-18,0.0,0.0,,4,False,True,False,0
100000004674412100,abstained_boundary,0.0,33,0.0053,"abstained at the crawl boundary: hop 4 with no outgoing edge, so nothing downstream was collected; in=46,000 KZT from 1 payer",1,0,46000.0,0.0,1,0,0.0004893678200951688,-1.5569893857636381e-18,0.0,0.0,,4,False,True,False,0
100000007071852100,abstained_boundary,0.0,82,0.0074,"abstained at the crawl boundary: hop 4 with no outgoing edge, so nothing downstream was collected; in=195,000 KZT from 1 payer",1,0,195000.0,0.0,1,0,0.00044351479276962143,2.7170551345387777e-05,0.0,0.0,,4,False,True,False,0
100000001498732100,abstained_boundary,0.0,69,0.002,"abstained at the crawl boundary: hop 4 with no outgoing edge, so nothing downstream was collected; in=5,500 KZT from 1 payer",1,0,5500.0,0.0,1,0,0.0002894096098235805,1.4075359185118062e-08,0.0,0.0,,4,False,True,False,0
100000000627521100,abstained_boundary,0.0,85,0.002,"abstained at the crawl boundary: hop 4 with no outgoing edge, so nothing downstream was collected; in=6,500 KZT from 1 payer",1,0,6500.0,0.0,1,0,0.00028609897888673224,-2.987731233758649e-18,0.0,0.0,,4,False,True,False,0
100000003105089100,abstained_boundary,0.0,78,0.0022,"abstained at the crawl boundary: hop 4 with no outgoing edge, so nothing downstream was collected; in=10,000 KZT from 1 payer",1,0,10000.0,0.0,1,0,0.0002994376832159761,-3.3613942345134943e-18,0.0,0.0,,4,False,True,False,0
100000003166017100,abstained_boundary,0.0,49,0.0022,"abstained at the crawl boundary: hop 4 with no outgoing edge, so nothing downstream was collected; in=15,000 KZT from 1 payer",1,0,15000.0,0.0,1,0,0.000291184229415263,2.758273971092111e-06,0.0,0.0,,4,False,True,False,0
100000002506987100,abstained_boundary,0.0,49,0.0025,"abstained at the crawl boundary: hop 4 with no outgoing edge, so nothing downstream was collected; in=28,200 KZT from 1 payer",1,0,28200.0,0.0,1,0,0.0002961253723894791,2.758273971092111e-06,0.0,0.0,,4,False,True,False,0
100000005767403100,abstained_boundary,0.0,87,0.0307,"abstained at the crawl boundary: hop 4 with no outgoing edge, so nothing downstream was collected; in=1,100,000 KZT from 1 payer",1,0,1100000.0,0.0,2,0,0.0010818599457011395,1.4683801421064283e-07,0.0,0.0,,4,False,True,False,0
100000005553088100,abstained_boundary,0.0,82,0.0023,"abstained at the crawl boundary: hop 4 with no outgoing edge, so nothing downstream was collected; in=17,500 KZT from 1 payer",1,0,17500.0,0.0,1,0,0.0002942853726110012,3.1784522446800237e-09,0.0,0.0,,4,False,True,False,0
100000003632533100,abstained_boundary,0.0,90,0.0039,"abstained at the crawl boundary: hop 4 with no outgoing edge, so nothing downstream was collected; in=10,000 KZT from 1 payer",1,0,10000.0,0.0,1,0,0.0004289491040855847,-1.5569893857636381e-18,0.0,0.0,,4,False,True,False,0
100000008762005100,abstained_boundary,0.0,80,0.002,"abstained at the crawl boundary: hop 4 with no outgoing edge, so nothing downstream was collected; in=5,000 KZT from 1 payer",1,0,5000.0,0.0,1,0,0.0002867795934290686,3.090697525877055e-08,0.0,0.0,,4,False,True,False,0
100000002214207100,abstained_boundary,0.0,83,0.0088,"abstained at the crawl boundary: hop 4 with no outgoing edge, so nothing downstream was collected; in=97,000 KZT from 1 payer",1,0,97000.0,0.0,1,0,0.0006906066279546765,-5.515702773971273e-19,0.0,0.0,,4,False,True,False,0
100000003180820100,abstained_boundary,0.0,80,0.0037,"abstained at the crawl boundary: hop 4 with no outgoing edge, so nothing downstream was collected; in=101,000 KZT from 1 payer",1,0,101000.0,0.0,1,0,0.0002988566236372633,1.276148026255862e-06,0.0,0.0,,4,False,True,False,0
100000003786516100,abstained_boundary,0.0,47,0.0023,"abstained at the crawl boundary: hop 4 with no outgoing edge, so nothing downstream was collected; in=5,000 KZT from 1 payer",1,0,5000.0,0.0,1,0,0.00029315964798120263,2.772640541695283e-05,0.0,0.0,,4,False,True,False,0
100000005226217100,abstained_boundary,0.0,80,0.0034,"abstained at the crawl boundary: hop 4 with no outgoing edge, so nothing downstream was collected; in=17,500 KZT from 1 payer",1,0,17500.0,0.0,1,0,0.0003830224720707786,-2.034076640383946e-18,0.0,0.0,,4,False,True,False,0
100000001533161100,abstained_boundary,0.0,75,0.0041,"abstained at the crawl boundary: hop 4 with no outgoing edge, so nothing downstream was collected; in=100,000 KZT from 1 payer",1,0,100000.0,0.0,1,0,0.00032444276696852947,7.661109445063666e-07,0.0,0.0,,4,False,True,False,0
100000007034089100,abstained_boundary,0.0,80,0.0075,"abstained at the crawl boundary: hop 4 with no outgoing edge, so nothing downstream was collected; in=198,000 KZT from 2 payers",2,0,198000.0,0.0,2,0,0.0003211159924280986,1.6071079325082484e-06,0.0,0.0,,4,False,True,False,0
100000008336318100,abstained_boundary,0.0,80,0.0052,"abstained at the crawl boundary: hop 4 with no outgoing edge, so nothing downstream was collected; in=170,000 KZT from 1 payer",1,0,170000.0,0.0,1,0,0.0003267194674177576,3.090697525877055e-08,0.0,0.0,,4,False,True,False,0
100000005370558100,abstained_boundary,0.0,47,0.0022,"abstained at the crawl boundary: hop 4 with no outgoing edge, so nothing downstream was collected; in=5,000 KZT from 1 payer",1,0,5000.0,0.0,1,0,0.0002992993954788,5.553943663912604e-06,0.0,0.0,,4,False,True,False,0
100000002729875100,abstained_boundary,0.0,49,0.0035,"abstained at the crawl boundary: hop 4 with no outgoing edge, so nothing downstream was collected; in=76,000 KZT from 1 payer",1,0,76000.0,0.0,1,0,0.0003140182992203525,2.758273971092111e-06,0.0,0.0,,4,False,True,False,0
100000006512787100,abstained_boundary,0.0,47,0.0054,"abstained at the crawl boundary: hop 4 with no outgoing edge, so nothing downstream was collected; in=20,000 KZT from 1 payer",1,0,20000.0,0.0,2,0,0.0005300461906110868,-5.515702773971273e-19,0.0,0.0,,4,False,True,False,0
100000003186579100,abstained_boundary,0.0,82,0.0067,"abstained at the crawl boundary: hop 4 with no outgoing edge, so nothing downstream was collected; in=110,000 KZT from 1 payer",1,0,110000.0,0.0,2,0,0.0005151815504625234,-1.0584136944965696e-18,0.0,0.0,,4,False,True,False,0
100000004472936100,abstained_boundary,0.0,55,0.0052,"abstained at the crawl boundary: hop 4 with no outgoing edge, so nothing downstream was collected; in=5,000 KZT from 1 payer",1,0,5000.0,0.0,1,0,0.0005318955309395088,-5.515702773971273e-19,0.0,0.0,,4,False,True,False,0
100000002231144100,abstained_boundary,0.0,78,0.0032,"abstained at the crawl boundary: hop 4 with no outgoing edge, so nothing downstream was collected; in=15,000 KZT from 1 payer",1,0,15000.0,0.0,1,0,0.000367237638900313,-2.027908625511624e-18,0.0,0.0,,4,False,True,False,0
100000002505277100,abstained_boundary,0.0,47,0.0045,"abstained at the crawl boundary: hop 4 with no outgoing edge, so nothing downstream was collected; in=60,000 KZT from 1 payer",1,0,60000.0,0.0,1,0,0.0004076531172154499,-1.0584136944965696e-18,0.0,0.0,,4,False,True,False,0
100000003177533100,abstained_boundary,0.0,82,0.0029,"abstained at the crawl boundary: hop 4 with no outgoing edge, so nothing downstream was collected; in=20,000 KZT from 1 payer",1,0,20000.0,0.0,3,0,0.00033819737698218943,-1.0584136944965696e-18,0.0,0.0,,4,False,True,False,0
100000005888829100,abstained_boundary,0.0,80,0.0055,"abstained at the crawl boundary: hop 4 with no outgoing edge, so nothing downstream was collected; in=197,000 KZT from 1 payer",1,0,197000.0,0.0,1,0,0.0003114861644720892,1.276148026255862e-06,0.0,0.0,,4,False,True,False,0
100000002242066100,abstained_boundary,0.0,88,0.0061,"abstained at the crawl boundary: hop 4 with no outgoing edge, so nothing downstream was collected; in=60,000 KZT from 1 payer",1,0,60000.0,0.0,1,0,0.0005337841025658801,-5.515702773971273e-19,0.0,0.0,,4,False,True,False,0
100000008027922100,abstained_boundary,0.0,44,0.0059,"abstained at the crawl boundary: hop 4 with no outgoing edge, so nothing downstream was collected; in=70,000 KZT from 1 payer",1,0,70000.0,0.0,1,0,0.0005023680629098503,-1.0584136944965696e-18,0.0,0.0,,4,False,True,False,0
100000002686226100,abstained_boundary,0.0,36,0.0139,"abstained at the crawl boundary: hop 4 with no outgoing edge, so nothing downstream was collected; in=430,000 KZT from 1 payer",1,0,430000.0,0.0,2,0,0.0006546162523072467,-5.515702773971273e-19,0.0,0.0,,4,False,True,False,0
100000001065234100,abstained_boundary,0.0,77,0.0113,"abstained at the crawl boundary: hop 4 with no outgoing edge, so nothing downstream was collected; in=360,000 KZT from 1 payer",1,0,360000.0,0.0,1,0,0.00054869478712359,-1.0584136944965696e-18,0.0,0.0,,4,False,True,False,0
100000000424935100,abstained_boundary,0.0,50,0.0023,"abstained at the crawl boundary: hop 4 with no outgoing edge, so nothing downstream was collected; in=15,000 KZT from 1 payer",1,0,15000.0,0.0,1,0,0.0003014479732354367,3.038680336515827e-11,0.0,0.0,,4,False,True,False,0
100000005723580100,abstained_boundary,0.0,66,0.0032,"abstained at the crawl boundary: hop 4 with no outgoing edge, so nothing downstream was collected; in=35,000 KZT from 1 payer",1,0,35000.0,0.0,1,0,0.00034433622437463323,-1.5569893857636381e-18,0.0,0.0,,4,False,True,False,0
100000000704700100,abstained_boundary,0.0,41,0.0053,"abstained at the crawl boundary: hop 4 with no outgoing edge, so nothing downstream was collected; in=10,000 KZT from 1 payer",1,0,10000.0,0.0,1,0,0.0005332551718567717,-5.515702773971273e-19,0.0,0.0,,4,False,True,False,2
100000005293969100,abstained_boundary,0.0,47,0.0052,"abstained at the crawl boundary: hop 4 with no outgoing edge, so nothing downstream was collected; in=5,467 KZT from 1 payer",1,0,5466.97,0.0,1,0,0.0005304901604905825,-5.515702773971273e-19,0.0,0.0,,4,False,True,False,0
100000002512742100,abstained_boundary,0.0,52,0.002,"abstained at the crawl boundary: hop 4 with no outgoing edge, so nothing downstream was collected; in=6,000 KZT from 1 payer",1,0,6000.0,0.0,1,0,0.0002887801919160425,3.687381946523853e-06,0.0,0.0,,4,False,True,False,0
100000001816678100,abstained_boundary,0.0,24,0.0034,"abstained at the crawl boundary: hop 4 with no outgoing edge, so nothing downstream was collected; in=60,000 KZT from 1 payer",1,0,60000.0,0.0,1,0,0.00030965522203982006,2.308582546006113e-05,0.0,0.0,,4,False,True,False,0
100000004586598100,abstained_boundary,0.0,89,0.0179,"abstained at the crawl boundary: hop 4 with no outgoing edge, so nothing downstream was collected; in=761,255 KZT from 1 payer",1,0,761255.0,0.0,4,0,0.0005392658410384621,-5.515702773971273e-19,0.0,0.0,,4,False,True,False,0
100000005782886100,abstained_boundary,0.0,80,0.0031,"abstained at the crawl boundary: hop 4 with no outgoing edge, so nothing downstream was collected; in=14,000 KZT from 1 payer",1,0,14000.0,0.0,1,0,0.0003635318365000809,-2.034076640383946e-18,0.0,0.0,,4,False,True,False,0
100000002622822100,abstained_boundary,0.0,59,0.0225,"abstained at the crawl boundary: hop 4 with no outgoing edge, so nothing downstream was collected; in=750,000 KZT from 1 payer",1,0,750000.0,0.0,1,0,0.0009076861139921038,-5.515702773971273e-19,0.0,0.0,,4,False,True,False,0
100000003718715100,abstained_boundary,0.0,55,0.0209,"abstained at the crawl boundary: hop 4 with no outgoing edge, so nothing downstream was collected; in=915,000 KZT from 1 payer",1,0,915000.0,0.0,3,0,0.0005755764809645298,-5.515702773971273e-19,0.0,0.0,,4,False,True,False,0
100000006491963100,abstained_boundary,0.0,52,0.0023,"abstained at the crawl boundary: hop 4 with no outgoing edge, so nothing downstream was collected; in=16,000 KZT from 1 payer",1,0,16000.0,0.0,3,0,0.00029413168808062963,3.687381946523853e-06,0.0,0.0,,4,False,True,False,0
100000004526651100,abstained_boundary,0.0,80,0.0025,"abstained at the crawl boundary: hop 4 with no outgoing edge, so nothing downstream was collected; in=33,000 KZT from 1 payer",1,0,33000.0,0.0,1,0,0.0002899106988792616,1.276148026255862e-06,0.0,0.0,,4,False,True,False,0
100000008331280100,abstained_boundary,0.0,76,0.003,"abstained at the crawl boundary: hop 4 with no outgoing edge, so nothing downstream was collected; in=41,000 KZT from 1 payer",1,0,41000.0,0.0,2,0,0.0003180664824253921,-1.5569893857636381e-18,0.0,0.0,,4,False,True,False,0
100000004177936100,abstained_boundary,0.0,82,0.0029,"abstained at the crawl boundary: hop 4 with no outgoing edge, so nothing downstream was collected; in=10,000 KZT from 1 payer",1,0,10000.0,0.0,1,0,0.00033700711990315767,1.9647728954402022e-05,0.0,0.0,,4,False,True,False,0
100000002922000100,abstained_boundary,0.0,75,0.0116,"abstained at the crawl boundary: hop 4 with no outgoing edge, so nothing downstream was collected; in=448,000 KZT from 1 payer",1,0,448000.0,0.0,1,0,0.0004597224521428421,7.661109445063666e-07,0.0,0.0,,4,False,True,False,0
100000002404112100,abstained_boundary,0.0,76,0.0035,"abstained at the crawl boundary: hop 4 with no outgoing edge, so nothing downstream was collected; in=60,000 KZT from 1 payer",1,0,60000.0,0.0,1,0,0.00033008347857565497,4.03377749562133e-08,0.0,0.0,,4,False,True,False,0
100000000634341100,abstained_boundary,0.0,47,0.0058,"abstained at the crawl boundary: hop 4 with no outgoing edge, so nothing downstream was collected; in=24,000 KZT from 1 payer",1,0,24000.0,0.0,2,0,0.0005549382719388587,-5.515702773971273e-19,0.0,0.0,,4,False,True,False,0
100000001822650100,abstained_boundary,0.0,80,0.004,"abstained at the crawl boundary: hop 4 with no outgoing edge, so nothing downstream was collected; in=112,000 KZT from 1 payer",1,0,112000.0,0.0,1,0,0.00030590273887598577,3.309599062523609e-07,0.0,0.0,,4,False,True,False,0
100000004791226100,abstained_boundary,0.0,47,0.0056,"abstained at the crawl boundary: hop 4 with no outgoing edge, so nothing downstream was collected; in=20,000 KZT from 1 payer",1,0,20000.0,0.0,1,0,0.000541483660737929,-5.515702773971273e-19,0.0,0.0,,4,False,True,False,0
100000007841978100,abstained_boundary,0.0,90,0.0123,"abstained at the crawl boundary: hop 4 with no outgoing edge, so nothing downstream was collected; in=449,000 KZT from 1 payer",1,0,449000.0,0.0,1,0,0.0005063238893873184,-1.0584136944965696e-18,0.0,0.0,,4,False,True,False,0
100000006866831100,abstained_boundary,0.0,82,0.0032,"abstained at the crawl boundary: hop 4 with no outgoing edge, so nothing downstream was collected; in=16,500 KZT from 1 payer",1,0,16500.0,0.0,1,0,0.0003676771906395023,-1.5569893857636381e-18,0.0,0.0,,4,False,True,False,0
100000002999140100,abstained_boundary,0.0,43,0.0021,"abstained at the crawl boundary: hop 4 with no outgoing edge, so nothing downstream was collected; in=10,000 KZT from 1 payer",1,0,10000.0,0.0,2,0,0.000289482604055757,2.369785447940902e-06,0.0,0.0,,4,False,True,False,0
100000002884708100,abstained_boundary,0.0,66,0.025,"abstained at the crawl boundary: hop 4 with no outgoing edge, so nothing downstream was collected; in=1,171,644 KZT from 1 payer",1,0,1171644.0,0.0,2,0,0.000562575456395325,-5.515702773971273e-19,0.0,0.0,,4,False,True,False,0
100000001130553100,abstained_boundary,0.0,90,0.0056,"abstained at the crawl boundary: hop 4 with no outgoing edge, so nothing downstream was collected; in=18,000 KZT from 1 payer",1,0,18000.0,0.0,2,0,0.0005436529519802204,-1.5569893857636381e-18,0.0,0.0,,4,False,True,False,0
100000006351075100,abstained_boundary,0.0,70,0.0026,"abstained at the crawl boundary: hop 4 with no outgoing edge, so nothing downstream was collected; in=40,000 KZT from 1 payer",1,0,40000.0,0.0,2,0,0.00029108533068760405,-2.987731233758649e-18,0.0,0.0,,4,False,True,False,0
100000005616568100,abstained_boundary,0.0,90,0.0126,"abstained at the crawl boundary: hop 4 with no outgoing edge, so nothing downstream was collected; in=530,000 KZT from 1 payer",1,0,530000.0,0.0,1,0,0.0004319554143337915,-2.987731233758649e-18,0.0,0.0,,4,False,True,False,0
100000006381453100,abstained_boundary,0.0,80,0.0064,"abstained at the crawl boundary: hop 4 with no outgoing edge, so nothing downstream was collected; in=45,000 KZT from 1 payer",1,0,45000.0,0.0,1,0,0.000576167770487525,-5.515702773971273e-19,0.0,0.0,,4,False,True,False,0
100000004616845100,abstained_boundary,0.0,72,0.0023,"abstained at the crawl boundary: hop 4 with no outgoing edge, so nothing downstream was collected; in=20,200 KZT from 1 payer",1,0,20200.0,0.0,2,0,0.0002888176682521603,-1.5569893857636381e-18,0.0,0.0,,4,False,True,False,0
100000004908173100,abstained_boundary,0.0,66,0.0027,"abstained at the crawl boundary: hop 4 with no outgoing edge, so nothing downstream was collected; in=21,000 KZT from 1 payer",1,0,21000.0,0.0,1,0,0.00032082945231169603,-1.5569893857636381e-18,0.0,0.0,,4,False,True,False,0
100000004433250100,abstained_boundary,0.0,47,0.0023,"abstained at the crawl boundary: hop 4 with no outgoing edge, so nothing downstream was collected; in=8,000 KZT from 1 payer",1,0,8000.0,0.0,1,0,0.0003065701457455694,-1.0584136944965696e-18,0.0,0.0,,4,False,True,False,0
100000003664994100,abstained_boundary,0.0,68,0.0089,"abstained at the crawl boundary: hop 4 with no outgoing edge, so nothing downstream was collected; in=338,271 KZT from 1 payer",1,0,338271.0,0.0,2,0,0.0003911208228878397,1.2072356240551561e-06,0.0,0.0,,4,False,True,False,0
100000004673335100,abstained_boundary,0.0,62,0.0063,"abstained at the crawl boundary: hop 4 with no outgoing edge, so nothing downstream was collected; in=80,000 KZT from 1 payer",1,0,80000.0,0.0,1,0,0.0004940906043598334,4.5006022854826575e-05,0.0,0.0,,4,False,True,False,0
100000002487222100,abstained_boundary,0.0,90,0.0037,"abstained at the crawl boundary: hop 4 with no outgoing edge, so nothing downstream was collected; in=90,000 KZT from 1 payer",1,0,90000.0,0.0,2,0,0.0003104273146144319,-2.987731233758649e-18,0.0,0.0,,4,False,True,False,0
100000000018102100,abstained_boundary,0.0,82,0.0024,"abstained at the crawl boundary: hop 4 with no outgoing edge, so nothing downstream was collected; in=7,000 KZT from 1 payer",1,0,7000.0,0.0,1,0,0.00032040294724489533,-1.5569893857636381e-18,0.0,0.0,,4,False,True,False,0
100000008638859100,abstained_boundary,0.0,57,0.0061,"abstained at the crawl boundary: hop 4 with no outgoing edge, so nothing downstream was collected; in=34,000 KZT from 1 payer",1,0,34000.0,0.0,1,0,0.000539648613146656,3.553646270048938e-05,0.0,0.0,,4,False,True,False,0
100000001131403100,abstained_boundary,0.0,72,0.0314,"abstained at the crawl boundary: hop 4 with no outgoing edge, so nothing downstream was collected; in=1,570,000 KZT from 1 payer",1,0,1570000.0,0.0,3,0,0.0005380419296007586,-1.5569893857636381e-18,0.0,0.0,,4,False,True,False,0
100000001733216100,abstained_boundary,0.0,47,0.0045,"abstained at the crawl boundary: hop 4 with no outgoing edge, so nothing downstream was collected; in=60,000 KZT from 1 payer",1,0,60000.0,0.0,2,0,0.0004076531172154499,-1.0584136944965696e-18,0.0,0.0,,4,False,True,False,0
100000004400480100,abstained_boundary,0.0,54,0.0049,"abstained at the crawl boundary: hop 4 with no outgoing edge, so nothing downstream was collected; in=21,700 KZT from 1 payer",1,0,21700.0,0.0,1,0,0.00048457285607853413,-1.0584136944965696e-18,0.0,0.0,,4,False,True,False,0
100000007539296100,abstained_boundary,0.0,90,0.0062,"abstained at the crawl boundary: hop 4 with no outgoing edge, so nothing downstream was collected; in=46,000 KZT from 1 payer",1,0,46000.0,0.0,2,0,0.0005573238796527781,-5.515702773971273e-19,0.0,0.0,,4,False,True,False,0
100000008757301100,abstained_boundary,0.0,47,0.0061,"abstained at the crawl boundary: hop 4 with no outgoing edge, so nothing downstream was collected; in=58,398 KZT from 1 payer",1,0,58398.0,0.0,3,0,0.0005305464848242204,-5.515702773971273e-19,0.0,0.0,,4,False,True,False,0
100000002752565100,abstained_boundary,0.0,82,0.0035,"abstained at the crawl boundary: hop 4 with no outgoing edge, so nothing downstream was collected; in=57,000 KZT from 1 payer",1,0,57000.0,0.0,1,0,0.00033823599365261504,-1.0584136944965696e-18,0.0,0.0,,4,False,True,False,0
100000002734815100,abstained_boundary,0.0,80,0.0041,"abstained at the crawl boundary: hop 4 with no outgoing edge, so nothing downstream was collected; in=110,000 KZT from 1 payer",1,0,110000.0,0.0,1,0,0.0003121958768764161,3.090697525877055e-08,0.0,0.0,,4,False,True,False,0
100000008333492100,abstained_boundary,0.0,61,0.0075,"abstained at the crawl boundary: hop 4 with no outgoing edge, so nothing downstream was collected; in=216,400 KZT from 1 payer",1,0,216400.0,0.0,1,0,0.0004380108561569439,-1.5711443432498958e-18,0.0,0.0,,4,False,True,False,0
100000006527156100,abstained_boundary,0.0,86,0.0028,"abstained at the crawl boundary: hop 4 with no outgoing edge, so nothing downstream was collected; in=48,500 KZT from 1 payer",1,0,48500.0,0.0,1,0,0.00029607854463901213,-1.5569893857636381e-18,0.0,0.0,,4,False,True,False,0
100000003448713100,abstained_boundary,0.0,82,0.0075,"abstained at the crawl boundary: hop 4 with no outgoing edge, so nothing downstream was collected; in=266,750 KZT from 1 payer",1,0,266750.0,0.0,1,0,0.0003034549247777915,0.00011365723689489911,0.0,0.0,,4,False,True,False,0
100000004780083100,abstained_boundary,0.0,74,0.0021,"abstained at the crawl boundary: hop 4 with no outgoing edge, so nothing downstream was collected; in=9,999 KZT from 1 payer",1,0,9999.0,0.0,1,0,0.0002933852316593548,-1.5569893857636381e-18,0.0,0.0,,4,False,True,False,0
100000004798515100,abstained_boundary,0.0,43,0.0063,"abstained at the crawl boundary: hop 4 with no outgoing edge, so nothing downstream was collected; in=200,000 KZT from 1 payer",1,0,200000.0,0.0,2,0,0.0003638354909866263,2.369785447940902e-06,0.0,0.0,,4,False,True,False,0
100000004232712100,abstained_boundary,0.0,90,0.0053,"abstained at the crawl boundary: hop 4 with no outgoing edge, so nothing downstream was collected; in=12,500 KZT from 1 payer",1,0,12500.0,0.0,1,0,0.0005292762077277096,-5.515702773971273e-19,0.0,0.0,,4,False,True,False,0
100000005209352100,abstained_boundary,0.0,47,0.0037,"abstained at the crawl boundary: hop 4 with no outgoing edge, so nothing downstream was collected; in=5,000 KZT from 1 payer",1,0,5000.0,0.0,1,0,0.00042028195414468866,-1.0584136944965696e-18,0.0,0.0,,4,False,True,False,0
100000000561160100,abstained_boundary,0.0,24,0.008,"abstained at the crawl boundary: hop 4 with no outgoing edge, so nothing downstream was collected; in=240,000 KZT from 1 payer",1,0,240000.0,0.0,1,0,0.00043625462329843924,1.1987358810531504e-05,0.0,0.0,,4,False,True,False,0
100000003568904100,abstained_boundary,0.0,55,0.0059,"abstained at the crawl boundary: hop 4 with no outgoing edge, so nothing downstream was collected; in=49,000 KZT from 1 payer",1,0,49000.0,0.0,1,0,0.0005317310119569377,-5.515702773971273e-19,0.0,0.0,,4,False,True,False,0
100000000470237100,abstained_boundary,0.0,50,0.0063,"abstained at the crawl boundary: hop 4 with no outgoing edge, so nothing downstream was collected; in=32,500 KZT from 1 payer",1,0,32500.0,0.0,1,0,0.000584633394176411,-9.920342332300748e-19,0.0,0.0,,4,False,True,False,0
100000008560263100,abstained_boundary,0.0,90,0.0039,"abstained at the crawl boundary: hop 4 with no outgoing edge, so nothing downstream was collected; in=100,000 KZT from 1 payer",1,0,100000.0,0.0,1,0,0.000313189316880781,-2.987731233758649e-18,0.0,0.0,,4,False,True,False,0
100000000542087100,abstained_boundary,0.0,84,0.002,"abstained at the crawl boundary: hop 4 with no outgoing edge, so nothing downstream was collected; in=8,507 KZT from 1 payer",1,0,8506.91,0.0,1,0,0.00028641460273720837,-3.3613942345134943e-18,0.0,0.0,,4,False,True,False,0
100000004403548100,abstained_boundary,0.0,82,0.003,"abstained at the crawl boundary: hop 4 with no outgoing edge, so nothing downstream was collected; in=5,000 KZT from 1 payer",1,0,5000.0,0.0,1,0,0.0003678656647208164,-1.0584136944965696e-18,0.0,0.0,,4,False,True,False,0
100000003010908100,abstained_boundary,0.0,49,0.0037,"abstained at the crawl boundary: hop 4 with no outgoing edge, so nothing downstream was collected; in=17,000 KZT from 1 payer",1,0,17000.0,0.0,1,0,0.0003994094269981735,2.1678034372442257e-06,0.0,0.0,,4,False,True,False,0
100000006756956100,abstained_boundary,0.0,47,0.005,"abstained at the crawl boundary: hop 4 with no outgoing edge, so nothing downstream was collected; in=121,200 KZT from 1 payer",1,0,121200.0,0.0,9,0,0.00031094703412755777,9.17099161877977e-05,0.0,0.0,,4,False,True,False,0
100000007357489100,abstained_boundary,0.0,80,0.0069,"abstained at the crawl boundary: hop 4 with no outgoing edge, so nothing downstream was collected; in=164,500 KZT from 2 payers",2,0,164500.0,0.0,2,0,0.00031295949170801515,1.6071079325082484e-06,0.0,0.0,,4,False,True,False,0
100000002599729100,abstained_boundary,0.0,47,0.0056,"abstained at the crawl boundary: hop 4 with no outgoing edge, so nothing downstream was collected; in=65,000 KZT from 1 payer",1,0,65000.0,0.0,2,0,0.00048578643675265665,-1.0584136944965696e-18,0.0,0.0,,4,False,True,False,0
100000005849862100,abstained_boundary,0.0,29,0.0055,"abstained at the crawl boundary: hop 4 with no outgoing edge, so nothing downstream was collected; in=13,000 KZT from 1 payer",1,0,13000.0,0.0,2,0,0.000548435563920348,-5.515702773971273e-19,0.0,0.0,,4,False,True,False,0
100000008762843100,abstained_boundary,0.0,80,0.002,"abstained at the crawl boundary: hop 4 with no outgoing edge, so nothing downstream was collected; in=7,000 KZT from 1 payer",1,0,7000.0,0.0,1,0,0.00028726371311378,3.090697525877055e-08,0.0,0.0,,4,False,True,False,0
100000002723674100,abstained_boundary,0.0,78,0.0029,"abstained at the crawl boundary: hop 4 with no outgoing edge, so nothing downstream was collected; in=30,000 KZT from 1 payer",1,0,30000.0,0.0,1,0,0.00032717446121334796,-3.3613942345134943e-18,0.0,0.0,,4,False,True,False,0
100000008758106100,abstained_boundary,0.0,80,0.0021,"abstained at the crawl boundary: hop 4 with no outgoing edge, so nothing downstream was collected; in=10,000 KZT from 1 payer",1,0,10000.0,0.0,1,0,0.0002868848713875846,1.276148026255862e-06,0.0,0.0,,4,False,True,False,0
100000001286703100,abstained_boundary,0.0,85,0.0022,"abstained at the crawl boundary: hop 4 with no outgoing edge, so nothing downstream was collected; in=20,500 KZT from 1 payer",1,0,20500.0,0.0,1,0,0.00028723983817476127,-2.987731233758649e-18,0.0,0.0,,4,False,True,False,0
